FLOPs,Patch size,Tokens,Encoder parameters,Global model parameters,Decoder parameters,Global model dimension,Encoder/Decoder dimension,Global model layers,Decoder layers
s,1.5,65349965927.85447,1874575.3599999999,19677184.0,1874575.3599999999,640,448,4,1.0
s,1.5,52730161191.94487,2448424.96,23809392.64,2448424.96,704,512,4,1.0
s,1.5,47087993426.751396,2448424.96,28335144.96,2448424.96,768,512,4,1.0
s,1.5,43424594474.98826,3098787.84,28335144.96,3098787.84,768,576,4,1.0
s,1.5,64779169111.343636,1874575.3599999999,19923148.799999997,1874575.3599999999,576,448,5,1.0
s,1.5,51620244730.29481,2448424.96,24596480.0,2448424.96,640,512,5,1.0
s,1.5,45523395679.65051,2448424.96,29761740.8,2448424.96,704,512,5,1.0
s,1.5,42090526387.36259,3098787.84,29761740.8,3098787.84,704,576,5,1.0
s,1.5,37595733870.72752,3098787.84,35418931.2,3098787.84,768,576,5,1.0
m,1.5,93989334676.8188,3098787.84,35418931.2,3098787.84,768,576,5,1.0
l,1.5,187978669353.6376,3098787.84,35418931.2,3098787.84,768,576,5,1.0
xl,1.5,375957338707.2752,3098787.84,35418931.2,3098787.84,768,576,5,1.0
s,1.5,34970813757.51373,3825664.0,35418931.2,3825664.0,768,640,5,1.0
m,1.5,87427034393.78433,3825664.0,35418931.2,3825664.0,768,640,5,1.0
l,1.5,174854068787.56866,3825664.0,35418931.2,3825664.0,768,640,5,1.0
xl,1.5,349708137575.1373,3825664.0,35418931.2,3825664.0,768,640,5,1.0
s,1.5,66989797008.05643,1874575.3599999999,18890096.64,1874575.3599999999,512,448,6,1.0
s,1.5,52528249345.30336,2448424.96,23907778.56,2448424.96,576,512,6,1.0
s,1.5,45754871027.43772,2448424.96,29515776.0,2448424.96,640,512,6,1.0
s,1.5,42288331570.97949,3098787.84,29515776.0,3098787.84,640,576,6,1.0
s,1.5,37368420304.56578,3098787.84,35714088.96,3098787.84,704,576,6,1.0
m,1.5,93421050761.41446,3098787.84,35714088.96,3098787.84,704,576,6,1.0
l,1.5,186842101522.82892,3098787.84,35714088.96,3098787.84,704,576,6,1.0
xl,1.5,373684203045.65784,3098787.84,35714088.96,3098787.84,704,576,6,1.0
s,1.5,34774050921.473305,3825664.0,35714088.96,3825664.0,704,640,6,1.0
m,1.5,86935127303.68326,3825664.0,35714088.96,3825664.0,704,640,6,1.0
l,1.5,173870254607.36652,3825664.0,35714088.96,3825664.0,704,640,6,1.0
xl,1.5,347740509214.73303,3825664.0,35714088.96,3825664.0,704,640,6,1.0
s,1.5,31089102283.909145,3825664.0,42502717.44,3825664.0,768,640,6,1.0
m,1.5,77722755709.77286,3825664.0,42502717.44,3825664.0,768,640,6,1.0
l,1.5,155445511419.54572,3825664.0,42502717.44,3825664.0,768,640,6,1.0
xl,1.5,310891022839.09143,3825664.0,42502717.44,3825664.0,768,640,6,1.0
s,1.5,29097641805.27749,4629053.4399999995,42502717.44,4629053.4399999995,768,704,6,1.0
m,1.5,72744104513.19373,4629053.4399999995,42502717.44,4629053.4399999995,768,704,6,1.0
l,1.5,145488209026.38745,4629053.4399999995,42502717.44,4629053.4399999995,768,704,6,1.0
xl,1.5,290976418052.7749,4629053.4399999995,42502717.44,4629053.4399999995,768,704,6,1.0
s,1.5,71831024785.8189,1874575.3599999999,16873185.28,1874575.3599999999,448,448,7,1.0
s,1.5,60529813818.90675,1874575.3599999999,22038446.08,1874575.3599999999,512,448,7,1.0
s,1.5,55225887882.32544,2448424.96,22038446.08,2448424.96,512,512,7,1.0
s,1.5,47503627607.17555,2448424.96,27892408.32,2448424.96,576,512,7,1.0
s,1.5,43777829936.97475,3098787.84,27892408.32,3098787.84,576,576,7,1.0
s,1.5,38269400958.12594,3098787.84,34435072.0,3098787.84,640,576,7,1.0
m,1.5,95673502395.31483,3098787.84,34435072.0,3098787.84,640,576,7,1.0
l,1.5,191347004790.62967,3098787.84,34435072.0,3098787.84,640,576,7,1.0
xl,1.5,382694009581.25934,3098787.84,34435072.0,3098787.84,640,576,7,1.0
s,1.5,35552966136.654,3825664.0,34435072.0,3825664.0,640,640,7,1.0
m,1.5,88882415341.635,3825664.0,34435072.0,3825664.0,640,640,7,1.0
l,1.5,177764830683.27,3825664.0,34435072.0,3825664.0,640,640,7,1.0
xl,1.5,355529661366.54,3825664.0,34435072.0,3825664.0,640,640,7,1.0
s,1.5,31486816457.58371,3825664.0,41666437.120000005,3825664.0,704,640,7,1.0
m,1.5,78717041143.95927,3825664.0,41666437.120000005,3825664.0,704,640,7,1.0
l,1.5,157434082287.91855,3825664.0,41666437.120000005,3825664.0,704,640,7,1.0
xl,1.5,314868164575.8371,3825664.0,41666437.120000005,3825664.0,704,640,7,1.0
s,1.5,29445750244.285625,4629053.4399999995,41666437.120000005,4629053.4399999995,704,704,7,1.0
m,1.5,73614375610.71407,4629053.4399999995,41666437.120000005,4629053.4399999995,704,704,7,1.0
l,1.5,147228751221.42813,4629053.4399999995,41666437.120000005,4629053.4399999995,704,704,7,1.0
xl,1.5,294457502442.85626,4629053.4399999995,41666437.120000005,4629053.4399999995,704,704,7,1.0
s,1.5,26359223797.56492,4629053.4399999995,49586503.68,4629053.4399999995,768,704,7,1.0
m,1.5,65898059493.91229,4629053.4399999995,49586503.68,4629053.4399999995,768,704,7,1.0
l,1.5,131796118987.82458,4629053.4399999995,49586503.68,4629053.4399999995,768,704,7,1.0
xl,1.5,263592237975.64917,4629053.4399999995,49586503.68,4629053.4399999995,768,704,7,1.0
s,1.5,24786992174.696808,5508956.16,49586503.68,5508956.16,768,768,7,1.0
m,1.5,61967480436.74201,5508956.16,49586503.68,5508956.16,768,768,7,1.0
l,1.5,123934960873.48402,5508956.16,49586503.68,5508956.16,768,768,7,1.0
xl,1.5,247869921746.96805,5508956.16,49586503.68,5508956.16,768,768,7,1.0
s,1.5,66035449407.78165,1874575.3599999999,19283640.32,1874575.3599999999,448,448,8,1.0
s,1.5,50759906499.9139,2448424.96,25186795.52,2448424.96,512,512,8,1.0
s,1.5,40231312486.64833,3098787.84,31877038.08,3098787.84,576,576,8,1.0
s,1.5,32668634984.16737,3825664.0,39354368.0,3825664.0,640,640,8,1.0
m,1.5,81671587460.41843,3825664.0,39354368.0,3825664.0,640,640,8,1.0
l,1.5,163343174920.83685,3825664.0,39354368.0,3825664.0,640,640,8,1.0
xl,1.5,326686349841.6737,3825664.0,39354368.0,3825664.0,640,640,8,1.0
s,1.5,28767398362.015663,3825664.0,47618785.28,3825664.0,704,640,8,1.0
m,1.5,71918495905.03915,3825664.0,47618785.28,3825664.0,704,640,8,1.0
l,1.5,143836991810.0783,3825664.0,47618785.28,3825664.0,704,640,8,1.0
xl,1.5,287673983620.1566,3825664.0,47618785.28,3825664.0,704,640,8,1.0
s,1.5,30476808399.584713,4629053.4399999995,39354368.0,4629053.4399999995,640,704,8,1.0
m,1.5,76192020998.96179,4629053.4399999995,39354368.0,4629053.4399999995,640,704,8,1.0
l,1.5,152384041997.92358,4629053.4399999995,39354368.0,4629053.4399999995,640,704,8,1.0
xl,1.5,304768083995.84717,4629053.4399999995,39354368.0,4629053.4399999995,640,704,8,1.0
s,1.5,27054076271.594265,4629053.4399999995,47618785.28,4629053.4399999995,704,704,8,1.0
m,1.5,67635190678.985664,4629053.4399999995,47618785.28,4629053.4399999995,704,704,8,1.0
l,1.5,135270381357.97133,4629053.4399999995,47618785.28,4629053.4399999995,704,704,8,1.0
xl,1.5,270540762715.94266,4629053.4399999995,47618785.28,4629053.4399999995,704,704,8,1.0
s,1.5,24091902604.53445,4629053.4399999995,56670289.92,4629053.4399999995,768,704,8,1.0
m,1.5,60229756511.33613,4629053.4399999995,56670289.92,4629053.4399999995,768,704,8,1.0
l,1.5,120459513022.67226,4629053.4399999995,56670289.92,4629053.4399999995,768,704,8,1.0
xl,1.5,240919026045.3445,4629053.4399999995,56670289.92,4629053.4399999995,768,704,8,1.0
s,1.5,25400461305.62798,5508956.16,47618785.28,5508956.16,704,768,8,1.0
m,1.5,63501153264.069954,5508956.16,47618785.28,5508956.16,704,768,8,1.0
l,1.5,127002306528.13991,5508956.16,47618785.28,5508956.16,704,768,8,1.0
xl,1.5,254004613056.27982,5508956.16,47618785.28,5508956.16,704,768,8,1.0
s,1.5,22771740089.54661,5508956.16,56670289.92,5508956.16,768,768,8,1.0
m,1.5,56929350223.86653,5508956.16,56670289.92,5508956.16,768,768,8,1.0
l,1.5,113858700447.73306,5508956.16,56670289.92,5508956.16,768,768,8,1.0
xl,1.5,227717400895.46613,5508956.16,56670289.92,5508956.16,768,768,8,1.0
s,1.5,61105265374.76302,1874575.3599999999,21694095.36,1874575.3599999999,448,448,9,1.0
s,1.5,55704511219.69204,2448424.96,21694095.36,2448424.96,448,512,9,1.0
s,1.5,46962189990.21357,2448424.96,28335144.96,2448424.96,512,512,9,1.0
s,1.5,43317582110.971985,3098787.84,28335144.96,3098787.84,512,576,9,1.0
s,1.5,37216351696.68253,3098787.84,35861667.839999996,3098787.84,576,576,9,1.0
m,1.5,93040879241.70633,3098787.84,35861667.839999996,3098787.84,576,576,9,1.0
l,1.5,186081758483.41266,3098787.84,35861667.839999996,3098787.84,576,576,9,1.0
xl,1.5,372163516966.8253,3098787.84,35861667.839999996,3098787.84,576,576,9,1.0
s,1.5,34642327385.197334,3825664.0,35861667.839999996,3825664.0,576,640,9,1.0
m,1.5,86605818462.99333,3825664.0,35861667.839999996,3825664.0,576,640,9,1.0
l,1.5,173211636925.98666,3825664.0,35861667.839999996,3825664.0,576,640,9,1.0
xl,1.5,346423273851.9733,3825664.0,35861667.839999996,3825664.0,576,640,9,1.0
s,1.5,30217183705.342163,3825664.0,44273664.0,3825664.0,640,640,9,1.0
m,1.5,75542959263.35541,3825664.0,44273664.0,3825664.0,640,640,9,1.0
l,1.5,151085918526.71082,3825664.0,44273664.0,3825664.0,640,640,9,1.0
xl,1.5,302171837053.42163,3825664.0,44273664.0,3825664.0,640,640,9,1.0
s,1.5,28332475083.173203,4629053.4399999995,44273664.0,4629053.4399999995,640,704,9,1.0
m,1.5,70831187707.93301,4629053.4399999995,44273664.0,4629053.4399999995,640,704,9,1.0
l,1.5,141662375415.86603,4629053.4399999995,44273664.0,4629053.4399999995,640,704,9,1.0
xl,1.5,283324750831.73206,4629053.4399999995,44273664.0,4629053.4399999995,640,704,9,1.0
s,1.5,25021734407.72338,4629053.4399999995,53571133.44,4629053.4399999995,704,704,9,1.0
m,1.5,62554336019.30846,4629053.4399999995,53571133.44,4629053.4399999995,704,704,9,1.0
l,1.5,125108672038.61691,4629053.4399999995,53571133.44,4629053.4399999995,704,704,9,1.0
xl,1.5,250217344077.23383,4629053.4399999995,53571133.44,4629053.4399999995,704,704,9,1.0
s,1.5,23600706849.04969,5508956.16,53571133.44,5508956.16,704,768,9,1.0
m,1.5,59001767122.62422,5508956.16,53571133.44,5508956.16,704,768,9,1.0
l,1.5,118003534245.24844,5508956.16,53571133.44,5508956.16,704,768,9,1.0
xl,1.5,236007068490.4969,5508956.16,53571133.44,5508956.16,704,768,9,1.0
s,1.5,21059540310.563667,5508956.16,63754076.160000004,5508956.16,768,768,9,1.0
m,1.5,52648850776.40917,5508956.16,63754076.160000004,5508956.16,768,768,9,1.0
l,1.5,105297701552.81834,5508956.16,63754076.160000004,5508956.16,768,768,9,1.0
xl,1.5,210595403105.6367,5508956.16,63754076.160000004,5508956.16,768,768,9,1.0
s,1.5,64933710249.23642,1874575.3599999999,17315758.080000002,1874575.3599999999,384,448,10,1.0
s,1.5,49066130621.27445,2448424.96,23568670.72,2448424.96,448,512,10,1.0
s,1.5,38376156941.106964,3098787.84,30783569.92,3098787.84,512,576,10,1.0
s,1.5,30833851229.447926,3825664.0,38960455.67999999,3825664.0,576,640,10,1.0
m,1.5,77084628073.61981,3825664.0,38960455.67999999,3825664.0,576,640,10,1.0
l,1.5,154169256147.23962,3825664.0,38960455.67999999,3825664.0,576,640,10,1.0
xl,1.5,308338512294.47925,3825664.0,38960455.67999999,3825664.0,576,640,10,1.0
s,1.5,28873926738.443993,4629053.4399999995,38960455.67999999,4629053.4399999995,576,704,10,1.0
m,1.5,72184816846.10999,4629053.4399999995,38960455.67999999,4629053.4399999995,576,704,10,1.0
l,1.5,144369633692.21997,4629053.4399999995,38960455.67999999,4629053.4399999995,576,704,10,1.0
xl,1.5,288739267384.43994,4629053.4399999995,38960455.67999999,4629053.4399999995,576,704,10,1.0
s,1.5,25314673235.592056,4629053.4399999995,48099328.0,4629053.4399999995,640,704,10,1.0
m,1.5,63286683088.98014,4629053.4399999995,48099328.0,4629053.4399999995,640,704,10,1.0
l,1.5,126573366177.96028,4629053.4399999995,48099328.0,4629053.4399999995,640,704,10,1.0
xl,1.5,253146732355.92056,4629053.4399999995,48099328.0,4629053.4399999995,640,704,10,1.0
s,1.5,23861144327.42067,5508956.16,48099328.0,5508956.16,640,768,10,1.0
m,1.5,59652860818.55167,5508956.16,48099328.0,5508956.16,640,768,10,1.0
l,1.5,119305721637.10333,5508956.16,48099328.0,5508956.16,640,768,10,1.0
xl,1.5,238611443274.20667,5508956.16,48099328.0,5508956.16,640,768,10,1.0
s,1.5,21154830518.871178,5508956.16,58200186.879999995,5508956.16,704,768,10,1.0
m,1.5,52887076297.17794,5508956.16,58200186.879999995,5508956.16,704,768,10,1.0
l,1.5,105774152594.35588,5508956.16,58200186.879999995,5508956.16,704,768,10,1.0
xl,1.5,211548305188.71176,5508956.16,58200186.879999995,5508956.16,704,768,10,1.0
s,1.5,61349629267.283875,1874575.3599999999,19086704.64,1874575.3599999999,384,448,11,1.0
s,1.5,46290986120.13728,2448424.96,25979125.759999998,2448424.96,448,512,11,1.0
s,1.5,42745882140.859924,3098787.84,25979125.759999998,3098787.84,448,576,11,1.0
s,1.5,36165077868.927246,3098787.84,33931919.36,3098787.84,512,576,11,1.0
m,1.5,90412694672.31812,3098787.84,33931919.36,3098787.84,512,576,11,1.0
l,1.5,180825389344.63623,3098787.84,33931919.36,3098787.84,512,576,11,1.0
xl,1.5,361650778689.27246,3098787.84,33931919.36,3098787.84,512,576,11,1.0
s,1.5,33729661749.703686,3825664.0,33931919.36,3825664.0,512,640,11,1.0
m,1.5,84324154374.25922,3825664.0,33931919.36,3825664.0,512,640,11,1.0
l,1.5,168648308748.51843,3825664.0,33931919.36,3825664.0,512,640,11,1.0
xl,1.5,337296617497.03687,3825664.0,33931919.36,3825664.0,512,640,11,1.0
s,1.5,29031337866.63698,3825664.0,42945085.44,3825664.0,576,640,11,1.0
m,1.5,72578344666.59244,3825664.0,42945085.44,3825664.0,576,640,11,1.0
l,1.5,145156689333.18488,3825664.0,42945085.44,3825664.0,576,640,11,1.0
xl,1.5,290313378666.36975,3825664.0,42945085.44,3825664.0,576,640,11,1.0
s,1.5,27287385217.60698,4629053.4399999995,42945085.44,4629053.4399999995,576,704,11,1.0
m,1.5,68218463044.01744,4629053.4399999995,42945085.44,4629053.4399999995,576,704,11,1.0
l,1.5,136436926088.03488,4629053.4399999995,42945085.44,4629053.4399999995,576,704,11,1.0
xl,1.5,272873852176.06976,4629053.4399999995,42945085.44,4629053.4399999995,576,704,11,1.0
s,1.5,23817387324.104443,4629053.4399999995,53018624.0,4629053.4399999995,640,704,11,1.0
m,1.5,59543468310.26111,4629053.4399999995,53018624.0,4629053.4399999995,640,704,11,1.0
l,1.5,119086936620.52222,4629053.4399999995,53018624.0,4629053.4399999995,640,704,11,1.0
xl,1.5,238173873241.04443,4629053.4399999995,53018624.0,4629053.4399999995,640,704,11,1.0
s,1.5,22526332486.37657,5508956.16,53018624.0,5508956.16,640,768,11,1.0
m,1.5,56315831215.94142,5508956.16,53018624.0,5508956.16,640,768,11,1.0
l,1.5,112631662431.88284,5508956.16,53018624.0,5508956.16,640,768,11,1.0
xl,1.5,225263324863.7657,5508956.16,53018624.0,5508956.16,640,768,11,1.0
s,1.5,19891481564.824074,5508956.16,64152535.04,5508956.16,704,768,11,1.0
m,1.5,49728703912.06019,5508956.16,64152535.04,5508956.16,704,768,11,1.0
l,1.5,99457407824.12038,5508956.16,64152535.04,5508956.16,704,768,11,1.0
xl,1.5,198914815648.24075,5508956.16,64152535.04,5508956.16,704,768,11,1.0
s,1.5,58140505978.92805,1874575.3599999999,20857651.2,1874575.3599999999,384,448,12,1.0
s,1.5,53230057607.68292,2448424.96,20857651.2,2448424.96,384,512,12,1.0
s,1.5,43812957266.09818,2448424.96,28389580.8,2448424.96,448,512,12,1.0
s,1.5,40624171476.89273,3098787.84,28389580.8,3098787.84,448,576,12,1.0
s,1.5,34194905601.134537,3098787.84,37080268.8,3098787.84,512,576,12,1.0
m,1.5,85487264002.83633,3098787.84,37080268.8,3098787.84,512,576,12,1.0
l,1.5,170974528005.67267,3098787.84,37080268.8,3098787.84,512,576,12,1.0
xl,1.5,341949056011.34534,3098787.84,37080268.8,3098787.84,512,576,12,1.0
s,1.5,32009594050.747818,3825664.0,37080268.8,3825664.0,512,640,12,1.0
m,1.5,80023985126.86954,3825664.0,37080268.8,3825664.0,512,640,12,1.0
l,1.5,160047970253.73907,3825664.0,37080268.8,3825664.0,512,640,12,1.0
xl,1.5,320095940507.47815,3825664.0,37080268.8,3825664.0,512,640,12,1.0
s,1.5,27427930897.182266,3825664.0,46929715.2,3825664.0,576,640,12,1.0
m,1.5,68569827242.955666,3825664.0,46929715.2,3825664.0,576,640,12,1.0
l,1.5,137139654485.91133,3825664.0,46929715.2,3825664.0,576,640,12,1.0
xl,1.5,274279308971.82266,3825664.0,46929715.2,3825664.0,576,640,12,1.0
s,1.5,25866114563.646595,4629053.4399999995,46929715.2,4629053.4399999995,576,704,12,1.0
m,1.5,64665286409.116486,4629053.4399999995,46929715.2,4629053.4399999995,576,704,12,1.0
l,1.5,129330572818.23297,4629053.4399999995,46929715.2,4629053.4399999995,576,704,12,1.0
xl,1.5,258661145636.46594,4629053.4399999995,46929715.2,4629053.4399999995,576,704,12,1.0
s,1.5,24350465863.966343,5508956.16,46929715.2,5508956.16,576,768,12,1.0
m,1.5,60876164659.915855,5508956.16,46929715.2,5508956.16,576,768,12,1.0
l,1.5,121752329319.83171,5508956.16,46929715.2,5508956.16,576,768,12,1.0
xl,1.5,243504658639.66342,5508956.16,46929715.2,5508956.16,576,768,12,1.0
s,1.5,21332949900.017513,5508956.16,57937920.0,5508956.16,640,768,12,1.0
m,1.5,53332374750.043785,5508956.16,57937920.0,5508956.16,640,768,12,1.0
l,1.5,106664749500.08757,5508956.16,57937920.0,5508956.16,640,768,12,1.0
xl,1.5,213329499000.17514,5508956.16,57937920.0,5508956.16,640,768,12,1.0
s,1.5,55250424551.580666,1874575.3599999999,22628597.759999998,1874575.3599999999,384,448,13,1.0
s,1.5,50797330050.41571,2448424.96,22628597.759999998,2448424.96,384,512,13,1.0
s,1.5,38703124849.49081,3098787.84,30800035.84,3098787.84,448,576,13,1.0
s,1.5,30456446265.427746,3825664.0,40228618.24,3825664.0,512,640,13,1.0
m,1.5,76141115663.56937,3825664.0,40228618.24,3825664.0,512,640,13,1.0
l,1.5,152282231327.13873,3825664.0,40228618.24,3825664.0,512,640,13,1.0
xl,1.5,304564462654.27747,3825664.0,40228618.24,3825664.0,512,640,13,1.0
s,1.5,28542718001.051548,4629053.4399999995,40228618.24,4629053.4399999995,512,704,13,1.0
m,1.5,71356795002.62888,4629053.4399999995,40228618.24,4629053.4399999995,512,704,13,1.0
l,1.5,142713590005.25775,4629053.4399999995,40228618.24,4629053.4399999995,512,704,13,1.0
xl,1.5,285427180010.5155,4629053.4399999995,40228618.24,4629053.4399999995,512,704,13,1.0
s,1.5,24585568733.644936,4629053.4399999995,50914344.95999999,4629053.4399999995,576,704,13,1.0
m,1.5,61463921834.11234,4629053.4399999995,50914344.95999999,4629053.4399999995,576,704,13,1.0
l,1.5,122927843668.22469,4629053.4399999995,50914344.95999999,4629053.4399999995,576,704,13,1.0
xl,1.5,245855687336.44937,4629053.4399999995,50914344.95999999,4629053.4399999995,576,704,13,1.0
s,1.5,23212291097.7038,5508956.16,50914344.95999999,5508956.16,576,768,13,1.0
m,1.5,58030727744.2595,5508956.16,50914344.95999999,5508956.16,576,768,13,1.0
l,1.5,116061455488.519,5508956.16,50914344.95999999,5508956.16,576,768,13,1.0
xl,1.5,232122910977.038,5508956.16,50914344.95999999,5508956.16,576,768,13,1.0
s,1.5,20259649868.87111,5508956.16,62857216.0,5508956.16,640,768,13,1.0
m,1.5,50649124672.17777,5508956.16,62857216.0,5508956.16,640,768,13,1.0
l,1.5,101298249344.35555,5508956.16,62857216.0,5508956.16,640,768,13,1.0
xl,1.5,202596498688.7111,5508956.16,62857216.0,5508956.16,640,768,13,1.0
s,1.5,66641626297.757355,1874575.3599999999,16944128.0,1874575.3599999999,320,448,14,1.0
s,1.5,48577245944.2568,2448424.96,24399544.32,2448424.96,384,512,14,1.0
s,1.5,36955560475.04648,3098787.84,33210490.88,3098787.84,448,576,14,1.0
s,1.5,34416253689.30758,3825664.0,33210490.88,3825664.0,448,640,14,1.0
m,1.5,86040634223.26895,3825664.0,33210490.88,3825664.0,448,640,14,1.0
l,1.5,172081268446.5379,3825664.0,33210490.88,3825664.0,448,640,14,1.0
xl,1.5,344162536893.0758,3825664.0,33210490.88,3825664.0,448,640,14,1.0
s,1.5,29047045260.679237,3825664.0,43376967.68,3825664.0,512,640,14,1.0
m,1.5,72617613151.69809,3825664.0,43376967.68,3825664.0,512,640,14,1.0
l,1.5,145235226303.39618,3825664.0,43376967.68,3825664.0,512,640,14,1.0
xl,1.5,290470452606.79236,3825664.0,43376967.68,3825664.0,512,640,14,1.0
s,1.5,27301261712.087982,4629053.4399999995,43376967.68,4629053.4399999995,512,704,14,1.0
m,1.5,68253154280.219955,4629053.4399999995,43376967.68,4629053.4399999995,512,704,14,1.0
l,1.5,136506308560.43991,4629053.4399999995,43376967.68,4629053.4399999995,512,704,14,1.0
xl,1.5,273012617120.87982,4629053.4399999995,43376967.68,4629053.4399999995,512,704,14,1.0
s,1.5,23425833168.99131,4629053.4399999995,54898974.72,4629053.4399999995,576,704,14,1.0
m,1.5,58564582922.47827,4629053.4399999995,54898974.72,4629053.4399999995,576,704,14,1.0
l,1.5,117129165844.95654,4629053.4399999995,54898974.72,4629053.4399999995,576,704,14,1.0
xl,1.5,234258331689.9131,4629053.4399999995,54898974.72,4629053.4399999995,576,704,14,1.0
s,1.5,22175764890.683796,5508956.16,54898974.72,5508956.16,576,768,14,1.0
m,1.5,55439412226.70949,5508956.16,54898974.72,5508956.16,576,768,14,1.0
l,1.5,110878824453.41898,5508956.16,54898974.72,5508956.16,576,768,14,1.0
xl,1.5,221757648906.83795,5508956.16,54898974.72,5508956.16,576,768,14,1.0
s,1.5,19289175876.030796,5508956.16,67776512.0,5508956.16,640,768,14,1.0
m,1.5,48222939690.07699,5508956.16,67776512.0,5508956.16,640,768,14,1.0
l,1.5,96445879380.15398,5508956.16,67776512.0,5508956.16,640,768,14,1.0
xl,1.5,192891758760.30795,5508956.16,67776512.0,5508956.16,640,768,14,1.0
s,1.5,63969703007.05491,1874575.3599999999,18173952.0,1874575.3599999999,320,448,15,1.0
s,1.5,46543092197.65345,2448424.96,26170490.88,2448424.96,384,512,15,1.0
s,1.5,42960763093.39744,3098787.84,26170490.88,3098787.84,384,576,15,1.0
s,1.5,35358993836.434044,3098787.84,35620945.92,3098787.84,448,576,15,1.0
m,1.5,88397484591.0851,3098787.84,35620945.92,3098787.84,448,576,15,1.0
l,1.5,176794969182.1702,3098787.84,35620945.92,3098787.84,448,576,15,1.0
xl,1.5,353589938364.3404,3098787.84,35620945.92,3098787.84,448,576,15,1.0
s,1.5,33027434241.435608,3825664.0,35620945.92,3825664.0,448,640,15,1.0
m,1.5,82568585603.58902,3825664.0,35620945.92,3825664.0,448,640,15,1.0
l,1.5,165137171207.17804,3825664.0,35620945.92,3825664.0,448,640,15,1.0
xl,1.5,330274342414.3561,3825664.0,35620945.92,3825664.0,448,640,15,1.0
s,1.5,27762317620.19714,3825664.0,46525317.12,3825664.0,512,640,15,1.0
m,1.5,69405794050.49284,3825664.0,46525317.12,3825664.0,512,640,15,1.0
l,1.5,138811588100.9857,3825664.0,46525317.12,3825664.0,512,640,15,1.0
xl,1.5,277623176201.9714,3825664.0,46525317.12,3825664.0,512,640,15,1.0
s,1.5,26163297546.317093,4629053.4399999995,46525317.12,4629053.4399999995,512,704,15,1.0
m,1.5,65408243865.79273,4629053.4399999995,46525317.12,4629053.4399999995,512,704,15,1.0
l,1.5,130816487731.58546,4629053.4399999995,46525317.12,4629053.4399999995,512,704,15,1.0
xl,1.5,261632975463.17093,4629053.4399999995,46525317.12,4629053.4399999995,512,704,15,1.0
s,1.5,24613664608.268494,5508956.16,46525317.12,5508956.16,512,768,15,1.0
m,1.5,61534161520.671234,5508956.16,46525317.12,5508956.16,512,768,15,1.0
l,1.5,123068323041.34247,5508956.16,46525317.12,5508956.16,512,768,15,1.0
xl,1.5,246136646082.68494,5508956.16,46525317.12,5508956.16,512,768,15,1.0
s,1.5,21227852207.72461,5508956.16,58883604.480000004,5508956.16,576,768,15,1.0
m,1.5,53069630519.31152,5508956.16,58883604.480000004,5508956.16,576,768,15,1.0
l,1.5,106139261038.62305,5508956.16,58883604.480000004,5508956.16,576,768,15,1.0
xl,1.5,212278522077.2461,5508956.16,58883604.480000004,5508956.16,576,768,15,1.0
s,1.5,61503776209.49947,1874575.3599999999,19403776.0,1874575.3599999999,320,448,16,1.0
s,1.5,44672450287.91273,2448424.96,27941437.44,2448424.96,384,512,16,1.0
s,1.5,41362052966.7357,3098787.84,27941437.44,3098787.84,384,576,16,1.0
s,1.5,33894665039.018547,3098787.84,38031400.96,3098787.84,448,576,16,1.0
m,1.5,84736662597.54637,3098787.84,38031400.96,3098787.84,448,576,16,1.0
l,1.5,169473325195.09274,3098787.84,38031400.96,3098787.84,448,576,16,1.0
xl,1.5,338946650390.1855,3098787.84,38031400.96,3098787.84,448,576,16,1.0
s,1.5,31746354802.997353,3825664.0,38031400.96,3825664.0,448,640,16,1.0
m,1.5,79365887007.49338,3825664.0,38031400.96,3825664.0,448,640,16,1.0
l,1.5,158731774014.98676,3825664.0,38031400.96,3825664.0,448,640,16,1.0
xl,1.5,317463548029.9735,3825664.0,38031400.96,3825664.0,448,640,16,1.0
s,1.5,25116402135.24018,4629053.4399999995,49673666.56,4629053.4399999995,512,704,16,1.0
m,1.5,62791005338.10045,4629053.4399999995,49673666.56,4629053.4399999995,512,704,16,1.0
l,1.5,125582010676.2009,4629053.4399999995,49673666.56,4629053.4399999995,512,704,16,1.0
xl,1.5,251164021352.4018,4629053.4399999995,49673666.56,4629053.4399999995,512,704,16,1.0
s,1.5,23684909128.300472,5508956.16,49673666.56,5508956.16,512,768,16,1.0
m,1.5,59212272820.751175,5508956.16,49673666.56,5508956.16,512,768,16,1.0
l,1.5,118424545641.50235,5508956.16,49673666.56,5508956.16,512,768,16,1.0
xl,1.5,236849091283.0047,5508956.16,49673666.56,5508956.16,512,768,16,1.0
s,1.5,20357655402.929977,5508956.16,62868234.239999995,5508956.16,576,768,16,1.0
m,1.5,50894138507.32494,5508956.16,62868234.239999995,5508956.16,576,768,16,1.0
l,1.5,101788277014.64989,5508956.16,62868234.239999995,5508956.16,576,768,16,1.0
xl,1.5,203576554029.29977,5508956.16,62868234.239999995,5508956.16,576,768,16,1.0
s,1.5,65349965927.85447,1874575.3599999999,19677184.0,1874575.3599999999,640,448,4,1.0
s,1.5,52730161191.94487,2448424.96,23809392.64,2448424.96,704,512,4,1.0
s,1.5,47087993426.751396,2448424.96,28335144.96,2448424.96,768,512,4,1.0
s,1.5,43424594474.98826,3098787.84,28335144.96,3098787.84,768,576,4,1.0
s,1.5,64779169111.343636,1874575.3599999999,19923148.799999997,1874575.3599999999,576,448,5,1.0
s,1.5,51620244730.29481,2448424.96,24596480.0,2448424.96,640,512,5,1.0
s,1.5,45523395679.65051,2448424.96,29761740.8,2448424.96,704,512,5,1.0
s,1.5,42090526387.36259,3098787.84,29761740.8,3098787.84,704,576,5,1.0
s,1.5,37595733870.72752,3098787.84,35418931.2,3098787.84,768,576,5,1.0
m,1.5,93989334676.8188,3098787.84,35418931.2,3098787.84,768,576,5,1.0
l,1.5,187978669353.6376,3098787.84,35418931.2,3098787.84,768,576,5,1.0
xl,1.5,375957338707.2752,3098787.84,35418931.2,3098787.84,768,576,5,1.0
s,1.5,34970813757.51373,3825664.0,35418931.2,3825664.0,768,640,5,1.0
m,1.5,87427034393.78433,3825664.0,35418931.2,3825664.0,768,640,5,1.0
l,1.5,174854068787.56866,3825664.0,35418931.2,3825664.0,768,640,5,1.0
xl,1.5,349708137575.1373,3825664.0,35418931.2,3825664.0,768,640,5,1.0
s,1.5,66989797008.05643,1874575.3599999999,18890096.64,1874575.3599999999,512,448,6,1.0
s,1.5,52528249345.30336,2448424.96,23907778.56,2448424.96,576,512,6,1.0
s,1.5,45754871027.43772,2448424.96,29515776.0,2448424.96,640,512,6,1.0
s,1.5,42288331570.97949,3098787.84,29515776.0,3098787.84,640,576,6,1.0
s,1.5,37368420304.56578,3098787.84,35714088.96,3098787.84,704,576,6,1.0
m,1.5,93421050761.41446,3098787.84,35714088.96,3098787.84,704,576,6,1.0
l,1.5,186842101522.82892,3098787.84,35714088.96,3098787.84,704,576,6,1.0
xl,1.5,373684203045.65784,3098787.84,35714088.96,3098787.84,704,576,6,1.0
s,1.5,34774050921.473305,3825664.0,35714088.96,3825664.0,704,640,6,1.0
m,1.5,86935127303.68326,3825664.0,35714088.96,3825664.0,704,640,6,1.0
l,1.5,173870254607.36652,3825664.0,35714088.96,3825664.0,704,640,6,1.0
xl,1.5,347740509214.73303,3825664.0,35714088.96,3825664.0,704,640,6,1.0
s,1.5,31089102283.909145,3825664.0,42502717.44,3825664.0,768,640,6,1.0
m,1.5,77722755709.77286,3825664.0,42502717.44,3825664.0,768,640,6,1.0
l,1.5,155445511419.54572,3825664.0,42502717.44,3825664.0,768,640,6,1.0
xl,1.5,310891022839.09143,3825664.0,42502717.44,3825664.0,768,640,6,1.0
s,1.5,29097641805.27749,4629053.4399999995,42502717.44,4629053.4399999995,768,704,6,1.0
m,1.5,72744104513.19373,4629053.4399999995,42502717.44,4629053.4399999995,768,704,6,1.0
l,1.5,145488209026.38745,4629053.4399999995,42502717.44,4629053.4399999995,768,704,6,1.0
xl,1.5,290976418052.7749,4629053.4399999995,42502717.44,4629053.4399999995,768,704,6,1.0
s,1.5,71831024785.8189,1874575.3599999999,16873185.28,1874575.3599999999,448,448,7,1.0
s,1.5,60529813818.90675,1874575.3599999999,22038446.08,1874575.3599999999,512,448,7,1.0
s,1.5,55225887882.32544,2448424.96,22038446.08,2448424.96,512,512,7,1.0
s,1.5,47503627607.17555,2448424.96,27892408.32,2448424.96,576,512,7,1.0
s,1.5,43777829936.97475,3098787.84,27892408.32,3098787.84,576,576,7,1.0
s,1.5,38269400958.12594,3098787.84,34435072.0,3098787.84,640,576,7,1.0
m,1.5,95673502395.31483,3098787.84,34435072.0,3098787.84,640,576,7,1.0
l,1.5,191347004790.62967,3098787.84,34435072.0,3098787.84,640,576,7,1.0
xl,1.5,382694009581.25934,3098787.84,34435072.0,3098787.84,640,576,7,1.0
s,1.5,35552966136.654,3825664.0,34435072.0,3825664.0,640,640,7,1.0
m,1.5,88882415341.635,3825664.0,34435072.0,3825664.0,640,640,7,1.0
l,1.5,177764830683.27,3825664.0,34435072.0,3825664.0,640,640,7,1.0
xl,1.5,355529661366.54,3825664.0,34435072.0,3825664.0,640,640,7,1.0
s,1.5,31486816457.58371,3825664.0,41666437.120000005,3825664.0,704,640,7,1.0
m,1.5,78717041143.95927,3825664.0,41666437.120000005,3825664.0,704,640,7,1.0
l,1.5,157434082287.91855,3825664.0,41666437.120000005,3825664.0,704,640,7,1.0
xl,1.5,314868164575.8371,3825664.0,41666437.120000005,3825664.0,704,640,7,1.0
s,1.5,29445750244.285625,4629053.4399999995,41666437.120000005,4629053.4399999995,704,704,7,1.0
m,1.5,73614375610.71407,4629053.4399999995,41666437.120000005,4629053.4399999995,704,704,7,1.0
l,1.5,147228751221.42813,4629053.4399999995,41666437.120000005,4629053.4399999995,704,704,7,1.0
xl,1.5,294457502442.85626,4629053.4399999995,41666437.120000005,4629053.4399999995,704,704,7,1.0
s,1.5,26359223797.56492,4629053.4399999995,49586503.68,4629053.4399999995,768,704,7,1.0
m,1.5,65898059493.91229,4629053.4399999995,49586503.68,4629053.4399999995,768,704,7,1.0
l,1.5,131796118987.82458,4629053.4399999995,49586503.68,4629053.4399999995,768,704,7,1.0
xl,1.5,263592237975.64917,4629053.4399999995,49586503.68,4629053.4399999995,768,704,7,1.0
s,1.5,24786992174.696808,5508956.16,49586503.68,5508956.16,768,768,7,1.0
m,1.5,61967480436.74201,5508956.16,49586503.68,5508956.16,768,768,7,1.0
l,1.5,123934960873.48402,5508956.16,49586503.68,5508956.16,768,768,7,1.0
xl,1.5,247869921746.96805,5508956.16,49586503.68,5508956.16,768,768,7,1.0
s,1.5,66035449407.78165,1874575.3599999999,19283640.32,1874575.3599999999,448,448,8,1.0
s,1.5,50759906499.9139,2448424.96,25186795.52,2448424.96,512,512,8,1.0
s,1.5,40231312486.64833,3098787.84,31877038.08,3098787.84,576,576,8,1.0
s,1.5,32668634984.16737,3825664.0,39354368.0,3825664.0,640,640,8,1.0
m,1.5,81671587460.41843,3825664.0,39354368.0,3825664.0,640,640,8,1.0
l,1.5,163343174920.83685,3825664.0,39354368.0,3825664.0,640,640,8,1.0
xl,1.5,326686349841.6737,3825664.0,39354368.0,3825664.0,640,640,8,1.0
s,1.5,28767398362.015663,3825664.0,47618785.28,3825664.0,704,640,8,1.0
m,1.5,71918495905.03915,3825664.0,47618785.28,3825664.0,704,640,8,1.0
l,1.5,143836991810.0783,3825664.0,47618785.28,3825664.0,704,640,8,1.0
xl,1.5,287673983620.1566,3825664.0,47618785.28,3825664.0,704,640,8,1.0
s,1.5,30476808399.584713,4629053.4399999995,39354368.0,4629053.4399999995,640,704,8,1.0
m,1.5,76192020998.96179,4629053.4399999995,39354368.0,4629053.4399999995,640,704,8,1.0
l,1.5,152384041997.92358,4629053.4399999995,39354368.0,4629053.4399999995,640,704,8,1.0
xl,1.5,304768083995.84717,4629053.4399999995,39354368.0,4629053.4399999995,640,704,8,1.0
s,1.5,27054076271.594265,4629053.4399999995,47618785.28,4629053.4399999995,704,704,8,1.0
m,1.5,67635190678.985664,4629053.4399999995,47618785.28,4629053.4399999995,704,704,8,1.0
l,1.5,135270381357.97133,4629053.4399999995,47618785.28,4629053.4399999995,704,704,8,1.0
xl,1.5,270540762715.94266,4629053.4399999995,47618785.28,4629053.4399999995,704,704,8,1.0
s,1.5,24091902604.53445,4629053.4399999995,56670289.92,4629053.4399999995,768,704,8,1.0
m,1.5,60229756511.33613,4629053.4399999995,56670289.92,4629053.4399999995,768,704,8,1.0
l,1.5,120459513022.67226,4629053.4399999995,56670289.92,4629053.4399999995,768,704,8,1.0
xl,1.5,240919026045.3445,4629053.4399999995,56670289.92,4629053.4399999995,768,704,8,1.0
s,1.5,25400461305.62798,5508956.16,47618785.28,5508956.16,704,768,8,1.0
m,1.5,63501153264.069954,5508956.16,47618785.28,5508956.16,704,768,8,1.0
l,1.5,127002306528.13991,5508956.16,47618785.28,5508956.16,704,768,8,1.0
xl,1.5,254004613056.27982,5508956.16,47618785.28,5508956.16,704,768,8,1.0
s,1.5,22771740089.54661,5508956.16,56670289.92,5508956.16,768,768,8,1.0
m,1.5,56929350223.86653,5508956.16,56670289.92,5508956.16,768,768,8,1.0
l,1.5,113858700447.73306,5508956.16,56670289.92,5508956.16,768,768,8,1.0
xl,1.5,227717400895.46613,5508956.16,56670289.92,5508956.16,768,768,8,1.0
s,1.5,61105265374.76302,1874575.3599999999,21694095.36,1874575.3599999999,448,448,9,1.0
s,1.5,55704511219.69204,2448424.96,21694095.36,2448424.96,448,512,9,1.0
s,1.5,46962189990.21357,2448424.96,28335144.96,2448424.96,512,512,9,1.0
s,1.5,43317582110.971985,3098787.84,28335144.96,3098787.84,512,576,9,1.0
s,1.5,37216351696.68253,3098787.84,35861667.839999996,3098787.84,576,576,9,1.0
m,1.5,93040879241.70633,3098787.84,35861667.839999996,3098787.84,576,576,9,1.0
l,1.5,186081758483.41266,3098787.84,35861667.839999996,3098787.84,576,576,9,1.0
xl,1.5,372163516966.8253,3098787.84,35861667.839999996,3098787.84,576,576,9,1.0
s,1.5,34642327385.197334,3825664.0,35861667.839999996,3825664.0,576,640,9,1.0
m,1.5,86605818462.99333,3825664.0,35861667.839999996,3825664.0,576,640,9,1.0
l,1.5,173211636925.98666,3825664.0,35861667.839999996,3825664.0,576,640,9,1.0
xl,1.5,346423273851.9733,3825664.0,35861667.839999996,3825664.0,576,640,9,1.0
s,1.5,30217183705.342163,3825664.0,44273664.0,3825664.0,640,640,9,1.0
m,1.5,75542959263.35541,3825664.0,44273664.0,3825664.0,640,640,9,1.0
l,1.5,151085918526.71082,3825664.0,44273664.0,3825664.0,640,640,9,1.0
xl,1.5,302171837053.42163,3825664.0,44273664.0,3825664.0,640,640,9,1.0
s,1.5,28332475083.173203,4629053.4399999995,44273664.0,4629053.4399999995,640,704,9,1.0
m,1.5,70831187707.93301,4629053.4399999995,44273664.0,4629053.4399999995,640,704,9,1.0
l,1.5,141662375415.86603,4629053.4399999995,44273664.0,4629053.4399999995,640,704,9,1.0
xl,1.5,283324750831.73206,4629053.4399999995,44273664.0,4629053.4399999995,640,704,9,1.0
s,1.5,25021734407.72338,4629053.4399999995,53571133.44,4629053.4399999995,704,704,9,1.0
m,1.5,62554336019.30846,4629053.4399999995,53571133.44,4629053.4399999995,704,704,9,1.0
l,1.5,125108672038.61691,4629053.4399999995,53571133.44,4629053.4399999995,704,704,9,1.0
xl,1.5,250217344077.23383,4629053.4399999995,53571133.44,4629053.4399999995,704,704,9,1.0
s,1.5,23600706849.04969,5508956.16,53571133.44,5508956.16,704,768,9,1.0
m,1.5,59001767122.62422,5508956.16,53571133.44,5508956.16,704,768,9,1.0
l,1.5,118003534245.24844,5508956.16,53571133.44,5508956.16,704,768,9,1.0
xl,1.5,236007068490.4969,5508956.16,53571133.44,5508956.16,704,768,9,1.0
s,1.5,21059540310.563667,5508956.16,63754076.160000004,5508956.16,768,768,9,1.0
m,1.5,52648850776.40917,5508956.16,63754076.160000004,5508956.16,768,768,9,1.0
l,1.5,105297701552.81834,5508956.16,63754076.160000004,5508956.16,768,768,9,1.0
xl,1.5,210595403105.6367,5508956.16,63754076.160000004,5508956.16,768,768,9,1.0
s,1.5,64933710249.23642,1874575.3599999999,17315758.080000002,1874575.3599999999,384,448,10,1.0
s,1.5,49066130621.27445,2448424.96,23568670.72,2448424.96,448,512,10,1.0
s,1.5,38376156941.106964,3098787.84,30783569.92,3098787.84,512,576,10,1.0
s,1.5,30833851229.447926,3825664.0,38960455.67999999,3825664.0,576,640,10,1.0
m,1.5,77084628073.61981,3825664.0,38960455.67999999,3825664.0,576,640,10,1.0
l,1.5,154169256147.23962,3825664.0,38960455.67999999,3825664.0,576,640,10,1.0
xl,1.5,308338512294.47925,3825664.0,38960455.67999999,3825664.0,576,640,10,1.0
s,1.5,28873926738.443993,4629053.4399999995,38960455.67999999,4629053.4399999995,576,704,10,1.0
m,1.5,72184816846.10999,4629053.4399999995,38960455.67999999,4629053.4399999995,576,704,10,1.0
l,1.5,144369633692.21997,4629053.4399999995,38960455.67999999,4629053.4399999995,576,704,10,1.0
xl,1.5,288739267384.43994,4629053.4399999995,38960455.67999999,4629053.4399999995,576,704,10,1.0
s,1.5,25314673235.592056,4629053.4399999995,48099328.0,4629053.4399999995,640,704,10,1.0
m,1.5,63286683088.98014,4629053.4399999995,48099328.0,4629053.4399999995,640,704,10,1.0
l,1.5,126573366177.96028,4629053.4399999995,48099328.0,4629053.4399999995,640,704,10,1.0
xl,1.5,253146732355.92056,4629053.4399999995,48099328.0,4629053.4399999995,640,704,10,1.0
s,1.5,23861144327.42067,5508956.16,48099328.0,5508956.16,640,768,10,1.0
m,1.5,59652860818.55167,5508956.16,48099328.0,5508956.16,640,768,10,1.0
l,1.5,119305721637.10333,5508956.16,48099328.0,5508956.16,640,768,10,1.0
xl,1.5,238611443274.20667,5508956.16,48099328.0,5508956.16,640,768,10,1.0
s,1.5,21154830518.871178,5508956.16,58200186.879999995,5508956.16,704,768,10,1.0
m,1.5,52887076297.17794,5508956.16,58200186.879999995,5508956.16,704,768,10,1.0
l,1.5,105774152594.35588,5508956.16,58200186.879999995,5508956.16,704,768,10,1.0
xl,1.5,211548305188.71176,5508956.16,58200186.879999995,5508956.16,704,768,10,1.0
s,1.5,61349629267.283875,1874575.3599999999,19086704.64,1874575.3599999999,384,448,11,1.0
s,1.5,46290986120.13728,2448424.96,25979125.759999998,2448424.96,448,512,11,1.0
s,1.5,42745882140.859924,3098787.84,25979125.759999998,3098787.84,448,576,11,1.0
s,1.5,36165077868.927246,3098787.84,33931919.36,3098787.84,512,576,11,1.0
m,1.5,90412694672.31812,3098787.84,33931919.36,3098787.84,512,576,11,1.0
l,1.5,180825389344.63623,3098787.84,33931919.36,3098787.84,512,576,11,1.0
xl,1.5,361650778689.27246,3098787.84,33931919.36,3098787.84,512,576,11,1.0
s,1.5,33729661749.703686,3825664.0,33931919.36,3825664.0,512,640,11,1.0
m,1.5,84324154374.25922,3825664.0,33931919.36,3825664.0,512,640,11,1.0
l,1.5,168648308748.51843,3825664.0,33931919.36,3825664.0,512,640,11,1.0
xl,1.5,337296617497.03687,3825664.0,33931919.36,3825664.0,512,640,11,1.0
s,1.5,29031337866.63698,3825664.0,42945085.44,3825664.0,576,640,11,1.0
m,1.5,72578344666.59244,3825664.0,42945085.44,3825664.0,576,640,11,1.0
l,1.5,145156689333.18488,3825664.0,42945085.44,3825664.0,576,640,11,1.0
xl,1.5,290313378666.36975,3825664.0,42945085.44,3825664.0,576,640,11,1.0
s,1.5,27287385217.60698,4629053.4399999995,42945085.44,4629053.4399999995,576,704,11,1.0
m,1.5,68218463044.01744,4629053.4399999995,42945085.44,4629053.4399999995,576,704,11,1.0
l,1.5,136436926088.03488,4629053.4399999995,42945085.44,4629053.4399999995,576,704,11,1.0
xl,1.5,272873852176.06976,4629053.4399999995,42945085.44,4629053.4399999995,576,704,11,1.0
s,1.5,23817387324.104443,4629053.4399999995,53018624.0,4629053.4399999995,640,704,11,1.0
m,1.5,59543468310.26111,4629053.4399999995,53018624.0,4629053.4399999995,640,704,11,1.0
l,1.5,119086936620.52222,4629053.4399999995,53018624.0,4629053.4399999995,640,704,11,1.0
xl,1.5,238173873241.04443,4629053.4399999995,53018624.0,4629053.4399999995,640,704,11,1.0
s,1.5,22526332486.37657,5508956.16,53018624.0,5508956.16,640,768,11,1.0
m,1.5,56315831215.94142,5508956.16,53018624.0,5508956.16,640,768,11,1.0
l,1.5,112631662431.88284,5508956.16,53018624.0,5508956.16,640,768,11,1.0
xl,1.5,225263324863.7657,5508956.16,53018624.0,5508956.16,640,768,11,1.0
s,1.5,19891481564.824074,5508956.16,64152535.04,5508956.16,704,768,11,1.0
m,1.5,49728703912.06019,5508956.16,64152535.04,5508956.16,704,768,11,1.0
l,1.5,99457407824.12038,5508956.16,64152535.04,5508956.16,704,768,11,1.0
xl,1.5,198914815648.24075,5508956.16,64152535.04,5508956.16,704,768,11,1.0
s,1.5,58140505978.92805,1874575.3599999999,20857651.2,1874575.3599999999,384,448,12,1.0
s,1.5,53230057607.68292,2448424.96,20857651.2,2448424.96,384,512,12,1.0
s,1.5,43812957266.09818,2448424.96,28389580.8,2448424.96,448,512,12,1.0
s,1.5,40624171476.89273,3098787.84,28389580.8,3098787.84,448,576,12,1.0
s,1.5,34194905601.134537,3098787.84,37080268.8,3098787.84,512,576,12,1.0
m,1.5,85487264002.83633,3098787.84,37080268.8,3098787.84,512,576,12,1.0
l,1.5,170974528005.67267,3098787.84,37080268.8,3098787.84,512,576,12,1.0
xl,1.5,341949056011.34534,3098787.84,37080268.8,3098787.84,512,576,12,1.0
s,1.5,32009594050.747818,3825664.0,37080268.8,3825664.0,512,640,12,1.0
m,1.5,80023985126.86954,3825664.0,37080268.8,3825664.0,512,640,12,1.0
l,1.5,160047970253.73907,3825664.0,37080268.8,3825664.0,512,640,12,1.0
xl,1.5,320095940507.47815,3825664.0,37080268.8,3825664.0,512,640,12,1.0
s,1.5,27427930897.182266,3825664.0,46929715.2,3825664.0,576,640,12,1.0
m,1.5,68569827242.955666,3825664.0,46929715.2,3825664.0,576,640,12,1.0
l,1.5,137139654485.91133,3825664.0,46929715.2,3825664.0,576,640,12,1.0
xl,1.5,274279308971.82266,3825664.0,46929715.2,3825664.0,576,640,12,1.0
s,1.5,25866114563.646595,4629053.4399999995,46929715.2,4629053.4399999995,576,704,12,1.0
m,1.5,64665286409.116486,4629053.4399999995,46929715.2,4629053.4399999995,576,704,12,1.0
l,1.5,129330572818.23297,4629053.4399999995,46929715.2,4629053.4399999995,576,704,12,1.0
xl,1.5,258661145636.46594,4629053.4399999995,46929715.2,4629053.4399999995,576,704,12,1.0
s,1.5,24350465863.966343,5508956.16,46929715.2,5508956.16,576,768,12,1.0
m,1.5,60876164659.915855,5508956.16,46929715.2,5508956.16,576,768,12,1.0
l,1.5,121752329319.83171,5508956.16,46929715.2,5508956.16,576,768,12,1.0
xl,1.5,243504658639.66342,5508956.16,46929715.2,5508956.16,576,768,12,1.0
s,1.5,21332949900.017513,5508956.16,57937920.0,5508956.16,640,768,12,1.0
m,1.5,53332374750.043785,5508956.16,57937920.0,5508956.16,640,768,12,1.0
l,1.5,106664749500.08757,5508956.16,57937920.0,5508956.16,640,768,12,1.0
xl,1.5,213329499000.17514,5508956.16,57937920.0,5508956.16,640,768,12,1.0
s,1.5,55250424551.580666,1874575.3599999999,22628597.759999998,1874575.3599999999,384,448,13,1.0
s,1.5,50797330050.41571,2448424.96,22628597.759999998,2448424.96,384,512,13,1.0
s,1.5,38703124849.49081,3098787.84,30800035.84,3098787.84,448,576,13,1.0
s,1.5,30456446265.427746,3825664.0,40228618.24,3825664.0,512,640,13,1.0
m,1.5,76141115663.56937,3825664.0,40228618.24,3825664.0,512,640,13,1.0
l,1.5,152282231327.13873,3825664.0,40228618.24,3825664.0,512,640,13,1.0
xl,1.5,304564462654.27747,3825664.0,40228618.24,3825664.0,512,640,13,1.0
s,1.5,28542718001.051548,4629053.4399999995,40228618.24,4629053.4399999995,512,704,13,1.0
m,1.5,71356795002.62888,4629053.4399999995,40228618.24,4629053.4399999995,512,704,13,1.0
l,1.5,142713590005.25775,4629053.4399999995,40228618.24,4629053.4399999995,512,704,13,1.0
xl,1.5,285427180010.5155,4629053.4399999995,40228618.24,4629053.4399999995,512,704,13,1.0
s,1.5,24585568733.644936,4629053.4399999995,50914344.95999999,4629053.4399999995,576,704,13,1.0
m,1.5,61463921834.11234,4629053.4399999995,50914344.95999999,4629053.4399999995,576,704,13,1.0
l,1.5,122927843668.22469,4629053.4399999995,50914344.95999999,4629053.4399999995,576,704,13,1.0
xl,1.5,245855687336.44937,4629053.4399999995,50914344.95999999,4629053.4399999995,576,704,13,1.0
s,1.5,23212291097.7038,5508956.16,50914344.95999999,5508956.16,576,768,13,1.0
m,1.5,58030727744.2595,5508956.16,50914344.95999999,5508956.16,576,768,13,1.0
l,1.5,116061455488.519,5508956.16,50914344.95999999,5508956.16,576,768,13,1.0
xl,1.5,232122910977.038,5508956.16,50914344.95999999,5508956.16,576,768,13,1.0
s,1.5,20259649868.87111,5508956.16,62857216.0,5508956.16,640,768,13,1.0
m,1.5,50649124672.17777,5508956.16,62857216.0,5508956.16,640,768,13,1.0
l,1.5,101298249344.35555,5508956.16,62857216.0,5508956.16,640,768,13,1.0
xl,1.5,202596498688.7111,5508956.16,62857216.0,5508956.16,640,768,13,1.0
s,1.5,66641626297.757355,1874575.3599999999,16944128.0,1874575.3599999999,320,448,14,1.0
s,1.5,48577245944.2568,2448424.96,24399544.32,2448424.96,384,512,14,1.0
s,1.5,36955560475.04648,3098787.84,33210490.88,3098787.84,448,576,14,1.0
s,1.5,34416253689.30758,3825664.0,33210490.88,3825664.0,448,640,14,1.0
m,1.5,86040634223.26895,3825664.0,33210490.88,3825664.0,448,640,14,1.0
l,1.5,172081268446.5379,3825664.0,33210490.88,3825664.0,448,640,14,1.0
xl,1.5,344162536893.0758,3825664.0,33210490.88,3825664.0,448,640,14,1.0
s,1.5,29047045260.679237,3825664.0,43376967.68,3825664.0,512,640,14,1.0
m,1.5,72617613151.69809,3825664.0,43376967.68,3825664.0,512,640,14,1.0
l,1.5,145235226303.39618,3825664.0,43376967.68,3825664.0,512,640,14,1.0
xl,1.5,290470452606.79236,3825664.0,43376967.68,3825664.0,512,640,14,1.0
s,1.5,27301261712.087982,4629053.4399999995,43376967.68,4629053.4399999995,512,704,14,1.0
m,1.5,68253154280.219955,4629053.4399999995,43376967.68,4629053.4399999995,512,704,14,1.0
l,1.5,136506308560.43991,4629053.4399999995,43376967.68,4629053.4399999995,512,704,14,1.0
xl,1.5,273012617120.87982,4629053.4399999995,43376967.68,4629053.4399999995,512,704,14,1.0
s,1.5,23425833168.99131,4629053.4399999995,54898974.72,4629053.4399999995,576,704,14,1.0
m,1.5,58564582922.47827,4629053.4399999995,54898974.72,4629053.4399999995,576,704,14,1.0
l,1.5,117129165844.95654,4629053.4399999995,54898974.72,4629053.4399999995,576,704,14,1.0
xl,1.5,234258331689.9131,4629053.4399999995,54898974.72,4629053.4399999995,576,704,14,1.0
s,1.5,22175764890.683796,5508956.16,54898974.72,5508956.16,576,768,14,1.0
m,1.5,55439412226.70949,5508956.16,54898974.72,5508956.16,576,768,14,1.0
l,1.5,110878824453.41898,5508956.16,54898974.72,5508956.16,576,768,14,1.0
xl,1.5,221757648906.83795,5508956.16,54898974.72,5508956.16,576,768,14,1.0
s,1.5,19289175876.030796,5508956.16,67776512.0,5508956.16,640,768,14,1.0
m,1.5,48222939690.07699,5508956.16,67776512.0,5508956.16,640,768,14,1.0
l,1.5,96445879380.15398,5508956.16,67776512.0,5508956.16,640,768,14,1.0
xl,1.5,192891758760.30795,5508956.16,67776512.0,5508956.16,640,768,14,1.0
s,1.5,63969703007.05491,1874575.3599999999,18173952.0,1874575.3599999999,320,448,15,1.0
s,1.5,46543092197.65345,2448424.96,26170490.88,2448424.96,384,512,15,1.0
s,1.5,42960763093.39744,3098787.84,26170490.88,3098787.84,384,576,15,1.0
s,1.5,35358993836.434044,3098787.84,35620945.92,3098787.84,448,576,15,1.0
m,1.5,88397484591.0851,3098787.84,35620945.92,3098787.84,448,576,15,1.0
l,1.5,176794969182.1702,3098787.84,35620945.92,3098787.84,448,576,15,1.0
xl,1.5,353589938364.3404,3098787.84,35620945.92,3098787.84,448,576,15,1.0
s,1.5,33027434241.435608,3825664.0,35620945.92,3825664.0,448,640,15,1.0
m,1.5,82568585603.58902,3825664.0,35620945.92,3825664.0,448,640,15,1.0
l,1.5,165137171207.17804,3825664.0,35620945.92,3825664.0,448,640,15,1.0
xl,1.5,330274342414.3561,3825664.0,35620945.92,3825664.0,448,640,15,1.0
s,1.5,27762317620.19714,3825664.0,46525317.12,3825664.0,512,640,15,1.0
m,1.5,69405794050.49284,3825664.0,46525317.12,3825664.0,512,640,15,1.0
l,1.5,138811588100.9857,3825664.0,46525317.12,3825664.0,512,640,15,1.0
xl,1.5,277623176201.9714,3825664.0,46525317.12,3825664.0,512,640,15,1.0
s,1.5,26163297546.317093,4629053.4399999995,46525317.12,4629053.4399999995,512,704,15,1.0
m,1.5,65408243865.79273,4629053.4399999995,46525317.12,4629053.4399999995,512,704,15,1.0
l,1.5,130816487731.58546,4629053.4399999995,46525317.12,4629053.4399999995,512,704,15,1.0
xl,1.5,261632975463.17093,4629053.4399999995,46525317.12,4629053.4399999995,512,704,15,1.0
s,1.5,24613664608.268494,5508956.16,46525317.12,5508956.16,512,768,15,1.0
m,1.5,61534161520.671234,5508956.16,46525317.12,5508956.16,512,768,15,1.0
l,1.5,123068323041.34247,5508956.16,46525317.12,5508956.16,512,768,15,1.0
xl,1.5,246136646082.68494,5508956.16,46525317.12,5508956.16,512,768,15,1.0
s,1.5,21227852207.72461,5508956.16,58883604.480000004,5508956.16,576,768,15,1.0
m,1.5,53069630519.31152,5508956.16,58883604.480000004,5508956.16,576,768,15,1.0
l,1.5,106139261038.62305,5508956.16,58883604.480000004,5508956.16,576,768,15,1.0
xl,1.5,212278522077.2461,5508956.16,58883604.480000004,5508956.16,576,768,15,1.0
s,1.5,61503776209.49947,1874575.3599999999,19403776.0,1874575.3599999999,320,448,16,1.0
s,1.5,44672450287.91273,2448424.96,27941437.44,2448424.96,384,512,16,1.0
s,1.5,41362052966.7357,3098787.84,27941437.44,3098787.84,384,576,16,1.0
s,1.5,33894665039.018547,3098787.84,38031400.96,3098787.84,448,576,16,1.0
m,1.5,84736662597.54637,3098787.84,38031400.96,3098787.84,448,576,16,1.0
l,1.5,169473325195.09274,3098787.84,38031400.96,3098787.84,448,576,16,1.0
xl,1.5,338946650390.1855,3098787.84,38031400.96,3098787.84,448,576,16,1.0
s,1.5,31746354802.997353,3825664.0,38031400.96,3825664.0,448,640,16,1.0
m,1.5,79365887007.49338,3825664.0,38031400.96,3825664.0,448,640,16,1.0
l,1.5,158731774014.98676,3825664.0,38031400.96,3825664.0,448,640,16,1.0
xl,1.5,317463548029.9735,3825664.0,38031400.96,3825664.0,448,640,16,1.0
s,1.5,25116402135.24018,4629053.4399999995,49673666.56,4629053.4399999995,512,704,16,1.0
m,1.5,62791005338.10045,4629053.4399999995,49673666.56,4629053.4399999995,512,704,16,1.0
l,1.5,125582010676.2009,4629053.4399999995,49673666.56,4629053.4399999995,512,704,16,1.0
xl,1.5,251164021352.4018,4629053.4399999995,49673666.56,4629053.4399999995,512,704,16,1.0
s,1.5,23684909128.300472,5508956.16,49673666.56,5508956.16,512,768,16,1.0
m,1.5,59212272820.751175,5508956.16,49673666.56,5508956.16,512,768,16,1.0
l,1.5,118424545641.50235,5508956.16,49673666.56,5508956.16,512,768,16,1.0
xl,1.5,236849091283.0047,5508956.16,49673666.56,5508956.16,512,768,16,1.0
s,1.5,20357655402.929977,5508956.16,62868234.239999995,5508956.16,576,768,16,1.0
m,1.5,50894138507.32494,5508956.16,62868234.239999995,5508956.16,576,768,16,1.0
l,1.5,101788277014.64989,5508956.16,62868234.239999995,5508956.16,576,768,16,1.0
xl,1.5,203576554029.29977,5508956.16,62868234.239999995,5508956.16,576,768,16,1.0
s,1.5,65349965927.85447,1874575.3599999999,19677184.0,1874575.3599999999,640,448,4,1.0
s,1.5,52730161191.94487,2448424.96,23809392.64,2448424.96,704,512,4,1.0
s,1.5,47087993426.751396,2448424.96,28335144.96,2448424.96,768,512,4,1.0
s,1.5,43424594474.98826,3098787.84,28335144.96,3098787.84,768,576,4,1.0
s,1.5,64779169111.343636,1874575.3599999999,19923148.799999997,1874575.3599999999,576,448,5,1.0
s,1.5,51620244730.29481,2448424.96,24596480.0,2448424.96,640,512,5,1.0
s,1.5,45523395679.65051,2448424.96,29761740.8,2448424.96,704,512,5,1.0
s,1.5,42090526387.36259,3098787.84,29761740.8,3098787.84,704,576,5,1.0
s,1.5,37595733870.72752,3098787.84,35418931.2,3098787.84,768,576,5,1.0
m,1.5,93989334676.8188,3098787.84,35418931.2,3098787.84,768,576,5,1.0
l,1.5,187978669353.6376,3098787.84,35418931.2,3098787.84,768,576,5,1.0
xl,1.5,375957338707.2752,3098787.84,35418931.2,3098787.84,768,576,5,1.0
s,1.5,34970813757.51373,3825664.0,35418931.2,3825664.0,768,640,5,1.0
m,1.5,87427034393.78433,3825664.0,35418931.2,3825664.0,768,640,5,1.0
l,1.5,174854068787.56866,3825664.0,35418931.2,3825664.0,768,640,5,1.0
xl,1.5,349708137575.1373,3825664.0,35418931.2,3825664.0,768,640,5,1.0
s,1.5,66989797008.05643,1874575.3599999999,18890096.64,1874575.3599999999,512,448,6,1.0
s,1.5,52528249345.30336,2448424.96,23907778.56,2448424.96,576,512,6,1.0
s,1.5,45754871027.43772,2448424.96,29515776.0,2448424.96,640,512,6,1.0
s,1.5,42288331570.97949,3098787.84,29515776.0,3098787.84,640,576,6,1.0
s,1.5,37368420304.56578,3098787.84,35714088.96,3098787.84,704,576,6,1.0
m,1.5,93421050761.41446,3098787.84,35714088.96,3098787.84,704,576,6,1.0
l,1.5,186842101522.82892,3098787.84,35714088.96,3098787.84,704,576,6,1.0
xl,1.5,373684203045.65784,3098787.84,35714088.96,3098787.84,704,576,6,1.0
s,1.5,34774050921.473305,3825664.0,35714088.96,3825664.0,704,640,6,1.0
m,1.5,86935127303.68326,3825664.0,35714088.96,3825664.0,704,640,6,1.0
l,1.5,173870254607.36652,3825664.0,35714088.96,3825664.0,704,640,6,1.0
xl,1.5,347740509214.73303,3825664.0,35714088.96,3825664.0,704,640,6,1.0
s,1.5,31089102283.909145,3825664.0,42502717.44,3825664.0,768,640,6,1.0
m,1.5,77722755709.77286,3825664.0,42502717.44,3825664.0,768,640,6,1.0
l,1.5,155445511419.54572,3825664.0,42502717.44,3825664.0,768,640,6,1.0
xl,1.5,310891022839.09143,3825664.0,42502717.44,3825664.0,768,640,6,1.0
s,1.5,29097641805.27749,4629053.4399999995,42502717.44,4629053.4399999995,768,704,6,1.0
m,1.5,72744104513.19373,4629053.4399999995,42502717.44,4629053.4399999995,768,704,6,1.0
l,1.5,145488209026.38745,4629053.4399999995,42502717.44,4629053.4399999995,768,704,6,1.0
xl,1.5,290976418052.7749,4629053.4399999995,42502717.44,4629053.4399999995,768,704,6,1.0
s,1.5,71831024785.8189,1874575.3599999999,16873185.28,1874575.3599999999,448,448,7,1.0
s,1.5,60529813818.90675,1874575.3599999999,22038446.08,1874575.3599999999,512,448,7,1.0
s,1.5,55225887882.32544,2448424.96,22038446.08,2448424.96,512,512,7,1.0
s,1.5,47503627607.17555,2448424.96,27892408.32,2448424.96,576,512,7,1.0
s,1.5,43777829936.97475,3098787.84,27892408.32,3098787.84,576,576,7,1.0
s,1.5,38269400958.12594,3098787.84,34435072.0,3098787.84,640,576,7,1.0
m,1.5,95673502395.31483,3098787.84,34435072.0,3098787.84,640,576,7,1.0
l,1.5,191347004790.62967,3098787.84,34435072.0,3098787.84,640,576,7,1.0
xl,1.5,382694009581.25934,3098787.84,34435072.0,3098787.84,640,576,7,1.0
s,1.5,35552966136.654,3825664.0,34435072.0,3825664.0,640,640,7,1.0
m,1.5,88882415341.635,3825664.0,34435072.0,3825664.0,640,640,7,1.0
l,1.5,177764830683.27,3825664.0,34435072.0,3825664.0,640,640,7,1.0
xl,1.5,355529661366.54,3825664.0,34435072.0,3825664.0,640,640,7,1.0
s,1.5,31486816457.58371,3825664.0,41666437.120000005,3825664.0,704,640,7,1.0
m,1.5,78717041143.95927,3825664.0,41666437.120000005,3825664.0,704,640,7,1.0
l,1.5,157434082287.91855,3825664.0,41666437.120000005,3825664.0,704,640,7,1.0
xl,1.5,314868164575.8371,3825664.0,41666437.120000005,3825664.0,704,640,7,1.0
s,1.5,29445750244.285625,4629053.4399999995,41666437.120000005,4629053.4399999995,704,704,7,1.0
m,1.5,73614375610.71407,4629053.4399999995,41666437.120000005,4629053.4399999995,704,704,7,1.0
l,1.5,147228751221.42813,4629053.4399999995,41666437.120000005,4629053.4399999995,704,704,7,1.0
xl,1.5,294457502442.85626,4629053.4399999995,41666437.120000005,4629053.4399999995,704,704,7,1.0
s,1.5,26359223797.56492,4629053.4399999995,49586503.68,4629053.4399999995,768,704,7,1.0
m,1.5,65898059493.91229,4629053.4399999995,49586503.68,4629053.4399999995,768,704,7,1.0
l,1.5,131796118987.82458,4629053.4399999995,49586503.68,4629053.4399999995,768,704,7,1.0
xl,1.5,263592237975.64917,4629053.4399999995,49586503.68,4629053.4399999995,768,704,7,1.0
s,1.5,24786992174.696808,5508956.16,49586503.68,5508956.16,768,768,7,1.0
m,1.5,61967480436.74201,5508956.16,49586503.68,5508956.16,768,768,7,1.0
l,1.5,123934960873.48402,5508956.16,49586503.68,5508956.16,768,768,7,1.0
xl,1.5,247869921746.96805,5508956.16,49586503.68,5508956.16,768,768,7,1.0
s,1.5,66035449407.78165,1874575.3599999999,19283640.32,1874575.3599999999,448,448,8,1.0
s,1.5,50759906499.9139,2448424.96,25186795.52,2448424.96,512,512,8,1.0
s,1.5,40231312486.64833,3098787.84,31877038.08,3098787.84,576,576,8,1.0
s,1.5,32668634984.16737,3825664.0,39354368.0,3825664.0,640,640,8,1.0
m,1.5,81671587460.41843,3825664.0,39354368.0,3825664.0,640,640,8,1.0
l,1.5,163343174920.83685,3825664.0,39354368.0,3825664.0,640,640,8,1.0
xl,1.5,326686349841.6737,3825664.0,39354368.0,3825664.0,640,640,8,1.0
s,1.5,28767398362.015663,3825664.0,47618785.28,3825664.0,704,640,8,1.0
m,1.5,71918495905.03915,3825664.0,47618785.28,3825664.0,704,640,8,1.0
l,1.5,143836991810.0783,3825664.0,47618785.28,3825664.0,704,640,8,1.0
xl,1.5,287673983620.1566,3825664.0,47618785.28,3825664.0,704,640,8,1.0
s,1.5,30476808399.584713,4629053.4399999995,39354368.0,4629053.4399999995,640,704,8,1.0
m,1.5,76192020998.96179,4629053.4399999995,39354368.0,4629053.4399999995,640,704,8,1.0
l,1.5,152384041997.92358,4629053.4399999995,39354368.0,4629053.4399999995,640,704,8,1.0
xl,1.5,304768083995.84717,4629053.4399999995,39354368.0,4629053.4399999995,640,704,8,1.0
s,1.5,27054076271.594265,4629053.4399999995,47618785.28,4629053.4399999995,704,704,8,1.0
m,1.5,67635190678.985664,4629053.4399999995,47618785.28,4629053.4399999995,704,704,8,1.0
l,1.5,135270381357.97133,4629053.4399999995,47618785.28,4629053.4399999995,704,704,8,1.0
xl,1.5,270540762715.94266,4629053.4399999995,47618785.28,4629053.4399999995,704,704,8,1.0
s,1.5,24091902604.53445,4629053.4399999995,56670289.92,4629053.4399999995,768,704,8,1.0
m,1.5,60229756511.33613,4629053.4399999995,56670289.92,4629053.4399999995,768,704,8,1.0
l,1.5,120459513022.67226,4629053.4399999995,56670289.92,4629053.4399999995,768,704,8,1.0
xl,1.5,240919026045.3445,4629053.4399999995,56670289.92,4629053.4399999995,768,704,8,1.0
s,1.5,25400461305.62798,5508956.16,47618785.28,5508956.16,704,768,8,1.0
m,1.5,63501153264.069954,5508956.16,47618785.28,5508956.16,704,768,8,1.0
l,1.5,127002306528.13991,5508956.16,47618785.28,5508956.16,704,768,8,1.0
xl,1.5,254004613056.27982,5508956.16,47618785.28,5508956.16,704,768,8,1.0
s,1.5,22771740089.54661,5508956.16,56670289.92,5508956.16,768,768,8,1.0
m,1.5,56929350223.86653,5508956.16,56670289.92,5508956.16,768,768,8,1.0
l,1.5,113858700447.73306,5508956.16,56670289.92,5508956.16,768,768,8,1.0
xl,1.5,227717400895.46613,5508956.16,56670289.92,5508956.16,768,768,8,1.0
s,1.5,61105265374.76302,1874575.3599999999,21694095.36,1874575.3599999999,448,448,9,1.0
s,1.5,55704511219.69204,2448424.96,21694095.36,2448424.96,448,512,9,1.0
s,1.5,46962189990.21357,2448424.96,28335144.96,2448424.96,512,512,9,1.0
s,1.5,43317582110.971985,3098787.84,28335144.96,3098787.84,512,576,9,1.0
s,1.5,37216351696.68253,3098787.84,35861667.839999996,3098787.84,576,576,9,1.0
m,1.5,93040879241.70633,3098787.84,35861667.839999996,3098787.84,576,576,9,1.0
l,1.5,186081758483.41266,3098787.84,35861667.839999996,3098787.84,576,576,9,1.0
xl,1.5,372163516966.8253,3098787.84,35861667.839999996,3098787.84,576,576,9,1.0
s,1.5,34642327385.197334,3825664.0,35861667.839999996,3825664.0,576,640,9,1.0
m,1.5,86605818462.99333,3825664.0,35861667.839999996,3825664.0,576,640,9,1.0
l,1.5,173211636925.98666,3825664.0,35861667.839999996,3825664.0,576,640,9,1.0
xl,1.5,346423273851.9733,3825664.0,35861667.839999996,3825664.0,576,640,9,1.0
s,1.5,30217183705.342163,3825664.0,44273664.0,3825664.0,640,640,9,1.0
m,1.5,75542959263.35541,3825664.0,44273664.0,3825664.0,640,640,9,1.0
l,1.5,151085918526.71082,3825664.0,44273664.0,3825664.0,640,640,9,1.0
xl,1.5,302171837053.42163,3825664.0,44273664.0,3825664.0,640,640,9,1.0
s,1.5,28332475083.173203,4629053.4399999995,44273664.0,4629053.4399999995,640,704,9,1.0
m,1.5,70831187707.93301,4629053.4399999995,44273664.0,4629053.4399999995,640,704,9,1.0
l,1.5,141662375415.86603,4629053.4399999995,44273664.0,4629053.4399999995,640,704,9,1.0
xl,1.5,283324750831.73206,4629053.4399999995,44273664.0,4629053.4399999995,640,704,9,1.0
s,1.5,25021734407.72338,4629053.4399999995,53571133.44,4629053.4399999995,704,704,9,1.0
m,1.5,62554336019.30846,4629053.4399999995,53571133.44,4629053.4399999995,704,704,9,1.0
l,1.5,125108672038.61691,4629053.4399999995,53571133.44,4629053.4399999995,704,704,9,1.0
xl,1.5,250217344077.23383,4629053.4399999995,53571133.44,4629053.4399999995,704,704,9,1.0
s,1.5,23600706849.04969,5508956.16,53571133.44,5508956.16,704,768,9,1.0
m,1.5,59001767122.62422,5508956.16,53571133.44,5508956.16,704,768,9,1.0
l,1.5,118003534245.24844,5508956.16,53571133.44,5508956.16,704,768,9,1.0
xl,1.5,236007068490.4969,5508956.16,53571133.44,5508956.16,704,768,9,1.0
s,1.5,21059540310.563667,5508956.16,63754076.160000004,5508956.16,768,768,9,1.0
m,1.5,52648850776.40917,5508956.16,63754076.160000004,5508956.16,768,768,9,1.0
l,1.5,105297701552.81834,5508956.16,63754076.160000004,5508956.16,768,768,9,1.0
xl,1.5,210595403105.6367,5508956.16,63754076.160000004,5508956.16,768,768,9,1.0
s,1.5,64933710249.23642,1874575.3599999999,17315758.080000002,1874575.3599999999,384,448,10,1.0
s,1.5,49066130621.27445,2448424.96,23568670.72,2448424.96,448,512,10,1.0
s,1.5,38376156941.106964,3098787.84,30783569.92,3098787.84,512,576,10,1.0
s,1.5,30833851229.447926,3825664.0,38960455.67999999,3825664.0,576,640,10,1.0
m,1.5,77084628073.61981,3825664.0,38960455.67999999,3825664.0,576,640,10,1.0
l,1.5,154169256147.23962,3825664.0,38960455.67999999,3825664.0,576,640,10,1.0
xl,1.5,308338512294.47925,3825664.0,38960455.67999999,3825664.0,576,640,10,1.0
s,1.5,28873926738.443993,4629053.4399999995,38960455.67999999,4629053.4399999995,576,704,10,1.0
m,1.5,72184816846.10999,4629053.4399999995,38960455.67999999,4629053.4399999995,576,704,10,1.0
l,1.5,144369633692.21997,4629053.4399999995,38960455.67999999,4629053.4399999995,576,704,10,1.0
xl,1.5,288739267384.43994,4629053.4399999995,38960455.67999999,4629053.4399999995,576,704,10,1.0
s,1.5,25314673235.592056,4629053.4399999995,48099328.0,4629053.4399999995,640,704,10,1.0
m,1.5,63286683088.98014,4629053.4399999995,48099328.0,4629053.4399999995,640,704,10,1.0
l,1.5,126573366177.96028,4629053.4399999995,48099328.0,4629053.4399999995,640,704,10,1.0
xl,1.5,253146732355.92056,4629053.4399999995,48099328.0,4629053.4399999995,640,704,10,1.0
s,1.5,23861144327.42067,5508956.16,48099328.0,5508956.16,640,768,10,1.0
m,1.5,59652860818.55167,5508956.16,48099328.0,5508956.16,640,768,10,1.0
l,1.5,119305721637.10333,5508956.16,48099328.0,5508956.16,640,768,10,1.0
xl,1.5,238611443274.20667,5508956.16,48099328.0,5508956.16,640,768,10,1.0
s,1.5,21154830518.871178,5508956.16,58200186.879999995,5508956.16,704,768,10,1.0
m,1.5,52887076297.17794,5508956.16,58200186.879999995,5508956.16,704,768,10,1.0
l,1.5,105774152594.35588,5508956.16,58200186.879999995,5508956.16,704,768,10,1.0
xl,1.5,211548305188.71176,5508956.16,58200186.879999995,5508956.16,704,768,10,1.0
s,1.5,61349629267.283875,1874575.3599999999,19086704.64,1874575.3599999999,384,448,11,1.0
s,1.5,46290986120.13728,2448424.96,25979125.759999998,2448424.96,448,512,11,1.0
s,1.5,42745882140.859924,3098787.84,25979125.759999998,3098787.84,448,576,11,1.0
s,1.5,36165077868.927246,3098787.84,33931919.36,3098787.84,512,576,11,1.0
m,1.5,90412694672.31812,3098787.84,33931919.36,3098787.84,512,576,11,1.0
l,1.5,180825389344.63623,3098787.84,33931919.36,3098787.84,512,576,11,1.0
xl,1.5,361650778689.27246,3098787.84,33931919.36,3098787.84,512,576,11,1.0
s,1.5,33729661749.703686,3825664.0,33931919.36,3825664.0,512,640,11,1.0
m,1.5,84324154374.25922,3825664.0,33931919.36,3825664.0,512,640,11,1.0
l,1.5,168648308748.51843,3825664.0,33931919.36,3825664.0,512,640,11,1.0
xl,1.5,337296617497.03687,3825664.0,33931919.36,3825664.0,512,640,11,1.0
s,1.5,29031337866.63698,3825664.0,42945085.44,3825664.0,576,640,11,1.0
m,1.5,72578344666.59244,3825664.0,42945085.44,3825664.0,576,640,11,1.0
l,1.5,145156689333.18488,3825664.0,42945085.44,3825664.0,576,640,11,1.0
xl,1.5,290313378666.36975,3825664.0,42945085.44,3825664.0,576,640,11,1.0
s,1.5,27287385217.60698,4629053.4399999995,42945085.44,4629053.4399999995,576,704,11,1.0
m,1.5,68218463044.01744,4629053.4399999995,42945085.44,4629053.4399999995,576,704,11,1.0
l,1.5,136436926088.03488,4629053.4399999995,42945085.44,4629053.4399999995,576,704,11,1.0
xl,1.5,272873852176.06976,4629053.4399999995,42945085.44,4629053.4399999995,576,704,11,1.0
s,1.5,23817387324.104443,4629053.4399999995,53018624.0,4629053.4399999995,640,704,11,1.0
m,1.5,59543468310.26111,4629053.4399999995,53018624.0,4629053.4399999995,640,704,11,1.0
l,1.5,119086936620.52222,4629053.4399999995,53018624.0,4629053.4399999995,640,704,11,1.0
xl,1.5,238173873241.04443,4629053.4399999995,53018624.0,4629053.4399999995,640,704,11,1.0
s,1.5,22526332486.37657,5508956.16,53018624.0,5508956.16,640,768,11,1.0
m,1.5,56315831215.94142,5508956.16,53018624.0,5508956.16,640,768,11,1.0
l,1.5,112631662431.88284,5508956.16,53018624.0,5508956.16,640,768,11,1.0
xl,1.5,225263324863.7657,5508956.16,53018624.0,5508956.16,640,768,11,1.0
s,1.5,19891481564.824074,5508956.16,64152535.04,5508956.16,704,768,11,1.0
m,1.5,49728703912.06019,5508956.16,64152535.04,5508956.16,704,768,11,1.0
l,1.5,99457407824.12038,5508956.16,64152535.04,5508956.16,704,768,11,1.0
xl,1.5,198914815648.24075,5508956.16,64152535.04,5508956.16,704,768,11,1.0
s,1.5,58140505978.92805,1874575.3599999999,20857651.2,1874575.3599999999,384,448,12,1.0
s,1.5,53230057607.68292,2448424.96,20857651.2,2448424.96,384,512,12,1.0
s,1.5,43812957266.09818,2448424.96,28389580.8,2448424.96,448,512,12,1.0
s,1.5,40624171476.89273,3098787.84,28389580.8,3098787.84,448,576,12,1.0
s,1.5,34194905601.134537,3098787.84,37080268.8,3098787.84,512,576,12,1.0
m,1.5,85487264002.83633,3098787.84,37080268.8,3098787.84,512,576,12,1.0
l,1.5,170974528005.67267,3098787.84,37080268.8,3098787.84,512,576,12,1.0
xl,1.5,341949056011.34534,3098787.84,37080268.8,3098787.84,512,576,12,1.0
s,1.5,32009594050.747818,3825664.0,37080268.8,3825664.0,512,640,12,1.0
m,1.5,80023985126.86954,3825664.0,37080268.8,3825664.0,512,640,12,1.0
l,1.5,160047970253.73907,3825664.0,37080268.8,3825664.0,512,640,12,1.0
xl,1.5,320095940507.47815,3825664.0,37080268.8,3825664.0,512,640,12,1.0
s,1.5,27427930897.182266,3825664.0,46929715.2,3825664.0,576,640,12,1.0
m,1.5,68569827242.955666,3825664.0,46929715.2,3825664.0,576,640,12,1.0
l,1.5,137139654485.91133,3825664.0,46929715.2,3825664.0,576,640,12,1.0
xl,1.5,274279308971.82266,3825664.0,46929715.2,3825664.0,576,640,12,1.0
s,1.5,25866114563.646595,4629053.4399999995,46929715.2,4629053.4399999995,576,704,12,1.0
m,1.5,64665286409.116486,4629053.4399999995,46929715.2,4629053.4399999995,576,704,12,1.0
l,1.5,129330572818.23297,4629053.4399999995,46929715.2,4629053.4399999995,576,704,12,1.0
xl,1.5,258661145636.46594,4629053.4399999995,46929715.2,4629053.4399999995,576,704,12,1.0
s,1.5,24350465863.966343,5508956.16,46929715.2,5508956.16,576,768,12,1.0
m,1.5,60876164659.915855,5508956.16,46929715.2,5508956.16,576,768,12,1.0
l,1.5,121752329319.83171,5508956.16,46929715.2,5508956.16,576,768,12,1.0
xl,1.5,243504658639.66342,5508956.16,46929715.2,5508956.16,576,768,12,1.0
s,1.5,21332949900.017513,5508956.16,57937920.0,5508956.16,640,768,12,1.0
m,1.5,53332374750.043785,5508956.16,57937920.0,5508956.16,640,768,12,1.0
l,1.5,106664749500.08757,5508956.16,57937920.0,5508956.16,640,768,12,1.0
xl,1.5,213329499000.17514,5508956.16,57937920.0,5508956.16,640,768,12,1.0
s,1.5,55250424551.580666,1874575.3599999999,22628597.759999998,1874575.3599999999,384,448,13,1.0
s,1.5,50797330050.41571,2448424.96,22628597.759999998,2448424.96,384,512,13,1.0
s,1.5,38703124849.49081,3098787.84,30800035.84,3098787.84,448,576,13,1.0
s,1.5,30456446265.427746,3825664.0,40228618.24,3825664.0,512,640,13,1.0
m,1.5,76141115663.56937,3825664.0,40228618.24,3825664.0,512,640,13,1.0
l,1.5,152282231327.13873,3825664.0,40228618.24,3825664.0,512,640,13,1.0
xl,1.5,304564462654.27747,3825664.0,40228618.24,3825664.0,512,640,13,1.0
s,1.5,28542718001.051548,4629053.4399999995,40228618.24,4629053.4399999995,512,704,13,1.0
m,1.5,71356795002.62888,4629053.4399999995,40228618.24,4629053.4399999995,512,704,13,1.0
l,1.5,142713590005.25775,4629053.4399999995,40228618.24,4629053.4399999995,512,704,13,1.0
xl,1.5,285427180010.5155,4629053.4399999995,40228618.24,4629053.4399999995,512,704,13,1.0
s,1.5,24585568733.644936,4629053.4399999995,50914344.95999999,4629053.4399999995,576,704,13,1.0
m,1.5,61463921834.11234,4629053.4399999995,50914344.95999999,4629053.4399999995,576,704,13,1.0
l,1.5,122927843668.22469,4629053.4399999995,50914344.95999999,4629053.4399999995,576,704,13,1.0
xl,1.5,245855687336.44937,4629053.4399999995,50914344.95999999,4629053.4399999995,576,704,13,1.0
s,1.5,23212291097.7038,5508956.16,50914344.95999999,5508956.16,576,768,13,1.0
m,1.5,58030727744.2595,5508956.16,50914344.95999999,5508956.16,576,768,13,1.0
l,1.5,116061455488.519,5508956.16,50914344.95999999,5508956.16,576,768,13,1.0
xl,1.5,232122910977.038,5508956.16,50914344.95999999,5508956.16,576,768,13,1.0
s,1.5,20259649868.87111,5508956.16,62857216.0,5508956.16,640,768,13,1.0
m,1.5,50649124672.17777,5508956.16,62857216.0,5508956.16,640,768,13,1.0
l,1.5,101298249344.35555,5508956.16,62857216.0,5508956.16,640,768,13,1.0
xl,1.5,202596498688.7111,5508956.16,62857216.0,5508956.16,640,768,13,1.0
s,1.5,66641626297.757355,1874575.3599999999,16944128.0,1874575.3599999999,320,448,14,1.0
s,1.5,48577245944.2568,2448424.96,24399544.32,2448424.96,384,512,14,1.0
s,1.5,36955560475.04648,3098787.84,33210490.88,3098787.84,448,576,14,1.0
s,1.5,34416253689.30758,3825664.0,33210490.88,3825664.0,448,640,14,1.0
m,1.5,86040634223.26895,3825664.0,33210490.88,3825664.0,448,640,14,1.0
l,1.5,172081268446.5379,3825664.0,33210490.88,3825664.0,448,640,14,1.0
xl,1.5,344162536893.0758,3825664.0,33210490.88,3825664.0,448,640,14,1.0
s,1.5,29047045260.679237,3825664.0,43376967.68,3825664.0,512,640,14,1.0
m,1.5,72617613151.69809,3825664.0,43376967.68,3825664.0,512,640,14,1.0
l,1.5,145235226303.39618,3825664.0,43376967.68,3825664.0,512,640,14,1.0
xl,1.5,290470452606.79236,3825664.0,43376967.68,3825664.0,512,640,14,1.0
s,1.5,27301261712.087982,4629053.4399999995,43376967.68,4629053.4399999995,512,704,14,1.0
m,1.5,68253154280.219955,4629053.4399999995,43376967.68,4629053.4399999995,512,704,14,1.0
l,1.5,136506308560.43991,4629053.4399999995,43376967.68,4629053.4399999995,512,704,14,1.0
xl,1.5,273012617120.87982,4629053.4399999995,43376967.68,4629053.4399999995,512,704,14,1.0
s,1.5,23425833168.99131,4629053.4399999995,54898974.72,4629053.4399999995,576,704,14,1.0
m,1.5,58564582922.47827,4629053.4399999995,54898974.72,4629053.4399999995,576,704,14,1.0
l,1.5,117129165844.95654,4629053.4399999995,54898974.72,4629053.4399999995,576,704,14,1.0
xl,1.5,234258331689.9131,4629053.4399999995,54898974.72,4629053.4399999995,576,704,14,1.0
s,1.5,22175764890.683796,5508956.16,54898974.72,5508956.16,576,768,14,1.0
m,1.5,55439412226.70949,5508956.16,54898974.72,5508956.16,576,768,14,1.0
l,1.5,110878824453.41898,5508956.16,54898974.72,5508956.16,576,768,14,1.0
xl,1.5,221757648906.83795,5508956.16,54898974.72,5508956.16,576,768,14,1.0
s,1.5,19289175876.030796,5508956.16,67776512.0,5508956.16,640,768,14,1.0
m,1.5,48222939690.07699,5508956.16,67776512.0,5508956.16,640,768,14,1.0
l,1.5,96445879380.15398,5508956.16,67776512.0,5508956.16,640,768,14,1.0
xl,1.5,192891758760.30795,5508956.16,67776512.0,5508956.16,640,768,14,1.0
s,1.5,63969703007.05491,1874575.3599999999,18173952.0,1874575.3599999999,320,448,15,1.0
s,1.5,46543092197.65345,2448424.96,26170490.88,2448424.96,384,512,15,1.0
s,1.5,42960763093.39744,3098787.84,26170490.88,3098787.84,384,576,15,1.0
s,1.5,35358993836.434044,3098787.84,35620945.92,3098787.84,448,576,15,1.0
m,1.5,88397484591.0851,3098787.84,35620945.92,3098787.84,448,576,15,1.0
l,1.5,176794969182.1702,3098787.84,35620945.92,3098787.84,448,576,15,1.0
xl,1.5,353589938364.3404,3098787.84,35620945.92,3098787.84,448,576,15,1.0
s,1.5,33027434241.435608,3825664.0,35620945.92,3825664.0,448,640,15,1.0
m,1.5,82568585603.58902,3825664.0,35620945.92,3825664.0,448,640,15,1.0
l,1.5,165137171207.17804,3825664.0,35620945.92,3825664.0,448,640,15,1.0
xl,1.5,330274342414.3561,3825664.0,35620945.92,3825664.0,448,640,15,1.0
s,1.5,27762317620.19714,3825664.0,46525317.12,3825664.0,512,640,15,1.0
m,1.5,69405794050.49284,3825664.0,46525317.12,3825664.0,512,640,15,1.0
l,1.5,138811588100.9857,3825664.0,46525317.12,3825664.0,512,640,15,1.0
xl,1.5,277623176201.9714,3825664.0,46525317.12,3825664.0,512,640,15,1.0
s,1.5,26163297546.317093,4629053.4399999995,46525317.12,4629053.4399999995,512,704,15,1.0
m,1.5,65408243865.79273,4629053.4399999995,46525317.12,4629053.4399999995,512,704,15,1.0
l,1.5,130816487731.58546,4629053.4399999995,46525317.12,4629053.4399999995,512,704,15,1.0
xl,1.5,261632975463.17093,4629053.4399999995,46525317.12,4629053.4399999995,512,704,15,1.0
s,1.5,24613664608.268494,5508956.16,46525317.12,5508956.16,512,768,15,1.0
m,1.5,61534161520.671234,5508956.16,46525317.12,5508956.16,512,768,15,1.0
l,1.5,123068323041.34247,5508956.16,46525317.12,5508956.16,512,768,15,1.0
xl,1.5,246136646082.68494,5508956.16,46525317.12,5508956.16,512,768,15,1.0
s,1.5,21227852207.72461,5508956.16,58883604.480000004,5508956.16,576,768,15,1.0
m,1.5,53069630519.31152,5508956.16,58883604.480000004,5508956.16,576,768,15,1.0
l,1.5,106139261038.62305,5508956.16,58883604.480000004,5508956.16,576,768,15,1.0
xl,1.5,212278522077.2461,5508956.16,58883604.480000004,5508956.16,576,768,15,1.0
s,1.5,61503776209.49947,1874575.3599999999,19403776.0,1874575.3599999999,320,448,16,1.0
s,1.5,44672450287.91273,2448424.96,27941437.44,2448424.96,384,512,16,1.0
s,1.5,41362052966.7357,3098787.84,27941437.44,3098787.84,384,576,16,1.0
s,1.5,33894665039.018547,3098787.84,38031400.96,3098787.84,448,576,16,1.0
m,1.5,84736662597.54637,3098787.84,38031400.96,3098787.84,448,576,16,1.0
l,1.5,169473325195.09274,3098787.84,38031400.96,3098787.84,448,576,16,1.0
xl,1.5,338946650390.1855,3098787.84,38031400.96,3098787.84,448,576,16,1.0
s,1.5,31746354802.997353,3825664.0,38031400.96,3825664.0,448,640,16,1.0
m,1.5,79365887007.49338,3825664.0,38031400.96,3825664.0,448,640,16,1.0
l,1.5,158731774014.98676,3825664.0,38031400.96,3825664.0,448,640,16,1.0
xl,1.5,317463548029.9735,3825664.0,38031400.96,3825664.0,448,640,16,1.0
s,1.5,25116402135.24018,4629053.4399999995,49673666.56,4629053.4399999995,512,704,16,1.0
m,1.5,62791005338.10045,4629053.4399999995,49673666.56,4629053.4399999995,512,704,16,1.0
l,1.5,125582010676.2009,4629053.4399999995,49673666.56,4629053.4399999995,512,704,16,1.0
xl,1.5,251164021352.4018,4629053.4399999995,49673666.56,4629053.4399999995,512,704,16,1.0
s,1.5,23684909128.300472,5508956.16,49673666.56,5508956.16,512,768,16,1.0
m,1.5,59212272820.751175,5508956.16,49673666.56,5508956.16,512,768,16,1.0
l,1.5,118424545641.50235,5508956.16,49673666.56,5508956.16,512,768,16,1.0
xl,1.5,236849091283.0047,5508956.16,49673666.56,5508956.16,512,768,16,1.0
s,1.5,20357655402.929977,5508956.16,62868234.239999995,5508956.16,576,768,16,1.0
m,1.5,50894138507.32494,5508956.16,62868234.239999995,5508956.16,576,768,16,1.0
l,1.5,101788277014.64989,5508956.16,62868234.239999995,5508956.16,576,768,16,1.0
xl,1.5,203576554029.29977,5508956.16,62868234.239999995,5508956.16,576,768,16,1.0
s,1.5,70680008345.69228,956416.0,19677184.0,1912832.0,640,320,4,2.0
s,1.5,61637619649.96187,956416.0,23809392.64,1912832.0,704,320,4,2.0
s,1.5,55589576549.36479,1377239.04,23809392.64,2754478.08,704,384,4,2.0
s,1.5,49355072996.885056,1377239.04,28335144.96,2754478.08,768,384,4,2.0
s,1.5,70012779649.73456,956416.0,19923148.799999997,1912832.0,576,320,5,2.0
s,1.5,54357427085.7009,1377239.04,24596480.0,2754478.08,640,384,5,2.0
s,1.5,47638936897.9021,1377239.04,29761740.8,2754478.08,704,384,5,2.0
s,1.5,38603793738.42711,1874575.3599999999,35418931.2,3749150.7199999997,768,448,5,2.0
m,1.5,96509484346.06776,1874575.3599999999,35418931.2,3749150.7199999997,768,448,5,2.0
l,1.5,193018968692.13553,1874575.3599999999,35418931.2,3749150.7199999997,768,448,5,2.0
xl,1.5,386037937384.27106,1874575.3599999999,35418931.2,3749150.7199999997,768,448,5,2.0
s,1.5,72602176231.32707,956416.0,18890096.64,1912832.0,512,320,6,2.0
s,1.5,61361908397.257805,956416.0,23907778.56,1912832.0,576,320,6,2.0
s,1.5,55365219269.99147,1377239.04,23907778.56,2754478.08,576,384,6,2.0
s,1.5,47892486073.738205,1377239.04,29515776.0,2754478.08,640,384,6,2.0
s,1.5,38364165611.4302,1874575.3599999999,35714088.96,3749150.7199999997,704,448,6,2.0
m,1.5,95910414028.5755,1874575.3599999999,35714088.96,3749150.7199999997,704,448,6,2.0
l,1.5,191820828057.151,1874575.3599999999,35714088.96,3749150.7199999997,704,448,6,2.0
xl,1.5,383641656114.302,1874575.3599999999,35714088.96,3749150.7199999997,704,448,6,2.0
s,1.5,33927600369.282337,1874575.3599999999,42502717.44,3749150.7199999997,768,448,6,2.0
m,1.5,84819000923.20584,1874575.3599999999,42502717.44,3749150.7199999997,768,448,6,2.0
l,1.5,169638001846.41168,1874575.3599999999,42502717.44,3749150.7199999997,768,448,6,2.0
xl,1.5,339276003692.82336,1874575.3599999999,42502717.44,3749150.7199999997,768,448,6,2.0
s,1.5,31392815539.796642,2448424.96,42502717.44,4896849.92,768,512,6,2.0
m,1.5,78482038849.49161,2448424.96,42502717.44,4896849.92,768,512,6,2.0
l,1.5,156964077698.98322,2448424.96,42502717.44,4896849.92,768,512,6,2.0
xl,1.5,313928155397.96643,2448424.96,42502717.44,4896849.92,768,512,6,2.0
s,1.5,65075231168.515076,956416.0,22038446.08,1912832.0,512,320,7,2.0
s,1.5,49811886660.323746,1377239.04,27892408.32,2754478.08,576,384,7,2.0
s,1.5,39314412843.8997,1874575.3599999999,34435072.0,3749150.7199999997,640,448,7,2.0
m,1.5,98286032109.74924,1874575.3599999999,34435072.0,3749150.7199999997,640,448,7,2.0
l,1.5,196572064219.49847,1874575.3599999999,34435072.0,3749150.7199999997,640,448,7,2.0
xl,1.5,393144128438.99695,1874575.3599999999,34435072.0,3749150.7199999997,640,448,7,2.0
s,1.5,34401808008.607216,1874575.3599999999,41666437.120000005,3749150.7199999997,704,448,7,2.0
m,1.5,86004520021.51804,1874575.3599999999,41666437.120000005,3749150.7199999997,704,448,7,2.0
l,1.5,172009040043.03607,1874575.3599999999,41666437.120000005,3749150.7199999997,704,448,7,2.0
xl,1.5,344018080086.07214,1874575.3599999999,41666437.120000005,3749150.7199999997,704,448,7,2.0
s,1.5,31798388992.770832,2448424.96,41666437.120000005,4896849.92,704,512,7,2.0
m,1.5,79495972481.92708,2448424.96,41666437.120000005,4896849.92,704,512,7,2.0
l,1.5,158991944963.85416,2448424.96,41666437.120000005,4896849.92,704,512,7,2.0
xl,1.5,317983889927.7083,2448424.96,41666437.120000005,4896849.92,704,512,7,2.0
s,1.5,28228843182.174458,2448424.96,49586503.68,4896849.92,768,512,7,2.0
m,1.5,70572107955.43614,2448424.96,49586503.68,4896849.92,768,512,7,2.0
l,1.5,141144215910.87228,2448424.96,49586503.68,4896849.92,768,512,7,2.0
xl,1.5,282288431821.74457,2448424.96,49586503.68,4896849.92,768,512,7,2.0
s,1.5,71482556607.5471,956416.0,19283640.32,1912832.0,448,320,8,2.0
s,1.5,53404272709.601006,1377239.04,25186795.52,2754478.08,512,384,8,2.0
s,1.5,45271037181.72324,1377239.04,31877038.08,2754478.08,576,384,8,2.0
s,1.5,41387836618.24068,1874575.3599999999,31877038.08,3749150.7199999997,576,448,8,2.0
s,1.5,35817495978.00791,1874575.3599999999,39354368.0,3749150.7199999997,640,448,8,2.0
m,1.5,89543739945.01978,1874575.3599999999,39354368.0,3749150.7199999997,640,448,8,2.0
l,1.5,179087479890.03955,1874575.3599999999,39354368.0,3749150.7199999997,640,448,8,2.0
xl,1.5,358174959780.0791,1874575.3599999999,39354368.0,3749150.7199999997,640,448,8,2.0
s,1.5,29027253815.406876,2448424.96,47618785.28,4896849.92,704,512,8,2.0
m,1.5,72568134538.5172,2448424.96,47618785.28,4896849.92,704,512,8,2.0
l,1.5,145136269077.0344,2448424.96,47618785.28,4896849.92,704,512,8,2.0
xl,1.5,290272538154.0688,2448424.96,47618785.28,4896849.92,704,512,8,2.0
s,1.5,25644248810.11701,2448424.96,56670289.92,4896849.92,768,512,8,2.0
m,1.5,64110622025.29252,2448424.96,56670289.92,4896849.92,768,512,8,2.0
l,1.5,128221244050.58504,2448424.96,56670289.92,4896849.92,768,512,8,2.0
xl,1.5,256442488101.17007,2448424.96,56670289.92,4896849.92,768,512,8,2.0
s,1.5,23990954318.5439,3098787.84,56670289.92,6197575.68,768,576,8,2.0
m,1.5,59977385796.35975,3098787.84,56670289.92,6197575.68,768,576,8,2.0
l,1.5,119954771592.7195,3098787.84,56670289.92,6197575.68,768,576,8,2.0
xl,1.5,239909543185.439,3098787.84,56670289.92,6197575.68,768,576,8,2.0
s,1.5,65740828680.20908,956416.0,21694095.36,1912832.0,448,320,9,2.0
s,1.5,49216881960.34588,1377239.04,28335144.96,2754478.08,512,384,9,2.0
s,1.5,38203902151.27081,1874575.3599999999,35861667.839999996,3749150.7199999997,576,448,9,2.0
m,1.5,95509755378.17703,1874575.3599999999,35861667.839999996,3749150.7199999997,576,448,9,2.0
l,1.5,191019510756.35406,1874575.3599999999,35861667.839999996,3749150.7199999997,576,448,9,2.0
xl,1.5,382039021512.7081,1874575.3599999999,35861667.839999996,3749150.7199999997,576,448,9,2.0
s,1.5,32891849738.366337,1874575.3599999999,44273664.0,3749150.7199999997,640,448,9,2.0
m,1.5,82229624345.91585,1874575.3599999999,44273664.0,3749150.7199999997,640,448,9,2.0
l,1.5,164459248691.8317,1874575.3599999999,44273664.0,3749150.7199999997,640,448,9,2.0
xl,1.5,328918497383.6634,1874575.3599999999,44273664.0,3749150.7199999997,640,448,9,2.0
s,1.5,30504021504.090492,2448424.96,44273664.0,4896849.92,640,512,9,2.0
m,1.5,76260053760.22623,2448424.96,44273664.0,4896849.92,640,512,9,2.0
l,1.5,152520107520.45245,2448424.96,44273664.0,4896849.92,640,512,9,2.0
xl,1.5,305040215040.9049,2448424.96,44273664.0,4896849.92,640,512,9,2.0
s,1.5,26700393782.440662,2448424.96,53571133.44,4896849.92,704,512,9,2.0
m,1.5,66750984456.101654,2448424.96,53571133.44,4896849.92,704,512,9,2.0
l,1.5,133501968912.20331,2448424.96,53571133.44,4896849.92,704,512,9,2.0
xl,1.5,267003937824.40662,2448424.96,53571133.44,4896849.92,704,512,9,2.0
s,1.5,24912861118.50538,3098787.84,53571133.44,6197575.68,704,576,9,2.0
m,1.5,62282152796.26345,3098787.84,53571133.44,6197575.68,704,576,9,2.0
l,1.5,124564305592.5269,3098787.84,53571133.44,6197575.68,704,576,9,2.0
xl,1.5,249128611185.0538,3098787.84,53571133.44,6197575.68,704,576,9,2.0
s,1.5,22098121681.213272,3098787.84,63754076.160000004,6197575.68,768,576,9,2.0
m,1.5,55245304203.03318,3098787.84,63754076.160000004,6197575.68,768,576,9,2.0
l,1.5,110490608406.06636,3098787.84,63754076.160000004,6197575.68,768,576,9,2.0
xl,1.5,220981216812.13272,3098787.84,63754076.160000004,6197575.68,768,576,9,2.0
s,1.5,70193335562.23828,956416.0,17315758.080000002,1912832.0,384,320,10,2.0
s,1.5,56689222604.284134,956416.0,23568670.72,1912832.0,448,320,10,2.0
s,1.5,51532677053.11895,1377239.04,23568670.72,2754478.08,448,384,10,2.0
s,1.5,42935475365.185616,1377239.04,30783569.92,2754478.08,512,384,10,2.0
s,1.5,33623839353.435574,1874575.3599999999,38960455.67999999,3749150.7199999997,576,448,10,2.0
m,1.5,84059598383.58893,1874575.3599999999,38960455.67999999,3749150.7199999997,576,448,10,2.0
l,1.5,168119196767.17786,1874575.3599999999,38960455.67999999,3749150.7199999997,576,448,10,2.0
xl,1.5,336238393534.3557,1874575.3599999999,38960455.67999999,3749150.7199999997,576,448,10,2.0
s,1.5,27034218655.268192,2448424.96,48099328.0,4896849.92,640,512,10,2.0
m,1.5,67585546638.17048,2448424.96,48099328.0,4896849.92,640,512,10,2.0
l,1.5,135171093276.34096,2448424.96,48099328.0,4896849.92,640,512,10,2.0
xl,1.5,270342186552.68192,2448424.96,48099328.0,4896849.92,640,512,10,2.0
s,1.5,23611888656.251545,2448424.96,58200186.879999995,4896849.92,704,512,10,2.0
m,1.5,59029721640.62886,2448424.96,58200186.879999995,4896849.92,704,512,10,2.0
l,1.5,118059443281.25772,2448424.96,58200186.879999995,4896849.92,704,512,10,2.0
xl,1.5,236118886562.51544,2448424.96,58200186.879999995,4896849.92,704,512,10,2.0
s,1.5,22203065809.794735,3098787.84,58200186.879999995,6197575.68,704,576,10,2.0
m,1.5,55507664524.48684,3098787.84,58200186.879999995,6197575.68,704,576,10,2.0
l,1.5,111015329048.97368,3098787.84,58200186.879999995,6197575.68,704,576,10,2.0
xl,1.5,222030658097.94736,3098787.84,58200186.879999995,6197575.68,704,576,10,2.0
s,1.5,19649398143.71055,3098787.84,69263032.32000001,6197575.68,768,576,10,2.0
m,1.5,49123495359.27637,3098787.84,69263032.32000001,6197575.68,768,576,10,2.0
l,1.5,98246990718.55273,3098787.84,69263032.32000001,6197575.68,768,576,10,2.0
xl,1.5,196493981437.10547,3098787.84,69263032.32000001,6197575.68,768,576,10,2.0
s,1.5,18557417942.938713,3825664.0,69263032.32000001,7651328.0,768,640,10,2.0
m,1.5,46393544857.34679,3825664.0,69263032.32000001,7651328.0,768,640,10,2.0
l,1.5,92787089714.69357,3825664.0,69263032.32000001,7651328.0,768,640,10,2.0
xl,1.5,185574179429.38715,3825664.0,69263032.32000001,7651328.0,768,640,10,2.0
s,1.5,66023760562.31664,956416.0,19086704.64,1912832.0,384,320,11,2.0
s,1.5,48480186395.08827,1377239.04,25979125.759999998,2754478.08,448,384,11,2.0
s,1.5,40186624417.28309,1377239.04,33931919.36,2754478.08,512,384,11,2.0
s,1.5,37096925915.79973,1874575.3599999999,33931919.36,3749150.7199999997,512,448,11,2.0
s,1.5,31491647158.981937,1874575.3599999999,42945085.44,3749150.7199999997,576,448,11,2.0
m,1.5,78729117897.45485,1874575.3599999999,42945085.44,3749150.7199999997,576,448,11,2.0
l,1.5,157458235794.9097,1874575.3599999999,42945085.44,3749150.7199999997,576,448,11,2.0
xl,1.5,314916471589.8194,1874575.3599999999,42945085.44,3749150.7199999997,576,448,11,2.0
s,1.5,29296005452.22521,2448424.96,42945085.44,4896849.92,576,512,11,2.0
m,1.5,73240013630.56302,2448424.96,42945085.44,4896849.92,576,512,11,2.0
l,1.5,146480027261.12604,2448424.96,42945085.44,4896849.92,576,512,11,2.0
xl,1.5,292960054522.2521,2448424.96,42945085.44,4896849.92,576,512,11,2.0
s,1.5,25333445561.855694,2448424.96,53018624.0,4896849.92,640,512,11,2.0
m,1.5,63333613904.63924,2448424.96,53018624.0,4896849.92,640,512,11,2.0
l,1.5,126667227809.27847,2448424.96,53018624.0,4896849.92,640,512,11,2.0
xl,1.5,253334455618.55695,2448424.96,53018624.0,4896849.92,640,512,11,2.0
s,1.5,23718721732.078407,3098787.84,53018624.0,6197575.68,640,576,11,2.0
m,1.5,59296804330.19602,3098787.84,53018624.0,6197575.68,640,576,11,2.0
l,1.5,118593608660.39204,3098787.84,53018624.0,6197575.68,640,576,11,2.0
xl,1.5,237187217320.7841,3098787.84,53018624.0,6197575.68,640,576,11,2.0
s,1.5,20815521426.605587,3098787.84,64152535.04,6197575.68,704,576,11,2.0
m,1.5,52038803566.51397,3098787.84,64152535.04,6197575.68,704,576,11,2.0
l,1.5,104077607133.02794,3098787.84,64152535.04,6197575.68,704,576,11,2.0
xl,1.5,208155214266.05588,3098787.84,64152535.04,6197575.68,704,576,11,2.0
s,1.5,18361263814.606438,3098787.84,76346818.56,6197575.68,768,576,11,2.0
m,1.5,45903159536.5161,3098787.84,76346818.56,6197575.68,768,576,11,2.0
l,1.5,91806319073.0322,3098787.84,76346818.56,6197575.68,768,576,11,2.0
xl,1.5,183612638146.0644,3098787.84,76346818.56,6197575.68,768,576,11,2.0
s,1.5,19594113123.418056,3825664.0,64152535.04,7651328.0,704,640,11,2.0
m,1.5,48985282808.545135,3825664.0,64152535.04,7651328.0,704,640,11,2.0
l,1.5,97970565617.09027,3825664.0,64152535.04,7651328.0,704,640,11,2.0
xl,1.5,195941131234.18054,3825664.0,64152535.04,7651328.0,704,640,11,2.0
s,1.5,17404275818.160995,3825664.0,76346818.56,7651328.0,768,640,11,2.0
m,1.5,43510689545.4025,3825664.0,76346818.56,7651328.0,768,640,11,2.0
l,1.5,87021379090.805,3825664.0,76346818.56,7651328.0,768,640,11,2.0
xl,1.5,174042758181.61,3825664.0,76346818.56,7651328.0,768,640,11,2.0
s,1.5,62321766929.195816,956416.0,20857651.2,1912832.0,384,320,12,2.0
s,1.5,45769096143.36105,1377239.04,28389580.8,2754478.08,448,384,12,2.0
s,1.5,35026822453.76524,1874575.3599999999,37080268.8,3749150.7199999997,512,448,12,2.0
m,1.5,87567056134.4131,1874575.3599999999,37080268.8,3749150.7199999997,512,448,12,2.0
l,1.5,175134112268.8262,1874575.3599999999,37080268.8,3749150.7199999997,512,448,12,2.0
xl,1.5,350268224537.6524,1874575.3599999999,37080268.8,3749150.7199999997,512,448,12,2.0
s,1.5,27664051634.573376,2448424.96,46929715.2,4896849.92,576,512,12,2.0
m,1.5,69160129086.43344,2448424.96,46929715.2,4896849.92,576,512,12,2.0
l,1.5,138320258172.86688,2448424.96,46929715.2,4896849.92,576,512,12,2.0
xl,1.5,276640516345.73376,2448424.96,46929715.2,4896849.92,576,512,12,2.0
s,1.5,23834003941.97032,2448424.96,57937920.0,4896849.92,640,512,12,2.0
m,1.5,59585009854.925804,2448424.96,57937920.0,4896849.92,640,512,12,2.0
l,1.5,119170019709.85161,2448424.96,57937920.0,4896849.92,640,512,12,2.0
xl,1.5,238340039419.70322,2448424.96,57937920.0,4896849.92,640,512,12,2.0
s,1.5,22399356271.895073,3098787.84,57937920.0,6197575.68,640,576,12,2.0
m,1.5,55998390679.73768,3098787.84,57937920.0,6197575.68,640,576,12,2.0
l,1.5,111996781359.47536,3098787.84,57937920.0,6197575.68,640,576,12,2.0
xl,1.5,223993562718.9507,3098787.84,57937920.0,6197575.68,640,576,12,2.0
s,1.5,19591201258.438435,3098787.84,70104883.2,6197575.68,704,576,12,2.0
m,1.5,48978003146.096085,3098787.84,70104883.2,6197575.68,704,576,12,2.0
l,1.5,97956006292.19217,3098787.84,70104883.2,6197575.68,704,576,12,2.0
xl,1.5,195912012584.38434,3098787.84,70104883.2,6197575.68,704,576,12,2.0
s,1.5,18505501154.09393,3825664.0,70104883.2,7651328.0,704,640,12,2.0
m,1.5,46263752885.23482,3825664.0,70104883.2,7651328.0,704,640,12,2.0
l,1.5,92527505770.46964,3825664.0,70104883.2,7651328.0,704,640,12,2.0
xl,1.5,185055011540.93927,3825664.0,70104883.2,7651328.0,704,640,12,2.0
s,1.5,16386060022.758858,3825664.0,83430604.8,7651328.0,768,640,12,2.0
m,1.5,40965150056.89714,3825664.0,83430604.8,7651328.0,768,640,12,2.0
l,1.5,81930300113.79428,3825664.0,83430604.8,7651328.0,768,640,12,2.0
xl,1.5,163860600227.58856,3825664.0,83430604.8,7651328.0,768,640,12,2.0
s,1.5,15544960361.230873,4629053.4399999995,83430604.8,9258106.879999999,768,704,12,2.0
m,1.5,38862400903.07719,4629053.4399999995,83430604.8,9258106.879999999,768,704,12,2.0
l,1.5,77724801806.15437,4629053.4399999995,83430604.8,9258106.879999999,768,704,12,2.0
xl,1.5,155449603612.30875,4629053.4399999995,83430604.8,9258106.879999999,768,704,12,2.0
s,1.5,59012877881.82829,956416.0,22628597.759999998,1912832.0,384,320,13,2.0
s,1.5,43345164596.57181,1377239.04,30800035.84,2754478.08,448,384,13,2.0
s,1.5,33175542242.388226,1874575.3599999999,40228618.24,3749150.7199999997,512,448,13,2.0
m,1.5,82938855605.97057,1874575.3599999999,40228618.24,3749150.7199999997,512,448,13,2.0
l,1.5,165877711211.94113,1874575.3599999999,40228618.24,3749150.7199999997,512,448,13,2.0
xl,1.5,331755422423.88226,1874575.3599999999,40228618.24,3749150.7199999997,512,448,13,2.0
s,1.5,26204322129.538406,2448424.96,50914344.95999999,4896849.92,576,512,13,2.0
m,1.5,65510805323.846016,2448424.96,50914344.95999999,4896849.92,576,512,13,2.0
l,1.5,131021610647.69203,2448424.96,50914344.95999999,4896849.92,576,512,13,2.0
xl,1.5,262043221295.38406,2448424.96,50914344.95999999,4896849.92,576,512,13,2.0
s,1.5,21219036993.96665,3098787.84,62857216.0,6197575.68,640,576,13,2.0
m,1.5,53047592484.91662,3098787.84,62857216.0,6197575.68,640,576,13,2.0
l,1.5,106095184969.83324,3098787.84,62857216.0,6197575.68,640,576,13,2.0
xl,1.5,212190369939.66647,3098787.84,62857216.0,6197575.68,640,576,13,2.0
s,1.5,18502903835.056915,3098787.84,76057231.36,6197575.68,704,576,13,2.0
m,1.5,46257259587.64228,3098787.84,76057231.36,6197575.68,704,576,13,2.0
l,1.5,92514519175.28456,3098787.84,76057231.36,6197575.68,704,576,13,2.0
xl,1.5,185029038350.56912,3098787.84,76057231.36,6197575.68,704,576,13,2.0
s,1.5,17531484917.62818,3825664.0,76057231.36,7651328.0,704,640,13,2.0
m,1.5,43828712294.07046,3825664.0,76057231.36,7651328.0,704,640,13,2.0
l,1.5,87657424588.14091,3825664.0,76057231.36,7651328.0,704,640,13,2.0
xl,1.5,175314849176.28183,3825664.0,76057231.36,7651328.0,704,640,13,2.0
s,1.5,15480398319.143421,3825664.0,90514391.03999999,7651328.0,768,640,13,2.0
m,1.5,38700995797.85855,3825664.0,90514391.03999999,7651328.0,768,640,13,2.0
l,1.5,77401991595.7171,3825664.0,90514391.03999999,7651328.0,768,640,13,2.0
xl,1.5,154803983191.4342,3825664.0,90514391.03999999,7651328.0,768,640,13,2.0
s,1.5,14727569048.364841,4629053.4399999995,90514391.03999999,9258106.879999999,768,704,13,2.0
m,1.5,36818922620.9121,4629053.4399999995,90514391.03999999,9258106.879999999,768,704,13,2.0
l,1.5,73637845241.8242,4629053.4399999995,90514391.03999999,9258106.879999999,768,704,13,2.0
xl,1.5,147275690483.6484,4629053.4399999995,90514391.03999999,9258106.879999999,768,704,13,2.0
s,1.5,50993674604.49486,1377239.04,24399544.32,2754478.08,384,384,14,2.0
s,1.5,41165062683.45054,1377239.04,33210490.88,2754478.08,448,384,14,2.0
s,1.5,37929137996.315346,1874575.3599999999,33210490.88,3749150.7199999997,448,448,14,2.0
s,1.5,31510130509.775204,1874575.3599999999,43376967.68,3749150.7199999997,512,448,14,2.0
m,1.5,78775326274.438,1874575.3599999999,43376967.68,3749150.7199999997,512,448,14,2.0
l,1.5,157550652548.876,1874575.3599999999,43376967.68,3749150.7199999997,512,448,14,2.0
xl,1.5,315101305097.752,1874575.3599999999,43376967.68,3749150.7199999997,512,448,14,2.0
s,1.5,29312000627.23647,2448424.96,43376967.68,4896849.92,512,512,14,2.0
m,1.5,73280001568.09117,2448424.96,43376967.68,4896849.92,512,512,14,2.0
l,1.5,146560003136.18234,2448424.96,43376967.68,4896849.92,512,512,14,2.0
xl,1.5,293120006272.3647,2448424.96,43376967.68,4896849.92,512,512,14,2.0
s,1.5,24890920480.60532,2448424.96,54898974.72,4896849.92,576,512,14,2.0
m,1.5,62227301201.5133,2448424.96,54898974.72,4896849.92,576,512,14,2.0
l,1.5,124454602403.0266,2448424.96,54898974.72,4896849.92,576,512,14,2.0
xl,1.5,248909204806.0532,2448424.96,54898974.72,4896849.92,576,512,14,2.0
s,1.5,23330378504.041153,3098787.84,54898974.72,6197575.68,576,576,14,2.0
m,1.5,58325946260.10288,3098787.84,54898974.72,6197575.68,576,576,14,2.0
l,1.5,116651892520.20576,3098787.84,54898974.72,6197575.68,576,576,14,2.0
xl,1.5,233303785040.41153,3098787.84,54898974.72,6197575.68,576,576,14,2.0
s,1.5,20156883345.154346,3098787.84,67776512.0,6197575.68,640,576,14,2.0
m,1.5,50392208362.885864,3098787.84,67776512.0,6197575.68,640,576,14,2.0
l,1.5,100784416725.77173,3098787.84,67776512.0,6197575.68,640,576,14,2.0
xl,1.5,201568833451.54346,3098787.84,67776512.0,6197575.68,640,576,14,2.0
s,1.5,19009416536.51677,3825664.0,67776512.0,7651328.0,640,640,14,2.0
m,1.5,47523541341.29192,3825664.0,67776512.0,7651328.0,640,640,14,2.0
l,1.5,95047082682.58385,3825664.0,67776512.0,7651328.0,640,640,14,2.0
xl,1.5,190094165365.1677,3825664.0,67776512.0,7651328.0,640,640,14,2.0
s,1.5,16654874341.670097,3825664.0,82009579.52,7651328.0,704,640,14,2.0
m,1.5,41637185854.17525,3825664.0,82009579.52,7651328.0,704,640,14,2.0
l,1.5,83274371708.3505,3825664.0,82009579.52,7651328.0,704,640,14,2.0
xl,1.5,166548743416.701,3825664.0,82009579.52,7651328.0,704,640,14,2.0
s,1.5,15786682817.71192,4629053.4399999995,82009579.52,9258106.879999999,704,704,14,2.0
m,1.5,39466707044.2798,4629053.4399999995,82009579.52,9258106.879999999,704,704,14,2.0
l,1.5,78933414088.5596,4629053.4399999995,82009579.52,9258106.879999999,704,704,14,2.0
xl,1.5,157866828177.1192,4629053.4399999995,82009579.52,9258106.879999999,704,704,14,2.0
s,1.5,13991844304.175066,4629053.4399999995,97598177.28,9258106.879999999,768,704,14,2.0
m,1.5,34979610760.43766,4629053.4399999995,97598177.28,9258106.879999999,768,704,14,2.0
l,1.5,69959221520.87532,4629053.4399999995,97598177.28,9258106.879999999,768,704,14,2.0
xl,1.5,139918443041.75064,4629053.4399999995,97598177.28,9258106.879999999,768,704,14,2.0
s,1.5,13319190474.178434,5508956.16,97598177.28,11017912.32,768,768,14,2.0
m,1.5,33297976185.446083,5508956.16,97598177.28,11017912.32,768,768,14,2.0
l,1.5,66595952370.892166,5508956.16,97598177.28,11017912.32,768,768,14,2.0
xl,1.5,133191904741.78433,5508956.16,97598177.28,11017912.32,768,768,14,2.0
s,1.5,69068187483.1774,956416.0,18173952.0,1912832.0,320,320,15,2.0
s,1.5,48756772834.054184,1377239.04,26170490.88,2754478.08,384,384,15,2.0
s,1.5,36249253586.559364,1874575.3599999999,35620945.92,3749150.7199999997,448,448,15,2.0
m,1.5,90623133966.3984,1874575.3599999999,35620945.92,3749150.7199999997,448,448,15,2.0
l,1.5,181246267932.7968,1874575.3599999999,35620945.92,3749150.7199999997,448,448,15,2.0
xl,1.5,362492535865.5936,1874575.3599999999,35620945.92,3749150.7199999997,448,448,15,2.0
s,1.5,30003933489.888775,1874575.3599999999,46525317.12,3749150.7199999997,512,448,15,2.0
m,1.5,75009833724.72194,1874575.3599999999,46525317.12,3749150.7199999997,512,448,15,2.0
l,1.5,150019667449.44388,1874575.3599999999,46525317.12,3749150.7199999997,512,448,15,2.0
xl,1.5,300039334898.88776,1874575.3599999999,46525317.12,3749150.7199999997,512,448,15,2.0
s,1.5,28004256161.464893,2448424.96,46525317.12,4896849.92,512,512,15,2.0
m,1.5,70010640403.66223,2448424.96,46525317.12,4896849.92,512,512,15,2.0
l,1.5,140021280807.32446,2448424.96,46525317.12,4896849.92,512,512,15,2.0
xl,1.5,280042561614.6489,2448424.96,46525317.12,4896849.92,512,512,15,2.0
s,1.5,23702894310.058975,2448424.96,58883604.480000004,4896849.92,576,512,15,2.0
m,1.5,59257235775.14744,2448424.96,58883604.480000004,4896849.92,576,512,15,2.0
l,1.5,118514471550.29488,2448424.96,58883604.480000004,4896849.92,576,512,15,2.0
xl,1.5,237028943100.58975,2448424.96,58883604.480000004,4896849.92,576,512,15,2.0
s,1.5,22283517088.610622,3098787.84,58883604.480000004,6197575.68,576,576,15,2.0
m,1.5,55708792721.52656,3098787.84,58883604.480000004,6197575.68,576,576,15,2.0
l,1.5,111417585443.05312,3098787.84,58883604.480000004,6197575.68,576,576,15,2.0
xl,1.5,222835170886.10623,3098787.84,58883604.480000004,6197575.68,576,576,15,2.0
s,1.5,19195996311.019203,3098787.84,72695808.0,6197575.68,640,576,15,2.0
m,1.5,47989990777.548004,3098787.84,72695808.0,6197575.68,640,576,15,2.0
l,1.5,95979981555.09601,3098787.84,72695808.0,6197575.68,640,576,15,2.0
xl,1.5,191959963110.19202,3098787.84,72695808.0,6197575.68,640,576,15,2.0
s,1.5,18152490575.788593,3825664.0,72695808.0,7651328.0,640,640,15,2.0
m,1.5,45381226439.47148,3825664.0,72695808.0,7651328.0,640,640,15,2.0
l,1.5,90762452878.94296,3825664.0,72695808.0,7651328.0,640,640,15,2.0
xl,1.5,181524905757.88593,3825664.0,72695808.0,7651328.0,640,640,15,2.0
s,1.5,15861753782.606947,3825664.0,87961927.68,7651328.0,704,640,15,2.0
m,1.5,39654384456.517365,3825664.0,87961927.68,7651328.0,704,640,15,2.0
l,1.5,79308768913.03473,3825664.0,87961927.68,7651328.0,704,640,15,2.0
xl,1.5,158617537826.06946,3825664.0,87961927.68,7651328.0,704,640,15,2.0
s,1.5,15072321898.828493,4629053.4399999995,87961927.68,9258106.879999999,704,704,15,2.0
m,1.5,37680804747.07123,4629053.4399999995,87961927.68,9258106.879999999,704,704,15,2.0
l,1.5,75361609494.14246,4629053.4399999995,87961927.68,9258106.879999999,704,704,15,2.0
xl,1.5,150723218988.2849,4629053.4399999995,87961927.68,9258106.879999999,704,704,15,2.0
s,1.5,13326129340.110367,4629053.4399999995,104681963.52,9258106.879999999,768,704,15,2.0
m,1.5,33315323350.275917,4629053.4399999995,104681963.52,9258106.879999999,768,704,15,2.0
l,1.5,66630646700.551834,4629053.4399999995,104681963.52,9258106.879999999,768,704,15,2.0
xl,1.5,133261293401.10367,4629053.4399999995,104681963.52,9258106.879999999,768,704,15,2.0
s,1.5,12714562041.188005,5508956.16,104681963.52,11017912.32,768,768,15,2.0
m,1.5,31786405102.970013,5508956.16,104681963.52,11017912.32,768,768,15,2.0
l,1.5,63572810205.940025,5508956.16,104681963.52,11017912.32,768,768,15,2.0
xl,1.5,127145620411.88005,5508956.16,104681963.52,11017912.32,768,768,15,2.0
s,1.5,66202324884.01488,956416.0,19403776.0,1912832.0,320,320,16,2.0
s,1.5,46707873143.2963,1377239.04,27941437.44,2754478.08,384,384,16,2.0
s,1.5,34711862551.227516,1874575.3599999999,38031400.96,3749150.7199999997,448,448,16,2.0
m,1.5,86779656378.06879,1874575.3599999999,38031400.96,3749150.7199999997,448,448,16,2.0
l,1.5,173559312756.13757,1874575.3599999999,38031400.96,3749150.7199999997,448,448,16,2.0
xl,1.5,347118625512.27515,1874575.3599999999,38031400.96,3749150.7199999997,448,448,16,2.0
s,1.5,26808217105.556217,2448424.96,49673666.56,4896849.92,512,512,16,2.0
m,1.5,67020542763.89054,2448424.96,49673666.56,4896849.92,512,512,16,2.0
l,1.5,134041085527.78108,2448424.96,49673666.56,4896849.92,512,512,16,2.0
xl,1.5,268082171055.56216,2448424.96,49673666.56,4896849.92,512,512,16,2.0
s,1.5,21326568955.137974,3098787.84,62868234.239999995,6197575.68,576,576,16,2.0
m,1.5,53316422387.84494,3098787.84,62868234.239999995,6197575.68,576,576,16,2.0
l,1.5,106632844775.68988,3098787.84,62868234.239999995,6197575.68,576,576,16,2.0
xl,1.5,213265689551.37976,3098787.84,62868234.239999995,6197575.68,576,576,16,2.0
s,1.5,17369490865.17633,3825664.0,77615104.0,7651328.0,640,640,16,2.0
m,1.5,43423727162.94083,3825664.0,77615104.0,7651328.0,640,640,16,2.0
l,1.5,86847454325.88165,3825664.0,77615104.0,7651328.0,640,640,16,2.0
xl,1.5,173694908651.7633,3825664.0,77615104.0,7651328.0,640,640,16,2.0
s,1.5,15140737809.175264,3825664.0,93914275.84,7651328.0,704,640,16,2.0
m,1.5,37851844522.93816,3825664.0,93914275.84,7651328.0,704,640,16,2.0
l,1.5,75703689045.87633,3825664.0,93914275.84,7651328.0,704,640,16,2.0
xl,1.5,151407378091.75266,3825664.0,93914275.84,7651328.0,704,640,16,2.0
s,1.5,16427304748.676083,4629053.4399999995,77615104.0,9258106.879999999,640,704,16,2.0
m,1.5,41068261871.69021,4629053.4399999995,77615104.0,9258106.879999999,640,704,16,2.0
l,1.5,82136523743.38042,4629053.4399999995,77615104.0,9258106.879999999,640,704,16,2.0
xl,1.5,164273047486.76083,4629053.4399999995,77615104.0,9258106.879999999,640,704,16,2.0
s,1.5,14419813009.498348,4629053.4399999995,93914275.84,9258106.879999999,704,704,16,2.0
m,1.5,36049532523.74587,4629053.4399999995,93914275.84,9258106.879999999,704,704,16,2.0
l,1.5,72099065047.49174,4629053.4399999995,93914275.84,9258106.879999999,704,704,16,2.0
xl,1.5,144198130094.9835,4629053.4399999995,93914275.84,9258106.879999999,704,704,16,2.0
s,1.5,12720885073.147326,4629053.4399999995,111765749.76,9258106.879999999,768,704,16,2.0
m,1.5,31802212682.868317,4629053.4399999995,111765749.76,9258106.879999999,768,704,16,2.0
l,1.5,63604425365.73663,4629053.4399999995,111765749.76,9258106.879999999,768,704,16,2.0
xl,1.5,127208850731.47327,4629053.4399999995,111765749.76,9258106.879999999,768,704,16,2.0
s,1.5,13706429929.270987,5508956.16,93914275.84,11017912.32,704,768,16,2.0
m,1.5,34266074823.177467,5508956.16,93914275.84,11017912.32,704,768,16,2.0
l,1.5,68532149646.354935,5508956.16,93914275.84,11017912.32,704,768,16,2.0
xl,1.5,137064299292.70987,5508956.16,93914275.84,11017912.32,704,768,16,2.0
s,1.5,12162444423.573412,5508956.16,111765749.76,11017912.32,768,768,16,2.0
m,1.5,30406111058.933533,5508956.16,111765749.76,11017912.32,768,768,16,2.0
l,1.5,60812222117.867065,5508956.16,111765749.76,11017912.32,768,768,16,2.0
xl,1.5,121624444235.73413,5508956.16,111765749.76,11017912.32,768,768,16,2.0
s,1.5,70680008345.69228,956416.0,19677184.0,1912832.0,640,320,4,2.0
s,1.5,61637619649.96187,956416.0,23809392.64,1912832.0,704,320,4,2.0
s,1.5,55589576549.36479,1377239.04,23809392.64,2754478.08,704,384,4,2.0
s,1.5,49355072996.885056,1377239.04,28335144.96,2754478.08,768,384,4,2.0
s,1.5,70012779649.73456,956416.0,19923148.799999997,1912832.0,576,320,5,2.0
s,1.5,54357427085.7009,1377239.04,24596480.0,2754478.08,640,384,5,2.0
s,1.5,47638936897.9021,1377239.04,29761740.8,2754478.08,704,384,5,2.0
s,1.5,38603793738.42711,1874575.3599999999,35418931.2,3749150.7199999997,768,448,5,2.0
m,1.5,96509484346.06776,1874575.3599999999,35418931.2,3749150.7199999997,768,448,5,2.0
l,1.5,193018968692.13553,1874575.3599999999,35418931.2,3749150.7199999997,768,448,5,2.0
xl,1.5,386037937384.27106,1874575.3599999999,35418931.2,3749150.7199999997,768,448,5,2.0
s,1.5,72602176231.32707,956416.0,18890096.64,1912832.0,512,320,6,2.0
s,1.5,61361908397.257805,956416.0,23907778.56,1912832.0,576,320,6,2.0
s,1.5,55365219269.99147,1377239.04,23907778.56,2754478.08,576,384,6,2.0
s,1.5,47892486073.738205,1377239.04,29515776.0,2754478.08,640,384,6,2.0
s,1.5,38364165611.4302,1874575.3599999999,35714088.96,3749150.7199999997,704,448,6,2.0
m,1.5,95910414028.5755,1874575.3599999999,35714088.96,3749150.7199999997,704,448,6,2.0
l,1.5,191820828057.151,1874575.3599999999,35714088.96,3749150.7199999997,704,448,6,2.0
xl,1.5,383641656114.302,1874575.3599999999,35714088.96,3749150.7199999997,704,448,6,2.0
s,1.5,33927600369.282337,1874575.3599999999,42502717.44,3749150.7199999997,768,448,6,2.0
m,1.5,84819000923.20584,1874575.3599999999,42502717.44,3749150.7199999997,768,448,6,2.0
l,1.5,169638001846.41168,1874575.3599999999,42502717.44,3749150.7199999997,768,448,6,2.0
xl,1.5,339276003692.82336,1874575.3599999999,42502717.44,3749150.7199999997,768,448,6,2.0
s,1.5,31392815539.796642,2448424.96,42502717.44,4896849.92,768,512,6,2.0
m,1.5,78482038849.49161,2448424.96,42502717.44,4896849.92,768,512,6,2.0
l,1.5,156964077698.98322,2448424.96,42502717.44,4896849.92,768,512,6,2.0
xl,1.5,313928155397.96643,2448424.96,42502717.44,4896849.92,768,512,6,2.0
s,1.5,65075231168.515076,956416.0,22038446.08,1912832.0,512,320,7,2.0
s,1.5,49811886660.323746,1377239.04,27892408.32,2754478.08,576,384,7,2.0
s,1.5,39314412843.8997,1874575.3599999999,34435072.0,3749150.7199999997,640,448,7,2.0
m,1.5,98286032109.74924,1874575.3599999999,34435072.0,3749150.7199999997,640,448,7,2.0
l,1.5,196572064219.49847,1874575.3599999999,34435072.0,3749150.7199999997,640,448,7,2.0
xl,1.5,393144128438.99695,1874575.3599999999,34435072.0,3749150.7199999997,640,448,7,2.0
s,1.5,34401808008.607216,1874575.3599999999,41666437.120000005,3749150.7199999997,704,448,7,2.0
m,1.5,86004520021.51804,1874575.3599999999,41666437.120000005,3749150.7199999997,704,448,7,2.0
l,1.5,172009040043.03607,1874575.3599999999,41666437.120000005,3749150.7199999997,704,448,7,2.0
xl,1.5,344018080086.07214,1874575.3599999999,41666437.120000005,3749150.7199999997,704,448,7,2.0
s,1.5,31798388992.770832,2448424.96,41666437.120000005,4896849.92,704,512,7,2.0
m,1.5,79495972481.92708,2448424.96,41666437.120000005,4896849.92,704,512,7,2.0
l,1.5,158991944963.85416,2448424.96,41666437.120000005,4896849.92,704,512,7,2.0
xl,1.5,317983889927.7083,2448424.96,41666437.120000005,4896849.92,704,512,7,2.0
s,1.5,28228843182.174458,2448424.96,49586503.68,4896849.92,768,512,7,2.0
m,1.5,70572107955.43614,2448424.96,49586503.68,4896849.92,768,512,7,2.0
l,1.5,141144215910.87228,2448424.96,49586503.68,4896849.92,768,512,7,2.0
xl,1.5,282288431821.74457,2448424.96,49586503.68,4896849.92,768,512,7,2.0
s,1.5,71482556607.5471,956416.0,19283640.32,1912832.0,448,320,8,2.0
s,1.5,53404272709.601006,1377239.04,25186795.52,2754478.08,512,384,8,2.0
s,1.5,45271037181.72324,1377239.04,31877038.08,2754478.08,576,384,8,2.0
s,1.5,41387836618.24068,1874575.3599999999,31877038.08,3749150.7199999997,576,448,8,2.0
s,1.5,35817495978.00791,1874575.3599999999,39354368.0,3749150.7199999997,640,448,8,2.0
m,1.5,89543739945.01978,1874575.3599999999,39354368.0,3749150.7199999997,640,448,8,2.0
l,1.5,179087479890.03955,1874575.3599999999,39354368.0,3749150.7199999997,640,448,8,2.0
xl,1.5,358174959780.0791,1874575.3599999999,39354368.0,3749150.7199999997,640,448,8,2.0
s,1.5,29027253815.406876,2448424.96,47618785.28,4896849.92,704,512,8,2.0
m,1.5,72568134538.5172,2448424.96,47618785.28,4896849.92,704,512,8,2.0
l,1.5,145136269077.0344,2448424.96,47618785.28,4896849.92,704,512,8,2.0
xl,1.5,290272538154.0688,2448424.96,47618785.28,4896849.92,704,512,8,2.0
s,1.5,25644248810.11701,2448424.96,56670289.92,4896849.92,768,512,8,2.0
m,1.5,64110622025.29252,2448424.96,56670289.92,4896849.92,768,512,8,2.0
l,1.5,128221244050.58504,2448424.96,56670289.92,4896849.92,768,512,8,2.0
xl,1.5,256442488101.17007,2448424.96,56670289.92,4896849.92,768,512,8,2.0
s,1.5,23990954318.5439,3098787.84,56670289.92,6197575.68,768,576,8,2.0
m,1.5,59977385796.35975,3098787.84,56670289.92,6197575.68,768,576,8,2.0
l,1.5,119954771592.7195,3098787.84,56670289.92,6197575.68,768,576,8,2.0
xl,1.5,239909543185.439,3098787.84,56670289.92,6197575.68,768,576,8,2.0
s,1.5,65740828680.20908,956416.0,21694095.36,1912832.0,448,320,9,2.0
s,1.5,49216881960.34588,1377239.04,28335144.96,2754478.08,512,384,9,2.0
s,1.5,38203902151.27081,1874575.3599999999,35861667.839999996,3749150.7199999997,576,448,9,2.0
m,1.5,95509755378.17703,1874575.3599999999,35861667.839999996,3749150.7199999997,576,448,9,2.0
l,1.5,191019510756.35406,1874575.3599999999,35861667.839999996,3749150.7199999997,576,448,9,2.0
xl,1.5,382039021512.7081,1874575.3599999999,35861667.839999996,3749150.7199999997,576,448,9,2.0
s,1.5,32891849738.366337,1874575.3599999999,44273664.0,3749150.7199999997,640,448,9,2.0
m,1.5,82229624345.91585,1874575.3599999999,44273664.0,3749150.7199999997,640,448,9,2.0
l,1.5,164459248691.8317,1874575.3599999999,44273664.0,3749150.7199999997,640,448,9,2.0
xl,1.5,328918497383.6634,1874575.3599999999,44273664.0,3749150.7199999997,640,448,9,2.0
s,1.5,30504021504.090492,2448424.96,44273664.0,4896849.92,640,512,9,2.0
m,1.5,76260053760.22623,2448424.96,44273664.0,4896849.92,640,512,9,2.0
l,1.5,152520107520.45245,2448424.96,44273664.0,4896849.92,640,512,9,2.0
xl,1.5,305040215040.9049,2448424.96,44273664.0,4896849.92,640,512,9,2.0
s,1.5,26700393782.440662,2448424.96,53571133.44,4896849.92,704,512,9,2.0
m,1.5,66750984456.101654,2448424.96,53571133.44,4896849.92,704,512,9,2.0
l,1.5,133501968912.20331,2448424.96,53571133.44,4896849.92,704,512,9,2.0
xl,1.5,267003937824.40662,2448424.96,53571133.44,4896849.92,704,512,9,2.0
s,1.5,24912861118.50538,3098787.84,53571133.44,6197575.68,704,576,9,2.0
m,1.5,62282152796.26345,3098787.84,53571133.44,6197575.68,704,576,9,2.0
l,1.5,124564305592.5269,3098787.84,53571133.44,6197575.68,704,576,9,2.0
xl,1.5,249128611185.0538,3098787.84,53571133.44,6197575.68,704,576,9,2.0
s,1.5,22098121681.213272,3098787.84,63754076.160000004,6197575.68,768,576,9,2.0
m,1.5,55245304203.03318,3098787.84,63754076.160000004,6197575.68,768,576,9,2.0
l,1.5,110490608406.06636,3098787.84,63754076.160000004,6197575.68,768,576,9,2.0
xl,1.5,220981216812.13272,3098787.84,63754076.160000004,6197575.68,768,576,9,2.0
s,1.5,70193335562.23828,956416.0,17315758.080000002,1912832.0,384,320,10,2.0
s,1.5,56689222604.284134,956416.0,23568670.72,1912832.0,448,320,10,2.0
s,1.5,51532677053.11895,1377239.04,23568670.72,2754478.08,448,384,10,2.0
s,1.5,42935475365.185616,1377239.04,30783569.92,2754478.08,512,384,10,2.0
s,1.5,33623839353.435574,1874575.3599999999,38960455.67999999,3749150.7199999997,576,448,10,2.0
m,1.5,84059598383.58893,1874575.3599999999,38960455.67999999,3749150.7199999997,576,448,10,2.0
l,1.5,168119196767.17786,1874575.3599999999,38960455.67999999,3749150.7199999997,576,448,10,2.0
xl,1.5,336238393534.3557,1874575.3599999999,38960455.67999999,3749150.7199999997,576,448,10,2.0
s,1.5,27034218655.268192,2448424.96,48099328.0,4896849.92,640,512,10,2.0
m,1.5,67585546638.17048,2448424.96,48099328.0,4896849.92,640,512,10,2.0
l,1.5,135171093276.34096,2448424.96,48099328.0,4896849.92,640,512,10,2.0
xl,1.5,270342186552.68192,2448424.96,48099328.0,4896849.92,640,512,10,2.0
s,1.5,23611888656.251545,2448424.96,58200186.879999995,4896849.92,704,512,10,2.0
m,1.5,59029721640.62886,2448424.96,58200186.879999995,4896849.92,704,512,10,2.0
l,1.5,118059443281.25772,2448424.96,58200186.879999995,4896849.92,704,512,10,2.0
xl,1.5,236118886562.51544,2448424.96,58200186.879999995,4896849.92,704,512,10,2.0
s,1.5,22203065809.794735,3098787.84,58200186.879999995,6197575.68,704,576,10,2.0
m,1.5,55507664524.48684,3098787.84,58200186.879999995,6197575.68,704,576,10,2.0
l,1.5,111015329048.97368,3098787.84,58200186.879999995,6197575.68,704,576,10,2.0
xl,1.5,222030658097.94736,3098787.84,58200186.879999995,6197575.68,704,576,10,2.0
s,1.5,19649398143.71055,3098787.84,69263032.32000001,6197575.68,768,576,10,2.0
m,1.5,49123495359.27637,3098787.84,69263032.32000001,6197575.68,768,576,10,2.0
l,1.5,98246990718.55273,3098787.84,69263032.32000001,6197575.68,768,576,10,2.0
xl,1.5,196493981437.10547,3098787.84,69263032.32000001,6197575.68,768,576,10,2.0
s,1.5,18557417942.938713,3825664.0,69263032.32000001,7651328.0,768,640,10,2.0
m,1.5,46393544857.34679,3825664.0,69263032.32000001,7651328.0,768,640,10,2.0
l,1.5,92787089714.69357,3825664.0,69263032.32000001,7651328.0,768,640,10,2.0
xl,1.5,185574179429.38715,3825664.0,69263032.32000001,7651328.0,768,640,10,2.0
s,1.5,66023760562.31664,956416.0,19086704.64,1912832.0,384,320,11,2.0
s,1.5,48480186395.08827,1377239.04,25979125.759999998,2754478.08,448,384,11,2.0
s,1.5,40186624417.28309,1377239.04,33931919.36,2754478.08,512,384,11,2.0
s,1.5,37096925915.79973,1874575.3599999999,33931919.36,3749150.7199999997,512,448,11,2.0
s,1.5,31491647158.981937,1874575.3599999999,42945085.44,3749150.7199999997,576,448,11,2.0
m,1.5,78729117897.45485,1874575.3599999999,42945085.44,3749150.7199999997,576,448,11,2.0
l,1.5,157458235794.9097,1874575.3599999999,42945085.44,3749150.7199999997,576,448,11,2.0
xl,1.5,314916471589.8194,1874575.3599999999,42945085.44,3749150.7199999997,576,448,11,2.0
s,1.5,29296005452.22521,2448424.96,42945085.44,4896849.92,576,512,11,2.0
m,1.5,73240013630.56302,2448424.96,42945085.44,4896849.92,576,512,11,2.0
l,1.5,146480027261.12604,2448424.96,42945085.44,4896849.92,576,512,11,2.0
xl,1.5,292960054522.2521,2448424.96,42945085.44,4896849.92,576,512,11,2.0
s,1.5,25333445561.855694,2448424.96,53018624.0,4896849.92,640,512,11,2.0
m,1.5,63333613904.63924,2448424.96,53018624.0,4896849.92,640,512,11,2.0
l,1.5,126667227809.27847,2448424.96,53018624.0,4896849.92,640,512,11,2.0
xl,1.5,253334455618.55695,2448424.96,53018624.0,4896849.92,640,512,11,2.0
s,1.5,23718721732.078407,3098787.84,53018624.0,6197575.68,640,576,11,2.0
m,1.5,59296804330.19602,3098787.84,53018624.0,6197575.68,640,576,11,2.0
l,1.5,118593608660.39204,3098787.84,53018624.0,6197575.68,640,576,11,2.0
xl,1.5,237187217320.7841,3098787.84,53018624.0,6197575.68,640,576,11,2.0
s,1.5,20815521426.605587,3098787.84,64152535.04,6197575.68,704,576,11,2.0
m,1.5,52038803566.51397,3098787.84,64152535.04,6197575.68,704,576,11,2.0
l,1.5,104077607133.02794,3098787.84,64152535.04,6197575.68,704,576,11,2.0
xl,1.5,208155214266.05588,3098787.84,64152535.04,6197575.68,704,576,11,2.0
s,1.5,18361263814.606438,3098787.84,76346818.56,6197575.68,768,576,11,2.0
m,1.5,45903159536.5161,3098787.84,76346818.56,6197575.68,768,576,11,2.0
l,1.5,91806319073.0322,3098787.84,76346818.56,6197575.68,768,576,11,2.0
xl,1.5,183612638146.0644,3098787.84,76346818.56,6197575.68,768,576,11,2.0
s,1.5,19594113123.418056,3825664.0,64152535.04,7651328.0,704,640,11,2.0
m,1.5,48985282808.545135,3825664.0,64152535.04,7651328.0,704,640,11,2.0
l,1.5,97970565617.09027,3825664.0,64152535.04,7651328.0,704,640,11,2.0
xl,1.5,195941131234.18054,3825664.0,64152535.04,7651328.0,704,640,11,2.0
s,1.5,17404275818.160995,3825664.0,76346818.56,7651328.0,768,640,11,2.0
m,1.5,43510689545.4025,3825664.0,76346818.56,7651328.0,768,640,11,2.0
l,1.5,87021379090.805,3825664.0,76346818.56,7651328.0,768,640,11,2.0
xl,1.5,174042758181.61,3825664.0,76346818.56,7651328.0,768,640,11,2.0
s,1.5,62321766929.195816,956416.0,20857651.2,1912832.0,384,320,12,2.0
s,1.5,45769096143.36105,1377239.04,28389580.8,2754478.08,448,384,12,2.0
s,1.5,35026822453.76524,1874575.3599999999,37080268.8,3749150.7199999997,512,448,12,2.0
m,1.5,87567056134.4131,1874575.3599999999,37080268.8,3749150.7199999997,512,448,12,2.0
l,1.5,175134112268.8262,1874575.3599999999,37080268.8,3749150.7199999997,512,448,12,2.0
xl,1.5,350268224537.6524,1874575.3599999999,37080268.8,3749150.7199999997,512,448,12,2.0
s,1.5,27664051634.573376,2448424.96,46929715.2,4896849.92,576,512,12,2.0
m,1.5,69160129086.43344,2448424.96,46929715.2,4896849.92,576,512,12,2.0
l,1.5,138320258172.86688,2448424.96,46929715.2,4896849.92,576,512,12,2.0
xl,1.5,276640516345.73376,2448424.96,46929715.2,4896849.92,576,512,12,2.0
s,1.5,23834003941.97032,2448424.96,57937920.0,4896849.92,640,512,12,2.0
m,1.5,59585009854.925804,2448424.96,57937920.0,4896849.92,640,512,12,2.0
l,1.5,119170019709.85161,2448424.96,57937920.0,4896849.92,640,512,12,2.0
xl,1.5,238340039419.70322,2448424.96,57937920.0,4896849.92,640,512,12,2.0
s,1.5,22399356271.895073,3098787.84,57937920.0,6197575.68,640,576,12,2.0
m,1.5,55998390679.73768,3098787.84,57937920.0,6197575.68,640,576,12,2.0
l,1.5,111996781359.47536,3098787.84,57937920.0,6197575.68,640,576,12,2.0
xl,1.5,223993562718.9507,3098787.84,57937920.0,6197575.68,640,576,12,2.0
s,1.5,19591201258.438435,3098787.84,70104883.2,6197575.68,704,576,12,2.0
m,1.5,48978003146.096085,3098787.84,70104883.2,6197575.68,704,576,12,2.0
l,1.5,97956006292.19217,3098787.84,70104883.2,6197575.68,704,576,12,2.0
xl,1.5,195912012584.38434,3098787.84,70104883.2,6197575.68,704,576,12,2.0
s,1.5,18505501154.09393,3825664.0,70104883.2,7651328.0,704,640,12,2.0
m,1.5,46263752885.23482,3825664.0,70104883.2,7651328.0,704,640,12,2.0
l,1.5,92527505770.46964,3825664.0,70104883.2,7651328.0,704,640,12,2.0
xl,1.5,185055011540.93927,3825664.0,70104883.2,7651328.0,704,640,12,2.0
s,1.5,16386060022.758858,3825664.0,83430604.8,7651328.0,768,640,12,2.0
m,1.5,40965150056.89714,3825664.0,83430604.8,7651328.0,768,640,12,2.0
l,1.5,81930300113.79428,3825664.0,83430604.8,7651328.0,768,640,12,2.0
xl,1.5,163860600227.58856,3825664.0,83430604.8,7651328.0,768,640,12,2.0
s,1.5,15544960361.230873,4629053.4399999995,83430604.8,9258106.879999999,768,704,12,2.0
m,1.5,38862400903.07719,4629053.4399999995,83430604.8,9258106.879999999,768,704,12,2.0
l,1.5,77724801806.15437,4629053.4399999995,83430604.8,9258106.879999999,768,704,12,2.0
xl,1.5,155449603612.30875,4629053.4399999995,83430604.8,9258106.879999999,768,704,12,2.0
s,1.5,59012877881.82829,956416.0,22628597.759999998,1912832.0,384,320,13,2.0
s,1.5,43345164596.57181,1377239.04,30800035.84,2754478.08,448,384,13,2.0
s,1.5,33175542242.388226,1874575.3599999999,40228618.24,3749150.7199999997,512,448,13,2.0
m,1.5,82938855605.97057,1874575.3599999999,40228618.24,3749150.7199999997,512,448,13,2.0
l,1.5,165877711211.94113,1874575.3599999999,40228618.24,3749150.7199999997,512,448,13,2.0
xl,1.5,331755422423.88226,1874575.3599999999,40228618.24,3749150.7199999997,512,448,13,2.0
s,1.5,26204322129.538406,2448424.96,50914344.95999999,4896849.92,576,512,13,2.0
m,1.5,65510805323.846016,2448424.96,50914344.95999999,4896849.92,576,512,13,2.0
l,1.5,131021610647.69203,2448424.96,50914344.95999999,4896849.92,576,512,13,2.0
xl,1.5,262043221295.38406,2448424.96,50914344.95999999,4896849.92,576,512,13,2.0
s,1.5,21219036993.96665,3098787.84,62857216.0,6197575.68,640,576,13,2.0
m,1.5,53047592484.91662,3098787.84,62857216.0,6197575.68,640,576,13,2.0
l,1.5,106095184969.83324,3098787.84,62857216.0,6197575.68,640,576,13,2.0
xl,1.5,212190369939.66647,3098787.84,62857216.0,6197575.68,640,576,13,2.0
s,1.5,18502903835.056915,3098787.84,76057231.36,6197575.68,704,576,13,2.0
m,1.5,46257259587.64228,3098787.84,76057231.36,6197575.68,704,576,13,2.0
l,1.5,92514519175.28456,3098787.84,76057231.36,6197575.68,704,576,13,2.0
xl,1.5,185029038350.56912,3098787.84,76057231.36,6197575.68,704,576,13,2.0
s,1.5,17531484917.62818,3825664.0,76057231.36,7651328.0,704,640,13,2.0
m,1.5,43828712294.07046,3825664.0,76057231.36,7651328.0,704,640,13,2.0
l,1.5,87657424588.14091,3825664.0,76057231.36,7651328.0,704,640,13,2.0
xl,1.5,175314849176.28183,3825664.0,76057231.36,7651328.0,704,640,13,2.0
s,1.5,15480398319.143421,3825664.0,90514391.03999999,7651328.0,768,640,13,2.0
m,1.5,38700995797.85855,3825664.0,90514391.03999999,7651328.0,768,640,13,2.0
l,1.5,77401991595.7171,3825664.0,90514391.03999999,7651328.0,768,640,13,2.0
xl,1.5,154803983191.4342,3825664.0,90514391.03999999,7651328.0,768,640,13,2.0
s,1.5,14727569048.364841,4629053.4399999995,90514391.03999999,9258106.879999999,768,704,13,2.0
m,1.5,36818922620.9121,4629053.4399999995,90514391.03999999,9258106.879999999,768,704,13,2.0
l,1.5,73637845241.8242,4629053.4399999995,90514391.03999999,9258106.879999999,768,704,13,2.0
xl,1.5,147275690483.6484,4629053.4399999995,90514391.03999999,9258106.879999999,768,704,13,2.0
s,1.5,50993674604.49486,1377239.04,24399544.32,2754478.08,384,384,14,2.0
s,1.5,41165062683.45054,1377239.04,33210490.88,2754478.08,448,384,14,2.0
s,1.5,37929137996.315346,1874575.3599999999,33210490.88,3749150.7199999997,448,448,14,2.0
s,1.5,31510130509.775204,1874575.3599999999,43376967.68,3749150.7199999997,512,448,14,2.0
m,1.5,78775326274.438,1874575.3599999999,43376967.68,3749150.7199999997,512,448,14,2.0
l,1.5,157550652548.876,1874575.3599999999,43376967.68,3749150.7199999997,512,448,14,2.0
xl,1.5,315101305097.752,1874575.3599999999,43376967.68,3749150.7199999997,512,448,14,2.0
s,1.5,29312000627.23647,2448424.96,43376967.68,4896849.92,512,512,14,2.0
m,1.5,73280001568.09117,2448424.96,43376967.68,4896849.92,512,512,14,2.0
l,1.5,146560003136.18234,2448424.96,43376967.68,4896849.92,512,512,14,2.0
xl,1.5,293120006272.3647,2448424.96,43376967.68,4896849.92,512,512,14,2.0
s,1.5,24890920480.60532,2448424.96,54898974.72,4896849.92,576,512,14,2.0
m,1.5,62227301201.5133,2448424.96,54898974.72,4896849.92,576,512,14,2.0
l,1.5,124454602403.0266,2448424.96,54898974.72,4896849.92,576,512,14,2.0
xl,1.5,248909204806.0532,2448424.96,54898974.72,4896849.92,576,512,14,2.0
s,1.5,23330378504.041153,3098787.84,54898974.72,6197575.68,576,576,14,2.0
m,1.5,58325946260.10288,3098787.84,54898974.72,6197575.68,576,576,14,2.0
l,1.5,116651892520.20576,3098787.84,54898974.72,6197575.68,576,576,14,2.0
xl,1.5,233303785040.41153,3098787.84,54898974.72,6197575.68,576,576,14,2.0
s,1.5,20156883345.154346,3098787.84,67776512.0,6197575.68,640,576,14,2.0
m,1.5,50392208362.885864,3098787.84,67776512.0,6197575.68,640,576,14,2.0
l,1.5,100784416725.77173,3098787.84,67776512.0,6197575.68,640,576,14,2.0
xl,1.5,201568833451.54346,3098787.84,67776512.0,6197575.68,640,576,14,2.0
s,1.5,19009416536.51677,3825664.0,67776512.0,7651328.0,640,640,14,2.0
m,1.5,47523541341.29192,3825664.0,67776512.0,7651328.0,640,640,14,2.0
l,1.5,95047082682.58385,3825664.0,67776512.0,7651328.0,640,640,14,2.0
xl,1.5,190094165365.1677,3825664.0,67776512.0,7651328.0,640,640,14,2.0
s,1.5,16654874341.670097,3825664.0,82009579.52,7651328.0,704,640,14,2.0
m,1.5,41637185854.17525,3825664.0,82009579.52,7651328.0,704,640,14,2.0
l,1.5,83274371708.3505,3825664.0,82009579.52,7651328.0,704,640,14,2.0
xl,1.5,166548743416.701,3825664.0,82009579.52,7651328.0,704,640,14,2.0
s,1.5,15786682817.71192,4629053.4399999995,82009579.52,9258106.879999999,704,704,14,2.0
m,1.5,39466707044.2798,4629053.4399999995,82009579.52,9258106.879999999,704,704,14,2.0
l,1.5,78933414088.5596,4629053.4399999995,82009579.52,9258106.879999999,704,704,14,2.0
xl,1.5,157866828177.1192,4629053.4399999995,82009579.52,9258106.879999999,704,704,14,2.0
s,1.5,13991844304.175066,4629053.4399999995,97598177.28,9258106.879999999,768,704,14,2.0
m,1.5,34979610760.43766,4629053.4399999995,97598177.28,9258106.879999999,768,704,14,2.0
l,1.5,69959221520.87532,4629053.4399999995,97598177.28,9258106.879999999,768,704,14,2.0
xl,1.5,139918443041.75064,4629053.4399999995,97598177.28,9258106.879999999,768,704,14,2.0
s,1.5,13319190474.178434,5508956.16,97598177.28,11017912.32,768,768,14,2.0
m,1.5,33297976185.446083,5508956.16,97598177.28,11017912.32,768,768,14,2.0
l,1.5,66595952370.892166,5508956.16,97598177.28,11017912.32,768,768,14,2.0
xl,1.5,133191904741.78433,5508956.16,97598177.28,11017912.32,768,768,14,2.0
s,1.5,69068187483.1774,956416.0,18173952.0,1912832.0,320,320,15,2.0
s,1.5,48756772834.054184,1377239.04,26170490.88,2754478.08,384,384,15,2.0
s,1.5,36249253586.559364,1874575.3599999999,35620945.92,3749150.7199999997,448,448,15,2.0
m,1.5,90623133966.3984,1874575.3599999999,35620945.92,3749150.7199999997,448,448,15,2.0
l,1.5,181246267932.7968,1874575.3599999999,35620945.92,3749150.7199999997,448,448,15,2.0
xl,1.5,362492535865.5936,1874575.3599999999,35620945.92,3749150.7199999997,448,448,15,2.0
s,1.5,30003933489.888775,1874575.3599999999,46525317.12,3749150.7199999997,512,448,15,2.0
m,1.5,75009833724.72194,1874575.3599999999,46525317.12,3749150.7199999997,512,448,15,2.0
l,1.5,150019667449.44388,1874575.3599999999,46525317.12,3749150.7199999997,512,448,15,2.0
xl,1.5,300039334898.88776,1874575.3599999999,46525317.12,3749150.7199999997,512,448,15,2.0
s,1.5,28004256161.464893,2448424.96,46525317.12,4896849.92,512,512,15,2.0
m,1.5,70010640403.66223,2448424.96,46525317.12,4896849.92,512,512,15,2.0
l,1.5,140021280807.32446,2448424.96,46525317.12,4896849.92,512,512,15,2.0
xl,1.5,280042561614.6489,2448424.96,46525317.12,4896849.92,512,512,15,2.0
s,1.5,23702894310.058975,2448424.96,58883604.480000004,4896849.92,576,512,15,2.0
m,1.5,59257235775.14744,2448424.96,58883604.480000004,4896849.92,576,512,15,2.0
l,1.5,118514471550.29488,2448424.96,58883604.480000004,4896849.92,576,512,15,2.0
xl,1.5,237028943100.58975,2448424.96,58883604.480000004,4896849.92,576,512,15,2.0
s,1.5,22283517088.610622,3098787.84,58883604.480000004,6197575.68,576,576,15,2.0
m,1.5,55708792721.52656,3098787.84,58883604.480000004,6197575.68,576,576,15,2.0
l,1.5,111417585443.05312,3098787.84,58883604.480000004,6197575.68,576,576,15,2.0
xl,1.5,222835170886.10623,3098787.84,58883604.480000004,6197575.68,576,576,15,2.0
s,1.5,19195996311.019203,3098787.84,72695808.0,6197575.68,640,576,15,2.0
m,1.5,47989990777.548004,3098787.84,72695808.0,6197575.68,640,576,15,2.0
l,1.5,95979981555.09601,3098787.84,72695808.0,6197575.68,640,576,15,2.0
xl,1.5,191959963110.19202,3098787.84,72695808.0,6197575.68,640,576,15,2.0
s,1.5,18152490575.788593,3825664.0,72695808.0,7651328.0,640,640,15,2.0
m,1.5,45381226439.47148,3825664.0,72695808.0,7651328.0,640,640,15,2.0
l,1.5,90762452878.94296,3825664.0,72695808.0,7651328.0,640,640,15,2.0
xl,1.5,181524905757.88593,3825664.0,72695808.0,7651328.0,640,640,15,2.0
s,1.5,15861753782.606947,3825664.0,87961927.68,7651328.0,704,640,15,2.0
m,1.5,39654384456.517365,3825664.0,87961927.68,7651328.0,704,640,15,2.0
l,1.5,79308768913.03473,3825664.0,87961927.68,7651328.0,704,640,15,2.0
xl,1.5,158617537826.06946,3825664.0,87961927.68,7651328.0,704,640,15,2.0
s,1.5,15072321898.828493,4629053.4399999995,87961927.68,9258106.879999999,704,704,15,2.0
m,1.5,37680804747.07123,4629053.4399999995,87961927.68,9258106.879999999,704,704,15,2.0
l,1.5,75361609494.14246,4629053.4399999995,87961927.68,9258106.879999999,704,704,15,2.0
xl,1.5,150723218988.2849,4629053.4399999995,87961927.68,9258106.879999999,704,704,15,2.0
s,1.5,13326129340.110367,4629053.4399999995,104681963.52,9258106.879999999,768,704,15,2.0
m,1.5,33315323350.275917,4629053.4399999995,104681963.52,9258106.879999999,768,704,15,2.0
l,1.5,66630646700.551834,4629053.4399999995,104681963.52,9258106.879999999,768,704,15,2.0
xl,1.5,133261293401.10367,4629053.4399999995,104681963.52,9258106.879999999,768,704,15,2.0
s,1.5,12714562041.188005,5508956.16,104681963.52,11017912.32,768,768,15,2.0
m,1.5,31786405102.970013,5508956.16,104681963.52,11017912.32,768,768,15,2.0
l,1.5,63572810205.940025,5508956.16,104681963.52,11017912.32,768,768,15,2.0
xl,1.5,127145620411.88005,5508956.16,104681963.52,11017912.32,768,768,15,2.0
s,1.5,66202324884.01488,956416.0,19403776.0,1912832.0,320,320,16,2.0
s,1.5,46707873143.2963,1377239.04,27941437.44,2754478.08,384,384,16,2.0
s,1.5,34711862551.227516,1874575.3599999999,38031400.96,3749150.7199999997,448,448,16,2.0
m,1.5,86779656378.06879,1874575.3599999999,38031400.96,3749150.7199999997,448,448,16,2.0
l,1.5,173559312756.13757,1874575.3599999999,38031400.96,3749150.7199999997,448,448,16,2.0
xl,1.5,347118625512.27515,1874575.3599999999,38031400.96,3749150.7199999997,448,448,16,2.0
s,1.5,26808217105.556217,2448424.96,49673666.56,4896849.92,512,512,16,2.0
m,1.5,67020542763.89054,2448424.96,49673666.56,4896849.92,512,512,16,2.0
l,1.5,134041085527.78108,2448424.96,49673666.56,4896849.92,512,512,16,2.0
xl,1.5,268082171055.56216,2448424.96,49673666.56,4896849.92,512,512,16,2.0
s,1.5,21326568955.137974,3098787.84,62868234.239999995,6197575.68,576,576,16,2.0
m,1.5,53316422387.84494,3098787.84,62868234.239999995,6197575.68,576,576,16,2.0
l,1.5,106632844775.68988,3098787.84,62868234.239999995,6197575.68,576,576,16,2.0
xl,1.5,213265689551.37976,3098787.84,62868234.239999995,6197575.68,576,576,16,2.0
s,1.5,17369490865.17633,3825664.0,77615104.0,7651328.0,640,640,16,2.0
m,1.5,43423727162.94083,3825664.0,77615104.0,7651328.0,640,640,16,2.0
l,1.5,86847454325.88165,3825664.0,77615104.0,7651328.0,640,640,16,2.0
xl,1.5,173694908651.7633,3825664.0,77615104.0,7651328.0,640,640,16,2.0
s,1.5,15140737809.175264,3825664.0,93914275.84,7651328.0,704,640,16,2.0
m,1.5,37851844522.93816,3825664.0,93914275.84,7651328.0,704,640,16,2.0
l,1.5,75703689045.87633,3825664.0,93914275.84,7651328.0,704,640,16,2.0
xl,1.5,151407378091.75266,3825664.0,93914275.84,7651328.0,704,640,16,2.0
s,1.5,16427304748.676083,4629053.4399999995,77615104.0,9258106.879999999,640,704,16,2.0
m,1.5,41068261871.69021,4629053.4399999995,77615104.0,9258106.879999999,640,704,16,2.0
l,1.5,82136523743.38042,4629053.4399999995,77615104.0,9258106.879999999,640,704,16,2.0
xl,1.5,164273047486.76083,4629053.4399999995,77615104.0,9258106.879999999,640,704,16,2.0
s,1.5,14419813009.498348,4629053.4399999995,93914275.84,9258106.879999999,704,704,16,2.0
m,1.5,36049532523.74587,4629053.4399999995,93914275.84,9258106.879999999,704,704,16,2.0
l,1.5,72099065047.49174,4629053.4399999995,93914275.84,9258106.879999999,704,704,16,2.0
xl,1.5,144198130094.9835,4629053.4399999995,93914275.84,9258106.879999999,704,704,16,2.0
s,1.5,12720885073.147326,4629053.4399999995,111765749.76,9258106.879999999,768,704,16,2.0
m,1.5,31802212682.868317,4629053.4399999995,111765749.76,9258106.879999999,768,704,16,2.0
l,1.5,63604425365.73663,4629053.4399999995,111765749.76,9258106.879999999,768,704,16,2.0
xl,1.5,127208850731.47327,4629053.4399999995,111765749.76,9258106.879999999,768,704,16,2.0
s,1.5,13706429929.270987,5508956.16,93914275.84,11017912.32,704,768,16,2.0
m,1.5,34266074823.177467,5508956.16,93914275.84,11017912.32,704,768,16,2.0
l,1.5,68532149646.354935,5508956.16,93914275.84,11017912.32,704,768,16,2.0
xl,1.5,137064299292.70987,5508956.16,93914275.84,11017912.32,704,768,16,2.0
s,1.5,12162444423.573412,5508956.16,111765749.76,11017912.32,768,768,16,2.0
m,1.5,30406111058.933533,5508956.16,111765749.76,11017912.32,768,768,16,2.0
l,1.5,60812222117.867065,5508956.16,111765749.76,11017912.32,768,768,16,2.0
xl,1.5,121624444235.73413,5508956.16,111765749.76,11017912.32,768,768,16,2.0
s,1.5,70680008345.69228,956416.0,19677184.0,1912832.0,640,320,4,2.0
s,1.5,61637619649.96187,956416.0,23809392.64,1912832.0,704,320,4,2.0
s,1.5,55589576549.36479,1377239.04,23809392.64,2754478.08,704,384,4,2.0
s,1.5,49355072996.885056,1377239.04,28335144.96,2754478.08,768,384,4,2.0
s,1.5,70012779649.73456,956416.0,19923148.799999997,1912832.0,576,320,5,2.0
s,1.5,54357427085.7009,1377239.04,24596480.0,2754478.08,640,384,5,2.0
s,1.5,47638936897.9021,1377239.04,29761740.8,2754478.08,704,384,5,2.0
s,1.5,38603793738.42711,1874575.3599999999,35418931.2,3749150.7199999997,768,448,5,2.0
m,1.5,96509484346.06776,1874575.3599999999,35418931.2,3749150.7199999997,768,448,5,2.0
l,1.5,193018968692.13553,1874575.3599999999,35418931.2,3749150.7199999997,768,448,5,2.0
xl,1.5,386037937384.27106,1874575.3599999999,35418931.2,3749150.7199999997,768,448,5,2.0
s,1.5,72602176231.32707,956416.0,18890096.64,1912832.0,512,320,6,2.0
s,1.5,61361908397.257805,956416.0,23907778.56,1912832.0,576,320,6,2.0
s,1.5,55365219269.99147,1377239.04,23907778.56,2754478.08,576,384,6,2.0
s,1.5,47892486073.738205,1377239.04,29515776.0,2754478.08,640,384,6,2.0
s,1.5,38364165611.4302,1874575.3599999999,35714088.96,3749150.7199999997,704,448,6,2.0
m,1.5,95910414028.5755,1874575.3599999999,35714088.96,3749150.7199999997,704,448,6,2.0
l,1.5,191820828057.151,1874575.3599999999,35714088.96,3749150.7199999997,704,448,6,2.0
xl,1.5,383641656114.302,1874575.3599999999,35714088.96,3749150.7199999997,704,448,6,2.0
s,1.5,33927600369.282337,1874575.3599999999,42502717.44,3749150.7199999997,768,448,6,2.0
m,1.5,84819000923.20584,1874575.3599999999,42502717.44,3749150.7199999997,768,448,6,2.0
l,1.5,169638001846.41168,1874575.3599999999,42502717.44,3749150.7199999997,768,448,6,2.0
xl,1.5,339276003692.82336,1874575.3599999999,42502717.44,3749150.7199999997,768,448,6,2.0
s,1.5,31392815539.796642,2448424.96,42502717.44,4896849.92,768,512,6,2.0
m,1.5,78482038849.49161,2448424.96,42502717.44,4896849.92,768,512,6,2.0
l,1.5,156964077698.98322,2448424.96,42502717.44,4896849.92,768,512,6,2.0
xl,1.5,313928155397.96643,2448424.96,42502717.44,4896849.92,768,512,6,2.0
s,1.5,65075231168.515076,956416.0,22038446.08,1912832.0,512,320,7,2.0
s,1.5,49811886660.323746,1377239.04,27892408.32,2754478.08,576,384,7,2.0
s,1.5,39314412843.8997,1874575.3599999999,34435072.0,3749150.7199999997,640,448,7,2.0
m,1.5,98286032109.74924,1874575.3599999999,34435072.0,3749150.7199999997,640,448,7,2.0
l,1.5,196572064219.49847,1874575.3599999999,34435072.0,3749150.7199999997,640,448,7,2.0
xl,1.5,393144128438.99695,1874575.3599999999,34435072.0,3749150.7199999997,640,448,7,2.0
s,1.5,34401808008.607216,1874575.3599999999,41666437.120000005,3749150.7199999997,704,448,7,2.0
m,1.5,86004520021.51804,1874575.3599999999,41666437.120000005,3749150.7199999997,704,448,7,2.0
l,1.5,172009040043.03607,1874575.3599999999,41666437.120000005,3749150.7199999997,704,448,7,2.0
xl,1.5,344018080086.07214,1874575.3599999999,41666437.120000005,3749150.7199999997,704,448,7,2.0
s,1.5,31798388992.770832,2448424.96,41666437.120000005,4896849.92,704,512,7,2.0
m,1.5,79495972481.92708,2448424.96,41666437.120000005,4896849.92,704,512,7,2.0
l,1.5,158991944963.85416,2448424.96,41666437.120000005,4896849.92,704,512,7,2.0
xl,1.5,317983889927.7083,2448424.96,41666437.120000005,4896849.92,704,512,7,2.0
s,1.5,28228843182.174458,2448424.96,49586503.68,4896849.92,768,512,7,2.0
m,1.5,70572107955.43614,2448424.96,49586503.68,4896849.92,768,512,7,2.0
l,1.5,141144215910.87228,2448424.96,49586503.68,4896849.92,768,512,7,2.0
xl,1.5,282288431821.74457,2448424.96,49586503.68,4896849.92,768,512,7,2.0
s,1.5,71482556607.5471,956416.0,19283640.32,1912832.0,448,320,8,2.0
s,1.5,53404272709.601006,1377239.04,25186795.52,2754478.08,512,384,8,2.0
s,1.5,45271037181.72324,1377239.04,31877038.08,2754478.08,576,384,8,2.0
s,1.5,41387836618.24068,1874575.3599999999,31877038.08,3749150.7199999997,576,448,8,2.0
s,1.5,35817495978.00791,1874575.3599999999,39354368.0,3749150.7199999997,640,448,8,2.0
m,1.5,89543739945.01978,1874575.3599999999,39354368.0,3749150.7199999997,640,448,8,2.0
l,1.5,179087479890.03955,1874575.3599999999,39354368.0,3749150.7199999997,640,448,8,2.0
xl,1.5,358174959780.0791,1874575.3599999999,39354368.0,3749150.7199999997,640,448,8,2.0
s,1.5,29027253815.406876,2448424.96,47618785.28,4896849.92,704,512,8,2.0
m,1.5,72568134538.5172,2448424.96,47618785.28,4896849.92,704,512,8,2.0
l,1.5,145136269077.0344,2448424.96,47618785.28,4896849.92,704,512,8,2.0
xl,1.5,290272538154.0688,2448424.96,47618785.28,4896849.92,704,512,8,2.0
s,1.5,25644248810.11701,2448424.96,56670289.92,4896849.92,768,512,8,2.0
m,1.5,64110622025.29252,2448424.96,56670289.92,4896849.92,768,512,8,2.0
l,1.5,128221244050.58504,2448424.96,56670289.92,4896849.92,768,512,8,2.0
xl,1.5,256442488101.17007,2448424.96,56670289.92,4896849.92,768,512,8,2.0
s,1.5,23990954318.5439,3098787.84,56670289.92,6197575.68,768,576,8,2.0
m,1.5,59977385796.35975,3098787.84,56670289.92,6197575.68,768,576,8,2.0
l,1.5,119954771592.7195,3098787.84,56670289.92,6197575.68,768,576,8,2.0
xl,1.5,239909543185.439,3098787.84,56670289.92,6197575.68,768,576,8,2.0
s,1.5,65740828680.20908,956416.0,21694095.36,1912832.0,448,320,9,2.0
s,1.5,49216881960.34588,1377239.04,28335144.96,2754478.08,512,384,9,2.0
s,1.5,38203902151.27081,1874575.3599999999,35861667.839999996,3749150.7199999997,576,448,9,2.0
m,1.5,95509755378.17703,1874575.3599999999,35861667.839999996,3749150.7199999997,576,448,9,2.0
l,1.5,191019510756.35406,1874575.3599999999,35861667.839999996,3749150.7199999997,576,448,9,2.0
xl,1.5,382039021512.7081,1874575.3599999999,35861667.839999996,3749150.7199999997,576,448,9,2.0
s,1.5,32891849738.366337,1874575.3599999999,44273664.0,3749150.7199999997,640,448,9,2.0
m,1.5,82229624345.91585,1874575.3599999999,44273664.0,3749150.7199999997,640,448,9,2.0
l,1.5,164459248691.8317,1874575.3599999999,44273664.0,3749150.7199999997,640,448,9,2.0
xl,1.5,328918497383.6634,1874575.3599999999,44273664.0,3749150.7199999997,640,448,9,2.0
s,1.5,30504021504.090492,2448424.96,44273664.0,4896849.92,640,512,9,2.0
m,1.5,76260053760.22623,2448424.96,44273664.0,4896849.92,640,512,9,2.0
l,1.5,152520107520.45245,2448424.96,44273664.0,4896849.92,640,512,9,2.0
xl,1.5,305040215040.9049,2448424.96,44273664.0,4896849.92,640,512,9,2.0
s,1.5,26700393782.440662,2448424.96,53571133.44,4896849.92,704,512,9,2.0
m,1.5,66750984456.101654,2448424.96,53571133.44,4896849.92,704,512,9,2.0
l,1.5,133501968912.20331,2448424.96,53571133.44,4896849.92,704,512,9,2.0
xl,1.5,267003937824.40662,2448424.96,53571133.44,4896849.92,704,512,9,2.0
s,1.5,24912861118.50538,3098787.84,53571133.44,6197575.68,704,576,9,2.0
m,1.5,62282152796.26345,3098787.84,53571133.44,6197575.68,704,576,9,2.0
l,1.5,124564305592.5269,3098787.84,53571133.44,6197575.68,704,576,9,2.0
xl,1.5,249128611185.0538,3098787.84,53571133.44,6197575.68,704,576,9,2.0
s,1.5,22098121681.213272,3098787.84,63754076.160000004,6197575.68,768,576,9,2.0
m,1.5,55245304203.03318,3098787.84,63754076.160000004,6197575.68,768,576,9,2.0
l,1.5,110490608406.06636,3098787.84,63754076.160000004,6197575.68,768,576,9,2.0
xl,1.5,220981216812.13272,3098787.84,63754076.160000004,6197575.68,768,576,9,2.0
s,1.5,70193335562.23828,956416.0,17315758.080000002,1912832.0,384,320,10,2.0
s,1.5,56689222604.284134,956416.0,23568670.72,1912832.0,448,320,10,2.0
s,1.5,51532677053.11895,1377239.04,23568670.72,2754478.08,448,384,10,2.0
s,1.5,42935475365.185616,1377239.04,30783569.92,2754478.08,512,384,10,2.0
s,1.5,33623839353.435574,1874575.3599999999,38960455.67999999,3749150.7199999997,576,448,10,2.0
m,1.5,84059598383.58893,1874575.3599999999,38960455.67999999,3749150.7199999997,576,448,10,2.0
l,1.5,168119196767.17786,1874575.3599999999,38960455.67999999,3749150.7199999997,576,448,10,2.0
xl,1.5,336238393534.3557,1874575.3599999999,38960455.67999999,3749150.7199999997,576,448,10,2.0
s,1.5,27034218655.268192,2448424.96,48099328.0,4896849.92,640,512,10,2.0
m,1.5,67585546638.17048,2448424.96,48099328.0,4896849.92,640,512,10,2.0
l,1.5,135171093276.34096,2448424.96,48099328.0,4896849.92,640,512,10,2.0
xl,1.5,270342186552.68192,2448424.96,48099328.0,4896849.92,640,512,10,2.0
s,1.5,23611888656.251545,2448424.96,58200186.879999995,4896849.92,704,512,10,2.0
m,1.5,59029721640.62886,2448424.96,58200186.879999995,4896849.92,704,512,10,2.0
l,1.5,118059443281.25772,2448424.96,58200186.879999995,4896849.92,704,512,10,2.0
xl,1.5,236118886562.51544,2448424.96,58200186.879999995,4896849.92,704,512,10,2.0
s,1.5,22203065809.794735,3098787.84,58200186.879999995,6197575.68,704,576,10,2.0
m,1.5,55507664524.48684,3098787.84,58200186.879999995,6197575.68,704,576,10,2.0
l,1.5,111015329048.97368,3098787.84,58200186.879999995,6197575.68,704,576,10,2.0
xl,1.5,222030658097.94736,3098787.84,58200186.879999995,6197575.68,704,576,10,2.0
s,1.5,19649398143.71055,3098787.84,69263032.32000001,6197575.68,768,576,10,2.0
m,1.5,49123495359.27637,3098787.84,69263032.32000001,6197575.68,768,576,10,2.0
l,1.5,98246990718.55273,3098787.84,69263032.32000001,6197575.68,768,576,10,2.0
xl,1.5,196493981437.10547,3098787.84,69263032.32000001,6197575.68,768,576,10,2.0
s,1.5,18557417942.938713,3825664.0,69263032.32000001,7651328.0,768,640,10,2.0
m,1.5,46393544857.34679,3825664.0,69263032.32000001,7651328.0,768,640,10,2.0
l,1.5,92787089714.69357,3825664.0,69263032.32000001,7651328.0,768,640,10,2.0
xl,1.5,185574179429.38715,3825664.0,69263032.32000001,7651328.0,768,640,10,2.0
s,1.5,66023760562.31664,956416.0,19086704.64,1912832.0,384,320,11,2.0
s,1.5,48480186395.08827,1377239.04,25979125.759999998,2754478.08,448,384,11,2.0
s,1.5,40186624417.28309,1377239.04,33931919.36,2754478.08,512,384,11,2.0
s,1.5,37096925915.79973,1874575.3599999999,33931919.36,3749150.7199999997,512,448,11,2.0
s,1.5,31491647158.981937,1874575.3599999999,42945085.44,3749150.7199999997,576,448,11,2.0
m,1.5,78729117897.45485,1874575.3599999999,42945085.44,3749150.7199999997,576,448,11,2.0
l,1.5,157458235794.9097,1874575.3599999999,42945085.44,3749150.7199999997,576,448,11,2.0
xl,1.5,314916471589.8194,1874575.3599999999,42945085.44,3749150.7199999997,576,448,11,2.0
s,1.5,29296005452.22521,2448424.96,42945085.44,4896849.92,576,512,11,2.0
m,1.5,73240013630.56302,2448424.96,42945085.44,4896849.92,576,512,11,2.0
l,1.5,146480027261.12604,2448424.96,42945085.44,4896849.92,576,512,11,2.0
xl,1.5,292960054522.2521,2448424.96,42945085.44,4896849.92,576,512,11,2.0
s,1.5,25333445561.855694,2448424.96,53018624.0,4896849.92,640,512,11,2.0
m,1.5,63333613904.63924,2448424.96,53018624.0,4896849.92,640,512,11,2.0
l,1.5,126667227809.27847,2448424.96,53018624.0,4896849.92,640,512,11,2.0
xl,1.5,253334455618.55695,2448424.96,53018624.0,4896849.92,640,512,11,2.0
s,1.5,23718721732.078407,3098787.84,53018624.0,6197575.68,640,576,11,2.0
m,1.5,59296804330.19602,3098787.84,53018624.0,6197575.68,640,576,11,2.0
l,1.5,118593608660.39204,3098787.84,53018624.0,6197575.68,640,576,11,2.0
xl,1.5,237187217320.7841,3098787.84,53018624.0,6197575.68,640,576,11,2.0
s,1.5,20815521426.605587,3098787.84,64152535.04,6197575.68,704,576,11,2.0
m,1.5,52038803566.51397,3098787.84,64152535.04,6197575.68,704,576,11,2.0
l,1.5,104077607133.02794,3098787.84,64152535.04,6197575.68,704,576,11,2.0
xl,1.5,208155214266.05588,3098787.84,64152535.04,6197575.68,704,576,11,2.0
s,1.5,18361263814.606438,3098787.84,76346818.56,6197575.68,768,576,11,2.0
m,1.5,45903159536.5161,3098787.84,76346818.56,6197575.68,768,576,11,2.0
l,1.5,91806319073.0322,3098787.84,76346818.56,6197575.68,768,576,11,2.0
xl,1.5,183612638146.0644,3098787.84,76346818.56,6197575.68,768,576,11,2.0
s,1.5,19594113123.418056,3825664.0,64152535.04,7651328.0,704,640,11,2.0
m,1.5,48985282808.545135,3825664.0,64152535.04,7651328.0,704,640,11,2.0
l,1.5,97970565617.09027,3825664.0,64152535.04,7651328.0,704,640,11,2.0
xl,1.5,195941131234.18054,3825664.0,64152535.04,7651328.0,704,640,11,2.0
s,1.5,17404275818.160995,3825664.0,76346818.56,7651328.0,768,640,11,2.0
m,1.5,43510689545.4025,3825664.0,76346818.56,7651328.0,768,640,11,2.0
l,1.5,87021379090.805,3825664.0,76346818.56,7651328.0,768,640,11,2.0
xl,1.5,174042758181.61,3825664.0,76346818.56,7651328.0,768,640,11,2.0
s,1.5,62321766929.195816,956416.0,20857651.2,1912832.0,384,320,12,2.0
s,1.5,45769096143.36105,1377239.04,28389580.8,2754478.08,448,384,12,2.0
s,1.5,35026822453.76524,1874575.3599999999,37080268.8,3749150.7199999997,512,448,12,2.0
m,1.5,87567056134.4131,1874575.3599999999,37080268.8,3749150.7199999997,512,448,12,2.0
l,1.5,175134112268.8262,1874575.3599999999,37080268.8,3749150.7199999997,512,448,12,2.0
xl,1.5,350268224537.6524,1874575.3599999999,37080268.8,3749150.7199999997,512,448,12,2.0
s,1.5,27664051634.573376,2448424.96,46929715.2,4896849.92,576,512,12,2.0
m,1.5,69160129086.43344,2448424.96,46929715.2,4896849.92,576,512,12,2.0
l,1.5,138320258172.86688,2448424.96,46929715.2,4896849.92,576,512,12,2.0
xl,1.5,276640516345.73376,2448424.96,46929715.2,4896849.92,576,512,12,2.0
s,1.5,23834003941.97032,2448424.96,57937920.0,4896849.92,640,512,12,2.0
m,1.5,59585009854.925804,2448424.96,57937920.0,4896849.92,640,512,12,2.0
l,1.5,119170019709.85161,2448424.96,57937920.0,4896849.92,640,512,12,2.0
xl,1.5,238340039419.70322,2448424.96,57937920.0,4896849.92,640,512,12,2.0
s,1.5,22399356271.895073,3098787.84,57937920.0,6197575.68,640,576,12,2.0
m,1.5,55998390679.73768,3098787.84,57937920.0,6197575.68,640,576,12,2.0
l,1.5,111996781359.47536,3098787.84,57937920.0,6197575.68,640,576,12,2.0
xl,1.5,223993562718.9507,3098787.84,57937920.0,6197575.68,640,576,12,2.0
s,1.5,19591201258.438435,3098787.84,70104883.2,6197575.68,704,576,12,2.0
m,1.5,48978003146.096085,3098787.84,70104883.2,6197575.68,704,576,12,2.0
l,1.5,97956006292.19217,3098787.84,70104883.2,6197575.68,704,576,12,2.0
xl,1.5,195912012584.38434,3098787.84,70104883.2,6197575.68,704,576,12,2.0
s,1.5,18505501154.09393,3825664.0,70104883.2,7651328.0,704,640,12,2.0
m,1.5,46263752885.23482,3825664.0,70104883.2,7651328.0,704,640,12,2.0
l,1.5,92527505770.46964,3825664.0,70104883.2,7651328.0,704,640,12,2.0
xl,1.5,185055011540.93927,3825664.0,70104883.2,7651328.0,704,640,12,2.0
s,1.5,16386060022.758858,3825664.0,83430604.8,7651328.0,768,640,12,2.0
m,1.5,40965150056.89714,3825664.0,83430604.8,7651328.0,768,640,12,2.0
l,1.5,81930300113.79428,3825664.0,83430604.8,7651328.0,768,640,12,2.0
xl,1.5,163860600227.58856,3825664.0,83430604.8,7651328.0,768,640,12,2.0
s,1.5,15544960361.230873,4629053.4399999995,83430604.8,9258106.879999999,768,704,12,2.0
m,1.5,38862400903.07719,4629053.4399999995,83430604.8,9258106.879999999,768,704,12,2.0
l,1.5,77724801806.15437,4629053.4399999995,83430604.8,9258106.879999999,768,704,12,2.0
xl,1.5,155449603612.30875,4629053.4399999995,83430604.8,9258106.879999999,768,704,12,2.0
s,1.5,59012877881.82829,956416.0,22628597.759999998,1912832.0,384,320,13,2.0
s,1.5,43345164596.57181,1377239.04,30800035.84,2754478.08,448,384,13,2.0
s,1.5,33175542242.388226,1874575.3599999999,40228618.24,3749150.7199999997,512,448,13,2.0
m,1.5,82938855605.97057,1874575.3599999999,40228618.24,3749150.7199999997,512,448,13,2.0
l,1.5,165877711211.94113,1874575.3599999999,40228618.24,3749150.7199999997,512,448,13,2.0
xl,1.5,331755422423.88226,1874575.3599999999,40228618.24,3749150.7199999997,512,448,13,2.0
s,1.5,26204322129.538406,2448424.96,50914344.95999999,4896849.92,576,512,13,2.0
m,1.5,65510805323.846016,2448424.96,50914344.95999999,4896849.92,576,512,13,2.0
l,1.5,131021610647.69203,2448424.96,50914344.95999999,4896849.92,576,512,13,2.0
xl,1.5,262043221295.38406,2448424.96,50914344.95999999,4896849.92,576,512,13,2.0
s,1.5,21219036993.96665,3098787.84,62857216.0,6197575.68,640,576,13,2.0
m,1.5,53047592484.91662,3098787.84,62857216.0,6197575.68,640,576,13,2.0
l,1.5,106095184969.83324,3098787.84,62857216.0,6197575.68,640,576,13,2.0
xl,1.5,212190369939.66647,3098787.84,62857216.0,6197575.68,640,576,13,2.0
s,1.5,18502903835.056915,3098787.84,76057231.36,6197575.68,704,576,13,2.0
m,1.5,46257259587.64228,3098787.84,76057231.36,6197575.68,704,576,13,2.0
l,1.5,92514519175.28456,3098787.84,76057231.36,6197575.68,704,576,13,2.0
xl,1.5,185029038350.56912,3098787.84,76057231.36,6197575.68,704,576,13,2.0
s,1.5,17531484917.62818,3825664.0,76057231.36,7651328.0,704,640,13,2.0
m,1.5,43828712294.07046,3825664.0,76057231.36,7651328.0,704,640,13,2.0
l,1.5,87657424588.14091,3825664.0,76057231.36,7651328.0,704,640,13,2.0
xl,1.5,175314849176.28183,3825664.0,76057231.36,7651328.0,704,640,13,2.0
s,1.5,15480398319.143421,3825664.0,90514391.03999999,7651328.0,768,640,13,2.0
m,1.5,38700995797.85855,3825664.0,90514391.03999999,7651328.0,768,640,13,2.0
l,1.5,77401991595.7171,3825664.0,90514391.03999999,7651328.0,768,640,13,2.0
xl,1.5,154803983191.4342,3825664.0,90514391.03999999,7651328.0,768,640,13,2.0
s,1.5,14727569048.364841,4629053.4399999995,90514391.03999999,9258106.879999999,768,704,13,2.0
m,1.5,36818922620.9121,4629053.4399999995,90514391.03999999,9258106.879999999,768,704,13,2.0
l,1.5,73637845241.8242,4629053.4399999995,90514391.03999999,9258106.879999999,768,704,13,2.0
xl,1.5,147275690483.6484,4629053.4399999995,90514391.03999999,9258106.879999999,768,704,13,2.0
s,1.5,50993674604.49486,1377239.04,24399544.32,2754478.08,384,384,14,2.0
s,1.5,41165062683.45054,1377239.04,33210490.88,2754478.08,448,384,14,2.0
s,1.5,37929137996.315346,1874575.3599999999,33210490.88,3749150.7199999997,448,448,14,2.0
s,1.5,31510130509.775204,1874575.3599999999,43376967.68,3749150.7199999997,512,448,14,2.0
m,1.5,78775326274.438,1874575.3599999999,43376967.68,3749150.7199999997,512,448,14,2.0
l,1.5,157550652548.876,1874575.3599999999,43376967.68,3749150.7199999997,512,448,14,2.0
xl,1.5,315101305097.752,1874575.3599999999,43376967.68,3749150.7199999997,512,448,14,2.0
s,1.5,29312000627.23647,2448424.96,43376967.68,4896849.92,512,512,14,2.0
m,1.5,73280001568.09117,2448424.96,43376967.68,4896849.92,512,512,14,2.0
l,1.5,146560003136.18234,2448424.96,43376967.68,4896849.92,512,512,14,2.0
xl,1.5,293120006272.3647,2448424.96,43376967.68,4896849.92,512,512,14,2.0
s,1.5,24890920480.60532,2448424.96,54898974.72,4896849.92,576,512,14,2.0
m,1.5,62227301201.5133,2448424.96,54898974.72,4896849.92,576,512,14,2.0
l,1.5,124454602403.0266,2448424.96,54898974.72,4896849.92,576,512,14,2.0
xl,1.5,248909204806.0532,2448424.96,54898974.72,4896849.92,576,512,14,2.0
s,1.5,23330378504.041153,3098787.84,54898974.72,6197575.68,576,576,14,2.0
m,1.5,58325946260.10288,3098787.84,54898974.72,6197575.68,576,576,14,2.0
l,1.5,116651892520.20576,3098787.84,54898974.72,6197575.68,576,576,14,2.0
xl,1.5,233303785040.41153,3098787.84,54898974.72,6197575.68,576,576,14,2.0
s,1.5,20156883345.154346,3098787.84,67776512.0,6197575.68,640,576,14,2.0
m,1.5,50392208362.885864,3098787.84,67776512.0,6197575.68,640,576,14,2.0
l,1.5,100784416725.77173,3098787.84,67776512.0,6197575.68,640,576,14,2.0
xl,1.5,201568833451.54346,3098787.84,67776512.0,6197575.68,640,576,14,2.0
s,1.5,19009416536.51677,3825664.0,67776512.0,7651328.0,640,640,14,2.0
m,1.5,47523541341.29192,3825664.0,67776512.0,7651328.0,640,640,14,2.0
l,1.5,95047082682.58385,3825664.0,67776512.0,7651328.0,640,640,14,2.0
xl,1.5,190094165365.1677,3825664.0,67776512.0,7651328.0,640,640,14,2.0
s,1.5,16654874341.670097,3825664.0,82009579.52,7651328.0,704,640,14,2.0
m,1.5,41637185854.17525,3825664.0,82009579.52,7651328.0,704,640,14,2.0
l,1.5,83274371708.3505,3825664.0,82009579.52,7651328.0,704,640,14,2.0
xl,1.5,166548743416.701,3825664.0,82009579.52,7651328.0,704,640,14,2.0
s,1.5,15786682817.71192,4629053.4399999995,82009579.52,9258106.879999999,704,704,14,2.0
m,1.5,39466707044.2798,4629053.4399999995,82009579.52,9258106.879999999,704,704,14,2.0
l,1.5,78933414088.5596,4629053.4399999995,82009579.52,9258106.879999999,704,704,14,2.0
xl,1.5,157866828177.1192,4629053.4399999995,82009579.52,9258106.879999999,704,704,14,2.0
s,1.5,13991844304.175066,4629053.4399999995,97598177.28,9258106.879999999,768,704,14,2.0
m,1.5,34979610760.43766,4629053.4399999995,97598177.28,9258106.879999999,768,704,14,2.0
l,1.5,69959221520.87532,4629053.4399999995,97598177.28,9258106.879999999,768,704,14,2.0
xl,1.5,139918443041.75064,4629053.4399999995,97598177.28,9258106.879999999,768,704,14,2.0
s,1.5,13319190474.178434,5508956.16,97598177.28,11017912.32,768,768,14,2.0
m,1.5,33297976185.446083,5508956.16,97598177.28,11017912.32,768,768,14,2.0
l,1.5,66595952370.892166,5508956.16,97598177.28,11017912.32,768,768,14,2.0
xl,1.5,133191904741.78433,5508956.16,97598177.28,11017912.32,768,768,14,2.0
s,1.5,69068187483.1774,956416.0,18173952.0,1912832.0,320,320,15,2.0
s,1.5,48756772834.054184,1377239.04,26170490.88,2754478.08,384,384,15,2.0
s,1.5,36249253586.559364,1874575.3599999999,35620945.92,3749150.7199999997,448,448,15,2.0
m,1.5,90623133966.3984,1874575.3599999999,35620945.92,3749150.7199999997,448,448,15,2.0
l,1.5,181246267932.7968,1874575.3599999999,35620945.92,3749150.7199999997,448,448,15,2.0
xl,1.5,362492535865.5936,1874575.3599999999,35620945.92,3749150.7199999997,448,448,15,2.0
s,1.5,30003933489.888775,1874575.3599999999,46525317.12,3749150.7199999997,512,448,15,2.0
m,1.5,75009833724.72194,1874575.3599999999,46525317.12,3749150.7199999997,512,448,15,2.0
l,1.5,150019667449.44388,1874575.3599999999,46525317.12,3749150.7199999997,512,448,15,2.0
xl,1.5,300039334898.88776,1874575.3599999999,46525317.12,3749150.7199999997,512,448,15,2.0
s,1.5,28004256161.464893,2448424.96,46525317.12,4896849.92,512,512,15,2.0
m,1.5,70010640403.66223,2448424.96,46525317.12,4896849.92,512,512,15,2.0
l,1.5,140021280807.32446,2448424.96,46525317.12,4896849.92,512,512,15,2.0
xl,1.5,280042561614.6489,2448424.96,46525317.12,4896849.92,512,512,15,2.0
s,1.5,23702894310.058975,2448424.96,58883604.480000004,4896849.92,576,512,15,2.0
m,1.5,59257235775.14744,2448424.96,58883604.480000004,4896849.92,576,512,15,2.0
l,1.5,118514471550.29488,2448424.96,58883604.480000004,4896849.92,576,512,15,2.0
xl,1.5,237028943100.58975,2448424.96,58883604.480000004,4896849.92,576,512,15,2.0
s,1.5,22283517088.610622,3098787.84,58883604.480000004,6197575.68,576,576,15,2.0
m,1.5,55708792721.52656,3098787.84,58883604.480000004,6197575.68,576,576,15,2.0
l,1.5,111417585443.05312,3098787.84,58883604.480000004,6197575.68,576,576,15,2.0
xl,1.5,222835170886.10623,3098787.84,58883604.480000004,6197575.68,576,576,15,2.0
s,1.5,19195996311.019203,3098787.84,72695808.0,6197575.68,640,576,15,2.0
m,1.5,47989990777.548004,3098787.84,72695808.0,6197575.68,640,576,15,2.0
l,1.5,95979981555.09601,3098787.84,72695808.0,6197575.68,640,576,15,2.0
xl,1.5,191959963110.19202,3098787.84,72695808.0,6197575.68,640,576,15,2.0
s,1.5,18152490575.788593,3825664.0,72695808.0,7651328.0,640,640,15,2.0
m,1.5,45381226439.47148,3825664.0,72695808.0,7651328.0,640,640,15,2.0
l,1.5,90762452878.94296,3825664.0,72695808.0,7651328.0,640,640,15,2.0
xl,1.5,181524905757.88593,3825664.0,72695808.0,7651328.0,640,640,15,2.0
s,1.5,15861753782.606947,3825664.0,87961927.68,7651328.0,704,640,15,2.0
m,1.5,39654384456.517365,3825664.0,87961927.68,7651328.0,704,640,15,2.0
l,1.5,79308768913.03473,3825664.0,87961927.68,7651328.0,704,640,15,2.0
xl,1.5,158617537826.06946,3825664.0,87961927.68,7651328.0,704,640,15,2.0
s,1.5,15072321898.828493,4629053.4399999995,87961927.68,9258106.879999999,704,704,15,2.0
m,1.5,37680804747.07123,4629053.4399999995,87961927.68,9258106.879999999,704,704,15,2.0
l,1.5,75361609494.14246,4629053.4399999995,87961927.68,9258106.879999999,704,704,15,2.0
xl,1.5,150723218988.2849,4629053.4399999995,87961927.68,9258106.879999999,704,704,15,2.0
s,1.5,13326129340.110367,4629053.4399999995,104681963.52,9258106.879999999,768,704,15,2.0
m,1.5,33315323350.275917,4629053.4399999995,104681963.52,9258106.879999999,768,704,15,2.0
l,1.5,66630646700.551834,4629053.4399999995,104681963.52,9258106.879999999,768,704,15,2.0
xl,1.5,133261293401.10367,4629053.4399999995,104681963.52,9258106.879999999,768,704,15,2.0
s,1.5,12714562041.188005,5508956.16,104681963.52,11017912.32,768,768,15,2.0
m,1.5,31786405102.970013,5508956.16,104681963.52,11017912.32,768,768,15,2.0
l,1.5,63572810205.940025,5508956.16,104681963.52,11017912.32,768,768,15,2.0
xl,1.5,127145620411.88005,5508956.16,104681963.52,11017912.32,768,768,15,2.0
s,1.5,66202324884.01488,956416.0,19403776.0,1912832.0,320,320,16,2.0
s,1.5,46707873143.2963,1377239.04,27941437.44,2754478.08,384,384,16,2.0
s,1.5,34711862551.227516,1874575.3599999999,38031400.96,3749150.7199999997,448,448,16,2.0
m,1.5,86779656378.06879,1874575.3599999999,38031400.96,3749150.7199999997,448,448,16,2.0
l,1.5,173559312756.13757,1874575.3599999999,38031400.96,3749150.7199999997,448,448,16,2.0
xl,1.5,347118625512.27515,1874575.3599999999,38031400.96,3749150.7199999997,448,448,16,2.0
s,1.5,26808217105.556217,2448424.96,49673666.56,4896849.92,512,512,16,2.0
m,1.5,67020542763.89054,2448424.96,49673666.56,4896849.92,512,512,16,2.0
l,1.5,134041085527.78108,2448424.96,49673666.56,4896849.92,512,512,16,2.0
xl,1.5,268082171055.56216,2448424.96,49673666.56,4896849.92,512,512,16,2.0
s,1.5,21326568955.137974,3098787.84,62868234.239999995,6197575.68,576,576,16,2.0
m,1.5,53316422387.84494,3098787.84,62868234.239999995,6197575.68,576,576,16,2.0
l,1.5,106632844775.68988,3098787.84,62868234.239999995,6197575.68,576,576,16,2.0
xl,1.5,213265689551.37976,3098787.84,62868234.239999995,6197575.68,576,576,16,2.0
s,1.5,17369490865.17633,3825664.0,77615104.0,7651328.0,640,640,16,2.0
m,1.5,43423727162.94083,3825664.0,77615104.0,7651328.0,640,640,16,2.0
l,1.5,86847454325.88165,3825664.0,77615104.0,7651328.0,640,640,16,2.0
xl,1.5,173694908651.7633,3825664.0,77615104.0,7651328.0,640,640,16,2.0
s,1.5,15140737809.175264,3825664.0,93914275.84,7651328.0,704,640,16,2.0
m,1.5,37851844522.93816,3825664.0,93914275.84,7651328.0,704,640,16,2.0
l,1.5,75703689045.87633,3825664.0,93914275.84,7651328.0,704,640,16,2.0
xl,1.5,151407378091.75266,3825664.0,93914275.84,7651328.0,704,640,16,2.0
s,1.5,16427304748.676083,4629053.4399999995,77615104.0,9258106.879999999,640,704,16,2.0
m,1.5,41068261871.69021,4629053.4399999995,77615104.0,9258106.879999999,640,704,16,2.0
l,1.5,82136523743.38042,4629053.4399999995,77615104.0,9258106.879999999,640,704,16,2.0
xl,1.5,164273047486.76083,4629053.4399999995,77615104.0,9258106.879999999,640,704,16,2.0
s,1.5,14419813009.498348,4629053.4399999995,93914275.84,9258106.879999999,704,704,16,2.0
m,1.5,36049532523.74587,4629053.4399999995,93914275.84,9258106.879999999,704,704,16,2.0
l,1.5,72099065047.49174,4629053.4399999995,93914275.84,9258106.879999999,704,704,16,2.0
xl,1.5,144198130094.9835,4629053.4399999995,93914275.84,9258106.879999999,704,704,16,2.0
s,1.5,12720885073.147326,4629053.4399999995,111765749.76,9258106.879999999,768,704,16,2.0
m,1.5,31802212682.868317,4629053.4399999995,111765749.76,9258106.879999999,768,704,16,2.0
l,1.5,63604425365.73663,4629053.4399999995,111765749.76,9258106.879999999,768,704,16,2.0
xl,1.5,127208850731.47327,4629053.4399999995,111765749.76,9258106.879999999,768,704,16,2.0
s,1.5,13706429929.270987,5508956.16,93914275.84,11017912.32,704,768,16,2.0
m,1.5,34266074823.177467,5508956.16,93914275.84,11017912.32,704,768,16,2.0
l,1.5,68532149646.354935,5508956.16,93914275.84,11017912.32,704,768,16,2.0
xl,1.5,137064299292.70987,5508956.16,93914275.84,11017912.32,704,768,16,2.0
s,1.5,12162444423.573412,5508956.16,111765749.76,11017912.32,768,768,16,2.0
m,1.5,30406111058.933533,5508956.16,111765749.76,11017912.32,768,768,16,2.0
l,1.5,60812222117.867065,5508956.16,111765749.76,11017912.32,768,768,16,2.0
xl,1.5,121624444235.73413,5508956.16,111765749.76,11017912.32,768,768,16,2.0
s,1.5,70680008345.69228,956416.0,19677184.0,1912832.0,640,320,4,2.0
s,1.5,61637619649.96187,956416.0,23809392.64,1912832.0,704,320,4,2.0
s,1.5,55589576549.36479,1377239.04,23809392.64,2754478.08,704,384,4,2.0
s,1.5,49355072996.885056,1377239.04,28335144.96,2754478.08,768,384,4,2.0
s,1.5,70012779649.73456,956416.0,19923148.799999997,1912832.0,576,320,5,2.0
s,1.5,54357427085.7009,1377239.04,24596480.0,2754478.08,640,384,5,2.0
s,1.5,47638936897.9021,1377239.04,29761740.8,2754478.08,704,384,5,2.0
s,1.5,38603793738.42711,1874575.3599999999,35418931.2,3749150.7199999997,768,448,5,2.0
m,1.5,96509484346.06776,1874575.3599999999,35418931.2,3749150.7199999997,768,448,5,2.0
l,1.5,193018968692.13553,1874575.3599999999,35418931.2,3749150.7199999997,768,448,5,2.0
xl,1.5,386037937384.27106,1874575.3599999999,35418931.2,3749150.7199999997,768,448,5,2.0
s,1.5,72602176231.32707,956416.0,18890096.64,1912832.0,512,320,6,2.0
s,1.5,61361908397.257805,956416.0,23907778.56,1912832.0,576,320,6,2.0
s,1.5,55365219269.99147,1377239.04,23907778.56,2754478.08,576,384,6,2.0
s,1.5,47892486073.738205,1377239.04,29515776.0,2754478.08,640,384,6,2.0
s,1.5,38364165611.4302,1874575.3599999999,35714088.96,3749150.7199999997,704,448,6,2.0
m,1.5,95910414028.5755,1874575.3599999999,35714088.96,3749150.7199999997,704,448,6,2.0
l,1.5,191820828057.151,1874575.3599999999,35714088.96,3749150.7199999997,704,448,6,2.0
xl,1.5,383641656114.302,1874575.3599999999,35714088.96,3749150.7199999997,704,448,6,2.0
s,1.5,33927600369.282337,1874575.3599999999,42502717.44,3749150.7199999997,768,448,6,2.0
m,1.5,84819000923.20584,1874575.3599999999,42502717.44,3749150.7199999997,768,448,6,2.0
l,1.5,169638001846.41168,1874575.3599999999,42502717.44,3749150.7199999997,768,448,6,2.0
xl,1.5,339276003692.82336,1874575.3599999999,42502717.44,3749150.7199999997,768,448,6,2.0
s,1.5,31392815539.796642,2448424.96,42502717.44,4896849.92,768,512,6,2.0
m,1.5,78482038849.49161,2448424.96,42502717.44,4896849.92,768,512,6,2.0
l,1.5,156964077698.98322,2448424.96,42502717.44,4896849.92,768,512,6,2.0
xl,1.5,313928155397.96643,2448424.96,42502717.44,4896849.92,768,512,6,2.0
s,1.5,65075231168.515076,956416.0,22038446.08,1912832.0,512,320,7,2.0
s,1.5,49811886660.323746,1377239.04,27892408.32,2754478.08,576,384,7,2.0
s,1.5,39314412843.8997,1874575.3599999999,34435072.0,3749150.7199999997,640,448,7,2.0
m,1.5,98286032109.74924,1874575.3599999999,34435072.0,3749150.7199999997,640,448,7,2.0
l,1.5,196572064219.49847,1874575.3599999999,34435072.0,3749150.7199999997,640,448,7,2.0
xl,1.5,393144128438.99695,1874575.3599999999,34435072.0,3749150.7199999997,640,448,7,2.0
s,1.5,34401808008.607216,1874575.3599999999,41666437.120000005,3749150.7199999997,704,448,7,2.0
m,1.5,86004520021.51804,1874575.3599999999,41666437.120000005,3749150.7199999997,704,448,7,2.0
l,1.5,172009040043.03607,1874575.3599999999,41666437.120000005,3749150.7199999997,704,448,7,2.0
xl,1.5,344018080086.07214,1874575.3599999999,41666437.120000005,3749150.7199999997,704,448,7,2.0
s,1.5,31798388992.770832,2448424.96,41666437.120000005,4896849.92,704,512,7,2.0
m,1.5,79495972481.92708,2448424.96,41666437.120000005,4896849.92,704,512,7,2.0
l,1.5,158991944963.85416,2448424.96,41666437.120000005,4896849.92,704,512,7,2.0
xl,1.5,317983889927.7083,2448424.96,41666437.120000005,4896849.92,704,512,7,2.0
s,1.5,28228843182.174458,2448424.96,49586503.68,4896849.92,768,512,7,2.0
m,1.5,70572107955.43614,2448424.96,49586503.68,4896849.92,768,512,7,2.0
l,1.5,141144215910.87228,2448424.96,49586503.68,4896849.92,768,512,7,2.0
xl,1.5,282288431821.74457,2448424.96,49586503.68,4896849.92,768,512,7,2.0
s,1.5,71482556607.5471,956416.0,19283640.32,1912832.0,448,320,8,2.0
s,1.5,53404272709.601006,1377239.04,25186795.52,2754478.08,512,384,8,2.0
s,1.5,45271037181.72324,1377239.04,31877038.08,2754478.08,576,384,8,2.0
s,1.5,41387836618.24068,1874575.3599999999,31877038.08,3749150.7199999997,576,448,8,2.0
s,1.5,35817495978.00791,1874575.3599999999,39354368.0,3749150.7199999997,640,448,8,2.0
m,1.5,89543739945.01978,1874575.3599999999,39354368.0,3749150.7199999997,640,448,8,2.0
l,1.5,179087479890.03955,1874575.3599999999,39354368.0,3749150.7199999997,640,448,8,2.0
xl,1.5,358174959780.0791,1874575.3599999999,39354368.0,3749150.7199999997,640,448,8,2.0
s,1.5,29027253815.406876,2448424.96,47618785.28,4896849.92,704,512,8,2.0
m,1.5,72568134538.5172,2448424.96,47618785.28,4896849.92,704,512,8,2.0
l,1.5,145136269077.0344,2448424.96,47618785.28,4896849.92,704,512,8,2.0
xl,1.5,290272538154.0688,2448424.96,47618785.28,4896849.92,704,512,8,2.0
s,1.5,25644248810.11701,2448424.96,56670289.92,4896849.92,768,512,8,2.0
m,1.5,64110622025.29252,2448424.96,56670289.92,4896849.92,768,512,8,2.0
l,1.5,128221244050.58504,2448424.96,56670289.92,4896849.92,768,512,8,2.0
xl,1.5,256442488101.17007,2448424.96,56670289.92,4896849.92,768,512,8,2.0
s,1.5,23990954318.5439,3098787.84,56670289.92,6197575.68,768,576,8,2.0
m,1.5,59977385796.35975,3098787.84,56670289.92,6197575.68,768,576,8,2.0
l,1.5,119954771592.7195,3098787.84,56670289.92,6197575.68,768,576,8,2.0
xl,1.5,239909543185.439,3098787.84,56670289.92,6197575.68,768,576,8,2.0
s,1.5,65740828680.20908,956416.0,21694095.36,1912832.0,448,320,9,2.0
s,1.5,49216881960.34588,1377239.04,28335144.96,2754478.08,512,384,9,2.0
s,1.5,38203902151.27081,1874575.3599999999,35861667.839999996,3749150.7199999997,576,448,9,2.0
m,1.5,95509755378.17703,1874575.3599999999,35861667.839999996,3749150.7199999997,576,448,9,2.0
l,1.5,191019510756.35406,1874575.3599999999,35861667.839999996,3749150.7199999997,576,448,9,2.0
xl,1.5,382039021512.7081,1874575.3599999999,35861667.839999996,3749150.7199999997,576,448,9,2.0
s,1.5,32891849738.366337,1874575.3599999999,44273664.0,3749150.7199999997,640,448,9,2.0
m,1.5,82229624345.91585,1874575.3599999999,44273664.0,3749150.7199999997,640,448,9,2.0
l,1.5,164459248691.8317,1874575.3599999999,44273664.0,3749150.7199999997,640,448,9,2.0
xl,1.5,328918497383.6634,1874575.3599999999,44273664.0,3749150.7199999997,640,448,9,2.0
s,1.5,30504021504.090492,2448424.96,44273664.0,4896849.92,640,512,9,2.0
m,1.5,76260053760.22623,2448424.96,44273664.0,4896849.92,640,512,9,2.0
l,1.5,152520107520.45245,2448424.96,44273664.0,4896849.92,640,512,9,2.0
xl,1.5,305040215040.9049,2448424.96,44273664.0,4896849.92,640,512,9,2.0
s,1.5,26700393782.440662,2448424.96,53571133.44,4896849.92,704,512,9,2.0
m,1.5,66750984456.101654,2448424.96,53571133.44,4896849.92,704,512,9,2.0
l,1.5,133501968912.20331,2448424.96,53571133.44,4896849.92,704,512,9,2.0
xl,1.5,267003937824.40662,2448424.96,53571133.44,4896849.92,704,512,9,2.0
s,1.5,24912861118.50538,3098787.84,53571133.44,6197575.68,704,576,9,2.0
m,1.5,62282152796.26345,3098787.84,53571133.44,6197575.68,704,576,9,2.0
l,1.5,124564305592.5269,3098787.84,53571133.44,6197575.68,704,576,9,2.0
xl,1.5,249128611185.0538,3098787.84,53571133.44,6197575.68,704,576,9,2.0
s,1.5,22098121681.213272,3098787.84,63754076.160000004,6197575.68,768,576,9,2.0
m,1.5,55245304203.03318,3098787.84,63754076.160000004,6197575.68,768,576,9,2.0
l,1.5,110490608406.06636,3098787.84,63754076.160000004,6197575.68,768,576,9,2.0
xl,1.5,220981216812.13272,3098787.84,63754076.160000004,6197575.68,768,576,9,2.0
s,1.5,70193335562.23828,956416.0,17315758.080000002,1912832.0,384,320,10,2.0
s,1.5,56689222604.284134,956416.0,23568670.72,1912832.0,448,320,10,2.0
s,1.5,51532677053.11895,1377239.04,23568670.72,2754478.08,448,384,10,2.0
s,1.5,42935475365.185616,1377239.04,30783569.92,2754478.08,512,384,10,2.0
s,1.5,33623839353.435574,1874575.3599999999,38960455.67999999,3749150.7199999997,576,448,10,2.0
m,1.5,84059598383.58893,1874575.3599999999,38960455.67999999,3749150.7199999997,576,448,10,2.0
l,1.5,168119196767.17786,1874575.3599999999,38960455.67999999,3749150.7199999997,576,448,10,2.0
xl,1.5,336238393534.3557,1874575.3599999999,38960455.67999999,3749150.7199999997,576,448,10,2.0
s,1.5,27034218655.268192,2448424.96,48099328.0,4896849.92,640,512,10,2.0
m,1.5,67585546638.17048,2448424.96,48099328.0,4896849.92,640,512,10,2.0
l,1.5,135171093276.34096,2448424.96,48099328.0,4896849.92,640,512,10,2.0
xl,1.5,270342186552.68192,2448424.96,48099328.0,4896849.92,640,512,10,2.0
s,1.5,23611888656.251545,2448424.96,58200186.879999995,4896849.92,704,512,10,2.0
m,1.5,59029721640.62886,2448424.96,58200186.879999995,4896849.92,704,512,10,2.0
l,1.5,118059443281.25772,2448424.96,58200186.879999995,4896849.92,704,512,10,2.0
xl,1.5,236118886562.51544,2448424.96,58200186.879999995,4896849.92,704,512,10,2.0
s,1.5,22203065809.794735,3098787.84,58200186.879999995,6197575.68,704,576,10,2.0
m,1.5,55507664524.48684,3098787.84,58200186.879999995,6197575.68,704,576,10,2.0
l,1.5,111015329048.97368,3098787.84,58200186.879999995,6197575.68,704,576,10,2.0
xl,1.5,222030658097.94736,3098787.84,58200186.879999995,6197575.68,704,576,10,2.0
s,1.5,19649398143.71055,3098787.84,69263032.32000001,6197575.68,768,576,10,2.0
m,1.5,49123495359.27637,3098787.84,69263032.32000001,6197575.68,768,576,10,2.0
l,1.5,98246990718.55273,3098787.84,69263032.32000001,6197575.68,768,576,10,2.0
xl,1.5,196493981437.10547,3098787.84,69263032.32000001,6197575.68,768,576,10,2.0
s,1.5,18557417942.938713,3825664.0,69263032.32000001,7651328.0,768,640,10,2.0
m,1.5,46393544857.34679,3825664.0,69263032.32000001,7651328.0,768,640,10,2.0
l,1.5,92787089714.69357,3825664.0,69263032.32000001,7651328.0,768,640,10,2.0
xl,1.5,185574179429.38715,3825664.0,69263032.32000001,7651328.0,768,640,10,2.0
s,1.5,66023760562.31664,956416.0,19086704.64,1912832.0,384,320,11,2.0
s,1.5,48480186395.08827,1377239.04,25979125.759999998,2754478.08,448,384,11,2.0
s,1.5,40186624417.28309,1377239.04,33931919.36,2754478.08,512,384,11,2.0
s,1.5,37096925915.79973,1874575.3599999999,33931919.36,3749150.7199999997,512,448,11,2.0
s,1.5,31491647158.981937,1874575.3599999999,42945085.44,3749150.7199999997,576,448,11,2.0
m,1.5,78729117897.45485,1874575.3599999999,42945085.44,3749150.7199999997,576,448,11,2.0
l,1.5,157458235794.9097,1874575.3599999999,42945085.44,3749150.7199999997,576,448,11,2.0
xl,1.5,314916471589.8194,1874575.3599999999,42945085.44,3749150.7199999997,576,448,11,2.0
s,1.5,29296005452.22521,2448424.96,42945085.44,4896849.92,576,512,11,2.0
m,1.5,73240013630.56302,2448424.96,42945085.44,4896849.92,576,512,11,2.0
l,1.5,146480027261.12604,2448424.96,42945085.44,4896849.92,576,512,11,2.0
xl,1.5,292960054522.2521,2448424.96,42945085.44,4896849.92,576,512,11,2.0
s,1.5,25333445561.855694,2448424.96,53018624.0,4896849.92,640,512,11,2.0
m,1.5,63333613904.63924,2448424.96,53018624.0,4896849.92,640,512,11,2.0
l,1.5,126667227809.27847,2448424.96,53018624.0,4896849.92,640,512,11,2.0
xl,1.5,253334455618.55695,2448424.96,53018624.0,4896849.92,640,512,11,2.0
s,1.5,23718721732.078407,3098787.84,53018624.0,6197575.68,640,576,11,2.0
m,1.5,59296804330.19602,3098787.84,53018624.0,6197575.68,640,576,11,2.0
l,1.5,118593608660.39204,3098787.84,53018624.0,6197575.68,640,576,11,2.0
xl,1.5,237187217320.7841,3098787.84,53018624.0,6197575.68,640,576,11,2.0
s,1.5,20815521426.605587,3098787.84,64152535.04,6197575.68,704,576,11,2.0
m,1.5,52038803566.51397,3098787.84,64152535.04,6197575.68,704,576,11,2.0
l,1.5,104077607133.02794,3098787.84,64152535.04,6197575.68,704,576,11,2.0
xl,1.5,208155214266.05588,3098787.84,64152535.04,6197575.68,704,576,11,2.0
s,1.5,18361263814.606438,3098787.84,76346818.56,6197575.68,768,576,11,2.0
m,1.5,45903159536.5161,3098787.84,76346818.56,6197575.68,768,576,11,2.0
l,1.5,91806319073.0322,3098787.84,76346818.56,6197575.68,768,576,11,2.0
xl,1.5,183612638146.0644,3098787.84,76346818.56,6197575.68,768,576,11,2.0
s,1.5,19594113123.418056,3825664.0,64152535.04,7651328.0,704,640,11,2.0
m,1.5,48985282808.545135,3825664.0,64152535.04,7651328.0,704,640,11,2.0
l,1.5,97970565617.09027,3825664.0,64152535.04,7651328.0,704,640,11,2.0
xl,1.5,195941131234.18054,3825664.0,64152535.04,7651328.0,704,640,11,2.0
s,1.5,17404275818.160995,3825664.0,76346818.56,7651328.0,768,640,11,2.0
m,1.5,43510689545.4025,3825664.0,76346818.56,7651328.0,768,640,11,2.0
l,1.5,87021379090.805,3825664.0,76346818.56,7651328.0,768,640,11,2.0
xl,1.5,174042758181.61,3825664.0,76346818.56,7651328.0,768,640,11,2.0
s,1.5,62321766929.195816,956416.0,20857651.2,1912832.0,384,320,12,2.0
s,1.5,45769096143.36105,1377239.04,28389580.8,2754478.08,448,384,12,2.0
s,1.5,35026822453.76524,1874575.3599999999,37080268.8,3749150.7199999997,512,448,12,2.0
m,1.5,87567056134.4131,1874575.3599999999,37080268.8,3749150.7199999997,512,448,12,2.0
l,1.5,175134112268.8262,1874575.3599999999,37080268.8,3749150.7199999997,512,448,12,2.0
xl,1.5,350268224537.6524,1874575.3599999999,37080268.8,3749150.7199999997,512,448,12,2.0
s,1.5,27664051634.573376,2448424.96,46929715.2,4896849.92,576,512,12,2.0
m,1.5,69160129086.43344,2448424.96,46929715.2,4896849.92,576,512,12,2.0
l,1.5,138320258172.86688,2448424.96,46929715.2,4896849.92,576,512,12,2.0
xl,1.5,276640516345.73376,2448424.96,46929715.2,4896849.92,576,512,12,2.0
s,1.5,23834003941.97032,2448424.96,57937920.0,4896849.92,640,512,12,2.0
m,1.5,59585009854.925804,2448424.96,57937920.0,4896849.92,640,512,12,2.0
l,1.5,119170019709.85161,2448424.96,57937920.0,4896849.92,640,512,12,2.0
xl,1.5,238340039419.70322,2448424.96,57937920.0,4896849.92,640,512,12,2.0
s,1.5,22399356271.895073,3098787.84,57937920.0,6197575.68,640,576,12,2.0
m,1.5,55998390679.73768,3098787.84,57937920.0,6197575.68,640,576,12,2.0
l,1.5,111996781359.47536,3098787.84,57937920.0,6197575.68,640,576,12,2.0
xl,1.5,223993562718.9507,3098787.84,57937920.0,6197575.68,640,576,12,2.0
s,1.5,19591201258.438435,3098787.84,70104883.2,6197575.68,704,576,12,2.0
m,1.5,48978003146.096085,3098787.84,70104883.2,6197575.68,704,576,12,2.0
l,1.5,97956006292.19217,3098787.84,70104883.2,6197575.68,704,576,12,2.0
xl,1.5,195912012584.38434,3098787.84,70104883.2,6197575.68,704,576,12,2.0
s,1.5,18505501154.09393,3825664.0,70104883.2,7651328.0,704,640,12,2.0
m,1.5,46263752885.23482,3825664.0,70104883.2,7651328.0,704,640,12,2.0
l,1.5,92527505770.46964,3825664.0,70104883.2,7651328.0,704,640,12,2.0
xl,1.5,185055011540.93927,3825664.0,70104883.2,7651328.0,704,640,12,2.0
s,1.5,16386060022.758858,3825664.0,83430604.8,7651328.0,768,640,12,2.0
m,1.5,40965150056.89714,3825664.0,83430604.8,7651328.0,768,640,12,2.0
l,1.5,81930300113.79428,3825664.0,83430604.8,7651328.0,768,640,12,2.0
xl,1.5,163860600227.58856,3825664.0,83430604.8,7651328.0,768,640,12,2.0
s,1.5,15544960361.230873,4629053.4399999995,83430604.8,9258106.879999999,768,704,12,2.0
m,1.5,38862400903.07719,4629053.4399999995,83430604.8,9258106.879999999,768,704,12,2.0
l,1.5,77724801806.15437,4629053.4399999995,83430604.8,9258106.879999999,768,704,12,2.0
xl,1.5,155449603612.30875,4629053.4399999995,83430604.8,9258106.879999999,768,704,12,2.0
s,1.5,59012877881.82829,956416.0,22628597.759999998,1912832.0,384,320,13,2.0
s,1.5,43345164596.57181,1377239.04,30800035.84,2754478.08,448,384,13,2.0
s,1.5,33175542242.388226,1874575.3599999999,40228618.24,3749150.7199999997,512,448,13,2.0
m,1.5,82938855605.97057,1874575.3599999999,40228618.24,3749150.7199999997,512,448,13,2.0
l,1.5,165877711211.94113,1874575.3599999999,40228618.24,3749150.7199999997,512,448,13,2.0
xl,1.5,331755422423.88226,1874575.3599999999,40228618.24,3749150.7199999997,512,448,13,2.0
s,1.5,26204322129.538406,2448424.96,50914344.95999999,4896849.92,576,512,13,2.0
m,1.5,65510805323.846016,2448424.96,50914344.95999999,4896849.92,576,512,13,2.0
l,1.5,131021610647.69203,2448424.96,50914344.95999999,4896849.92,576,512,13,2.0
xl,1.5,262043221295.38406,2448424.96,50914344.95999999,4896849.92,576,512,13,2.0
s,1.5,21219036993.96665,3098787.84,62857216.0,6197575.68,640,576,13,2.0
m,1.5,53047592484.91662,3098787.84,62857216.0,6197575.68,640,576,13,2.0
l,1.5,106095184969.83324,3098787.84,62857216.0,6197575.68,640,576,13,2.0
xl,1.5,212190369939.66647,3098787.84,62857216.0,6197575.68,640,576,13,2.0
s,1.5,18502903835.056915,3098787.84,76057231.36,6197575.68,704,576,13,2.0
m,1.5,46257259587.64228,3098787.84,76057231.36,6197575.68,704,576,13,2.0
l,1.5,92514519175.28456,3098787.84,76057231.36,6197575.68,704,576,13,2.0
xl,1.5,185029038350.56912,3098787.84,76057231.36,6197575.68,704,576,13,2.0
s,1.5,17531484917.62818,3825664.0,76057231.36,7651328.0,704,640,13,2.0
m,1.5,43828712294.07046,3825664.0,76057231.36,7651328.0,704,640,13,2.0
l,1.5,87657424588.14091,3825664.0,76057231.36,7651328.0,704,640,13,2.0
xl,1.5,175314849176.28183,3825664.0,76057231.36,7651328.0,704,640,13,2.0
s,1.5,15480398319.143421,3825664.0,90514391.03999999,7651328.0,768,640,13,2.0
m,1.5,38700995797.85855,3825664.0,90514391.03999999,7651328.0,768,640,13,2.0
l,1.5,77401991595.7171,3825664.0,90514391.03999999,7651328.0,768,640,13,2.0
xl,1.5,154803983191.4342,3825664.0,90514391.03999999,7651328.0,768,640,13,2.0
s,1.5,14727569048.364841,4629053.4399999995,90514391.03999999,9258106.879999999,768,704,13,2.0
m,1.5,36818922620.9121,4629053.4399999995,90514391.03999999,9258106.879999999,768,704,13,2.0
l,1.5,73637845241.8242,4629053.4399999995,90514391.03999999,9258106.879999999,768,704,13,2.0
xl,1.5,147275690483.6484,4629053.4399999995,90514391.03999999,9258106.879999999,768,704,13,2.0
s,1.5,50993674604.49486,1377239.04,24399544.32,2754478.08,384,384,14,2.0
s,1.5,41165062683.45054,1377239.04,33210490.88,2754478.08,448,384,14,2.0
s,1.5,37929137996.315346,1874575.3599999999,33210490.88,3749150.7199999997,448,448,14,2.0
s,1.5,31510130509.775204,1874575.3599999999,43376967.68,3749150.7199999997,512,448,14,2.0
m,1.5,78775326274.438,1874575.3599999999,43376967.68,3749150.7199999997,512,448,14,2.0
l,1.5,157550652548.876,1874575.3599999999,43376967.68,3749150.7199999997,512,448,14,2.0
xl,1.5,315101305097.752,1874575.3599999999,43376967.68,3749150.7199999997,512,448,14,2.0
s,1.5,29312000627.23647,2448424.96,43376967.68,4896849.92,512,512,14,2.0
m,1.5,73280001568.09117,2448424.96,43376967.68,4896849.92,512,512,14,2.0
l,1.5,146560003136.18234,2448424.96,43376967.68,4896849.92,512,512,14,2.0
xl,1.5,293120006272.3647,2448424.96,43376967.68,4896849.92,512,512,14,2.0
s,1.5,24890920480.60532,2448424.96,54898974.72,4896849.92,576,512,14,2.0
m,1.5,62227301201.5133,2448424.96,54898974.72,4896849.92,576,512,14,2.0
l,1.5,124454602403.0266,2448424.96,54898974.72,4896849.92,576,512,14,2.0
xl,1.5,248909204806.0532,2448424.96,54898974.72,4896849.92,576,512,14,2.0
s,1.5,23330378504.041153,3098787.84,54898974.72,6197575.68,576,576,14,2.0
m,1.5,58325946260.10288,3098787.84,54898974.72,6197575.68,576,576,14,2.0
l,1.5,116651892520.20576,3098787.84,54898974.72,6197575.68,576,576,14,2.0
xl,1.5,233303785040.41153,3098787.84,54898974.72,6197575.68,576,576,14,2.0
s,1.5,20156883345.154346,3098787.84,67776512.0,6197575.68,640,576,14,2.0
m,1.5,50392208362.885864,3098787.84,67776512.0,6197575.68,640,576,14,2.0
l,1.5,100784416725.77173,3098787.84,67776512.0,6197575.68,640,576,14,2.0
xl,1.5,201568833451.54346,3098787.84,67776512.0,6197575.68,640,576,14,2.0
s,1.5,19009416536.51677,3825664.0,67776512.0,7651328.0,640,640,14,2.0
m,1.5,47523541341.29192,3825664.0,67776512.0,7651328.0,640,640,14,2.0
l,1.5,95047082682.58385,3825664.0,67776512.0,7651328.0,640,640,14,2.0
xl,1.5,190094165365.1677,3825664.0,67776512.0,7651328.0,640,640,14,2.0
s,1.5,16654874341.670097,3825664.0,82009579.52,7651328.0,704,640,14,2.0
m,1.5,41637185854.17525,3825664.0,82009579.52,7651328.0,704,640,14,2.0
l,1.5,83274371708.3505,3825664.0,82009579.52,7651328.0,704,640,14,2.0
xl,1.5,166548743416.701,3825664.0,82009579.52,7651328.0,704,640,14,2.0
s,1.5,15786682817.71192,4629053.4399999995,82009579.52,9258106.879999999,704,704,14,2.0
m,1.5,39466707044.2798,4629053.4399999995,82009579.52,9258106.879999999,704,704,14,2.0
l,1.5,78933414088.5596,4629053.4399999995,82009579.52,9258106.879999999,704,704,14,2.0
xl,1.5,157866828177.1192,4629053.4399999995,82009579.52,9258106.879999999,704,704,14,2.0
s,1.5,13991844304.175066,4629053.4399999995,97598177.28,9258106.879999999,768,704,14,2.0
m,1.5,34979610760.43766,4629053.4399999995,97598177.28,9258106.879999999,768,704,14,2.0
l,1.5,69959221520.87532,4629053.4399999995,97598177.28,9258106.879999999,768,704,14,2.0
xl,1.5,139918443041.75064,4629053.4399999995,97598177.28,9258106.879999999,768,704,14,2.0
s,1.5,13319190474.178434,5508956.16,97598177.28,11017912.32,768,768,14,2.0
m,1.5,33297976185.446083,5508956.16,97598177.28,11017912.32,768,768,14,2.0
l,1.5,66595952370.892166,5508956.16,97598177.28,11017912.32,768,768,14,2.0
xl,1.5,133191904741.78433,5508956.16,97598177.28,11017912.32,768,768,14,2.0
s,1.5,69068187483.1774,956416.0,18173952.0,1912832.0,320,320,15,2.0
s,1.5,48756772834.054184,1377239.04,26170490.88,2754478.08,384,384,15,2.0
s,1.5,36249253586.559364,1874575.3599999999,35620945.92,3749150.7199999997,448,448,15,2.0
m,1.5,90623133966.3984,1874575.3599999999,35620945.92,3749150.7199999997,448,448,15,2.0
l,1.5,181246267932.7968,1874575.3599999999,35620945.92,3749150.7199999997,448,448,15,2.0
xl,1.5,362492535865.5936,1874575.3599999999,35620945.92,3749150.7199999997,448,448,15,2.0
s,1.5,30003933489.888775,1874575.3599999999,46525317.12,3749150.7199999997,512,448,15,2.0
m,1.5,75009833724.72194,1874575.3599999999,46525317.12,3749150.7199999997,512,448,15,2.0
l,1.5,150019667449.44388,1874575.3599999999,46525317.12,3749150.7199999997,512,448,15,2.0
xl,1.5,300039334898.88776,1874575.3599999999,46525317.12,3749150.7199999997,512,448,15,2.0
s,1.5,28004256161.464893,2448424.96,46525317.12,4896849.92,512,512,15,2.0
m,1.5,70010640403.66223,2448424.96,46525317.12,4896849.92,512,512,15,2.0
l,1.5,140021280807.32446,2448424.96,46525317.12,4896849.92,512,512,15,2.0
xl,1.5,280042561614.6489,2448424.96,46525317.12,4896849.92,512,512,15,2.0
s,1.5,23702894310.058975,2448424.96,58883604.480000004,4896849.92,576,512,15,2.0
m,1.5,59257235775.14744,2448424.96,58883604.480000004,4896849.92,576,512,15,2.0
l,1.5,118514471550.29488,2448424.96,58883604.480000004,4896849.92,576,512,15,2.0
xl,1.5,237028943100.58975,2448424.96,58883604.480000004,4896849.92,576,512,15,2.0
s,1.5,22283517088.610622,3098787.84,58883604.480000004,6197575.68,576,576,15,2.0
m,1.5,55708792721.52656,3098787.84,58883604.480000004,6197575.68,576,576,15,2.0
l,1.5,111417585443.05312,3098787.84,58883604.480000004,6197575.68,576,576,15,2.0
xl,1.5,222835170886.10623,3098787.84,58883604.480000004,6197575.68,576,576,15,2.0
s,1.5,19195996311.019203,3098787.84,72695808.0,6197575.68,640,576,15,2.0
m,1.5,47989990777.548004,3098787.84,72695808.0,6197575.68,640,576,15,2.0
l,1.5,95979981555.09601,3098787.84,72695808.0,6197575.68,640,576,15,2.0
xl,1.5,191959963110.19202,3098787.84,72695808.0,6197575.68,640,576,15,2.0
s,1.5,18152490575.788593,3825664.0,72695808.0,7651328.0,640,640,15,2.0
m,1.5,45381226439.47148,3825664.0,72695808.0,7651328.0,640,640,15,2.0
l,1.5,90762452878.94296,3825664.0,72695808.0,7651328.0,640,640,15,2.0
xl,1.5,181524905757.88593,3825664.0,72695808.0,7651328.0,640,640,15,2.0
s,1.5,15861753782.606947,3825664.0,87961927.68,7651328.0,704,640,15,2.0
m,1.5,39654384456.517365,3825664.0,87961927.68,7651328.0,704,640,15,2.0
l,1.5,79308768913.03473,3825664.0,87961927.68,7651328.0,704,640,15,2.0
xl,1.5,158617537826.06946,3825664.0,87961927.68,7651328.0,704,640,15,2.0
s,1.5,15072321898.828493,4629053.4399999995,87961927.68,9258106.879999999,704,704,15,2.0
m,1.5,37680804747.07123,4629053.4399999995,87961927.68,9258106.879999999,704,704,15,2.0
l,1.5,75361609494.14246,4629053.4399999995,87961927.68,9258106.879999999,704,704,15,2.0
xl,1.5,150723218988.2849,4629053.4399999995,87961927.68,9258106.879999999,704,704,15,2.0
s,1.5,13326129340.110367,4629053.4399999995,104681963.52,9258106.879999999,768,704,15,2.0
m,1.5,33315323350.275917,4629053.4399999995,104681963.52,9258106.879999999,768,704,15,2.0
l,1.5,66630646700.551834,4629053.4399999995,104681963.52,9258106.879999999,768,704,15,2.0
xl,1.5,133261293401.10367,4629053.4399999995,104681963.52,9258106.879999999,768,704,15,2.0
s,1.5,12714562041.188005,5508956.16,104681963.52,11017912.32,768,768,15,2.0
m,1.5,31786405102.970013,5508956.16,104681963.52,11017912.32,768,768,15,2.0
l,1.5,63572810205.940025,5508956.16,104681963.52,11017912.32,768,768,15,2.0
xl,1.5,127145620411.88005,5508956.16,104681963.52,11017912.32,768,768,15,2.0
s,1.5,66202324884.01488,956416.0,19403776.0,1912832.0,320,320,16,2.0
s,1.5,46707873143.2963,1377239.04,27941437.44,2754478.08,384,384,16,2.0
s,1.5,34711862551.227516,1874575.3599999999,38031400.96,3749150.7199999997,448,448,16,2.0
m,1.5,86779656378.06879,1874575.3599999999,38031400.96,3749150.7199999997,448,448,16,2.0
l,1.5,173559312756.13757,1874575.3599999999,38031400.96,3749150.7199999997,448,448,16,2.0
xl,1.5,347118625512.27515,1874575.3599999999,38031400.96,3749150.7199999997,448,448,16,2.0
s,1.5,26808217105.556217,2448424.96,49673666.56,4896849.92,512,512,16,2.0
m,1.5,67020542763.89054,2448424.96,49673666.56,4896849.92,512,512,16,2.0
l,1.5,134041085527.78108,2448424.96,49673666.56,4896849.92,512,512,16,2.0
xl,1.5,268082171055.56216,2448424.96,49673666.56,4896849.92,512,512,16,2.0
s,1.5,21326568955.137974,3098787.84,62868234.239999995,6197575.68,576,576,16,2.0
m,1.5,53316422387.84494,3098787.84,62868234.239999995,6197575.68,576,576,16,2.0
l,1.5,106632844775.68988,3098787.84,62868234.239999995,6197575.68,576,576,16,2.0
xl,1.5,213265689551.37976,3098787.84,62868234.239999995,6197575.68,576,576,16,2.0
s,1.5,17369490865.17633,3825664.0,77615104.0,7651328.0,640,640,16,2.0
m,1.5,43423727162.94083,3825664.0,77615104.0,7651328.0,640,640,16,2.0
l,1.5,86847454325.88165,3825664.0,77615104.0,7651328.0,640,640,16,2.0
xl,1.5,173694908651.7633,3825664.0,77615104.0,7651328.0,640,640,16,2.0
s,1.5,15140737809.175264,3825664.0,93914275.84,7651328.0,704,640,16,2.0
m,1.5,37851844522.93816,3825664.0,93914275.84,7651328.0,704,640,16,2.0
l,1.5,75703689045.87633,3825664.0,93914275.84,7651328.0,704,640,16,2.0
xl,1.5,151407378091.75266,3825664.0,93914275.84,7651328.0,704,640,16,2.0
s,1.5,16427304748.676083,4629053.4399999995,77615104.0,9258106.879999999,640,704,16,2.0
m,1.5,41068261871.69021,4629053.4399999995,77615104.0,9258106.879999999,640,704,16,2.0
l,1.5,82136523743.38042,4629053.4399999995,77615104.0,9258106.879999999,640,704,16,2.0
xl,1.5,164273047486.76083,4629053.4399999995,77615104.0,9258106.879999999,640,704,16,2.0
s,1.5,14419813009.498348,4629053.4399999995,93914275.84,9258106.879999999,704,704,16,2.0
m,1.5,36049532523.74587,4629053.4399999995,93914275.84,9258106.879999999,704,704,16,2.0
l,1.5,72099065047.49174,4629053.4399999995,93914275.84,9258106.879999999,704,704,16,2.0
xl,1.5,144198130094.9835,4629053.4399999995,93914275.84,9258106.879999999,704,704,16,2.0
s,1.5,12720885073.147326,4629053.4399999995,111765749.76,9258106.879999999,768,704,16,2.0
m,1.5,31802212682.868317,4629053.4399999995,111765749.76,9258106.879999999,768,704,16,2.0
l,1.5,63604425365.73663,4629053.4399999995,111765749.76,9258106.879999999,768,704,16,2.0
xl,1.5,127208850731.47327,4629053.4399999995,111765749.76,9258106.879999999,768,704,16,2.0
s,1.5,13706429929.270987,5508956.16,93914275.84,11017912.32,704,768,16,2.0
m,1.5,34266074823.177467,5508956.16,93914275.84,11017912.32,704,768,16,2.0
l,1.5,68532149646.354935,5508956.16,93914275.84,11017912.32,704,768,16,2.0
xl,1.5,137064299292.70987,5508956.16,93914275.84,11017912.32,704,768,16,2.0
s,1.5,12162444423.573412,5508956.16,111765749.76,11017912.32,768,768,16,2.0
m,1.5,30406111058.933533,5508956.16,111765749.76,11017912.32,768,768,16,2.0
l,1.5,60812222117.867065,5508956.16,111765749.76,11017912.32,768,768,16,2.0
xl,1.5,121624444235.73413,5508956.16,111765749.76,11017912.32,768,768,16,2.0
s,1.5,73479195650.19292,612106.24,19677184.0,1836318.72,640,256,4,3.0
s,1.5,50249175692.83824,956416.0,28335144.96,2869248.0,768,320,4,3.0
s,1.5,72758340538.71024,612106.24,19923148.799999997,1836318.72,576,256,5,3.0
s,1.5,55443952116.336395,956416.0,24596480.0,2869248.0,640,320,5,3.0
s,1.5,48471418130.08374,956416.0,29761740.8,2869248.0,704,320,5,3.0
s,1.5,42605474825.00075,956416.0,35418931.2,2869248.0,768,320,5,3.0
s,1.5,38722777749.78644,1377239.04,35418931.2,4131717.12,768,384,5,3.0
m,1.5,96806944374.4661,1377239.04,35418931.2,4131717.12,768,384,5,3.0
l,1.5,193613888748.9322,1377239.04,35418931.2,4131717.12,768,384,5,3.0
xl,1.5,387227777497.8644,1377239.04,35418931.2,4131717.12,768,384,5,3.0
s,1.5,75558868024.1229,612106.24,18890096.64,1836318.72,512,256,6,3.0
s,1.5,48733930593.14079,956416.0,29515776.0,2869248.0,640,320,6,3.0
s,1.5,42313779627.282425,956416.0,35714088.96,2869248.0,704,320,6,3.0
s,1.5,38481674803.04548,1377239.04,35714088.96,4131717.12,704,384,6,3.0
m,1.5,96204187007.6137,1377239.04,35714088.96,4131717.12,704,384,6,3.0
l,1.5,192408374015.2274,1377239.04,35714088.96,4131717.12,704,384,6,3.0
xl,1.5,384816748030.4548,1377239.04,35714088.96,4131717.12,704,384,6,3.0
s,1.5,34019470176.676975,1377239.04,42502717.44,4131717.12,768,384,6,3.0
m,1.5,85048675441.69244,1377239.04,42502717.44,4131717.12,768,384,6,3.0
l,1.5,170097350883.3849,1377239.04,42502717.44,4131717.12,768,384,6,3.0
xl,1.5,340194701766.7698,1377239.04,42502717.44,4131717.12,768,384,6,3.0
s,1.5,67440652207.20369,612106.24,22038446.08,1836318.72,512,256,7,3.0
s,1.5,50722769699.03616,956416.0,27892408.32,2869248.0,576,320,7,3.0
s,1.5,43472710689.70555,956416.0,34435072.0,2869248.0,640,320,7,3.0
s,1.5,39437824693.84165,1377239.04,34435072.0,4131717.12,640,384,7,3.0
s,1.5,34496267475.61727,1377239.04,41666437.120000005,4131717.12,704,384,7,3.0
m,1.5,86240668689.04317,1377239.04,41666437.120000005,4131717.12,704,384,7,3.0
l,1.5,172481337378.08633,1377239.04,41666437.120000005,4131717.12,704,384,7,3.0
xl,1.5,344962674756.17267,1377239.04,41666437.120000005,4131717.12,704,384,7,3.0
s,1.5,30334955891.647102,1377239.04,49586503.68,4131717.12,768,384,7,3.0
m,1.5,75837389729.11775,1377239.04,49586503.68,4131717.12,768,384,7,3.0
l,1.5,151674779458.2355,1377239.04,49586503.68,4131717.12,768,384,7,3.0
xl,1.5,303349558916.471,1377239.04,49586503.68,4131717.12,768,384,7,3.0
s,1.5,27988823564.781033,1874575.3599999999,49586503.68,5623726.08,768,448,7,3.0
m,1.5,69972058911.95259,1874575.3599999999,49586503.68,5623726.08,768,448,7,3.0
l,1.5,139944117823.90518,1874575.3599999999,49586503.68,5623726.08,768,448,7,3.0
xl,1.5,279888235647.81036,1874575.3599999999,49586503.68,5623726.08,768,448,7,3.0
s,1.5,74346960594.7584,612106.24,19283640.32,1836318.72,448,256,8,3.0
s,1.5,54452660052.71687,956416.0,25186795.52,2869248.0,512,320,8,3.0
s,1.5,46022165539.99894,956416.0,31877038.08,2869248.0,576,320,8,3.0
s,1.5,35919901286.83577,1377239.04,39354368.0,4131717.12,640,384,8,3.0
m,1.5,89799753217.08942,1377239.04,39354368.0,4131717.12,640,384,8,3.0
l,1.5,179599506434.17883,1377239.04,39354368.0,4131717.12,640,384,8,3.0
xl,1.5,359199012868.35767,1377239.04,39354368.0,4131717.12,640,384,8,3.0
s,1.5,31258897016.684948,1377239.04,47618785.28,4131717.12,704,384,8,3.0
m,1.5,78147242541.71237,1377239.04,47618785.28,4131717.12,704,384,8,3.0
l,1.5,156294485083.42474,1377239.04,47618785.28,4131717.12,704,384,8,3.0
xl,1.5,312588970166.8495,1377239.04,47618785.28,4131717.12,704,384,8,3.0
s,1.5,28773526018.096176,1874575.3599999999,47618785.28,5623726.08,704,448,8,3.0
m,1.5,71933815045.24043,1874575.3599999999,47618785.28,5623726.08,704,448,8,3.0
l,1.5,143867630090.48087,1874575.3599999999,47618785.28,5623726.08,704,448,8,3.0
xl,1.5,287735260180.96173,1874575.3599999999,47618785.28,5623726.08,704,448,8,3.0
s,1.5,25446014526.246864,1874575.3599999999,56670289.92,5623726.08,768,448,8,3.0
m,1.5,63615036315.617165,1874575.3599999999,56670289.92,5623726.08,768,448,8,3.0
l,1.5,127230072631.23433,1874575.3599999999,56670289.92,5623726.08,768,448,8,3.0
xl,1.5,254460145262.46866,1874575.3599999999,56670289.92,5623726.08,768,448,8,3.0
s,1.5,68155782651.19329,612106.24,21694095.36,1836318.72,448,256,9,3.0
s,1.5,50105939709.87493,956416.0,28335144.96,2869248.0,512,320,9,3.0
s,1.5,42118902932.79651,956416.0,35861667.839999996,2869248.0,576,320,9,3.0
s,1.5,38320430130.61248,1377239.04,35861667.839999996,4131717.12,576,384,9,3.0
m,1.5,95801075326.5312,1377239.04,35861667.839999996,4131717.12,576,384,9,3.0
l,1.5,191602150653.0624,1377239.04,35861667.839999996,4131717.12,576,384,9,3.0
xl,1.5,383204301306.1248,1377239.04,35861667.839999996,4131717.12,576,384,9,3.0
s,1.5,32978188778.00841,1377239.04,44273664.0,4131717.12,640,384,9,3.0
m,1.5,82445471945.02103,1377239.04,44273664.0,4131717.12,640,384,9,3.0
l,1.5,164890943890.04205,1377239.04,44273664.0,4131717.12,640,384,9,3.0
xl,1.5,329781887780.0841,1377239.04,44273664.0,4131717.12,640,384,9,3.0
s,1.5,26485563304.755062,1874575.3599999999,53571133.44,5623726.08,704,448,9,3.0
m,1.5,66213908261.88766,1874575.3599999999,53571133.44,5623726.08,704,448,9,3.0
l,1.5,132427816523.77531,1874575.3599999999,53571133.44,5623726.08,704,448,9,3.0
xl,1.5,264855633047.55063,1874575.3599999999,53571133.44,5623726.08,704,448,9,3.0
s,1.5,23326758193.88204,1874575.3599999999,63754076.160000004,5623726.08,768,448,9,3.0
m,1.5,58316895484.7051,1874575.3599999999,63754076.160000004,5623726.08,768,448,9,3.0
l,1.5,116633790969.4102,1874575.3599999999,63754076.160000004,5623726.08,768,448,9,3.0
xl,1.5,233267581938.8204,1874575.3599999999,63754076.160000004,5623726.08,768,448,9,3.0
s,1.5,21719136436.139133,2448424.96,63754076.160000004,7345274.88,768,512,9,3.0
m,1.5,54297841090.34783,2448424.96,63754076.160000004,7345274.88,768,512,9,3.0
l,1.5,108595682180.69566,2448424.96,63754076.160000004,7345274.88,768,512,9,3.0
xl,1.5,217191364361.39133,2448424.96,63754076.160000004,7345274.88,768,512,9,3.0
s,1.5,43610522707.36688,956416.0,30783569.92,2869248.0,512,320,10,3.0
s,1.5,33714069277.793243,1377239.04,38960455.67999999,4131717.12,576,384,10,3.0
m,1.5,84285173194.48311,1377239.04,38960455.67999999,4131717.12,576,384,10,3.0
l,1.5,168570346388.96622,1377239.04,38960455.67999999,4131717.12,576,384,10,3.0
xl,1.5,337140692777.93243,1377239.04,38960455.67999999,4131717.12,576,384,10,3.0
s,1.5,28959765188.116257,1377239.04,48099328.0,4131717.12,640,384,10,3.0
m,1.5,72399412970.29065,1377239.04,48099328.0,4131717.12,640,384,10,3.0
l,1.5,144798825940.5813,1377239.04,48099328.0,4131717.12,640,384,10,3.0
xl,1.5,289597651881.1626,1377239.04,48099328.0,4131717.12,640,384,10,3.0
s,1.5,26814004861.21923,1874575.3599999999,48099328.0,5623726.08,640,448,10,3.0
m,1.5,67035012153.04808,1874575.3599999999,48099328.0,5623726.08,640,448,10,3.0
l,1.5,134070024306.09616,1874575.3599999999,48099328.0,5623726.08,640,448,10,3.0
xl,1.5,268140048612.19232,1874575.3599999999,48099328.0,5623726.08,640,448,10,3.0
s,1.5,23443727223.199764,1874575.3599999999,58200186.879999995,5623726.08,704,448,10,3.0
m,1.5,58609318057.999405,1874575.3599999999,58200186.879999995,5623726.08,704,448,10,3.0
l,1.5,117218636115.99881,1874575.3599999999,58200186.879999995,5623726.08,704,448,10,3.0
xl,1.5,234437272231.99762,1874575.3599999999,58200186.879999995,5623726.08,704,448,10,3.0
s,1.5,20614879105.215237,1874575.3599999999,69263032.32000001,5623726.08,768,448,10,3.0
m,1.5,51537197763.03809,1874575.3599999999,69263032.32000001,5623726.08,768,448,10,3.0
l,1.5,103074395526.07619,1874575.3599999999,69263032.32000001,5623726.08,768,448,10,3.0
xl,1.5,206148791052.15237,1874575.3599999999,69263032.32000001,5623726.08,768,448,10,3.0
s,1.5,19349180496.988403,2448424.96,69263032.32000001,7345274.88,768,512,10,3.0
m,1.5,48372951242.47101,2448424.96,69263032.32000001,7345274.88,768,512,10,3.0
l,1.5,96745902484.94202,2448424.96,69263032.32000001,7345274.88,768,512,10,3.0
xl,1.5,193491804969.88403,2448424.96,69263032.32000001,7345274.88,768,512,10,3.0
s,1.5,68459931112.96614,612106.24,19086704.64,1836318.72,384,256,11,3.0
s,1.5,49342594696.26983,956416.0,25979125.759999998,2869248.0,448,320,11,3.0
s,1.5,40777407158.50916,956416.0,33931919.36,2869248.0,512,320,11,3.0
s,1.5,31570782931.338543,1377239.04,42945085.44,4131717.12,576,384,11,3.0
m,1.5,78926957328.34636,1377239.04,42945085.44,4131717.12,576,384,11,3.0
l,1.5,157853914656.69272,1377239.04,42945085.44,4131717.12,576,384,11,3.0
xl,1.5,315707829313.38544,1377239.04,42945085.44,4131717.12,576,384,11,3.0
s,1.5,25139969153.99923,1874575.3599999999,53018624.0,5623726.08,640,448,11,3.0
m,1.5,62849922884.99808,1874575.3599999999,53018624.0,5623726.08,640,448,11,3.0
l,1.5,125699845769.99615,1874575.3599999999,53018624.0,5623726.08,640,448,11,3.0
xl,1.5,251399691539.9923,1874575.3599999999,53018624.0,5623726.08,640,448,11,3.0
s,1.5,21902167354.624104,1874575.3599999999,64152535.04,5623726.08,704,448,11,3.0
m,1.5,54755418386.56026,1874575.3599999999,64152535.04,5623726.08,704,448,11,3.0
l,1.5,109510836773.12051,1874575.3599999999,64152535.04,5623726.08,704,448,11,3.0
xl,1.5,219021673546.24103,1874575.3599999999,64152535.04,5623726.08,704,448,11,3.0
s,1.5,20478917880.61587,2448424.96,64152535.04,7345274.88,704,512,11,3.0
m,1.5,51197294701.53968,2448424.96,64152535.04,7345274.88,704,512,11,3.0
l,1.5,102394589403.07936,2448424.96,64152535.04,7345274.88,704,512,11,3.0
xl,1.5,204789178806.15872,2448424.96,64152535.04,7345274.88,704,512,11,3.0
s,1.5,18098855214.5447,2448424.96,76346818.56,7345274.88,768,512,11,3.0
m,1.5,45247138036.36175,2448424.96,76346818.56,7345274.88,768,512,11,3.0
l,1.5,90494276072.7235,2448424.96,76346818.56,7345274.88,768,512,11,3.0
xl,1.5,180988552145.447,2448424.96,76346818.56,7345274.88,768,512,11,3.0
s,1.5,64487919786.14143,612106.24,20857651.2,1836318.72,384,256,12,3.0
s,1.5,46536982982.60455,956416.0,28389580.8,2869248.0,448,320,12,3.0
s,1.5,35124750277.360176,1377239.04,37080268.8,4131717.12,512,384,12,3.0
m,1.5,87811875693.40045,1377239.04,37080268.8,4131717.12,512,384,12,3.0
l,1.5,175623751386.8009,1377239.04,37080268.8,4131717.12,512,384,12,3.0
xl,1.5,351247502773.6018,1377239.04,37080268.8,4131717.12,512,384,12,3.0
s,1.5,29683716056.896034,1377239.04,46929715.2,4131717.12,576,384,12,3.0
m,1.5,74209290142.24008,1377239.04,46929715.2,4131717.12,576,384,12,3.0
l,1.5,148418580284.48016,1377239.04,46929715.2,4131717.12,576,384,12,3.0
xl,1.5,296837160568.9603,1377239.04,46929715.2,4131717.12,576,384,12,3.0
s,1.5,27433501151.10791,1874575.3599999999,46929715.2,5623726.08,576,448,12,3.0
m,1.5,68583752877.76977,1874575.3599999999,46929715.2,5623726.08,576,448,12,3.0
l,1.5,137167505755.53954,1874575.3599999999,46929715.2,5623726.08,576,448,12,3.0
xl,1.5,274335011511.07907,1874575.3599999999,46929715.2,5623726.08,576,448,12,3.0
s,1.5,23662675342.194263,1874575.3599999999,57937920.0,5623726.08,640,448,12,3.0
m,1.5,59156688355.48566,1874575.3599999999,57937920.0,5623726.08,640,448,12,3.0
l,1.5,118313376710.97131,1874575.3599999999,57937920.0,5623726.08,640,448,12,3.0
xl,1.5,236626753421.94263,1874575.3599999999,57937920.0,5623726.08,640,448,12,3.0
s,1.5,20550831982.54305,1874575.3599999999,70104883.2,5623726.08,704,448,12,3.0
m,1.5,51377079956.35762,1874575.3599999999,70104883.2,5623726.08,704,448,12,3.0
l,1.5,102754159912.71524,1874575.3599999999,70104883.2,5623726.08,704,448,12,3.0
xl,1.5,205508319825.43048,1874575.3599999999,70104883.2,5623726.08,704,448,12,3.0
s,1.5,19292745820.29367,2448424.96,70104883.2,7345274.88,704,512,12,3.0
m,1.5,48231864550.73418,2448424.96,70104883.2,7345274.88,704,512,12,3.0
l,1.5,96463729101.46835,2448424.96,70104883.2,7345274.88,704,512,12,3.0
xl,1.5,192927458202.9367,2448424.96,70104883.2,7345274.88,704,512,12,3.0
s,1.5,17000311564.98646,2448424.96,83430604.8,7345274.88,768,512,12,3.0
m,1.5,42500778912.46615,2448424.96,83430604.8,7345274.88,768,512,12,3.0
l,1.5,85001557824.9323,2448424.96,83430604.8,7345274.88,768,512,12,3.0
xl,1.5,170003115649.8646,2448424.96,83430604.8,7345274.88,768,512,12,3.0
s,1.5,16024249095.68237,3098787.84,83430604.8,9296363.52,768,576,12,3.0
m,1.5,40060622739.205925,3098787.84,83430604.8,9296363.52,768,576,12,3.0
l,1.5,80121245478.41185,3098787.84,83430604.8,9296363.52,768,576,12,3.0
xl,1.5,160242490956.8237,3098787.84,83430604.8,9296363.52,768,576,12,3.0
s,1.5,60951541508.742065,612106.24,22628597.759999998,1836318.72,384,256,13,3.0
s,1.5,44033259200.65369,956416.0,30800035.84,2869248.0,448,320,13,3.0
s,1.5,33263379043.502537,1377239.04,40228618.24,4131717.12,512,384,13,3.0
m,1.5,83158447608.75635,1377239.04,40228618.24,4131717.12,512,384,13,3.0
l,1.5,166316895217.5127,1377239.04,40228618.24,4131717.12,512,384,13,3.0
xl,1.5,332633790435.0254,1377239.04,40228618.24,4131717.12,512,384,13,3.0
s,1.5,28009515305.60786,1377239.04,50914344.95999999,4131717.12,576,384,13,3.0
m,1.5,70023788264.01965,1377239.04,50914344.95999999,4131717.12,576,384,13,3.0
l,1.5,140047576528.0393,1377239.04,50914344.95999999,4131717.12,576,384,13,3.0
xl,1.5,280095153056.0786,1377239.04,50914344.95999999,4131717.12,576,384,13,3.0
s,1.5,25997369310.401505,1874575.3599999999,50914344.95999999,5623726.08,576,448,13,3.0
m,1.5,64993423276.00376,1874575.3599999999,50914344.95999999,5623726.08,576,448,13,3.0
l,1.5,129986846552.00752,1874575.3599999999,50914344.95999999,5623726.08,576,448,13,3.0
xl,1.5,259973693104.01505,1874575.3599999999,50914344.95999999,5623726.08,576,448,13,3.0
s,1.5,22349365108.205017,1874575.3599999999,62857216.0,5623726.08,640,448,13,3.0
m,1.5,55873412770.51254,1874575.3599999999,62857216.0,5623726.08,640,448,13,3.0
l,1.5,111746825541.02509,1874575.3599999999,62857216.0,5623726.08,640,448,13,3.0
xl,1.5,223493651082.05017,1874575.3599999999,62857216.0,5623726.08,640,448,13,3.0
s,1.5,20869366233.25301,2448424.96,62857216.0,7345274.88,640,512,13,3.0
m,1.5,52173415583.13252,2448424.96,62857216.0,7345274.88,640,512,13,3.0
l,1.5,104346831166.26505,2448424.96,62857216.0,7345274.88,640,512,13,3.0
xl,1.5,208693662332.5301,2448424.96,62857216.0,7345274.88,640,512,13,3.0
s,1.5,18236460518.85635,2448424.96,76057231.36,7345274.88,704,512,13,3.0
m,1.5,45591151297.14088,2448424.96,76057231.36,7345274.88,704,512,13,3.0
l,1.5,91182302594.28175,2448424.96,76057231.36,7345274.88,704,512,13,3.0
xl,1.5,182364605188.5635,2448424.96,76057231.36,7345274.88,704,512,13,3.0
s,1.5,16027493088.773588,2448424.96,90514391.03999999,7345274.88,768,512,13,3.0
m,1.5,40068732721.93397,2448424.96,90514391.03999999,7345274.88,768,512,13,3.0
l,1.5,80137465443.86794,2448424.96,90514391.03999999,7345274.88,768,512,13,3.0
xl,1.5,160274930887.73587,2448424.96,90514391.03999999,7345274.88,768,512,13,3.0
s,1.5,15157082323.972675,3098787.84,90514391.03999999,9296363.52,768,576,13,3.0
m,1.5,37892705809.93169,3098787.84,90514391.03999999,9296363.52,768,576,13,3.0
l,1.5,75785411619.86337,3098787.84,90514391.03999999,9296363.52,768,576,13,3.0
xl,1.5,151570823239.72675,3098787.84,90514391.03999999,9296363.52,768,576,13,3.0
s,1.5,51948706129.36196,956416.0,24399544.32,2869248.0,384,320,14,3.0
s,1.5,41785185599.53738,956416.0,33210490.88,2869248.0,448,320,14,3.0
s,1.5,31589359320.355846,1377239.04,43376967.68,4131717.12,512,384,14,3.0
m,1.5,78973398300.88962,1377239.04,43376967.68,4131717.12,512,384,14,3.0
l,1.5,157946796601.77924,1377239.04,43376967.68,4131717.12,512,384,14,3.0
xl,1.5,315893593203.5585,1377239.04,43376967.68,4131717.12,512,384,14,3.0
s,1.5,24704119415.19649,1874575.3599999999,54898974.72,5623726.08,576,448,14,3.0
m,1.5,61760298537.99123,1874575.3599999999,54898974.72,5623726.08,576,448,14,3.0
l,1.5,123520597075.98245,1874575.3599999999,54898974.72,5623726.08,576,448,14,3.0
xl,1.5,247041194151.9649,1874575.3599999999,54898974.72,5623726.08,576,448,14,3.0
s,1.5,21174170246.315094,1874575.3599999999,67776512.0,5623726.08,640,448,14,3.0
m,1.5,52935425615.787735,1874575.3599999999,67776512.0,5623726.08,640,448,14,3.0
l,1.5,105870851231.57547,1874575.3599999999,67776512.0,5623726.08,640,448,14,3.0
xl,1.5,211741702463.15094,1874575.3599999999,67776512.0,5623726.08,640,448,14,3.0
s,1.5,19841082610.74222,2448424.96,67776512.0,7345274.88,640,512,14,3.0
m,1.5,49602706526.85556,2448424.96,67776512.0,7345274.88,640,512,14,3.0
l,1.5,99205413053.71112,2448424.96,67776512.0,7345274.88,640,512,14,3.0
xl,1.5,198410826107.42224,2448424.96,67776512.0,7345274.88,640,512,14,3.0
s,1.5,17289835341.417862,2448424.96,82009579.52,7345274.88,704,512,14,3.0
m,1.5,43224588353.544655,2448424.96,82009579.52,7345274.88,704,512,14,3.0
l,1.5,86449176707.08931,2448424.96,82009579.52,7345274.88,704,512,14,3.0
xl,1.5,172898353414.17862,2448424.96,82009579.52,7345274.88,704,512,14,3.0
s,1.5,16281230326.23984,3098787.84,82009579.52,9296363.52,704,576,14,3.0
m,1.5,40703075815.5996,3098787.84,82009579.52,9296363.52,704,576,14,3.0
l,1.5,81406151631.1992,3098787.84,82009579.52,9296363.52,704,576,14,3.0
xl,1.5,162812303262.3984,3098787.84,82009579.52,9296363.52,704,576,14,3.0
s,1.5,14378952281.434875,3098787.84,97598177.28,9296363.52,768,576,14,3.0
m,1.5,35947380703.58719,3098787.84,97598177.28,9296363.52,768,576,14,3.0
l,1.5,71894761407.17438,3098787.84,97598177.28,9296363.52,768,576,14,3.0
xl,1.5,143789522814.34875,3098787.84,97598177.28,9296363.52,768,576,14,3.0
s,1.5,13598243245.43877,3825664.0,97598177.28,11476992.0,768,640,14,3.0
m,1.5,33995608113.596924,3825664.0,97598177.28,11476992.0,768,640,14,3.0
l,1.5,67991216227.19385,3825664.0,97598177.28,11476992.0,768,640,14,3.0
xl,1.5,135982432454.3877,3825664.0,97598177.28,11476992.0,768,640,14,3.0
s,1.5,71738750570.34224,612106.24,18173952.0,1836318.72,320,256,15,3.0
s,1.5,49629138067.08417,956416.0,26170490.88,2869248.0,384,320,15,3.0
s,1.5,39755508254.971504,956416.0,35620945.92,2869248.0,448,320,15,3.0
s,1.5,36354146255.22207,1377239.04,35620945.92,4131717.12,448,384,15,3.0
m,1.5,90885365638.05518,1377239.04,35620945.92,4131717.12,448,384,15,3.0
l,1.5,181770731276.11035,1377239.04,35620945.92,4131717.12,448,384,15,3.0
xl,1.5,363541462552.2207,1377239.04,35620945.92,4131717.12,448,384,15,3.0
s,1.5,30075760357.335075,1377239.04,46525317.12,4131717.12,512,384,15,3.0
m,1.5,75189400893.33769,1377239.04,46525317.12,4131717.12,512,384,15,3.0
l,1.5,150378801786.67538,1377239.04,46525317.12,4131717.12,512,384,15,3.0
xl,1.5,300757603573.35077,1377239.04,46525317.12,4131717.12,512,384,15,3.0
s,1.5,23533438764.672024,1874575.3599999999,58883604.480000004,5623726.08,576,448,15,3.0
m,1.5,58833596911.68005,1874575.3599999999,58883604.480000004,5623726.08,576,448,15,3.0
l,1.5,117667193823.3601,1874575.3599999999,58883604.480000004,5623726.08,576,448,15,3.0
xl,1.5,235334387646.7202,1874575.3599999999,58883604.480000004,5623726.08,576,448,15,3.0
s,1.5,18909372567.15781,2448424.96,72695808.0,7345274.88,640,512,15,3.0
m,1.5,47273431417.89453,2448424.96,72695808.0,7345274.88,640,512,15,3.0
l,1.5,94546862835.78906,2448424.96,72695808.0,7345274.88,640,512,15,3.0
xl,1.5,189093725671.57812,2448424.96,72695808.0,7345274.88,640,512,15,3.0
s,1.5,16436636137.333967,2448424.96,87961927.68,7345274.88,704,512,15,3.0
m,1.5,41091590343.334915,2448424.96,87961927.68,7345274.88,704,512,15,3.0
l,1.5,82183180686.66983,2448424.96,87961927.68,7345274.88,704,512,15,3.0
xl,1.5,164366361373.33966,2448424.96,87961927.68,7345274.88,704,512,15,3.0
s,1.5,15522486526.909508,3098787.84,87961927.68,9296363.52,704,576,15,3.0
m,1.5,38806216317.273766,3098787.84,87961927.68,9296363.52,704,576,15,3.0
l,1.5,77612432634.54753,3098787.84,87961927.68,9296363.52,704,576,15,3.0
xl,1.5,155224865269.09506,3098787.84,87961927.68,9296363.52,704,576,15,3.0
s,1.5,13676815749.265646,3098787.84,104681963.52,9296363.52,768,576,15,3.0
m,1.5,34192039373.164116,3098787.84,104681963.52,9296363.52,768,576,15,3.0
l,1.5,68384078746.32823,3098787.84,104681963.52,9296363.52,768,576,15,3.0
xl,1.5,136768157492.65646,3098787.84,104681963.52,9296363.52,768,576,15,3.0
s,1.5,12968612881.919035,3825664.0,104681963.52,11476992.0,768,640,15,3.0
m,1.5,32421532204.79759,3825664.0,104681963.52,11476992.0,768,640,15,3.0
l,1.5,64843064409.59518,3825664.0,104681963.52,11476992.0,768,640,15,3.0
xl,1.5,129686128819.19035,3825664.0,104681963.52,11476992.0,768,640,15,3.0
s,1.5,68651935181.591225,612106.24,19403776.0,1836318.72,320,256,16,3.0
s,1.5,47507858823.66722,956416.0,27941437.44,2869248.0,384,320,16,3.0
s,1.5,34808034748.28264,1377239.04,38031400.96,4131717.12,448,384,16,3.0
m,1.5,87020086870.7066,1377239.04,38031400.96,4131717.12,448,384,16,3.0
l,1.5,174040173741.4132,1377239.04,38031400.96,4131717.12,448,384,16,3.0
xl,1.5,348080347482.8264,1377239.04,38031400.96,4131717.12,448,384,16,3.0
s,1.5,28700576928.13129,1377239.04,49673666.56,4131717.12,512,384,16,3.0
m,1.5,71751442320.32823,1377239.04,49673666.56,4131717.12,512,384,16,3.0
l,1.5,143502884640.65646,1377239.04,49673666.56,4131717.12,512,384,16,3.0
xl,1.5,287005769281.3129,1377239.04,49673666.56,4131717.12,512,384,16,3.0
s,1.5,26591655075.260998,1874575.3599999999,49673666.56,5623726.08,512,448,16,3.0
m,1.5,66479137688.1525,1874575.3599999999,49673666.56,5623726.08,512,448,16,3.0
l,1.5,132958275376.305,1874575.3599999999,49673666.56,5623726.08,512,448,16,3.0
xl,1.5,265916550752.61,1874575.3599999999,49673666.56,5623726.08,512,448,16,3.0
s,1.5,22468690773.107727,1874575.3599999999,62868234.239999995,5623726.08,576,448,16,3.0
m,1.5,56171726932.76932,1874575.3599999999,62868234.239999995,5623726.08,576,448,16,3.0
l,1.5,112343453865.53864,1874575.3599999999,62868234.239999995,5623726.08,576,448,16,3.0
xl,1.5,224686907731.07727,1874575.3599999999,62868234.239999995,5623726.08,576,448,16,3.0
s,1.5,20973374648.838448,2448424.96,62868234.239999995,7345274.88,576,512,16,3.0
m,1.5,52433436622.096115,2448424.96,62868234.239999995,7345274.88,576,512,16,3.0
l,1.5,104866873244.19223,2448424.96,62868234.239999995,7345274.88,576,512,16,3.0
xl,1.5,209733746488.38446,2448424.96,62868234.239999995,7345274.88,576,512,16,3.0
s,1.5,18061241426.01195,2448424.96,77615104.0,7345274.88,640,512,16,3.0
m,1.5,45153103565.02988,2448424.96,77615104.0,7345274.88,640,512,16,3.0
l,1.5,90306207130.05975,2448424.96,77615104.0,7345274.88,640,512,16,3.0
xl,1.5,180612414260.1195,2448424.96,77615104.0,7345274.88,640,512,16,3.0
s,1.5,16963485629.673458,3098787.84,77615104.0,9296363.52,640,576,16,3.0
m,1.5,42408714074.18365,3098787.84,77615104.0,9296363.52,640,576,16,3.0
l,1.5,84817428148.3673,3098787.84,77615104.0,9296363.52,640,576,16,3.0
xl,1.5,169634856296.7346,3098787.84,77615104.0,9296363.52,640,576,16,3.0
s,1.5,14831312331.70884,3098787.84,93914275.84,9296363.52,704,576,16,3.0
m,1.5,37078280829.272095,3098787.84,93914275.84,9296363.52,704,576,16,3.0
l,1.5,74156561658.54419,3098787.84,93914275.84,9296363.52,704,576,16,3.0
xl,1.5,148313123317.08838,3098787.84,93914275.84,9296363.52,704,576,16,3.0
s,1.5,13040058542.93951,3098787.84,111765749.76,9296363.52,768,576,16,3.0
m,1.5,32600146357.348778,3098787.84,111765749.76,9296363.52,768,576,16,3.0
l,1.5,65200292714.697556,3098787.84,111765749.76,9296363.52,768,576,16,3.0
xl,1.5,130400585429.39511,3098787.84,111765749.76,9296363.52,768,576,16,3.0
s,1.5,12394708961.515354,3825664.0,111765749.76,11476992.0,768,640,16,3.0
m,1.5,30986772403.788383,3825664.0,111765749.76,11476992.0,768,640,16,3.0
l,1.5,61973544807.57677,3825664.0,111765749.76,11476992.0,768,640,16,3.0
xl,1.5,123947089615.15353,3825664.0,111765749.76,11476992.0,768,640,16,3.0
s,1.5,73479195650.19292,612106.24,19677184.0,1836318.72,640,256,4,3.0
s,1.5,50249175692.83824,956416.0,28335144.96,2869248.0,768,320,4,3.0
s,1.5,72758340538.71024,612106.24,19923148.799999997,1836318.72,576,256,5,3.0
s,1.5,55443952116.336395,956416.0,24596480.0,2869248.0,640,320,5,3.0
s,1.5,48471418130.08374,956416.0,29761740.8,2869248.0,704,320,5,3.0
s,1.5,42605474825.00075,956416.0,35418931.2,2869248.0,768,320,5,3.0
s,1.5,38722777749.78644,1377239.04,35418931.2,4131717.12,768,384,5,3.0
m,1.5,96806944374.4661,1377239.04,35418931.2,4131717.12,768,384,5,3.0
l,1.5,193613888748.9322,1377239.04,35418931.2,4131717.12,768,384,5,3.0
xl,1.5,387227777497.8644,1377239.04,35418931.2,4131717.12,768,384,5,3.0
s,1.5,75558868024.1229,612106.24,18890096.64,1836318.72,512,256,6,3.0
s,1.5,48733930593.14079,956416.0,29515776.0,2869248.0,640,320,6,3.0
s,1.5,42313779627.282425,956416.0,35714088.96,2869248.0,704,320,6,3.0
s,1.5,38481674803.04548,1377239.04,35714088.96,4131717.12,704,384,6,3.0
m,1.5,96204187007.6137,1377239.04,35714088.96,4131717.12,704,384,6,3.0
l,1.5,192408374015.2274,1377239.04,35714088.96,4131717.12,704,384,6,3.0
xl,1.5,384816748030.4548,1377239.04,35714088.96,4131717.12,704,384,6,3.0
s,1.5,34019470176.676975,1377239.04,42502717.44,4131717.12,768,384,6,3.0
m,1.5,85048675441.69244,1377239.04,42502717.44,4131717.12,768,384,6,3.0
l,1.5,170097350883.3849,1377239.04,42502717.44,4131717.12,768,384,6,3.0
xl,1.5,340194701766.7698,1377239.04,42502717.44,4131717.12,768,384,6,3.0
s,1.5,67440652207.20369,612106.24,22038446.08,1836318.72,512,256,7,3.0
s,1.5,50722769699.03616,956416.0,27892408.32,2869248.0,576,320,7,3.0
s,1.5,43472710689.70555,956416.0,34435072.0,2869248.0,640,320,7,3.0
s,1.5,39437824693.84165,1377239.04,34435072.0,4131717.12,640,384,7,3.0
s,1.5,34496267475.61727,1377239.04,41666437.120000005,4131717.12,704,384,7,3.0
m,1.5,86240668689.04317,1377239.04,41666437.120000005,4131717.12,704,384,7,3.0
l,1.5,172481337378.08633,1377239.04,41666437.120000005,4131717.12,704,384,7,3.0
xl,1.5,344962674756.17267,1377239.04,41666437.120000005,4131717.12,704,384,7,3.0
s,1.5,30334955891.647102,1377239.04,49586503.68,4131717.12,768,384,7,3.0
m,1.5,75837389729.11775,1377239.04,49586503.68,4131717.12,768,384,7,3.0
l,1.5,151674779458.2355,1377239.04,49586503.68,4131717.12,768,384,7,3.0
xl,1.5,303349558916.471,1377239.04,49586503.68,4131717.12,768,384,7,3.0
s,1.5,27988823564.781033,1874575.3599999999,49586503.68,5623726.08,768,448,7,3.0
m,1.5,69972058911.95259,1874575.3599999999,49586503.68,5623726.08,768,448,7,3.0
l,1.5,139944117823.90518,1874575.3599999999,49586503.68,5623726.08,768,448,7,3.0
xl,1.5,279888235647.81036,1874575.3599999999,49586503.68,5623726.08,768,448,7,3.0
s,1.5,74346960594.7584,612106.24,19283640.32,1836318.72,448,256,8,3.0
s,1.5,54452660052.71687,956416.0,25186795.52,2869248.0,512,320,8,3.0
s,1.5,46022165539.99894,956416.0,31877038.08,2869248.0,576,320,8,3.0
s,1.5,35919901286.83577,1377239.04,39354368.0,4131717.12,640,384,8,3.0
m,1.5,89799753217.08942,1377239.04,39354368.0,4131717.12,640,384,8,3.0
l,1.5,179599506434.17883,1377239.04,39354368.0,4131717.12,640,384,8,3.0
xl,1.5,359199012868.35767,1377239.04,39354368.0,4131717.12,640,384,8,3.0
s,1.5,31258897016.684948,1377239.04,47618785.28,4131717.12,704,384,8,3.0
m,1.5,78147242541.71237,1377239.04,47618785.28,4131717.12,704,384,8,3.0
l,1.5,156294485083.42474,1377239.04,47618785.28,4131717.12,704,384,8,3.0
xl,1.5,312588970166.8495,1377239.04,47618785.28,4131717.12,704,384,8,3.0
s,1.5,28773526018.096176,1874575.3599999999,47618785.28,5623726.08,704,448,8,3.0
m,1.5,71933815045.24043,1874575.3599999999,47618785.28,5623726.08,704,448,8,3.0
l,1.5,143867630090.48087,1874575.3599999999,47618785.28,5623726.08,704,448,8,3.0
xl,1.5,287735260180.96173,1874575.3599999999,47618785.28,5623726.08,704,448,8,3.0
s,1.5,25446014526.246864,1874575.3599999999,56670289.92,5623726.08,768,448,8,3.0
m,1.5,63615036315.617165,1874575.3599999999,56670289.92,5623726.08,768,448,8,3.0
l,1.5,127230072631.23433,1874575.3599999999,56670289.92,5623726.08,768,448,8,3.0
xl,1.5,254460145262.46866,1874575.3599999999,56670289.92,5623726.08,768,448,8,3.0
s,1.5,68155782651.19329,612106.24,21694095.36,1836318.72,448,256,9,3.0
s,1.5,50105939709.87493,956416.0,28335144.96,2869248.0,512,320,9,3.0
s,1.5,42118902932.79651,956416.0,35861667.839999996,2869248.0,576,320,9,3.0
s,1.5,38320430130.61248,1377239.04,35861667.839999996,4131717.12,576,384,9,3.0
m,1.5,95801075326.5312,1377239.04,35861667.839999996,4131717.12,576,384,9,3.0
l,1.5,191602150653.0624,1377239.04,35861667.839999996,4131717.12,576,384,9,3.0
xl,1.5,383204301306.1248,1377239.04,35861667.839999996,4131717.12,576,384,9,3.0
s,1.5,32978188778.00841,1377239.04,44273664.0,4131717.12,640,384,9,3.0
m,1.5,82445471945.02103,1377239.04,44273664.0,4131717.12,640,384,9,3.0
l,1.5,164890943890.04205,1377239.04,44273664.0,4131717.12,640,384,9,3.0
xl,1.5,329781887780.0841,1377239.04,44273664.0,4131717.12,640,384,9,3.0
s,1.5,26485563304.755062,1874575.3599999999,53571133.44,5623726.08,704,448,9,3.0
m,1.5,66213908261.88766,1874575.3599999999,53571133.44,5623726.08,704,448,9,3.0
l,1.5,132427816523.77531,1874575.3599999999,53571133.44,5623726.08,704,448,9,3.0
xl,1.5,264855633047.55063,1874575.3599999999,53571133.44,5623726.08,704,448,9,3.0
s,1.5,23326758193.88204,1874575.3599999999,63754076.160000004,5623726.08,768,448,9,3.0
m,1.5,58316895484.7051,1874575.3599999999,63754076.160000004,5623726.08,768,448,9,3.0
l,1.5,116633790969.4102,1874575.3599999999,63754076.160000004,5623726.08,768,448,9,3.0
xl,1.5,233267581938.8204,1874575.3599999999,63754076.160000004,5623726.08,768,448,9,3.0
s,1.5,21719136436.139133,2448424.96,63754076.160000004,7345274.88,768,512,9,3.0
m,1.5,54297841090.34783,2448424.96,63754076.160000004,7345274.88,768,512,9,3.0
l,1.5,108595682180.69566,2448424.96,63754076.160000004,7345274.88,768,512,9,3.0
xl,1.5,217191364361.39133,2448424.96,63754076.160000004,7345274.88,768,512,9,3.0
s,1.5,43610522707.36688,956416.0,30783569.92,2869248.0,512,320,10,3.0
s,1.5,33714069277.793243,1377239.04,38960455.67999999,4131717.12,576,384,10,3.0
m,1.5,84285173194.48311,1377239.04,38960455.67999999,4131717.12,576,384,10,3.0
l,1.5,168570346388.96622,1377239.04,38960455.67999999,4131717.12,576,384,10,3.0
xl,1.5,337140692777.93243,1377239.04,38960455.67999999,4131717.12,576,384,10,3.0
s,1.5,28959765188.116257,1377239.04,48099328.0,4131717.12,640,384,10,3.0
m,1.5,72399412970.29065,1377239.04,48099328.0,4131717.12,640,384,10,3.0
l,1.5,144798825940.5813,1377239.04,48099328.0,4131717.12,640,384,10,3.0
xl,1.5,289597651881.1626,1377239.04,48099328.0,4131717.12,640,384,10,3.0
s,1.5,26814004861.21923,1874575.3599999999,48099328.0,5623726.08,640,448,10,3.0
m,1.5,67035012153.04808,1874575.3599999999,48099328.0,5623726.08,640,448,10,3.0
l,1.5,134070024306.09616,1874575.3599999999,48099328.0,5623726.08,640,448,10,3.0
xl,1.5,268140048612.19232,1874575.3599999999,48099328.0,5623726.08,640,448,10,3.0
s,1.5,23443727223.199764,1874575.3599999999,58200186.879999995,5623726.08,704,448,10,3.0
m,1.5,58609318057.999405,1874575.3599999999,58200186.879999995,5623726.08,704,448,10,3.0
l,1.5,117218636115.99881,1874575.3599999999,58200186.879999995,5623726.08,704,448,10,3.0
xl,1.5,234437272231.99762,1874575.3599999999,58200186.879999995,5623726.08,704,448,10,3.0
s,1.5,20614879105.215237,1874575.3599999999,69263032.32000001,5623726.08,768,448,10,3.0
m,1.5,51537197763.03809,1874575.3599999999,69263032.32000001,5623726.08,768,448,10,3.0
l,1.5,103074395526.07619,1874575.3599999999,69263032.32000001,5623726.08,768,448,10,3.0
xl,1.5,206148791052.15237,1874575.3599999999,69263032.32000001,5623726.08,768,448,10,3.0
s,1.5,19349180496.988403,2448424.96,69263032.32000001,7345274.88,768,512,10,3.0
m,1.5,48372951242.47101,2448424.96,69263032.32000001,7345274.88,768,512,10,3.0
l,1.5,96745902484.94202,2448424.96,69263032.32000001,7345274.88,768,512,10,3.0
xl,1.5,193491804969.88403,2448424.96,69263032.32000001,7345274.88,768,512,10,3.0
s,1.5,68459931112.96614,612106.24,19086704.64,1836318.72,384,256,11,3.0
s,1.5,49342594696.26983,956416.0,25979125.759999998,2869248.0,448,320,11,3.0
s,1.5,40777407158.50916,956416.0,33931919.36,2869248.0,512,320,11,3.0
s,1.5,31570782931.338543,1377239.04,42945085.44,4131717.12,576,384,11,3.0
m,1.5,78926957328.34636,1377239.04,42945085.44,4131717.12,576,384,11,3.0
l,1.5,157853914656.69272,1377239.04,42945085.44,4131717.12,576,384,11,3.0
xl,1.5,315707829313.38544,1377239.04,42945085.44,4131717.12,576,384,11,3.0
s,1.5,25139969153.99923,1874575.3599999999,53018624.0,5623726.08,640,448,11,3.0
m,1.5,62849922884.99808,1874575.3599999999,53018624.0,5623726.08,640,448,11,3.0
l,1.5,125699845769.99615,1874575.3599999999,53018624.0,5623726.08,640,448,11,3.0
xl,1.5,251399691539.9923,1874575.3599999999,53018624.0,5623726.08,640,448,11,3.0
s,1.5,21902167354.624104,1874575.3599999999,64152535.04,5623726.08,704,448,11,3.0
m,1.5,54755418386.56026,1874575.3599999999,64152535.04,5623726.08,704,448,11,3.0
l,1.5,109510836773.12051,1874575.3599999999,64152535.04,5623726.08,704,448,11,3.0
xl,1.5,219021673546.24103,1874575.3599999999,64152535.04,5623726.08,704,448,11,3.0
s,1.5,20478917880.61587,2448424.96,64152535.04,7345274.88,704,512,11,3.0
m,1.5,51197294701.53968,2448424.96,64152535.04,7345274.88,704,512,11,3.0
l,1.5,102394589403.07936,2448424.96,64152535.04,7345274.88,704,512,11,3.0
xl,1.5,204789178806.15872,2448424.96,64152535.04,7345274.88,704,512,11,3.0
s,1.5,18098855214.5447,2448424.96,76346818.56,7345274.88,768,512,11,3.0
m,1.5,45247138036.36175,2448424.96,76346818.56,7345274.88,768,512,11,3.0
l,1.5,90494276072.7235,2448424.96,76346818.56,7345274.88,768,512,11,3.0
xl,1.5,180988552145.447,2448424.96,76346818.56,7345274.88,768,512,11,3.0
s,1.5,64487919786.14143,612106.24,20857651.2,1836318.72,384,256,12,3.0
s,1.5,46536982982.60455,956416.0,28389580.8,2869248.0,448,320,12,3.0
s,1.5,35124750277.360176,1377239.04,37080268.8,4131717.12,512,384,12,3.0
m,1.5,87811875693.40045,1377239.04,37080268.8,4131717.12,512,384,12,3.0
l,1.5,175623751386.8009,1377239.04,37080268.8,4131717.12,512,384,12,3.0
xl,1.5,351247502773.6018,1377239.04,37080268.8,4131717.12,512,384,12,3.0
s,1.5,29683716056.896034,1377239.04,46929715.2,4131717.12,576,384,12,3.0
m,1.5,74209290142.24008,1377239.04,46929715.2,4131717.12,576,384,12,3.0
l,1.5,148418580284.48016,1377239.04,46929715.2,4131717.12,576,384,12,3.0
xl,1.5,296837160568.9603,1377239.04,46929715.2,4131717.12,576,384,12,3.0
s,1.5,27433501151.10791,1874575.3599999999,46929715.2,5623726.08,576,448,12,3.0
m,1.5,68583752877.76977,1874575.3599999999,46929715.2,5623726.08,576,448,12,3.0
l,1.5,137167505755.53954,1874575.3599999999,46929715.2,5623726.08,576,448,12,3.0
xl,1.5,274335011511.07907,1874575.3599999999,46929715.2,5623726.08,576,448,12,3.0
s,1.5,23662675342.194263,1874575.3599999999,57937920.0,5623726.08,640,448,12,3.0
m,1.5,59156688355.48566,1874575.3599999999,57937920.0,5623726.08,640,448,12,3.0
l,1.5,118313376710.97131,1874575.3599999999,57937920.0,5623726.08,640,448,12,3.0
xl,1.5,236626753421.94263,1874575.3599999999,57937920.0,5623726.08,640,448,12,3.0
s,1.5,20550831982.54305,1874575.3599999999,70104883.2,5623726.08,704,448,12,3.0
m,1.5,51377079956.35762,1874575.3599999999,70104883.2,5623726.08,704,448,12,3.0
l,1.5,102754159912.71524,1874575.3599999999,70104883.2,5623726.08,704,448,12,3.0
xl,1.5,205508319825.43048,1874575.3599999999,70104883.2,5623726.08,704,448,12,3.0
s,1.5,19292745820.29367,2448424.96,70104883.2,7345274.88,704,512,12,3.0
m,1.5,48231864550.73418,2448424.96,70104883.2,7345274.88,704,512,12,3.0
l,1.5,96463729101.46835,2448424.96,70104883.2,7345274.88,704,512,12,3.0
xl,1.5,192927458202.9367,2448424.96,70104883.2,7345274.88,704,512,12,3.0
s,1.5,17000311564.98646,2448424.96,83430604.8,7345274.88,768,512,12,3.0
m,1.5,42500778912.46615,2448424.96,83430604.8,7345274.88,768,512,12,3.0
l,1.5,85001557824.9323,2448424.96,83430604.8,7345274.88,768,512,12,3.0
xl,1.5,170003115649.8646,2448424.96,83430604.8,7345274.88,768,512,12,3.0
s,1.5,16024249095.68237,3098787.84,83430604.8,9296363.52,768,576,12,3.0
m,1.5,40060622739.205925,3098787.84,83430604.8,9296363.52,768,576,12,3.0
l,1.5,80121245478.41185,3098787.84,83430604.8,9296363.52,768,576,12,3.0
xl,1.5,160242490956.8237,3098787.84,83430604.8,9296363.52,768,576,12,3.0
s,1.5,60951541508.742065,612106.24,22628597.759999998,1836318.72,384,256,13,3.0
s,1.5,44033259200.65369,956416.0,30800035.84,2869248.0,448,320,13,3.0
s,1.5,33263379043.502537,1377239.04,40228618.24,4131717.12,512,384,13,3.0
m,1.5,83158447608.75635,1377239.04,40228618.24,4131717.12,512,384,13,3.0
l,1.5,166316895217.5127,1377239.04,40228618.24,4131717.12,512,384,13,3.0
xl,1.5,332633790435.0254,1377239.04,40228618.24,4131717.12,512,384,13,3.0
s,1.5,28009515305.60786,1377239.04,50914344.95999999,4131717.12,576,384,13,3.0
m,1.5,70023788264.01965,1377239.04,50914344.95999999,4131717.12,576,384,13,3.0
l,1.5,140047576528.0393,1377239.04,50914344.95999999,4131717.12,576,384,13,3.0
xl,1.5,280095153056.0786,1377239.04,50914344.95999999,4131717.12,576,384,13,3.0
s,1.5,25997369310.401505,1874575.3599999999,50914344.95999999,5623726.08,576,448,13,3.0
m,1.5,64993423276.00376,1874575.3599999999,50914344.95999999,5623726.08,576,448,13,3.0
l,1.5,129986846552.00752,1874575.3599999999,50914344.95999999,5623726.08,576,448,13,3.0
xl,1.5,259973693104.01505,1874575.3599999999,50914344.95999999,5623726.08,576,448,13,3.0
s,1.5,22349365108.205017,1874575.3599999999,62857216.0,5623726.08,640,448,13,3.0
m,1.5,55873412770.51254,1874575.3599999999,62857216.0,5623726.08,640,448,13,3.0
l,1.5,111746825541.02509,1874575.3599999999,62857216.0,5623726.08,640,448,13,3.0
xl,1.5,223493651082.05017,1874575.3599999999,62857216.0,5623726.08,640,448,13,3.0
s,1.5,20869366233.25301,2448424.96,62857216.0,7345274.88,640,512,13,3.0
m,1.5,52173415583.13252,2448424.96,62857216.0,7345274.88,640,512,13,3.0
l,1.5,104346831166.26505,2448424.96,62857216.0,7345274.88,640,512,13,3.0
xl,1.5,208693662332.5301,2448424.96,62857216.0,7345274.88,640,512,13,3.0
s,1.5,18236460518.85635,2448424.96,76057231.36,7345274.88,704,512,13,3.0
m,1.5,45591151297.14088,2448424.96,76057231.36,7345274.88,704,512,13,3.0
l,1.5,91182302594.28175,2448424.96,76057231.36,7345274.88,704,512,13,3.0
xl,1.5,182364605188.5635,2448424.96,76057231.36,7345274.88,704,512,13,3.0
s,1.5,16027493088.773588,2448424.96,90514391.03999999,7345274.88,768,512,13,3.0
m,1.5,40068732721.93397,2448424.96,90514391.03999999,7345274.88,768,512,13,3.0
l,1.5,80137465443.86794,2448424.96,90514391.03999999,7345274.88,768,512,13,3.0
xl,1.5,160274930887.73587,2448424.96,90514391.03999999,7345274.88,768,512,13,3.0
s,1.5,15157082323.972675,3098787.84,90514391.03999999,9296363.52,768,576,13,3.0
m,1.5,37892705809.93169,3098787.84,90514391.03999999,9296363.52,768,576,13,3.0
l,1.5,75785411619.86337,3098787.84,90514391.03999999,9296363.52,768,576,13,3.0
xl,1.5,151570823239.72675,3098787.84,90514391.03999999,9296363.52,768,576,13,3.0
s,1.5,51948706129.36196,956416.0,24399544.32,2869248.0,384,320,14,3.0
s,1.5,41785185599.53738,956416.0,33210490.88,2869248.0,448,320,14,3.0
s,1.5,31589359320.355846,1377239.04,43376967.68,4131717.12,512,384,14,3.0
m,1.5,78973398300.88962,1377239.04,43376967.68,4131717.12,512,384,14,3.0
l,1.5,157946796601.77924,1377239.04,43376967.68,4131717.12,512,384,14,3.0
xl,1.5,315893593203.5585,1377239.04,43376967.68,4131717.12,512,384,14,3.0
s,1.5,24704119415.19649,1874575.3599999999,54898974.72,5623726.08,576,448,14,3.0
m,1.5,61760298537.99123,1874575.3599999999,54898974.72,5623726.08,576,448,14,3.0
l,1.5,123520597075.98245,1874575.3599999999,54898974.72,5623726.08,576,448,14,3.0
xl,1.5,247041194151.9649,1874575.3599999999,54898974.72,5623726.08,576,448,14,3.0
s,1.5,21174170246.315094,1874575.3599999999,67776512.0,5623726.08,640,448,14,3.0
m,1.5,52935425615.787735,1874575.3599999999,67776512.0,5623726.08,640,448,14,3.0
l,1.5,105870851231.57547,1874575.3599999999,67776512.0,5623726.08,640,448,14,3.0
xl,1.5,211741702463.15094,1874575.3599999999,67776512.0,5623726.08,640,448,14,3.0
s,1.5,19841082610.74222,2448424.96,67776512.0,7345274.88,640,512,14,3.0
m,1.5,49602706526.85556,2448424.96,67776512.0,7345274.88,640,512,14,3.0
l,1.5,99205413053.71112,2448424.96,67776512.0,7345274.88,640,512,14,3.0
xl,1.5,198410826107.42224,2448424.96,67776512.0,7345274.88,640,512,14,3.0
s,1.5,17289835341.417862,2448424.96,82009579.52,7345274.88,704,512,14,3.0
m,1.5,43224588353.544655,2448424.96,82009579.52,7345274.88,704,512,14,3.0
l,1.5,86449176707.08931,2448424.96,82009579.52,7345274.88,704,512,14,3.0
xl,1.5,172898353414.17862,2448424.96,82009579.52,7345274.88,704,512,14,3.0
s,1.5,16281230326.23984,3098787.84,82009579.52,9296363.52,704,576,14,3.0
m,1.5,40703075815.5996,3098787.84,82009579.52,9296363.52,704,576,14,3.0
l,1.5,81406151631.1992,3098787.84,82009579.52,9296363.52,704,576,14,3.0
xl,1.5,162812303262.3984,3098787.84,82009579.52,9296363.52,704,576,14,3.0
s,1.5,14378952281.434875,3098787.84,97598177.28,9296363.52,768,576,14,3.0
m,1.5,35947380703.58719,3098787.84,97598177.28,9296363.52,768,576,14,3.0
l,1.5,71894761407.17438,3098787.84,97598177.28,9296363.52,768,576,14,3.0
xl,1.5,143789522814.34875,3098787.84,97598177.28,9296363.52,768,576,14,3.0
s,1.5,13598243245.43877,3825664.0,97598177.28,11476992.0,768,640,14,3.0
m,1.5,33995608113.596924,3825664.0,97598177.28,11476992.0,768,640,14,3.0
l,1.5,67991216227.19385,3825664.0,97598177.28,11476992.0,768,640,14,3.0
xl,1.5,135982432454.3877,3825664.0,97598177.28,11476992.0,768,640,14,3.0
s,1.5,71738750570.34224,612106.24,18173952.0,1836318.72,320,256,15,3.0
s,1.5,49629138067.08417,956416.0,26170490.88,2869248.0,384,320,15,3.0
s,1.5,39755508254.971504,956416.0,35620945.92,2869248.0,448,320,15,3.0
s,1.5,36354146255.22207,1377239.04,35620945.92,4131717.12,448,384,15,3.0
m,1.5,90885365638.05518,1377239.04,35620945.92,4131717.12,448,384,15,3.0
l,1.5,181770731276.11035,1377239.04,35620945.92,4131717.12,448,384,15,3.0
xl,1.5,363541462552.2207,1377239.04,35620945.92,4131717.12,448,384,15,3.0
s,1.5,30075760357.335075,1377239.04,46525317.12,4131717.12,512,384,15,3.0
m,1.5,75189400893.33769,1377239.04,46525317.12,4131717.12,512,384,15,3.0
l,1.5,150378801786.67538,1377239.04,46525317.12,4131717.12,512,384,15,3.0
xl,1.5,300757603573.35077,1377239.04,46525317.12,4131717.12,512,384,15,3.0
s,1.5,23533438764.672024,1874575.3599999999,58883604.480000004,5623726.08,576,448,15,3.0
m,1.5,58833596911.68005,1874575.3599999999,58883604.480000004,5623726.08,576,448,15,3.0
l,1.5,117667193823.3601,1874575.3599999999,58883604.480000004,5623726.08,576,448,15,3.0
xl,1.5,235334387646.7202,1874575.3599999999,58883604.480000004,5623726.08,576,448,15,3.0
s,1.5,18909372567.15781,2448424.96,72695808.0,7345274.88,640,512,15,3.0
m,1.5,47273431417.89453,2448424.96,72695808.0,7345274.88,640,512,15,3.0
l,1.5,94546862835.78906,2448424.96,72695808.0,7345274.88,640,512,15,3.0
xl,1.5,189093725671.57812,2448424.96,72695808.0,7345274.88,640,512,15,3.0
s,1.5,16436636137.333967,2448424.96,87961927.68,7345274.88,704,512,15,3.0
m,1.5,41091590343.334915,2448424.96,87961927.68,7345274.88,704,512,15,3.0
l,1.5,82183180686.66983,2448424.96,87961927.68,7345274.88,704,512,15,3.0
xl,1.5,164366361373.33966,2448424.96,87961927.68,7345274.88,704,512,15,3.0
s,1.5,15522486526.909508,3098787.84,87961927.68,9296363.52,704,576,15,3.0
m,1.5,38806216317.273766,3098787.84,87961927.68,9296363.52,704,576,15,3.0
l,1.5,77612432634.54753,3098787.84,87961927.68,9296363.52,704,576,15,3.0
xl,1.5,155224865269.09506,3098787.84,87961927.68,9296363.52,704,576,15,3.0
s,1.5,13676815749.265646,3098787.84,104681963.52,9296363.52,768,576,15,3.0
m,1.5,34192039373.164116,3098787.84,104681963.52,9296363.52,768,576,15,3.0
l,1.5,68384078746.32823,3098787.84,104681963.52,9296363.52,768,576,15,3.0
xl,1.5,136768157492.65646,3098787.84,104681963.52,9296363.52,768,576,15,3.0
s,1.5,12968612881.919035,3825664.0,104681963.52,11476992.0,768,640,15,3.0
m,1.5,32421532204.79759,3825664.0,104681963.52,11476992.0,768,640,15,3.0
l,1.5,64843064409.59518,3825664.0,104681963.52,11476992.0,768,640,15,3.0
xl,1.5,129686128819.19035,3825664.0,104681963.52,11476992.0,768,640,15,3.0
s,1.5,68651935181.591225,612106.24,19403776.0,1836318.72,320,256,16,3.0
s,1.5,47507858823.66722,956416.0,27941437.44,2869248.0,384,320,16,3.0
s,1.5,34808034748.28264,1377239.04,38031400.96,4131717.12,448,384,16,3.0
m,1.5,87020086870.7066,1377239.04,38031400.96,4131717.12,448,384,16,3.0
l,1.5,174040173741.4132,1377239.04,38031400.96,4131717.12,448,384,16,3.0
xl,1.5,348080347482.8264,1377239.04,38031400.96,4131717.12,448,384,16,3.0
s,1.5,28700576928.13129,1377239.04,49673666.56,4131717.12,512,384,16,3.0
m,1.5,71751442320.32823,1377239.04,49673666.56,4131717.12,512,384,16,3.0
l,1.5,143502884640.65646,1377239.04,49673666.56,4131717.12,512,384,16,3.0
xl,1.5,287005769281.3129,1377239.04,49673666.56,4131717.12,512,384,16,3.0
s,1.5,26591655075.260998,1874575.3599999999,49673666.56,5623726.08,512,448,16,3.0
m,1.5,66479137688.1525,1874575.3599999999,49673666.56,5623726.08,512,448,16,3.0
l,1.5,132958275376.305,1874575.3599999999,49673666.56,5623726.08,512,448,16,3.0
xl,1.5,265916550752.61,1874575.3599999999,49673666.56,5623726.08,512,448,16,3.0
s,1.5,22468690773.107727,1874575.3599999999,62868234.239999995,5623726.08,576,448,16,3.0
m,1.5,56171726932.76932,1874575.3599999999,62868234.239999995,5623726.08,576,448,16,3.0
l,1.5,112343453865.53864,1874575.3599999999,62868234.239999995,5623726.08,576,448,16,3.0
xl,1.5,224686907731.07727,1874575.3599999999,62868234.239999995,5623726.08,576,448,16,3.0
s,1.5,20973374648.838448,2448424.96,62868234.239999995,7345274.88,576,512,16,3.0
m,1.5,52433436622.096115,2448424.96,62868234.239999995,7345274.88,576,512,16,3.0
l,1.5,104866873244.19223,2448424.96,62868234.239999995,7345274.88,576,512,16,3.0
xl,1.5,209733746488.38446,2448424.96,62868234.239999995,7345274.88,576,512,16,3.0
s,1.5,18061241426.01195,2448424.96,77615104.0,7345274.88,640,512,16,3.0
m,1.5,45153103565.02988,2448424.96,77615104.0,7345274.88,640,512,16,3.0
l,1.5,90306207130.05975,2448424.96,77615104.0,7345274.88,640,512,16,3.0
xl,1.5,180612414260.1195,2448424.96,77615104.0,7345274.88,640,512,16,3.0
s,1.5,16963485629.673458,3098787.84,77615104.0,9296363.52,640,576,16,3.0
m,1.5,42408714074.18365,3098787.84,77615104.0,9296363.52,640,576,16,3.0
l,1.5,84817428148.3673,3098787.84,77615104.0,9296363.52,640,576,16,3.0
xl,1.5,169634856296.7346,3098787.84,77615104.0,9296363.52,640,576,16,3.0
s,1.5,14831312331.70884,3098787.84,93914275.84,9296363.52,704,576,16,3.0
m,1.5,37078280829.272095,3098787.84,93914275.84,9296363.52,704,576,16,3.0
l,1.5,74156561658.54419,3098787.84,93914275.84,9296363.52,704,576,16,3.0
xl,1.5,148313123317.08838,3098787.84,93914275.84,9296363.52,704,576,16,3.0
s,1.5,13040058542.93951,3098787.84,111765749.76,9296363.52,768,576,16,3.0
m,1.5,32600146357.348778,3098787.84,111765749.76,9296363.52,768,576,16,3.0
l,1.5,65200292714.697556,3098787.84,111765749.76,9296363.52,768,576,16,3.0
xl,1.5,130400585429.39511,3098787.84,111765749.76,9296363.52,768,576,16,3.0
s,1.5,12394708961.515354,3825664.0,111765749.76,11476992.0,768,640,16,3.0
m,1.5,30986772403.788383,3825664.0,111765749.76,11476992.0,768,640,16,3.0
l,1.5,61973544807.57677,3825664.0,111765749.76,11476992.0,768,640,16,3.0
xl,1.5,123947089615.15353,3825664.0,111765749.76,11476992.0,768,640,16,3.0
s,1.5,73479195650.19292,612106.24,19677184.0,1836318.72,640,256,4,3.0
s,1.5,50249175692.83824,956416.0,28335144.96,2869248.0,768,320,4,3.0
s,1.5,72758340538.71024,612106.24,19923148.799999997,1836318.72,576,256,5,3.0
s,1.5,55443952116.336395,956416.0,24596480.0,2869248.0,640,320,5,3.0
s,1.5,48471418130.08374,956416.0,29761740.8,2869248.0,704,320,5,3.0
s,1.5,42605474825.00075,956416.0,35418931.2,2869248.0,768,320,5,3.0
s,1.5,38722777749.78644,1377239.04,35418931.2,4131717.12,768,384,5,3.0
m,1.5,96806944374.4661,1377239.04,35418931.2,4131717.12,768,384,5,3.0
l,1.5,193613888748.9322,1377239.04,35418931.2,4131717.12,768,384,5,3.0
xl,1.5,387227777497.8644,1377239.04,35418931.2,4131717.12,768,384,5,3.0
s,1.5,75558868024.1229,612106.24,18890096.64,1836318.72,512,256,6,3.0
s,1.5,48733930593.14079,956416.0,29515776.0,2869248.0,640,320,6,3.0
s,1.5,42313779627.282425,956416.0,35714088.96,2869248.0,704,320,6,3.0
s,1.5,38481674803.04548,1377239.04,35714088.96,4131717.12,704,384,6,3.0
m,1.5,96204187007.6137,1377239.04,35714088.96,4131717.12,704,384,6,3.0
l,1.5,192408374015.2274,1377239.04,35714088.96,4131717.12,704,384,6,3.0
xl,1.5,384816748030.4548,1377239.04,35714088.96,4131717.12,704,384,6,3.0
s,1.5,34019470176.676975,1377239.04,42502717.44,4131717.12,768,384,6,3.0
m,1.5,85048675441.69244,1377239.04,42502717.44,4131717.12,768,384,6,3.0
l,1.5,170097350883.3849,1377239.04,42502717.44,4131717.12,768,384,6,3.0
xl,1.5,340194701766.7698,1377239.04,42502717.44,4131717.12,768,384,6,3.0
s,1.5,67440652207.20369,612106.24,22038446.08,1836318.72,512,256,7,3.0
s,1.5,50722769699.03616,956416.0,27892408.32,2869248.0,576,320,7,3.0
s,1.5,43472710689.70555,956416.0,34435072.0,2869248.0,640,320,7,3.0
s,1.5,39437824693.84165,1377239.04,34435072.0,4131717.12,640,384,7,3.0
s,1.5,34496267475.61727,1377239.04,41666437.120000005,4131717.12,704,384,7,3.0
m,1.5,86240668689.04317,1377239.04,41666437.120000005,4131717.12,704,384,7,3.0
l,1.5,172481337378.08633,1377239.04,41666437.120000005,4131717.12,704,384,7,3.0
xl,1.5,344962674756.17267,1377239.04,41666437.120000005,4131717.12,704,384,7,3.0
s,1.5,30334955891.647102,1377239.04,49586503.68,4131717.12,768,384,7,3.0
m,1.5,75837389729.11775,1377239.04,49586503.68,4131717.12,768,384,7,3.0
l,1.5,151674779458.2355,1377239.04,49586503.68,4131717.12,768,384,7,3.0
xl,1.5,303349558916.471,1377239.04,49586503.68,4131717.12,768,384,7,3.0
s,1.5,27988823564.781033,1874575.3599999999,49586503.68,5623726.08,768,448,7,3.0
m,1.5,69972058911.95259,1874575.3599999999,49586503.68,5623726.08,768,448,7,3.0
l,1.5,139944117823.90518,1874575.3599999999,49586503.68,5623726.08,768,448,7,3.0
xl,1.5,279888235647.81036,1874575.3599999999,49586503.68,5623726.08,768,448,7,3.0
s,1.5,74346960594.7584,612106.24,19283640.32,1836318.72,448,256,8,3.0
s,1.5,54452660052.71687,956416.0,25186795.52,2869248.0,512,320,8,3.0
s,1.5,46022165539.99894,956416.0,31877038.08,2869248.0,576,320,8,3.0
s,1.5,35919901286.83577,1377239.04,39354368.0,4131717.12,640,384,8,3.0
m,1.5,89799753217.08942,1377239.04,39354368.0,4131717.12,640,384,8,3.0
l,1.5,179599506434.17883,1377239.04,39354368.0,4131717.12,640,384,8,3.0
xl,1.5,359199012868.35767,1377239.04,39354368.0,4131717.12,640,384,8,3.0
s,1.5,31258897016.684948,1377239.04,47618785.28,4131717.12,704,384,8,3.0
m,1.5,78147242541.71237,1377239.04,47618785.28,4131717.12,704,384,8,3.0
l,1.5,156294485083.42474,1377239.04,47618785.28,4131717.12,704,384,8,3.0
xl,1.5,312588970166.8495,1377239.04,47618785.28,4131717.12,704,384,8,3.0
s,1.5,28773526018.096176,1874575.3599999999,47618785.28,5623726.08,704,448,8,3.0
m,1.5,71933815045.24043,1874575.3599999999,47618785.28,5623726.08,704,448,8,3.0
l,1.5,143867630090.48087,1874575.3599999999,47618785.28,5623726.08,704,448,8,3.0
xl,1.5,287735260180.96173,1874575.3599999999,47618785.28,5623726.08,704,448,8,3.0
s,1.5,25446014526.246864,1874575.3599999999,56670289.92,5623726.08,768,448,8,3.0
m,1.5,63615036315.617165,1874575.3599999999,56670289.92,5623726.08,768,448,8,3.0
l,1.5,127230072631.23433,1874575.3599999999,56670289.92,5623726.08,768,448,8,3.0
xl,1.5,254460145262.46866,1874575.3599999999,56670289.92,5623726.08,768,448,8,3.0
s,1.5,68155782651.19329,612106.24,21694095.36,1836318.72,448,256,9,3.0
s,1.5,50105939709.87493,956416.0,28335144.96,2869248.0,512,320,9,3.0
s,1.5,42118902932.79651,956416.0,35861667.839999996,2869248.0,576,320,9,3.0
s,1.5,38320430130.61248,1377239.04,35861667.839999996,4131717.12,576,384,9,3.0
m,1.5,95801075326.5312,1377239.04,35861667.839999996,4131717.12,576,384,9,3.0
l,1.5,191602150653.0624,1377239.04,35861667.839999996,4131717.12,576,384,9,3.0
xl,1.5,383204301306.1248,1377239.04,35861667.839999996,4131717.12,576,384,9,3.0
s,1.5,32978188778.00841,1377239.04,44273664.0,4131717.12,640,384,9,3.0
m,1.5,82445471945.02103,1377239.04,44273664.0,4131717.12,640,384,9,3.0
l,1.5,164890943890.04205,1377239.04,44273664.0,4131717.12,640,384,9,3.0
xl,1.5,329781887780.0841,1377239.04,44273664.0,4131717.12,640,384,9,3.0
s,1.5,26485563304.755062,1874575.3599999999,53571133.44,5623726.08,704,448,9,3.0
m,1.5,66213908261.88766,1874575.3599999999,53571133.44,5623726.08,704,448,9,3.0
l,1.5,132427816523.77531,1874575.3599999999,53571133.44,5623726.08,704,448,9,3.0
xl,1.5,264855633047.55063,1874575.3599999999,53571133.44,5623726.08,704,448,9,3.0
s,1.5,23326758193.88204,1874575.3599999999,63754076.160000004,5623726.08,768,448,9,3.0
m,1.5,58316895484.7051,1874575.3599999999,63754076.160000004,5623726.08,768,448,9,3.0
l,1.5,116633790969.4102,1874575.3599999999,63754076.160000004,5623726.08,768,448,9,3.0
xl,1.5,233267581938.8204,1874575.3599999999,63754076.160000004,5623726.08,768,448,9,3.0
s,1.5,21719136436.139133,2448424.96,63754076.160000004,7345274.88,768,512,9,3.0
m,1.5,54297841090.34783,2448424.96,63754076.160000004,7345274.88,768,512,9,3.0
l,1.5,108595682180.69566,2448424.96,63754076.160000004,7345274.88,768,512,9,3.0
xl,1.5,217191364361.39133,2448424.96,63754076.160000004,7345274.88,768,512,9,3.0
s,1.5,43610522707.36688,956416.0,30783569.92,2869248.0,512,320,10,3.0
s,1.5,33714069277.793243,1377239.04,38960455.67999999,4131717.12,576,384,10,3.0
m,1.5,84285173194.48311,1377239.04,38960455.67999999,4131717.12,576,384,10,3.0
l,1.5,168570346388.96622,1377239.04,38960455.67999999,4131717.12,576,384,10,3.0
xl,1.5,337140692777.93243,1377239.04,38960455.67999999,4131717.12,576,384,10,3.0
s,1.5,28959765188.116257,1377239.04,48099328.0,4131717.12,640,384,10,3.0
m,1.5,72399412970.29065,1377239.04,48099328.0,4131717.12,640,384,10,3.0
l,1.5,144798825940.5813,1377239.04,48099328.0,4131717.12,640,384,10,3.0
xl,1.5,289597651881.1626,1377239.04,48099328.0,4131717.12,640,384,10,3.0
s,1.5,26814004861.21923,1874575.3599999999,48099328.0,5623726.08,640,448,10,3.0
m,1.5,67035012153.04808,1874575.3599999999,48099328.0,5623726.08,640,448,10,3.0
l,1.5,134070024306.09616,1874575.3599999999,48099328.0,5623726.08,640,448,10,3.0
xl,1.5,268140048612.19232,1874575.3599999999,48099328.0,5623726.08,640,448,10,3.0
s,1.5,23443727223.199764,1874575.3599999999,58200186.879999995,5623726.08,704,448,10,3.0
m,1.5,58609318057.999405,1874575.3599999999,58200186.879999995,5623726.08,704,448,10,3.0
l,1.5,117218636115.99881,1874575.3599999999,58200186.879999995,5623726.08,704,448,10,3.0
xl,1.5,234437272231.99762,1874575.3599999999,58200186.879999995,5623726.08,704,448,10,3.0
s,1.5,20614879105.215237,1874575.3599999999,69263032.32000001,5623726.08,768,448,10,3.0
m,1.5,51537197763.03809,1874575.3599999999,69263032.32000001,5623726.08,768,448,10,3.0
l,1.5,103074395526.07619,1874575.3599999999,69263032.32000001,5623726.08,768,448,10,3.0
xl,1.5,206148791052.15237,1874575.3599999999,69263032.32000001,5623726.08,768,448,10,3.0
s,1.5,19349180496.988403,2448424.96,69263032.32000001,7345274.88,768,512,10,3.0
m,1.5,48372951242.47101,2448424.96,69263032.32000001,7345274.88,768,512,10,3.0
l,1.5,96745902484.94202,2448424.96,69263032.32000001,7345274.88,768,512,10,3.0
xl,1.5,193491804969.88403,2448424.96,69263032.32000001,7345274.88,768,512,10,3.0
s,1.5,68459931112.96614,612106.24,19086704.64,1836318.72,384,256,11,3.0
s,1.5,49342594696.26983,956416.0,25979125.759999998,2869248.0,448,320,11,3.0
s,1.5,40777407158.50916,956416.0,33931919.36,2869248.0,512,320,11,3.0
s,1.5,31570782931.338543,1377239.04,42945085.44,4131717.12,576,384,11,3.0
m,1.5,78926957328.34636,1377239.04,42945085.44,4131717.12,576,384,11,3.0
l,1.5,157853914656.69272,1377239.04,42945085.44,4131717.12,576,384,11,3.0
xl,1.5,315707829313.38544,1377239.04,42945085.44,4131717.12,576,384,11,3.0
s,1.5,25139969153.99923,1874575.3599999999,53018624.0,5623726.08,640,448,11,3.0
m,1.5,62849922884.99808,1874575.3599999999,53018624.0,5623726.08,640,448,11,3.0
l,1.5,125699845769.99615,1874575.3599999999,53018624.0,5623726.08,640,448,11,3.0
xl,1.5,251399691539.9923,1874575.3599999999,53018624.0,5623726.08,640,448,11,3.0
s,1.5,21902167354.624104,1874575.3599999999,64152535.04,5623726.08,704,448,11,3.0
m,1.5,54755418386.56026,1874575.3599999999,64152535.04,5623726.08,704,448,11,3.0
l,1.5,109510836773.12051,1874575.3599999999,64152535.04,5623726.08,704,448,11,3.0
xl,1.5,219021673546.24103,1874575.3599999999,64152535.04,5623726.08,704,448,11,3.0
s,1.5,20478917880.61587,2448424.96,64152535.04,7345274.88,704,512,11,3.0
m,1.5,51197294701.53968,2448424.96,64152535.04,7345274.88,704,512,11,3.0
l,1.5,102394589403.07936,2448424.96,64152535.04,7345274.88,704,512,11,3.0
xl,1.5,204789178806.15872,2448424.96,64152535.04,7345274.88,704,512,11,3.0
s,1.5,18098855214.5447,2448424.96,76346818.56,7345274.88,768,512,11,3.0
m,1.5,45247138036.36175,2448424.96,76346818.56,7345274.88,768,512,11,3.0
l,1.5,90494276072.7235,2448424.96,76346818.56,7345274.88,768,512,11,3.0
xl,1.5,180988552145.447,2448424.96,76346818.56,7345274.88,768,512,11,3.0
s,1.5,64487919786.14143,612106.24,20857651.2,1836318.72,384,256,12,3.0
s,1.5,46536982982.60455,956416.0,28389580.8,2869248.0,448,320,12,3.0
s,1.5,35124750277.360176,1377239.04,37080268.8,4131717.12,512,384,12,3.0
m,1.5,87811875693.40045,1377239.04,37080268.8,4131717.12,512,384,12,3.0
l,1.5,175623751386.8009,1377239.04,37080268.8,4131717.12,512,384,12,3.0
xl,1.5,351247502773.6018,1377239.04,37080268.8,4131717.12,512,384,12,3.0
s,1.5,29683716056.896034,1377239.04,46929715.2,4131717.12,576,384,12,3.0
m,1.5,74209290142.24008,1377239.04,46929715.2,4131717.12,576,384,12,3.0
l,1.5,148418580284.48016,1377239.04,46929715.2,4131717.12,576,384,12,3.0
xl,1.5,296837160568.9603,1377239.04,46929715.2,4131717.12,576,384,12,3.0
s,1.5,27433501151.10791,1874575.3599999999,46929715.2,5623726.08,576,448,12,3.0
m,1.5,68583752877.76977,1874575.3599999999,46929715.2,5623726.08,576,448,12,3.0
l,1.5,137167505755.53954,1874575.3599999999,46929715.2,5623726.08,576,448,12,3.0
xl,1.5,274335011511.07907,1874575.3599999999,46929715.2,5623726.08,576,448,12,3.0
s,1.5,23662675342.194263,1874575.3599999999,57937920.0,5623726.08,640,448,12,3.0
m,1.5,59156688355.48566,1874575.3599999999,57937920.0,5623726.08,640,448,12,3.0
l,1.5,118313376710.97131,1874575.3599999999,57937920.0,5623726.08,640,448,12,3.0
xl,1.5,236626753421.94263,1874575.3599999999,57937920.0,5623726.08,640,448,12,3.0
s,1.5,20550831982.54305,1874575.3599999999,70104883.2,5623726.08,704,448,12,3.0
m,1.5,51377079956.35762,1874575.3599999999,70104883.2,5623726.08,704,448,12,3.0
l,1.5,102754159912.71524,1874575.3599999999,70104883.2,5623726.08,704,448,12,3.0
xl,1.5,205508319825.43048,1874575.3599999999,70104883.2,5623726.08,704,448,12,3.0
s,1.5,19292745820.29367,2448424.96,70104883.2,7345274.88,704,512,12,3.0
m,1.5,48231864550.73418,2448424.96,70104883.2,7345274.88,704,512,12,3.0
l,1.5,96463729101.46835,2448424.96,70104883.2,7345274.88,704,512,12,3.0
xl,1.5,192927458202.9367,2448424.96,70104883.2,7345274.88,704,512,12,3.0
s,1.5,17000311564.98646,2448424.96,83430604.8,7345274.88,768,512,12,3.0
m,1.5,42500778912.46615,2448424.96,83430604.8,7345274.88,768,512,12,3.0
l,1.5,85001557824.9323,2448424.96,83430604.8,7345274.88,768,512,12,3.0
xl,1.5,170003115649.8646,2448424.96,83430604.8,7345274.88,768,512,12,3.0
s,1.5,16024249095.68237,3098787.84,83430604.8,9296363.52,768,576,12,3.0
m,1.5,40060622739.205925,3098787.84,83430604.8,9296363.52,768,576,12,3.0
l,1.5,80121245478.41185,3098787.84,83430604.8,9296363.52,768,576,12,3.0
xl,1.5,160242490956.8237,3098787.84,83430604.8,9296363.52,768,576,12,3.0
s,1.5,60951541508.742065,612106.24,22628597.759999998,1836318.72,384,256,13,3.0
s,1.5,44033259200.65369,956416.0,30800035.84,2869248.0,448,320,13,3.0
s,1.5,33263379043.502537,1377239.04,40228618.24,4131717.12,512,384,13,3.0
m,1.5,83158447608.75635,1377239.04,40228618.24,4131717.12,512,384,13,3.0
l,1.5,166316895217.5127,1377239.04,40228618.24,4131717.12,512,384,13,3.0
xl,1.5,332633790435.0254,1377239.04,40228618.24,4131717.12,512,384,13,3.0
s,1.5,28009515305.60786,1377239.04,50914344.95999999,4131717.12,576,384,13,3.0
m,1.5,70023788264.01965,1377239.04,50914344.95999999,4131717.12,576,384,13,3.0
l,1.5,140047576528.0393,1377239.04,50914344.95999999,4131717.12,576,384,13,3.0
xl,1.5,280095153056.0786,1377239.04,50914344.95999999,4131717.12,576,384,13,3.0
s,1.5,25997369310.401505,1874575.3599999999,50914344.95999999,5623726.08,576,448,13,3.0
m,1.5,64993423276.00376,1874575.3599999999,50914344.95999999,5623726.08,576,448,13,3.0
l,1.5,129986846552.00752,1874575.3599999999,50914344.95999999,5623726.08,576,448,13,3.0
xl,1.5,259973693104.01505,1874575.3599999999,50914344.95999999,5623726.08,576,448,13,3.0
s,1.5,22349365108.205017,1874575.3599999999,62857216.0,5623726.08,640,448,13,3.0
m,1.5,55873412770.51254,1874575.3599999999,62857216.0,5623726.08,640,448,13,3.0
l,1.5,111746825541.02509,1874575.3599999999,62857216.0,5623726.08,640,448,13,3.0
xl,1.5,223493651082.05017,1874575.3599999999,62857216.0,5623726.08,640,448,13,3.0
s,1.5,20869366233.25301,2448424.96,62857216.0,7345274.88,640,512,13,3.0
m,1.5,52173415583.13252,2448424.96,62857216.0,7345274.88,640,512,13,3.0
l,1.5,104346831166.26505,2448424.96,62857216.0,7345274.88,640,512,13,3.0
xl,1.5,208693662332.5301,2448424.96,62857216.0,7345274.88,640,512,13,3.0
s,1.5,18236460518.85635,2448424.96,76057231.36,7345274.88,704,512,13,3.0
m,1.5,45591151297.14088,2448424.96,76057231.36,7345274.88,704,512,13,3.0
l,1.5,91182302594.28175,2448424.96,76057231.36,7345274.88,704,512,13,3.0
xl,1.5,182364605188.5635,2448424.96,76057231.36,7345274.88,704,512,13,3.0
s,1.5,16027493088.773588,2448424.96,90514391.03999999,7345274.88,768,512,13,3.0
m,1.5,40068732721.93397,2448424.96,90514391.03999999,7345274.88,768,512,13,3.0
l,1.5,80137465443.86794,2448424.96,90514391.03999999,7345274.88,768,512,13,3.0
xl,1.5,160274930887.73587,2448424.96,90514391.03999999,7345274.88,768,512,13,3.0
s,1.5,15157082323.972675,3098787.84,90514391.03999999,9296363.52,768,576,13,3.0
m,1.5,37892705809.93169,3098787.84,90514391.03999999,9296363.52,768,576,13,3.0
l,1.5,75785411619.86337,3098787.84,90514391.03999999,9296363.52,768,576,13,3.0
xl,1.5,151570823239.72675,3098787.84,90514391.03999999,9296363.52,768,576,13,3.0
s,1.5,51948706129.36196,956416.0,24399544.32,2869248.0,384,320,14,3.0
s,1.5,41785185599.53738,956416.0,33210490.88,2869248.0,448,320,14,3.0
s,1.5,31589359320.355846,1377239.04,43376967.68,4131717.12,512,384,14,3.0
m,1.5,78973398300.88962,1377239.04,43376967.68,4131717.12,512,384,14,3.0
l,1.5,157946796601.77924,1377239.04,43376967.68,4131717.12,512,384,14,3.0
xl,1.5,315893593203.5585,1377239.04,43376967.68,4131717.12,512,384,14,3.0
s,1.5,24704119415.19649,1874575.3599999999,54898974.72,5623726.08,576,448,14,3.0
m,1.5,61760298537.99123,1874575.3599999999,54898974.72,5623726.08,576,448,14,3.0
l,1.5,123520597075.98245,1874575.3599999999,54898974.72,5623726.08,576,448,14,3.0
xl,1.5,247041194151.9649,1874575.3599999999,54898974.72,5623726.08,576,448,14,3.0
s,1.5,21174170246.315094,1874575.3599999999,67776512.0,5623726.08,640,448,14,3.0
m,1.5,52935425615.787735,1874575.3599999999,67776512.0,5623726.08,640,448,14,3.0
l,1.5,105870851231.57547,1874575.3599999999,67776512.0,5623726.08,640,448,14,3.0
xl,1.5,211741702463.15094,1874575.3599999999,67776512.0,5623726.08,640,448,14,3.0
s,1.5,19841082610.74222,2448424.96,67776512.0,7345274.88,640,512,14,3.0
m,1.5,49602706526.85556,2448424.96,67776512.0,7345274.88,640,512,14,3.0
l,1.5,99205413053.71112,2448424.96,67776512.0,7345274.88,640,512,14,3.0
xl,1.5,198410826107.42224,2448424.96,67776512.0,7345274.88,640,512,14,3.0
s,1.5,17289835341.417862,2448424.96,82009579.52,7345274.88,704,512,14,3.0
m,1.5,43224588353.544655,2448424.96,82009579.52,7345274.88,704,512,14,3.0
l,1.5,86449176707.08931,2448424.96,82009579.52,7345274.88,704,512,14,3.0
xl,1.5,172898353414.17862,2448424.96,82009579.52,7345274.88,704,512,14,3.0
s,1.5,16281230326.23984,3098787.84,82009579.52,9296363.52,704,576,14,3.0
m,1.5,40703075815.5996,3098787.84,82009579.52,9296363.52,704,576,14,3.0
l,1.5,81406151631.1992,3098787.84,82009579.52,9296363.52,704,576,14,3.0
xl,1.5,162812303262.3984,3098787.84,82009579.52,9296363.52,704,576,14,3.0
s,1.5,14378952281.434875,3098787.84,97598177.28,9296363.52,768,576,14,3.0
m,1.5,35947380703.58719,3098787.84,97598177.28,9296363.52,768,576,14,3.0
l,1.5,71894761407.17438,3098787.84,97598177.28,9296363.52,768,576,14,3.0
xl,1.5,143789522814.34875,3098787.84,97598177.28,9296363.52,768,576,14,3.0
s,1.5,13598243245.43877,3825664.0,97598177.28,11476992.0,768,640,14,3.0
m,1.5,33995608113.596924,3825664.0,97598177.28,11476992.0,768,640,14,3.0
l,1.5,67991216227.19385,3825664.0,97598177.28,11476992.0,768,640,14,3.0
xl,1.5,135982432454.3877,3825664.0,97598177.28,11476992.0,768,640,14,3.0
s,1.5,71738750570.34224,612106.24,18173952.0,1836318.72,320,256,15,3.0
s,1.5,49629138067.08417,956416.0,26170490.88,2869248.0,384,320,15,3.0
s,1.5,39755508254.971504,956416.0,35620945.92,2869248.0,448,320,15,3.0
s,1.5,36354146255.22207,1377239.04,35620945.92,4131717.12,448,384,15,3.0
m,1.5,90885365638.05518,1377239.04,35620945.92,4131717.12,448,384,15,3.0
l,1.5,181770731276.11035,1377239.04,35620945.92,4131717.12,448,384,15,3.0
xl,1.5,363541462552.2207,1377239.04,35620945.92,4131717.12,448,384,15,3.0
s,1.5,30075760357.335075,1377239.04,46525317.12,4131717.12,512,384,15,3.0
m,1.5,75189400893.33769,1377239.04,46525317.12,4131717.12,512,384,15,3.0
l,1.5,150378801786.67538,1377239.04,46525317.12,4131717.12,512,384,15,3.0
xl,1.5,300757603573.35077,1377239.04,46525317.12,4131717.12,512,384,15,3.0
s,1.5,23533438764.672024,1874575.3599999999,58883604.480000004,5623726.08,576,448,15,3.0
m,1.5,58833596911.68005,1874575.3599999999,58883604.480000004,5623726.08,576,448,15,3.0
l,1.5,117667193823.3601,1874575.3599999999,58883604.480000004,5623726.08,576,448,15,3.0
xl,1.5,235334387646.7202,1874575.3599999999,58883604.480000004,5623726.08,576,448,15,3.0
s,1.5,18909372567.15781,2448424.96,72695808.0,7345274.88,640,512,15,3.0
m,1.5,47273431417.89453,2448424.96,72695808.0,7345274.88,640,512,15,3.0
l,1.5,94546862835.78906,2448424.96,72695808.0,7345274.88,640,512,15,3.0
xl,1.5,189093725671.57812,2448424.96,72695808.0,7345274.88,640,512,15,3.0
s,1.5,16436636137.333967,2448424.96,87961927.68,7345274.88,704,512,15,3.0
m,1.5,41091590343.334915,2448424.96,87961927.68,7345274.88,704,512,15,3.0
l,1.5,82183180686.66983,2448424.96,87961927.68,7345274.88,704,512,15,3.0
xl,1.5,164366361373.33966,2448424.96,87961927.68,7345274.88,704,512,15,3.0
s,1.5,15522486526.909508,3098787.84,87961927.68,9296363.52,704,576,15,3.0
m,1.5,38806216317.273766,3098787.84,87961927.68,9296363.52,704,576,15,3.0
l,1.5,77612432634.54753,3098787.84,87961927.68,9296363.52,704,576,15,3.0
xl,1.5,155224865269.09506,3098787.84,87961927.68,9296363.52,704,576,15,3.0
s,1.5,13676815749.265646,3098787.84,104681963.52,9296363.52,768,576,15,3.0
m,1.5,34192039373.164116,3098787.84,104681963.52,9296363.52,768,576,15,3.0
l,1.5,68384078746.32823,3098787.84,104681963.52,9296363.52,768,576,15,3.0
xl,1.5,136768157492.65646,3098787.84,104681963.52,9296363.52,768,576,15,3.0
s,1.5,12968612881.919035,3825664.0,104681963.52,11476992.0,768,640,15,3.0
m,1.5,32421532204.79759,3825664.0,104681963.52,11476992.0,768,640,15,3.0
l,1.5,64843064409.59518,3825664.0,104681963.52,11476992.0,768,640,15,3.0
xl,1.5,129686128819.19035,3825664.0,104681963.52,11476992.0,768,640,15,3.0
s,1.5,68651935181.591225,612106.24,19403776.0,1836318.72,320,256,16,3.0
s,1.5,47507858823.66722,956416.0,27941437.44,2869248.0,384,320,16,3.0
s,1.5,34808034748.28264,1377239.04,38031400.96,4131717.12,448,384,16,3.0
m,1.5,87020086870.7066,1377239.04,38031400.96,4131717.12,448,384,16,3.0
l,1.5,174040173741.4132,1377239.04,38031400.96,4131717.12,448,384,16,3.0
xl,1.5,348080347482.8264,1377239.04,38031400.96,4131717.12,448,384,16,3.0
s,1.5,28700576928.13129,1377239.04,49673666.56,4131717.12,512,384,16,3.0
m,1.5,71751442320.32823,1377239.04,49673666.56,4131717.12,512,384,16,3.0
l,1.5,143502884640.65646,1377239.04,49673666.56,4131717.12,512,384,16,3.0
xl,1.5,287005769281.3129,1377239.04,49673666.56,4131717.12,512,384,16,3.0
s,1.5,26591655075.260998,1874575.3599999999,49673666.56,5623726.08,512,448,16,3.0
m,1.5,66479137688.1525,1874575.3599999999,49673666.56,5623726.08,512,448,16,3.0
l,1.5,132958275376.305,1874575.3599999999,49673666.56,5623726.08,512,448,16,3.0
xl,1.5,265916550752.61,1874575.3599999999,49673666.56,5623726.08,512,448,16,3.0
s,1.5,22468690773.107727,1874575.3599999999,62868234.239999995,5623726.08,576,448,16,3.0
m,1.5,56171726932.76932,1874575.3599999999,62868234.239999995,5623726.08,576,448,16,3.0
l,1.5,112343453865.53864,1874575.3599999999,62868234.239999995,5623726.08,576,448,16,3.0
xl,1.5,224686907731.07727,1874575.3599999999,62868234.239999995,5623726.08,576,448,16,3.0
s,1.5,20973374648.838448,2448424.96,62868234.239999995,7345274.88,576,512,16,3.0
m,1.5,52433436622.096115,2448424.96,62868234.239999995,7345274.88,576,512,16,3.0
l,1.5,104866873244.19223,2448424.96,62868234.239999995,7345274.88,576,512,16,3.0
xl,1.5,209733746488.38446,2448424.96,62868234.239999995,7345274.88,576,512,16,3.0
s,1.5,18061241426.01195,2448424.96,77615104.0,7345274.88,640,512,16,3.0
m,1.5,45153103565.02988,2448424.96,77615104.0,7345274.88,640,512,16,3.0
l,1.5,90306207130.05975,2448424.96,77615104.0,7345274.88,640,512,16,3.0
xl,1.5,180612414260.1195,2448424.96,77615104.0,7345274.88,640,512,16,3.0
s,1.5,16963485629.673458,3098787.84,77615104.0,9296363.52,640,576,16,3.0
m,1.5,42408714074.18365,3098787.84,77615104.0,9296363.52,640,576,16,3.0
l,1.5,84817428148.3673,3098787.84,77615104.0,9296363.52,640,576,16,3.0
xl,1.5,169634856296.7346,3098787.84,77615104.0,9296363.52,640,576,16,3.0
s,1.5,14831312331.70884,3098787.84,93914275.84,9296363.52,704,576,16,3.0
m,1.5,37078280829.272095,3098787.84,93914275.84,9296363.52,704,576,16,3.0
l,1.5,74156561658.54419,3098787.84,93914275.84,9296363.52,704,576,16,3.0
xl,1.5,148313123317.08838,3098787.84,93914275.84,9296363.52,704,576,16,3.0
s,1.5,13040058542.93951,3098787.84,111765749.76,9296363.52,768,576,16,3.0
m,1.5,32600146357.348778,3098787.84,111765749.76,9296363.52,768,576,16,3.0
l,1.5,65200292714.697556,3098787.84,111765749.76,9296363.52,768,576,16,3.0
xl,1.5,130400585429.39511,3098787.84,111765749.76,9296363.52,768,576,16,3.0
s,1.5,12394708961.515354,3825664.0,111765749.76,11476992.0,768,640,16,3.0
m,1.5,30986772403.788383,3825664.0,111765749.76,11476992.0,768,640,16,3.0
l,1.5,61973544807.57677,3825664.0,111765749.76,11476992.0,768,640,16,3.0
xl,1.5,123947089615.15353,3825664.0,111765749.76,11476992.0,768,640,16,3.0
s,1.5,60227743560.96158,612106.24,23809392.64,2448424.96,704,256,4,4.0
s,1.5,52977321303.87018,612106.24,28335144.96,2448424.96,768,256,4,4.0
s,1.5,58784075269.40722,612106.24,24596480.0,2448424.96,640,256,5,4.0
s,1.5,51005074554.559875,612106.24,29761740.8,2448424.96,704,256,5,4.0
s,1.5,40199760715.27711,956416.0,35418931.2,3825664.0,768,320,5,4.0
m,1.5,100499401788.19276,956416.0,35418931.2,3825664.0,768,320,5,4.0
l,1.5,200998803576.38553,956416.0,35418931.2,3825664.0,768,320,5,4.0
xl,1.5,401997607152.77106,956416.0,35418931.2,3825664.0,768,320,5,4.0
s,1.5,59964474152.84803,612106.24,23907778.56,2448424.96,576,256,6,4.0
s,1.5,51295830236.45984,612106.24,29515776.0,2448424.96,640,256,6,4.0
s,1.5,39939976165.29458,956416.0,35714088.96,3825664.0,704,320,6,4.0
m,1.5,99849940413.23645,956416.0,35714088.96,3825664.0,704,320,6,4.0
l,1.5,199699880826.4729,956416.0,35714088.96,3825664.0,704,320,6,4.0
xl,1.5,399399761652.9458,956416.0,35714088.96,3825664.0,704,320,6,4.0
s,1.5,35154194088.26309,956416.0,42502717.44,3825664.0,768,320,6,4.0
m,1.5,87885485220.65773,956416.0,42502717.44,3825664.0,768,320,6,4.0
l,1.5,175770970441.31546,956416.0,42502717.44,3825664.0,768,320,6,4.0
xl,1.5,351541940882.6309,956416.0,42502717.44,3825664.0,768,320,6,4.0
s,1.5,63505710663.67363,612106.24,22038446.08,2448424.96,512,256,7,4.0
s,1.5,53504005867.25126,612106.24,27892408.32,2448424.96,576,256,7,4.0
s,1.5,40970938443.97195,956416.0,34435072.0,3825664.0,640,320,7,4.0
s,1.5,35663567253.5855,956416.0,41666437.120000005,3825664.0,704,320,7,4.0
m,1.5,89158918133.96376,956416.0,41666437.120000005,3825664.0,704,320,7,4.0
l,1.5,178317836267.92752,956416.0,41666437.120000005,3825664.0,704,320,7,4.0
xl,1.5,356635672535.85504,956416.0,41666437.120000005,3825664.0,704,320,7,4.0
s,1.5,28605605286.71722,1377239.04,49586503.68,5508956.16,768,384,7,4.0
m,1.5,71514013216.79305,1377239.04,49586503.68,5508956.16,768,384,7,4.0
l,1.5,143028026433.5861,1377239.04,49586503.68,5508956.16,768,384,7,4.0
xl,1.5,286056052867.1722,1377239.04,49586503.68,5508956.16,768,384,7,4.0
s,1.5,57670947225.23556,612106.24,25186795.52,2448424.96,512,256,8,4.0
s,1.5,37187306148.16391,956416.0,39354368.0,3825664.0,640,320,8,4.0
m,1.5,92968265370.40977,956416.0,39354368.0,3825664.0,640,320,8,4.0
l,1.5,185936530740.81955,956416.0,39354368.0,3825664.0,640,320,8,4.0
xl,1.5,371873061481.6391,956416.0,39354368.0,3825664.0,640,320,8,4.0
s,1.5,32214348224.01159,956416.0,47618785.28,3825664.0,704,320,8,4.0
m,1.5,80535870560.02898,956416.0,47618785.28,3825664.0,704,320,8,4.0
l,1.5,161071741120.05795,956416.0,47618785.28,3825664.0,704,320,8,4.0
xl,1.5,322143482240.1159,956416.0,47618785.28,3825664.0,704,320,8,4.0
s,1.5,29425780059.535526,1377239.04,47618785.28,5508956.16,704,384,8,4.0
m,1.5,73564450148.8388,1377239.04,47618785.28,5508956.16,704,384,8,4.0
l,1.5,147128900297.6776,1377239.04,47618785.28,5508956.16,704,384,8,4.0
xl,1.5,294257800595.3552,1377239.04,47618785.28,5508956.16,704,384,8,4.0
s,1.5,25954798163.379166,1377239.04,56670289.92,5508956.16,768,384,8,4.0
m,1.5,64886995408.447914,1377239.04,56670289.92,5508956.16,768,384,8,4.0
l,1.5,129773990816.89583,1377239.04,56670289.92,5508956.16,768,384,8,4.0
xl,1.5,259547981633.79166,1377239.04,56670289.92,5508956.16,768,384,8,4.0
s,1.5,64139432525.62327,612106.24,21694095.36,2448424.96,448,256,9,4.0
s,1.5,52818134511.05701,612106.24,28335144.96,2448424.96,512,256,9,4.0
s,1.5,39766306450.808075,956416.0,35861667.839999996,3825664.0,576,320,9,4.0
m,1.5,99415766127.02019,956416.0,35861667.839999996,3825664.0,576,320,9,4.0
l,1.5,198831532254.04037,956416.0,35861667.839999996,3825664.0,576,320,9,4.0
xl,1.5,397663064508.08075,956416.0,35861667.839999996,3825664.0,576,320,9,4.0
s,1.5,34043424077.338234,956416.0,44273664.0,3825664.0,640,320,9,4.0
m,1.5,85108560193.34558,956416.0,44273664.0,3825664.0,640,320,9,4.0
l,1.5,170217120386.69116,956416.0,44273664.0,3825664.0,640,320,9,4.0
xl,1.5,340434240773.3823,956416.0,44273664.0,3825664.0,640,320,9,4.0
s,1.5,27037217490.224262,1377239.04,53571133.44,5508956.16,704,384,9,4.0
m,1.5,67593043725.56065,1377239.04,53571133.44,5508956.16,704,384,9,4.0
l,1.5,135186087451.1213,1377239.04,53571133.44,5508956.16,704,384,9,4.0
xl,1.5,270372174902.2426,1377239.04,53571133.44,5508956.16,704,384,9,4.0
s,1.5,23753612596.920704,1377239.04,63754076.160000004,5508956.16,768,384,9,4.0
m,1.5,59384031492.30176,1377239.04,63754076.160000004,5508956.16,768,384,9,4.0
l,1.5,118768062984.60352,1377239.04,63754076.160000004,5508956.16,768,384,9,4.0
xl,1.5,237536125969.20703,1377239.04,63754076.160000004,5508956.16,768,384,9,4.0
s,1.5,21952497096.55952,1874575.3599999999,63754076.160000004,7498301.4399999995,768,448,9,4.0
m,1.5,54881242741.3988,1874575.3599999999,63754076.160000004,7498301.4399999995,768,448,9,4.0
l,1.5,109762485482.7976,1874575.3599999999,63754076.160000004,7498301.4399999995,768,448,9,4.0
xl,1.5,219524970965.5952,1874575.3599999999,63754076.160000004,7498301.4399999995,768,448,9,4.0
s,1.5,55494441136.8927,612106.24,23568670.72,2448424.96,448,256,10,4.0
s,1.5,34828177657.98804,956416.0,38960455.67999999,3825664.0,576,320,10,4.0
m,1.5,87070444144.97011,956416.0,38960455.67999999,3825664.0,576,320,10,4.0
l,1.5,174140888289.94022,956416.0,38960455.67999999,3825664.0,576,320,10,4.0
xl,1.5,348281776579.88043,956416.0,38960455.67999999,3825664.0,576,320,10,4.0
s,1.5,27379571840.366093,1377239.04,48099328.0,5508956.16,640,384,10,4.0
m,1.5,68448929600.91523,1377239.04,48099328.0,5508956.16,640,384,10,4.0
l,1.5,136897859201.83046,1377239.04,48099328.0,5508956.16,640,384,10,4.0
xl,1.5,273795718403.66092,1377239.04,48099328.0,5508956.16,640,384,10,4.0
s,1.5,23874912736.591644,1377239.04,58200186.879999995,5508956.16,704,384,10,4.0
m,1.5,59687281841.47911,1377239.04,58200186.879999995,5508956.16,704,384,10,4.0
l,1.5,119374563682.95822,1377239.04,58200186.879999995,5508956.16,704,384,10,4.0
xl,1.5,238749127365.91644,1377239.04,58200186.879999995,5508956.16,704,384,10,4.0
s,1.5,19534174995.480927,1874575.3599999999,69263032.32000001,7498301.4399999995,768,448,10,4.0
m,1.5,48835437488.70232,1874575.3599999999,69263032.32000001,7498301.4399999995,768,448,10,4.0
l,1.5,97670874977.40463,1874575.3599999999,69263032.32000001,7498301.4399999995,768,448,10,4.0
xl,1.5,195341749954.80927,1874575.3599999999,69263032.32000001,7498301.4399999995,768,448,10,4.0
s,1.5,51970613295.729095,612106.24,25979125.759999998,2448424.96,448,256,11,4.0
s,1.5,38568355524.765686,956416.0,33931919.36,3825664.0,512,320,11,4.0
s,1.5,32545692617.917137,956416.0,42945085.44,3825664.0,576,320,11,4.0
m,1.5,81364231544.79285,956416.0,42945085.44,3825664.0,576,320,11,4.0
l,1.5,162728463089.5857,956416.0,42945085.44,3825664.0,576,320,11,4.0
xl,1.5,325456926179.1714,956416.0,42945085.44,3825664.0,576,320,11,4.0
s,1.5,25636468462.95853,1377239.04,53018624.0,5508956.16,640,384,11,4.0
m,1.5,64091171157.396324,1377239.04,53018624.0,5508956.16,640,384,11,4.0
l,1.5,128182342314.79265,1377239.04,53018624.0,5508956.16,640,384,11,4.0
xl,1.5,256364684629.5853,1377239.04,53018624.0,5508956.16,640,384,11,4.0
s,1.5,22278056780.25848,1377239.04,64152535.04,5508956.16,704,384,11,4.0
m,1.5,55695141950.6462,1377239.04,64152535.04,5508956.16,704,384,11,4.0
l,1.5,111390283901.2924,1377239.04,64152535.04,5508956.16,704,384,11,4.0
xl,1.5,222780567802.5848,1377239.04,64152535.04,5508956.16,704,384,11,4.0
s,1.5,20686261260.2793,1874575.3599999999,64152535.04,7498301.4399999995,704,448,11,4.0
m,1.5,51715653150.69825,1874575.3599999999,64152535.04,7498301.4399999995,704,448,11,4.0
l,1.5,103431306301.3965,1874575.3599999999,64152535.04,7498301.4399999995,704,448,11,4.0
xl,1.5,206862612602.793,1874575.3599999999,64152535.04,7498301.4399999995,704,448,11,4.0
s,1.5,18260613912.81632,1874575.3599999999,76346818.56,7498301.4399999995,768,448,11,4.0
m,1.5,45651534782.040794,1874575.3599999999,76346818.56,7498301.4399999995,768,448,11,4.0
l,1.5,91303069564.08159,1874575.3599999999,76346818.56,7498301.4399999995,768,448,11,4.0
xl,1.5,182606139128.16318,1874575.3599999999,76346818.56,7498301.4399999995,768,448,11,4.0
s,1.5,60880785126.83508,612106.24,20857651.2,2448424.96,384,256,12,4.0
s,1.5,48867582704.948296,612106.24,28389580.8,2448424.96,448,256,12,4.0
s,1.5,36335717824.10872,956416.0,37080268.8,3825664.0,512,320,12,4.0
m,1.5,90839294560.27179,956416.0,37080268.8,3825664.0,512,320,12,4.0
l,1.5,181678589120.54358,956416.0,37080268.8,3825664.0,512,320,12,4.0
xl,1.5,363357178241.08716,956416.0,37080268.8,3825664.0,512,320,12,4.0
s,1.5,30543975291.456467,956416.0,46929715.2,3825664.0,576,320,12,4.0
m,1.5,76359938228.64117,956416.0,46929715.2,3825664.0,576,320,12,4.0
l,1.5,152719876457.28235,956416.0,46929715.2,3825664.0,576,320,12,4.0
xl,1.5,305439752914.5647,956416.0,46929715.2,3825664.0,576,320,12,4.0
s,1.5,28025791746.25823,1377239.04,46929715.2,5508956.16,576,384,12,4.0
m,1.5,70064479365.64557,1377239.04,46929715.2,5508956.16,576,384,12,4.0
l,1.5,140128958731.29114,1377239.04,46929715.2,5508956.16,576,384,12,4.0
xl,1.5,280257917462.5823,1377239.04,46929715.2,5508956.16,576,384,12,4.0
s,1.5,24102027879.172016,1377239.04,57937920.0,5508956.16,640,384,12,4.0
m,1.5,60255069697.930046,1377239.04,57937920.0,5508956.16,640,384,12,4.0
l,1.5,120510139395.86009,1377239.04,57937920.0,5508956.16,640,384,12,4.0
xl,1.5,241020278791.72018,1377239.04,57937920.0,5508956.16,640,384,12,4.0
s,1.5,19476657637.718853,1874575.3599999999,70104883.2,7498301.4399999995,704,448,12,4.0
m,1.5,48691644094.297134,1874575.3599999999,70104883.2,7498301.4399999995,704,448,12,4.0
l,1.5,97383288188.59427,1874575.3599999999,70104883.2,7498301.4399999995,704,448,12,4.0
xl,1.5,194766576377.18854,1874575.3599999999,70104883.2,7498301.4399999995,704,448,12,4.0
s,1.5,17142952330.720772,1874575.3599999999,83430604.8,7498301.4399999995,768,448,12,4.0
m,1.5,42857380826.801926,1874575.3599999999,83430604.8,7498301.4399999995,768,448,12,4.0
l,1.5,85714761653.60385,1874575.3599999999,83430604.8,7498301.4399999995,768,448,12,4.0
xl,1.5,171429523307.2077,1874575.3599999999,83430604.8,7498301.4399999995,768,448,12,4.0
s,1.5,16051528892.342636,2448424.96,83430604.8,9793699.84,768,512,12,4.0
m,1.5,40128822230.85659,2448424.96,83430604.8,9793699.84,768,512,12,4.0
l,1.5,80257644461.71318,2448424.96,83430604.8,9793699.84,768,512,12,4.0
xl,1.5,160515288923.42636,2448424.96,83430604.8,9793699.84,768,512,12,4.0
s,1.5,57719259904.98536,612106.24,22628597.759999998,2448424.96,384,256,13,4.0
s,1.5,34347420797.94734,956416.0,40228618.24,3825664.0,512,320,13,4.0
m,1.5,85868551994.86835,956416.0,40228618.24,3825664.0,512,320,13,4.0
l,1.5,171737103989.7367,956416.0,40228618.24,3825664.0,512,320,13,4.0
xl,1.5,343474207979.4734,956416.0,40228618.24,3825664.0,512,320,13,4.0
s,1.5,26528670262.651123,1377239.04,50914344.95999999,5508956.16,576,384,13,4.0
m,1.5,66321675656.62781,1377239.04,50914344.95999999,5508956.16,576,384,13,4.0
l,1.5,132643351313.25562,1377239.04,50914344.95999999,5508956.16,576,384,13,4.0
xl,1.5,265286702626.51123,1377239.04,50914344.95999999,5508956.16,576,384,13,4.0
s,1.5,22740898236.224503,1377239.04,62857216.0,5508956.16,640,384,13,4.0
m,1.5,56852245590.56126,1377239.04,62857216.0,5508956.16,640,384,13,4.0
l,1.5,113704491181.12251,1377239.04,62857216.0,5508956.16,640,384,13,4.0
xl,1.5,227408982362.24503,1377239.04,62857216.0,5508956.16,640,384,13,4.0
s,1.5,21084732920.58614,1874575.3599999999,62857216.0,7498301.4399999995,640,448,13,4.0
m,1.5,52711832301.46535,1874575.3599999999,62857216.0,7498301.4399999995,640,448,13,4.0
l,1.5,105423664602.9307,1874575.3599999999,62857216.0,7498301.4399999995,640,448,13,4.0
xl,1.5,210847329205.8614,1874575.3599999999,62857216.0,7498301.4399999995,640,448,13,4.0
s,1.5,18400699425.51697,1874575.3599999999,76057231.36,7498301.4399999995,704,448,13,4.0
m,1.5,46001748563.79243,1874575.3599999999,76057231.36,7498301.4399999995,704,448,13,4.0
l,1.5,92003497127.58485,1874575.3599999999,76057231.36,7498301.4399999995,704,448,13,4.0
xl,1.5,184006994255.1697,1874575.3599999999,76057231.36,7498301.4399999995,704,448,13,4.0
s,1.5,16154215266.435936,1874575.3599999999,90514391.03999999,7498301.4399999995,768,448,13,4.0
m,1.5,40385538166.08984,1874575.3599999999,90514391.03999999,7498301.4399999995,768,448,13,4.0
l,1.5,80771076332.17969,1874575.3599999999,90514391.03999999,7498301.4399999995,768,448,13,4.0
xl,1.5,161542152664.35938,1874575.3599999999,90514391.03999999,7498301.4399999995,768,448,13,4.0
s,1.5,15181487220.145056,2448424.96,90514391.03999999,9793699.84,768,512,13,4.0
m,1.5,37953718050.36264,2448424.96,90514391.03999999,9793699.84,768,512,13,4.0
l,1.5,75907436100.72528,2448424.96,90514391.03999999,9793699.84,768,512,13,4.0
xl,1.5,151814872201.45056,2448424.96,90514391.03999999,9793699.84,768,512,13,4.0
s,1.5,54869879628.374886,612106.24,24399544.32,2448424.96,384,256,14,4.0
s,1.5,39468696521.24244,956416.0,33210490.88,3825664.0,448,320,14,4.0
s,1.5,32565434362.139687,956416.0,43376967.68,3825664.0,512,320,14,4.0
m,1.5,81413585905.34923,956416.0,43376967.68,3825664.0,512,320,14,4.0
l,1.5,162827171810.69846,956416.0,43376967.68,3825664.0,512,320,14,4.0
xl,1.5,325654343621.3969,956416.0,43376967.68,3825664.0,512,320,14,4.0
s,1.5,25183388315.964146,1377239.04,54898974.72,5508956.16,576,384,14,4.0
m,1.5,62958470789.91036,1377239.04,54898974.72,5508956.16,576,384,14,4.0
l,1.5,125916941579.82072,1377239.04,54898974.72,5508956.16,576,384,14,4.0
xl,1.5,251833883159.64145,1377239.04,54898974.72,5508956.16,576,384,14,4.0
s,1.5,21525286595.378735,1377239.04,67776512.0,5508956.16,640,384,14,4.0
m,1.5,53813216488.44684,1377239.04,67776512.0,5508956.16,640,384,14,4.0
l,1.5,107626432976.89368,1377239.04,67776512.0,5508956.16,640,384,14,4.0
xl,1.5,215252865953.78735,1377239.04,67776512.0,5508956.16,640,384,14,4.0
s,1.5,20035649960.92264,1874575.3599999999,67776512.0,7498301.4399999995,640,448,14,4.0
m,1.5,50089124902.3066,1874575.3599999999,67776512.0,7498301.4399999995,640,448,14,4.0
l,1.5,100178249804.6132,1874575.3599999999,67776512.0,7498301.4399999995,640,448,14,4.0
xl,1.5,200356499609.2264,1874575.3599999999,67776512.0,7498301.4399999995,640,448,14,4.0
s,1.5,17437397050.68959,1874575.3599999999,82009579.52,7498301.4399999995,704,448,14,4.0
m,1.5,43593492626.723976,1874575.3599999999,82009579.52,7498301.4399999995,704,448,14,4.0
l,1.5,87186985253.44795,1874575.3599999999,82009579.52,7498301.4399999995,704,448,14,4.0
xl,1.5,174373970506.8959,1874575.3599999999,82009579.52,7498301.4399999995,704,448,14,4.0
s,1.5,16309392881.147121,2448424.96,82009579.52,9793699.84,704,512,14,4.0
m,1.5,40773482202.867805,2448424.96,82009579.52,9793699.84,704,512,14,4.0
l,1.5,81546964405.73561,2448424.96,82009579.52,9793699.84,704,512,14,4.0
xl,1.5,163093928811.47122,2448424.96,82009579.52,9793699.84,704,512,14,4.0
s,1.5,14400913899.419136,2448424.96,97598177.28,9793699.84,768,512,14,4.0
m,1.5,36002284748.547844,2448424.96,97598177.28,9793699.84,768,512,14,4.0
l,1.5,72004569497.09569,2448424.96,97598177.28,9793699.84,768,512,14,4.0
xl,1.5,144009138994.19138,2448424.96,97598177.28,9793699.84,768,512,14,4.0
s,1.5,52288590824.06408,612106.24,26170490.88,2448424.96,384,256,15,4.0
s,1.5,37652934328.46152,956416.0,35620945.92,3825664.0,448,320,15,4.0
m,1.5,94132335821.1538,956416.0,35620945.92,3825664.0,448,320,15,4.0
l,1.5,188264671642.3076,956416.0,35620945.92,3825664.0,448,320,15,4.0
xl,1.5,376529343284.6152,956416.0,35620945.92,3825664.0,448,320,15,4.0
s,1.5,30959231361.518642,956416.0,46525317.12,3825664.0,512,320,15,4.0
m,1.5,77398078403.7966,956416.0,46525317.12,3825664.0,512,320,15,4.0
l,1.5,154796156807.5932,956416.0,46525317.12,3825664.0,512,320,15,4.0
xl,1.5,309592313615.1864,956416.0,46525317.12,3825664.0,512,320,15,4.0
s,1.5,28375007751.01974,1377239.04,46525317.12,5508956.16,512,384,15,4.0
m,1.5,70937519377.54936,1377239.04,46525317.12,5508956.16,512,384,15,4.0
l,1.5,141875038755.09872,1377239.04,46525317.12,5508956.16,512,384,15,4.0
xl,1.5,283750077510.19745,1377239.04,46525317.12,5508956.16,512,384,15,4.0
s,1.5,23967961188.750923,1377239.04,58883604.480000004,5508956.16,576,384,15,4.0
m,1.5,59919902971.877304,1377239.04,58883604.480000004,5508956.16,576,384,15,4.0
l,1.5,119839805943.75461,1377239.04,58883604.480000004,5508956.16,576,384,15,4.0
xl,1.5,239679611887.50922,1377239.04,58883604.480000004,5508956.16,576,384,15,4.0
s,1.5,19086014386.401474,1874575.3599999999,72695808.0,7498301.4399999995,640,448,15,4.0
m,1.5,47715035966.003685,1874575.3599999999,72695808.0,7498301.4399999995,640,448,15,4.0
l,1.5,95430071932.00737,1874575.3599999999,72695808.0,7498301.4399999995,640,448,15,4.0
xl,1.5,190860143864.01474,1874575.3599999999,72695808.0,7498301.4399999995,640,448,15,4.0
s,1.5,16569937619.373148,1874575.3599999999,87961927.68,7498301.4399999995,704,448,15,4.0
m,1.5,41424844048.43287,1874575.3599999999,87961927.68,7498301.4399999995,704,448,15,4.0
l,1.5,82849688096.86574,1874575.3599999999,87961927.68,7498301.4399999995,704,448,15,4.0
xl,1.5,165699376193.73148,1874575.3599999999,87961927.68,7498301.4399999995,704,448,15,4.0
s,1.5,15548083298.130552,2448424.96,87961927.68,9793699.84,704,512,15,4.0
m,1.5,38870208245.32638,2448424.96,87961927.68,9793699.84,704,512,15,4.0
l,1.5,77740416490.65276,2448424.96,87961927.68,9793699.84,704,512,15,4.0
xl,1.5,155480832981.3055,2448424.96,87961927.68,9793699.84,704,512,15,4.0
s,1.5,13696683442.757534,2448424.96,104681963.52,9793699.84,768,512,15,4.0
m,1.5,34241708606.893833,2448424.96,104681963.52,9793699.84,768,512,15,4.0
l,1.5,68483417213.78767,2448424.96,104681963.52,9793699.84,768,512,15,4.0
xl,1.5,136966834427.57533,2448424.96,104681963.52,9793699.84,768,512,15,4.0
s,1.5,12905051728.403,3098787.84,104681963.52,12395151.36,768,576,15,4.0
m,1.5,32262629321.0075,3098787.84,104681963.52,12395151.36,768,576,15,4.0
l,1.5,64525258642.015,3098787.84,104681963.52,12395151.36,768,576,15,4.0
xl,1.5,129050517284.03,3098787.84,104681963.52,12395151.36,768,576,15,4.0
s,1.5,49939257333.214554,612106.24,27941437.44,2448424.96,384,256,16,4.0
s,1.5,35996892885.010056,956416.0,38031400.96,3825664.0,448,320,16,4.0
m,1.5,89992232212.52513,956416.0,38031400.96,3825664.0,448,320,16,4.0
l,1.5,179984464425.05026,956416.0,38031400.96,3825664.0,448,320,16,4.0
xl,1.5,359968928850.1005,956416.0,38031400.96,3825664.0,448,320,16,4.0
s,1.5,27147783972.7322,1377239.04,49673666.56,5508956.16,512,384,16,4.0
m,1.5,67869459931.8305,1377239.04,49673666.56,5508956.16,512,384,16,4.0
l,1.5,135738919863.661,1377239.04,49673666.56,5508956.16,512,384,16,4.0
xl,1.5,271477839727.322,1377239.04,49673666.56,5508956.16,512,384,16,4.0
s,1.5,22864452954.62179,1377239.04,62868234.239999995,5508956.16,576,384,16,4.0
m,1.5,57161132386.55448,1377239.04,62868234.239999995,5508956.16,576,384,16,4.0
l,1.5,114322264773.10896,1377239.04,62868234.239999995,5508956.16,576,384,16,4.0
xl,1.5,228644529546.21793,1377239.04,62868234.239999995,5508956.16,576,384,16,4.0
s,1.5,21190904555.486504,1874575.3599999999,62868234.239999995,7498301.4399999995,576,448,16,4.0
m,1.5,52977261388.71626,1874575.3599999999,62868234.239999995,7498301.4399999995,576,448,16,4.0
l,1.5,105954522777.43253,1874575.3599999999,62868234.239999995,7498301.4399999995,576,448,16,4.0
xl,1.5,211909045554.86505,1874575.3599999999,62868234.239999995,7498301.4399999995,576,448,16,4.0
s,1.5,18222325483.69214,1874575.3599999999,77615104.0,7498301.4399999995,640,448,16,4.0
m,1.5,45555813709.23035,1874575.3599999999,77615104.0,7498301.4399999995,640,448,16,4.0
l,1.5,91111627418.4607,1874575.3599999999,77615104.0,7498301.4399999995,640,448,16,4.0
xl,1.5,182223254836.9214,1874575.3599999999,77615104.0,7498301.4399999995,640,448,16,4.0
s,1.5,14854678627.921127,2448424.96,93914275.84,9793699.84,704,512,16,4.0
m,1.5,37136696569.80282,2448424.96,93914275.84,9793699.84,704,512,16,4.0
l,1.5,74273393139.60564,2448424.96,93914275.84,9793699.84,704,512,16,4.0
xl,1.5,148546786279.21127,2448424.96,93914275.84,9793699.84,704,512,16,4.0
s,1.5,13058118103.14464,2448424.96,111765749.76,9793699.84,768,512,16,4.0
m,1.5,32645295257.861603,2448424.96,111765749.76,9793699.84,768,512,16,4.0
l,1.5,65290590515.723206,2448424.96,111765749.76,9793699.84,768,512,16,4.0
xl,1.5,130581181031.44641,2448424.96,111765749.76,9793699.84,768,512,16,4.0
s,1.5,12336636318.84879,3098787.84,111765749.76,12395151.36,768,576,16,4.0
m,1.5,30841590797.12197,3098787.84,111765749.76,12395151.36,768,576,16,4.0
l,1.5,61683181594.24394,3098787.84,111765749.76,12395151.36,768,576,16,4.0
xl,1.5,123366363188.48788,3098787.84,111765749.76,12395151.36,768,576,16,4.0
s,1.5,60227743560.96158,612106.24,23809392.64,2448424.96,704,256,4,4.0
s,1.5,52977321303.87018,612106.24,28335144.96,2448424.96,768,256,4,4.0
s,1.5,58784075269.40722,612106.24,24596480.0,2448424.96,640,256,5,4.0
s,1.5,51005074554.559875,612106.24,29761740.8,2448424.96,704,256,5,4.0
s,1.5,40199760715.27711,956416.0,35418931.2,3825664.0,768,320,5,4.0
m,1.5,100499401788.19276,956416.0,35418931.2,3825664.0,768,320,5,4.0
l,1.5,200998803576.38553,956416.0,35418931.2,3825664.0,768,320,5,4.0
xl,1.5,401997607152.77106,956416.0,35418931.2,3825664.0,768,320,5,4.0
s,1.5,59964474152.84803,612106.24,23907778.56,2448424.96,576,256,6,4.0
s,1.5,51295830236.45984,612106.24,29515776.0,2448424.96,640,256,6,4.0
s,1.5,39939976165.29458,956416.0,35714088.96,3825664.0,704,320,6,4.0
m,1.5,99849940413.23645,956416.0,35714088.96,3825664.0,704,320,6,4.0
l,1.5,199699880826.4729,956416.0,35714088.96,3825664.0,704,320,6,4.0
xl,1.5,399399761652.9458,956416.0,35714088.96,3825664.0,704,320,6,4.0
s,1.5,35154194088.26309,956416.0,42502717.44,3825664.0,768,320,6,4.0
m,1.5,87885485220.65773,956416.0,42502717.44,3825664.0,768,320,6,4.0
l,1.5,175770970441.31546,956416.0,42502717.44,3825664.0,768,320,6,4.0
xl,1.5,351541940882.6309,956416.0,42502717.44,3825664.0,768,320,6,4.0
s,1.5,63505710663.67363,612106.24,22038446.08,2448424.96,512,256,7,4.0
s,1.5,53504005867.25126,612106.24,27892408.32,2448424.96,576,256,7,4.0
s,1.5,40970938443.97195,956416.0,34435072.0,3825664.0,640,320,7,4.0
s,1.5,35663567253.5855,956416.0,41666437.120000005,3825664.0,704,320,7,4.0
m,1.5,89158918133.96376,956416.0,41666437.120000005,3825664.0,704,320,7,4.0
l,1.5,178317836267.92752,956416.0,41666437.120000005,3825664.0,704,320,7,4.0
xl,1.5,356635672535.85504,956416.0,41666437.120000005,3825664.0,704,320,7,4.0
s,1.5,28605605286.71722,1377239.04,49586503.68,5508956.16,768,384,7,4.0
m,1.5,71514013216.79305,1377239.04,49586503.68,5508956.16,768,384,7,4.0
l,1.5,143028026433.5861,1377239.04,49586503.68,5508956.16,768,384,7,4.0
xl,1.5,286056052867.1722,1377239.04,49586503.68,5508956.16,768,384,7,4.0
s,1.5,57670947225.23556,612106.24,25186795.52,2448424.96,512,256,8,4.0
s,1.5,37187306148.16391,956416.0,39354368.0,3825664.0,640,320,8,4.0
m,1.5,92968265370.40977,956416.0,39354368.0,3825664.0,640,320,8,4.0
l,1.5,185936530740.81955,956416.0,39354368.0,3825664.0,640,320,8,4.0
xl,1.5,371873061481.6391,956416.0,39354368.0,3825664.0,640,320,8,4.0
s,1.5,32214348224.01159,956416.0,47618785.28,3825664.0,704,320,8,4.0
m,1.5,80535870560.02898,956416.0,47618785.28,3825664.0,704,320,8,4.0
l,1.5,161071741120.05795,956416.0,47618785.28,3825664.0,704,320,8,4.0
xl,1.5,322143482240.1159,956416.0,47618785.28,3825664.0,704,320,8,4.0
s,1.5,29425780059.535526,1377239.04,47618785.28,5508956.16,704,384,8,4.0
m,1.5,73564450148.8388,1377239.04,47618785.28,5508956.16,704,384,8,4.0
l,1.5,147128900297.6776,1377239.04,47618785.28,5508956.16,704,384,8,4.0
xl,1.5,294257800595.3552,1377239.04,47618785.28,5508956.16,704,384,8,4.0
s,1.5,25954798163.379166,1377239.04,56670289.92,5508956.16,768,384,8,4.0
m,1.5,64886995408.447914,1377239.04,56670289.92,5508956.16,768,384,8,4.0
l,1.5,129773990816.89583,1377239.04,56670289.92,5508956.16,768,384,8,4.0
xl,1.5,259547981633.79166,1377239.04,56670289.92,5508956.16,768,384,8,4.0
s,1.5,64139432525.62327,612106.24,21694095.36,2448424.96,448,256,9,4.0
s,1.5,52818134511.05701,612106.24,28335144.96,2448424.96,512,256,9,4.0
s,1.5,39766306450.808075,956416.0,35861667.839999996,3825664.0,576,320,9,4.0
m,1.5,99415766127.02019,956416.0,35861667.839999996,3825664.0,576,320,9,4.0
l,1.5,198831532254.04037,956416.0,35861667.839999996,3825664.0,576,320,9,4.0
xl,1.5,397663064508.08075,956416.0,35861667.839999996,3825664.0,576,320,9,4.0
s,1.5,34043424077.338234,956416.0,44273664.0,3825664.0,640,320,9,4.0
m,1.5,85108560193.34558,956416.0,44273664.0,3825664.0,640,320,9,4.0
l,1.5,170217120386.69116,956416.0,44273664.0,3825664.0,640,320,9,4.0
xl,1.5,340434240773.3823,956416.0,44273664.0,3825664.0,640,320,9,4.0
s,1.5,27037217490.224262,1377239.04,53571133.44,5508956.16,704,384,9,4.0
m,1.5,67593043725.56065,1377239.04,53571133.44,5508956.16,704,384,9,4.0
l,1.5,135186087451.1213,1377239.04,53571133.44,5508956.16,704,384,9,4.0
xl,1.5,270372174902.2426,1377239.04,53571133.44,5508956.16,704,384,9,4.0
s,1.5,23753612596.920704,1377239.04,63754076.160000004,5508956.16,768,384,9,4.0
m,1.5,59384031492.30176,1377239.04,63754076.160000004,5508956.16,768,384,9,4.0
l,1.5,118768062984.60352,1377239.04,63754076.160000004,5508956.16,768,384,9,4.0
xl,1.5,237536125969.20703,1377239.04,63754076.160000004,5508956.16,768,384,9,4.0
s,1.5,21952497096.55952,1874575.3599999999,63754076.160000004,7498301.4399999995,768,448,9,4.0
m,1.5,54881242741.3988,1874575.3599999999,63754076.160000004,7498301.4399999995,768,448,9,4.0
l,1.5,109762485482.7976,1874575.3599999999,63754076.160000004,7498301.4399999995,768,448,9,4.0
xl,1.5,219524970965.5952,1874575.3599999999,63754076.160000004,7498301.4399999995,768,448,9,4.0
s,1.5,55494441136.8927,612106.24,23568670.72,2448424.96,448,256,10,4.0
s,1.5,34828177657.98804,956416.0,38960455.67999999,3825664.0,576,320,10,4.0
m,1.5,87070444144.97011,956416.0,38960455.67999999,3825664.0,576,320,10,4.0
l,1.5,174140888289.94022,956416.0,38960455.67999999,3825664.0,576,320,10,4.0
xl,1.5,348281776579.88043,956416.0,38960455.67999999,3825664.0,576,320,10,4.0
s,1.5,27379571840.366093,1377239.04,48099328.0,5508956.16,640,384,10,4.0
m,1.5,68448929600.91523,1377239.04,48099328.0,5508956.16,640,384,10,4.0
l,1.5,136897859201.83046,1377239.04,48099328.0,5508956.16,640,384,10,4.0
xl,1.5,273795718403.66092,1377239.04,48099328.0,5508956.16,640,384,10,4.0
s,1.5,23874912736.591644,1377239.04,58200186.879999995,5508956.16,704,384,10,4.0
m,1.5,59687281841.47911,1377239.04,58200186.879999995,5508956.16,704,384,10,4.0
l,1.5,119374563682.95822,1377239.04,58200186.879999995,5508956.16,704,384,10,4.0
xl,1.5,238749127365.91644,1377239.04,58200186.879999995,5508956.16,704,384,10,4.0
s,1.5,19534174995.480927,1874575.3599999999,69263032.32000001,7498301.4399999995,768,448,10,4.0
m,1.5,48835437488.70232,1874575.3599999999,69263032.32000001,7498301.4399999995,768,448,10,4.0
l,1.5,97670874977.40463,1874575.3599999999,69263032.32000001,7498301.4399999995,768,448,10,4.0
xl,1.5,195341749954.80927,1874575.3599999999,69263032.32000001,7498301.4399999995,768,448,10,4.0
s,1.5,51970613295.729095,612106.24,25979125.759999998,2448424.96,448,256,11,4.0
s,1.5,38568355524.765686,956416.0,33931919.36,3825664.0,512,320,11,4.0
s,1.5,32545692617.917137,956416.0,42945085.44,3825664.0,576,320,11,4.0
m,1.5,81364231544.79285,956416.0,42945085.44,3825664.0,576,320,11,4.0
l,1.5,162728463089.5857,956416.0,42945085.44,3825664.0,576,320,11,4.0
xl,1.5,325456926179.1714,956416.0,42945085.44,3825664.0,576,320,11,4.0
s,1.5,25636468462.95853,1377239.04,53018624.0,5508956.16,640,384,11,4.0
m,1.5,64091171157.396324,1377239.04,53018624.0,5508956.16,640,384,11,4.0
l,1.5,128182342314.79265,1377239.04,53018624.0,5508956.16,640,384,11,4.0
xl,1.5,256364684629.5853,1377239.04,53018624.0,5508956.16,640,384,11,4.0
s,1.5,22278056780.25848,1377239.04,64152535.04,5508956.16,704,384,11,4.0
m,1.5,55695141950.6462,1377239.04,64152535.04,5508956.16,704,384,11,4.0
l,1.5,111390283901.2924,1377239.04,64152535.04,5508956.16,704,384,11,4.0
xl,1.5,222780567802.5848,1377239.04,64152535.04,5508956.16,704,384,11,4.0
s,1.5,20686261260.2793,1874575.3599999999,64152535.04,7498301.4399999995,704,448,11,4.0
m,1.5,51715653150.69825,1874575.3599999999,64152535.04,7498301.4399999995,704,448,11,4.0
l,1.5,103431306301.3965,1874575.3599999999,64152535.04,7498301.4399999995,704,448,11,4.0
xl,1.5,206862612602.793,1874575.3599999999,64152535.04,7498301.4399999995,704,448,11,4.0
s,1.5,18260613912.81632,1874575.3599999999,76346818.56,7498301.4399999995,768,448,11,4.0
m,1.5,45651534782.040794,1874575.3599999999,76346818.56,7498301.4399999995,768,448,11,4.0
l,1.5,91303069564.08159,1874575.3599999999,76346818.56,7498301.4399999995,768,448,11,4.0
xl,1.5,182606139128.16318,1874575.3599999999,76346818.56,7498301.4399999995,768,448,11,4.0
s,1.5,60880785126.83508,612106.24,20857651.2,2448424.96,384,256,12,4.0
s,1.5,48867582704.948296,612106.24,28389580.8,2448424.96,448,256,12,4.0
s,1.5,36335717824.10872,956416.0,37080268.8,3825664.0,512,320,12,4.0
m,1.5,90839294560.27179,956416.0,37080268.8,3825664.0,512,320,12,4.0
l,1.5,181678589120.54358,956416.0,37080268.8,3825664.0,512,320,12,4.0
xl,1.5,363357178241.08716,956416.0,37080268.8,3825664.0,512,320,12,4.0
s,1.5,30543975291.456467,956416.0,46929715.2,3825664.0,576,320,12,4.0
m,1.5,76359938228.64117,956416.0,46929715.2,3825664.0,576,320,12,4.0
l,1.5,152719876457.28235,956416.0,46929715.2,3825664.0,576,320,12,4.0
xl,1.5,305439752914.5647,956416.0,46929715.2,3825664.0,576,320,12,4.0
s,1.5,28025791746.25823,1377239.04,46929715.2,5508956.16,576,384,12,4.0
m,1.5,70064479365.64557,1377239.04,46929715.2,5508956.16,576,384,12,4.0
l,1.5,140128958731.29114,1377239.04,46929715.2,5508956.16,576,384,12,4.0
xl,1.5,280257917462.5823,1377239.04,46929715.2,5508956.16,576,384,12,4.0
s,1.5,24102027879.172016,1377239.04,57937920.0,5508956.16,640,384,12,4.0
m,1.5,60255069697.930046,1377239.04,57937920.0,5508956.16,640,384,12,4.0
l,1.5,120510139395.86009,1377239.04,57937920.0,5508956.16,640,384,12,4.0
xl,1.5,241020278791.72018,1377239.04,57937920.0,5508956.16,640,384,12,4.0
s,1.5,19476657637.718853,1874575.3599999999,70104883.2,7498301.4399999995,704,448,12,4.0
m,1.5,48691644094.297134,1874575.3599999999,70104883.2,7498301.4399999995,704,448,12,4.0
l,1.5,97383288188.59427,1874575.3599999999,70104883.2,7498301.4399999995,704,448,12,4.0
xl,1.5,194766576377.18854,1874575.3599999999,70104883.2,7498301.4399999995,704,448,12,4.0
s,1.5,17142952330.720772,1874575.3599999999,83430604.8,7498301.4399999995,768,448,12,4.0
m,1.5,42857380826.801926,1874575.3599999999,83430604.8,7498301.4399999995,768,448,12,4.0
l,1.5,85714761653.60385,1874575.3599999999,83430604.8,7498301.4399999995,768,448,12,4.0
xl,1.5,171429523307.2077,1874575.3599999999,83430604.8,7498301.4399999995,768,448,12,4.0
s,1.5,16051528892.342636,2448424.96,83430604.8,9793699.84,768,512,12,4.0
m,1.5,40128822230.85659,2448424.96,83430604.8,9793699.84,768,512,12,4.0
l,1.5,80257644461.71318,2448424.96,83430604.8,9793699.84,768,512,12,4.0
xl,1.5,160515288923.42636,2448424.96,83430604.8,9793699.84,768,512,12,4.0
s,1.5,57719259904.98536,612106.24,22628597.759999998,2448424.96,384,256,13,4.0
s,1.5,34347420797.94734,956416.0,40228618.24,3825664.0,512,320,13,4.0
m,1.5,85868551994.86835,956416.0,40228618.24,3825664.0,512,320,13,4.0
l,1.5,171737103989.7367,956416.0,40228618.24,3825664.0,512,320,13,4.0
xl,1.5,343474207979.4734,956416.0,40228618.24,3825664.0,512,320,13,4.0
s,1.5,26528670262.651123,1377239.04,50914344.95999999,5508956.16,576,384,13,4.0
m,1.5,66321675656.62781,1377239.04,50914344.95999999,5508956.16,576,384,13,4.0
l,1.5,132643351313.25562,1377239.04,50914344.95999999,5508956.16,576,384,13,4.0
xl,1.5,265286702626.51123,1377239.04,50914344.95999999,5508956.16,576,384,13,4.0
s,1.5,22740898236.224503,1377239.04,62857216.0,5508956.16,640,384,13,4.0
m,1.5,56852245590.56126,1377239.04,62857216.0,5508956.16,640,384,13,4.0
l,1.5,113704491181.12251,1377239.04,62857216.0,5508956.16,640,384,13,4.0
xl,1.5,227408982362.24503,1377239.04,62857216.0,5508956.16,640,384,13,4.0
s,1.5,21084732920.58614,1874575.3599999999,62857216.0,7498301.4399999995,640,448,13,4.0
m,1.5,52711832301.46535,1874575.3599999999,62857216.0,7498301.4399999995,640,448,13,4.0
l,1.5,105423664602.9307,1874575.3599999999,62857216.0,7498301.4399999995,640,448,13,4.0
xl,1.5,210847329205.8614,1874575.3599999999,62857216.0,7498301.4399999995,640,448,13,4.0
s,1.5,18400699425.51697,1874575.3599999999,76057231.36,7498301.4399999995,704,448,13,4.0
m,1.5,46001748563.79243,1874575.3599999999,76057231.36,7498301.4399999995,704,448,13,4.0
l,1.5,92003497127.58485,1874575.3599999999,76057231.36,7498301.4399999995,704,448,13,4.0
xl,1.5,184006994255.1697,1874575.3599999999,76057231.36,7498301.4399999995,704,448,13,4.0
s,1.5,16154215266.435936,1874575.3599999999,90514391.03999999,7498301.4399999995,768,448,13,4.0
m,1.5,40385538166.08984,1874575.3599999999,90514391.03999999,7498301.4399999995,768,448,13,4.0
l,1.5,80771076332.17969,1874575.3599999999,90514391.03999999,7498301.4399999995,768,448,13,4.0
xl,1.5,161542152664.35938,1874575.3599999999,90514391.03999999,7498301.4399999995,768,448,13,4.0
s,1.5,15181487220.145056,2448424.96,90514391.03999999,9793699.84,768,512,13,4.0
m,1.5,37953718050.36264,2448424.96,90514391.03999999,9793699.84,768,512,13,4.0
l,1.5,75907436100.72528,2448424.96,90514391.03999999,9793699.84,768,512,13,4.0
xl,1.5,151814872201.45056,2448424.96,90514391.03999999,9793699.84,768,512,13,4.0
s,1.5,54869879628.374886,612106.24,24399544.32,2448424.96,384,256,14,4.0
s,1.5,39468696521.24244,956416.0,33210490.88,3825664.0,448,320,14,4.0
s,1.5,32565434362.139687,956416.0,43376967.68,3825664.0,512,320,14,4.0
m,1.5,81413585905.34923,956416.0,43376967.68,3825664.0,512,320,14,4.0
l,1.5,162827171810.69846,956416.0,43376967.68,3825664.0,512,320,14,4.0
xl,1.5,325654343621.3969,956416.0,43376967.68,3825664.0,512,320,14,4.0
s,1.5,25183388315.964146,1377239.04,54898974.72,5508956.16,576,384,14,4.0
m,1.5,62958470789.91036,1377239.04,54898974.72,5508956.16,576,384,14,4.0
l,1.5,125916941579.82072,1377239.04,54898974.72,5508956.16,576,384,14,4.0
xl,1.5,251833883159.64145,1377239.04,54898974.72,5508956.16,576,384,14,4.0
s,1.5,21525286595.378735,1377239.04,67776512.0,5508956.16,640,384,14,4.0
m,1.5,53813216488.44684,1377239.04,67776512.0,5508956.16,640,384,14,4.0
l,1.5,107626432976.89368,1377239.04,67776512.0,5508956.16,640,384,14,4.0
xl,1.5,215252865953.78735,1377239.04,67776512.0,5508956.16,640,384,14,4.0
s,1.5,20035649960.92264,1874575.3599999999,67776512.0,7498301.4399999995,640,448,14,4.0
m,1.5,50089124902.3066,1874575.3599999999,67776512.0,7498301.4399999995,640,448,14,4.0
l,1.5,100178249804.6132,1874575.3599999999,67776512.0,7498301.4399999995,640,448,14,4.0
xl,1.5,200356499609.2264,1874575.3599999999,67776512.0,7498301.4399999995,640,448,14,4.0
s,1.5,17437397050.68959,1874575.3599999999,82009579.52,7498301.4399999995,704,448,14,4.0
m,1.5,43593492626.723976,1874575.3599999999,82009579.52,7498301.4399999995,704,448,14,4.0
l,1.5,87186985253.44795,1874575.3599999999,82009579.52,7498301.4399999995,704,448,14,4.0
xl,1.5,174373970506.8959,1874575.3599999999,82009579.52,7498301.4399999995,704,448,14,4.0
s,1.5,16309392881.147121,2448424.96,82009579.52,9793699.84,704,512,14,4.0
m,1.5,40773482202.867805,2448424.96,82009579.52,9793699.84,704,512,14,4.0
l,1.5,81546964405.73561,2448424.96,82009579.52,9793699.84,704,512,14,4.0
xl,1.5,163093928811.47122,2448424.96,82009579.52,9793699.84,704,512,14,4.0
s,1.5,14400913899.419136,2448424.96,97598177.28,9793699.84,768,512,14,4.0
m,1.5,36002284748.547844,2448424.96,97598177.28,9793699.84,768,512,14,4.0
l,1.5,72004569497.09569,2448424.96,97598177.28,9793699.84,768,512,14,4.0
xl,1.5,144009138994.19138,2448424.96,97598177.28,9793699.84,768,512,14,4.0
s,1.5,52288590824.06408,612106.24,26170490.88,2448424.96,384,256,15,4.0
s,1.5,37652934328.46152,956416.0,35620945.92,3825664.0,448,320,15,4.0
m,1.5,94132335821.1538,956416.0,35620945.92,3825664.0,448,320,15,4.0
l,1.5,188264671642.3076,956416.0,35620945.92,3825664.0,448,320,15,4.0
xl,1.5,376529343284.6152,956416.0,35620945.92,3825664.0,448,320,15,4.0
s,1.5,30959231361.518642,956416.0,46525317.12,3825664.0,512,320,15,4.0
m,1.5,77398078403.7966,956416.0,46525317.12,3825664.0,512,320,15,4.0
l,1.5,154796156807.5932,956416.0,46525317.12,3825664.0,512,320,15,4.0
xl,1.5,309592313615.1864,956416.0,46525317.12,3825664.0,512,320,15,4.0
s,1.5,28375007751.01974,1377239.04,46525317.12,5508956.16,512,384,15,4.0
m,1.5,70937519377.54936,1377239.04,46525317.12,5508956.16,512,384,15,4.0
l,1.5,141875038755.09872,1377239.04,46525317.12,5508956.16,512,384,15,4.0
xl,1.5,283750077510.19745,1377239.04,46525317.12,5508956.16,512,384,15,4.0
s,1.5,23967961188.750923,1377239.04,58883604.480000004,5508956.16,576,384,15,4.0
m,1.5,59919902971.877304,1377239.04,58883604.480000004,5508956.16,576,384,15,4.0
l,1.5,119839805943.75461,1377239.04,58883604.480000004,5508956.16,576,384,15,4.0
xl,1.5,239679611887.50922,1377239.04,58883604.480000004,5508956.16,576,384,15,4.0
s,1.5,19086014386.401474,1874575.3599999999,72695808.0,7498301.4399999995,640,448,15,4.0
m,1.5,47715035966.003685,1874575.3599999999,72695808.0,7498301.4399999995,640,448,15,4.0
l,1.5,95430071932.00737,1874575.3599999999,72695808.0,7498301.4399999995,640,448,15,4.0
xl,1.5,190860143864.01474,1874575.3599999999,72695808.0,7498301.4399999995,640,448,15,4.0
s,1.5,16569937619.373148,1874575.3599999999,87961927.68,7498301.4399999995,704,448,15,4.0
m,1.5,41424844048.43287,1874575.3599999999,87961927.68,7498301.4399999995,704,448,15,4.0
l,1.5,82849688096.86574,1874575.3599999999,87961927.68,7498301.4399999995,704,448,15,4.0
xl,1.5,165699376193.73148,1874575.3599999999,87961927.68,7498301.4399999995,704,448,15,4.0
s,1.5,15548083298.130552,2448424.96,87961927.68,9793699.84,704,512,15,4.0
m,1.5,38870208245.32638,2448424.96,87961927.68,9793699.84,704,512,15,4.0
l,1.5,77740416490.65276,2448424.96,87961927.68,9793699.84,704,512,15,4.0
xl,1.5,155480832981.3055,2448424.96,87961927.68,9793699.84,704,512,15,4.0
s,1.5,13696683442.757534,2448424.96,104681963.52,9793699.84,768,512,15,4.0
m,1.5,34241708606.893833,2448424.96,104681963.52,9793699.84,768,512,15,4.0
l,1.5,68483417213.78767,2448424.96,104681963.52,9793699.84,768,512,15,4.0
xl,1.5,136966834427.57533,2448424.96,104681963.52,9793699.84,768,512,15,4.0
s,1.5,12905051728.403,3098787.84,104681963.52,12395151.36,768,576,15,4.0
m,1.5,32262629321.0075,3098787.84,104681963.52,12395151.36,768,576,15,4.0
l,1.5,64525258642.015,3098787.84,104681963.52,12395151.36,768,576,15,4.0
xl,1.5,129050517284.03,3098787.84,104681963.52,12395151.36,768,576,15,4.0
s,1.5,49939257333.214554,612106.24,27941437.44,2448424.96,384,256,16,4.0
s,1.5,35996892885.010056,956416.0,38031400.96,3825664.0,448,320,16,4.0
m,1.5,89992232212.52513,956416.0,38031400.96,3825664.0,448,320,16,4.0
l,1.5,179984464425.05026,956416.0,38031400.96,3825664.0,448,320,16,4.0
xl,1.5,359968928850.1005,956416.0,38031400.96,3825664.0,448,320,16,4.0
s,1.5,27147783972.7322,1377239.04,49673666.56,5508956.16,512,384,16,4.0
m,1.5,67869459931.8305,1377239.04,49673666.56,5508956.16,512,384,16,4.0
l,1.5,135738919863.661,1377239.04,49673666.56,5508956.16,512,384,16,4.0
xl,1.5,271477839727.322,1377239.04,49673666.56,5508956.16,512,384,16,4.0
s,1.5,22864452954.62179,1377239.04,62868234.239999995,5508956.16,576,384,16,4.0
m,1.5,57161132386.55448,1377239.04,62868234.239999995,5508956.16,576,384,16,4.0
l,1.5,114322264773.10896,1377239.04,62868234.239999995,5508956.16,576,384,16,4.0
xl,1.5,228644529546.21793,1377239.04,62868234.239999995,5508956.16,576,384,16,4.0
s,1.5,21190904555.486504,1874575.3599999999,62868234.239999995,7498301.4399999995,576,448,16,4.0
m,1.5,52977261388.71626,1874575.3599999999,62868234.239999995,7498301.4399999995,576,448,16,4.0
l,1.5,105954522777.43253,1874575.3599999999,62868234.239999995,7498301.4399999995,576,448,16,4.0
xl,1.5,211909045554.86505,1874575.3599999999,62868234.239999995,7498301.4399999995,576,448,16,4.0
s,1.5,18222325483.69214,1874575.3599999999,77615104.0,7498301.4399999995,640,448,16,4.0
m,1.5,45555813709.23035,1874575.3599999999,77615104.0,7498301.4399999995,640,448,16,4.0
l,1.5,91111627418.4607,1874575.3599999999,77615104.0,7498301.4399999995,640,448,16,4.0
xl,1.5,182223254836.9214,1874575.3599999999,77615104.0,7498301.4399999995,640,448,16,4.0
s,1.5,14854678627.921127,2448424.96,93914275.84,9793699.84,704,512,16,4.0
m,1.5,37136696569.80282,2448424.96,93914275.84,9793699.84,704,512,16,4.0
l,1.5,74273393139.60564,2448424.96,93914275.84,9793699.84,704,512,16,4.0
xl,1.5,148546786279.21127,2448424.96,93914275.84,9793699.84,704,512,16,4.0
s,1.5,13058118103.14464,2448424.96,111765749.76,9793699.84,768,512,16,4.0
m,1.5,32645295257.861603,2448424.96,111765749.76,9793699.84,768,512,16,4.0
l,1.5,65290590515.723206,2448424.96,111765749.76,9793699.84,768,512,16,4.0
xl,1.5,130581181031.44641,2448424.96,111765749.76,9793699.84,768,512,16,4.0
s,1.5,12336636318.84879,3098787.84,111765749.76,12395151.36,768,576,16,4.0
m,1.5,30841590797.12197,3098787.84,111765749.76,12395151.36,768,576,16,4.0
l,1.5,61683181594.24394,3098787.84,111765749.76,12395151.36,768,576,16,4.0
xl,1.5,123366363188.48788,3098787.84,111765749.76,12395151.36,768,576,16,4.0
s,1.5,60227743560.96158,612106.24,23809392.64,2448424.96,704,256,4,4.0
s,1.5,52977321303.87018,612106.24,28335144.96,2448424.96,768,256,4,4.0
s,1.5,58784075269.40722,612106.24,24596480.0,2448424.96,640,256,5,4.0
s,1.5,51005074554.559875,612106.24,29761740.8,2448424.96,704,256,5,4.0
s,1.5,40199760715.27711,956416.0,35418931.2,3825664.0,768,320,5,4.0
m,1.5,100499401788.19276,956416.0,35418931.2,3825664.0,768,320,5,4.0
l,1.5,200998803576.38553,956416.0,35418931.2,3825664.0,768,320,5,4.0
xl,1.5,401997607152.77106,956416.0,35418931.2,3825664.0,768,320,5,4.0
s,1.5,59964474152.84803,612106.24,23907778.56,2448424.96,576,256,6,4.0
s,1.5,51295830236.45984,612106.24,29515776.0,2448424.96,640,256,6,4.0
s,1.5,39939976165.29458,956416.0,35714088.96,3825664.0,704,320,6,4.0
m,1.5,99849940413.23645,956416.0,35714088.96,3825664.0,704,320,6,4.0
l,1.5,199699880826.4729,956416.0,35714088.96,3825664.0,704,320,6,4.0
xl,1.5,399399761652.9458,956416.0,35714088.96,3825664.0,704,320,6,4.0
s,1.5,35154194088.26309,956416.0,42502717.44,3825664.0,768,320,6,4.0
m,1.5,87885485220.65773,956416.0,42502717.44,3825664.0,768,320,6,4.0
l,1.5,175770970441.31546,956416.0,42502717.44,3825664.0,768,320,6,4.0
xl,1.5,351541940882.6309,956416.0,42502717.44,3825664.0,768,320,6,4.0
s,1.5,63505710663.67363,612106.24,22038446.08,2448424.96,512,256,7,4.0
s,1.5,53504005867.25126,612106.24,27892408.32,2448424.96,576,256,7,4.0
s,1.5,40970938443.97195,956416.0,34435072.0,3825664.0,640,320,7,4.0
s,1.5,35663567253.5855,956416.0,41666437.120000005,3825664.0,704,320,7,4.0
m,1.5,89158918133.96376,956416.0,41666437.120000005,3825664.0,704,320,7,4.0
l,1.5,178317836267.92752,956416.0,41666437.120000005,3825664.0,704,320,7,4.0
xl,1.5,356635672535.85504,956416.0,41666437.120000005,3825664.0,704,320,7,4.0
s,1.5,28605605286.71722,1377239.04,49586503.68,5508956.16,768,384,7,4.0
m,1.5,71514013216.79305,1377239.04,49586503.68,5508956.16,768,384,7,4.0
l,1.5,143028026433.5861,1377239.04,49586503.68,5508956.16,768,384,7,4.0
xl,1.5,286056052867.1722,1377239.04,49586503.68,5508956.16,768,384,7,4.0
s,1.5,57670947225.23556,612106.24,25186795.52,2448424.96,512,256,8,4.0
s,1.5,37187306148.16391,956416.0,39354368.0,3825664.0,640,320,8,4.0
m,1.5,92968265370.40977,956416.0,39354368.0,3825664.0,640,320,8,4.0
l,1.5,185936530740.81955,956416.0,39354368.0,3825664.0,640,320,8,4.0
xl,1.5,371873061481.6391,956416.0,39354368.0,3825664.0,640,320,8,4.0
s,1.5,32214348224.01159,956416.0,47618785.28,3825664.0,704,320,8,4.0
m,1.5,80535870560.02898,956416.0,47618785.28,3825664.0,704,320,8,4.0
l,1.5,161071741120.05795,956416.0,47618785.28,3825664.0,704,320,8,4.0
xl,1.5,322143482240.1159,956416.0,47618785.28,3825664.0,704,320,8,4.0
s,1.5,29425780059.535526,1377239.04,47618785.28,5508956.16,704,384,8,4.0
m,1.5,73564450148.8388,1377239.04,47618785.28,5508956.16,704,384,8,4.0
l,1.5,147128900297.6776,1377239.04,47618785.28,5508956.16,704,384,8,4.0
xl,1.5,294257800595.3552,1377239.04,47618785.28,5508956.16,704,384,8,4.0
s,1.5,25954798163.379166,1377239.04,56670289.92,5508956.16,768,384,8,4.0
m,1.5,64886995408.447914,1377239.04,56670289.92,5508956.16,768,384,8,4.0
l,1.5,129773990816.89583,1377239.04,56670289.92,5508956.16,768,384,8,4.0
xl,1.5,259547981633.79166,1377239.04,56670289.92,5508956.16,768,384,8,4.0
s,1.5,64139432525.62327,612106.24,21694095.36,2448424.96,448,256,9,4.0
s,1.5,52818134511.05701,612106.24,28335144.96,2448424.96,512,256,9,4.0
s,1.5,39766306450.808075,956416.0,35861667.839999996,3825664.0,576,320,9,4.0
m,1.5,99415766127.02019,956416.0,35861667.839999996,3825664.0,576,320,9,4.0
l,1.5,198831532254.04037,956416.0,35861667.839999996,3825664.0,576,320,9,4.0
xl,1.5,397663064508.08075,956416.0,35861667.839999996,3825664.0,576,320,9,4.0
s,1.5,34043424077.338234,956416.0,44273664.0,3825664.0,640,320,9,4.0
m,1.5,85108560193.34558,956416.0,44273664.0,3825664.0,640,320,9,4.0
l,1.5,170217120386.69116,956416.0,44273664.0,3825664.0,640,320,9,4.0
xl,1.5,340434240773.3823,956416.0,44273664.0,3825664.0,640,320,9,4.0
s,1.5,27037217490.224262,1377239.04,53571133.44,5508956.16,704,384,9,4.0
m,1.5,67593043725.56065,1377239.04,53571133.44,5508956.16,704,384,9,4.0
l,1.5,135186087451.1213,1377239.04,53571133.44,5508956.16,704,384,9,4.0
xl,1.5,270372174902.2426,1377239.04,53571133.44,5508956.16,704,384,9,4.0
s,1.5,23753612596.920704,1377239.04,63754076.160000004,5508956.16,768,384,9,4.0
m,1.5,59384031492.30176,1377239.04,63754076.160000004,5508956.16,768,384,9,4.0
l,1.5,118768062984.60352,1377239.04,63754076.160000004,5508956.16,768,384,9,4.0
xl,1.5,237536125969.20703,1377239.04,63754076.160000004,5508956.16,768,384,9,4.0
s,1.5,21952497096.55952,1874575.3599999999,63754076.160000004,7498301.4399999995,768,448,9,4.0
m,1.5,54881242741.3988,1874575.3599999999,63754076.160000004,7498301.4399999995,768,448,9,4.0
l,1.5,109762485482.7976,1874575.3599999999,63754076.160000004,7498301.4399999995,768,448,9,4.0
xl,1.5,219524970965.5952,1874575.3599999999,63754076.160000004,7498301.4399999995,768,448,9,4.0
s,1.5,55494441136.8927,612106.24,23568670.72,2448424.96,448,256,10,4.0
s,1.5,34828177657.98804,956416.0,38960455.67999999,3825664.0,576,320,10,4.0
m,1.5,87070444144.97011,956416.0,38960455.67999999,3825664.0,576,320,10,4.0
l,1.5,174140888289.94022,956416.0,38960455.67999999,3825664.0,576,320,10,4.0
xl,1.5,348281776579.88043,956416.0,38960455.67999999,3825664.0,576,320,10,4.0
s,1.5,27379571840.366093,1377239.04,48099328.0,5508956.16,640,384,10,4.0
m,1.5,68448929600.91523,1377239.04,48099328.0,5508956.16,640,384,10,4.0
l,1.5,136897859201.83046,1377239.04,48099328.0,5508956.16,640,384,10,4.0
xl,1.5,273795718403.66092,1377239.04,48099328.0,5508956.16,640,384,10,4.0
s,1.5,23874912736.591644,1377239.04,58200186.879999995,5508956.16,704,384,10,4.0
m,1.5,59687281841.47911,1377239.04,58200186.879999995,5508956.16,704,384,10,4.0
l,1.5,119374563682.95822,1377239.04,58200186.879999995,5508956.16,704,384,10,4.0
xl,1.5,238749127365.91644,1377239.04,58200186.879999995,5508956.16,704,384,10,4.0
s,1.5,19534174995.480927,1874575.3599999999,69263032.32000001,7498301.4399999995,768,448,10,4.0
m,1.5,48835437488.70232,1874575.3599999999,69263032.32000001,7498301.4399999995,768,448,10,4.0
l,1.5,97670874977.40463,1874575.3599999999,69263032.32000001,7498301.4399999995,768,448,10,4.0
xl,1.5,195341749954.80927,1874575.3599999999,69263032.32000001,7498301.4399999995,768,448,10,4.0
s,1.5,51970613295.729095,612106.24,25979125.759999998,2448424.96,448,256,11,4.0
s,1.5,38568355524.765686,956416.0,33931919.36,3825664.0,512,320,11,4.0
s,1.5,32545692617.917137,956416.0,42945085.44,3825664.0,576,320,11,4.0
m,1.5,81364231544.79285,956416.0,42945085.44,3825664.0,576,320,11,4.0
l,1.5,162728463089.5857,956416.0,42945085.44,3825664.0,576,320,11,4.0
xl,1.5,325456926179.1714,956416.0,42945085.44,3825664.0,576,320,11,4.0
s,1.5,25636468462.95853,1377239.04,53018624.0,5508956.16,640,384,11,4.0
m,1.5,64091171157.396324,1377239.04,53018624.0,5508956.16,640,384,11,4.0
l,1.5,128182342314.79265,1377239.04,53018624.0,5508956.16,640,384,11,4.0
xl,1.5,256364684629.5853,1377239.04,53018624.0,5508956.16,640,384,11,4.0
s,1.5,22278056780.25848,1377239.04,64152535.04,5508956.16,704,384,11,4.0
m,1.5,55695141950.6462,1377239.04,64152535.04,5508956.16,704,384,11,4.0
l,1.5,111390283901.2924,1377239.04,64152535.04,5508956.16,704,384,11,4.0
xl,1.5,222780567802.5848,1377239.04,64152535.04,5508956.16,704,384,11,4.0
s,1.5,20686261260.2793,1874575.3599999999,64152535.04,7498301.4399999995,704,448,11,4.0
m,1.5,51715653150.69825,1874575.3599999999,64152535.04,7498301.4399999995,704,448,11,4.0
l,1.5,103431306301.3965,1874575.3599999999,64152535.04,7498301.4399999995,704,448,11,4.0
xl,1.5,206862612602.793,1874575.3599999999,64152535.04,7498301.4399999995,704,448,11,4.0
s,1.5,18260613912.81632,1874575.3599999999,76346818.56,7498301.4399999995,768,448,11,4.0
m,1.5,45651534782.040794,1874575.3599999999,76346818.56,7498301.4399999995,768,448,11,4.0
l,1.5,91303069564.08159,1874575.3599999999,76346818.56,7498301.4399999995,768,448,11,4.0
xl,1.5,182606139128.16318,1874575.3599999999,76346818.56,7498301.4399999995,768,448,11,4.0
s,1.5,60880785126.83508,612106.24,20857651.2,2448424.96,384,256,12,4.0
s,1.5,48867582704.948296,612106.24,28389580.8,2448424.96,448,256,12,4.0
s,1.5,36335717824.10872,956416.0,37080268.8,3825664.0,512,320,12,4.0
m,1.5,90839294560.27179,956416.0,37080268.8,3825664.0,512,320,12,4.0
l,1.5,181678589120.54358,956416.0,37080268.8,3825664.0,512,320,12,4.0
xl,1.5,363357178241.08716,956416.0,37080268.8,3825664.0,512,320,12,4.0
s,1.5,30543975291.456467,956416.0,46929715.2,3825664.0,576,320,12,4.0
m,1.5,76359938228.64117,956416.0,46929715.2,3825664.0,576,320,12,4.0
l,1.5,152719876457.28235,956416.0,46929715.2,3825664.0,576,320,12,4.0
xl,1.5,305439752914.5647,956416.0,46929715.2,3825664.0,576,320,12,4.0
s,1.5,28025791746.25823,1377239.04,46929715.2,5508956.16,576,384,12,4.0
m,1.5,70064479365.64557,1377239.04,46929715.2,5508956.16,576,384,12,4.0
l,1.5,140128958731.29114,1377239.04,46929715.2,5508956.16,576,384,12,4.0
xl,1.5,280257917462.5823,1377239.04,46929715.2,5508956.16,576,384,12,4.0
s,1.5,24102027879.172016,1377239.04,57937920.0,5508956.16,640,384,12,4.0
m,1.5,60255069697.930046,1377239.04,57937920.0,5508956.16,640,384,12,4.0
l,1.5,120510139395.86009,1377239.04,57937920.0,5508956.16,640,384,12,4.0
xl,1.5,241020278791.72018,1377239.04,57937920.0,5508956.16,640,384,12,4.0
s,1.5,19476657637.718853,1874575.3599999999,70104883.2,7498301.4399999995,704,448,12,4.0
m,1.5,48691644094.297134,1874575.3599999999,70104883.2,7498301.4399999995,704,448,12,4.0
l,1.5,97383288188.59427,1874575.3599999999,70104883.2,7498301.4399999995,704,448,12,4.0
xl,1.5,194766576377.18854,1874575.3599999999,70104883.2,7498301.4399999995,704,448,12,4.0
s,1.5,17142952330.720772,1874575.3599999999,83430604.8,7498301.4399999995,768,448,12,4.0
m,1.5,42857380826.801926,1874575.3599999999,83430604.8,7498301.4399999995,768,448,12,4.0
l,1.5,85714761653.60385,1874575.3599999999,83430604.8,7498301.4399999995,768,448,12,4.0
xl,1.5,171429523307.2077,1874575.3599999999,83430604.8,7498301.4399999995,768,448,12,4.0
s,1.5,16051528892.342636,2448424.96,83430604.8,9793699.84,768,512,12,4.0
m,1.5,40128822230.85659,2448424.96,83430604.8,9793699.84,768,512,12,4.0
l,1.5,80257644461.71318,2448424.96,83430604.8,9793699.84,768,512,12,4.0
xl,1.5,160515288923.42636,2448424.96,83430604.8,9793699.84,768,512,12,4.0
s,1.5,57719259904.98536,612106.24,22628597.759999998,2448424.96,384,256,13,4.0
s,1.5,34347420797.94734,956416.0,40228618.24,3825664.0,512,320,13,4.0
m,1.5,85868551994.86835,956416.0,40228618.24,3825664.0,512,320,13,4.0
l,1.5,171737103989.7367,956416.0,40228618.24,3825664.0,512,320,13,4.0
xl,1.5,343474207979.4734,956416.0,40228618.24,3825664.0,512,320,13,4.0
s,1.5,26528670262.651123,1377239.04,50914344.95999999,5508956.16,576,384,13,4.0
m,1.5,66321675656.62781,1377239.04,50914344.95999999,5508956.16,576,384,13,4.0
l,1.5,132643351313.25562,1377239.04,50914344.95999999,5508956.16,576,384,13,4.0
xl,1.5,265286702626.51123,1377239.04,50914344.95999999,5508956.16,576,384,13,4.0
s,1.5,22740898236.224503,1377239.04,62857216.0,5508956.16,640,384,13,4.0
m,1.5,56852245590.56126,1377239.04,62857216.0,5508956.16,640,384,13,4.0
l,1.5,113704491181.12251,1377239.04,62857216.0,5508956.16,640,384,13,4.0
xl,1.5,227408982362.24503,1377239.04,62857216.0,5508956.16,640,384,13,4.0
s,1.5,21084732920.58614,1874575.3599999999,62857216.0,7498301.4399999995,640,448,13,4.0
m,1.5,52711832301.46535,1874575.3599999999,62857216.0,7498301.4399999995,640,448,13,4.0
l,1.5,105423664602.9307,1874575.3599999999,62857216.0,7498301.4399999995,640,448,13,4.0
xl,1.5,210847329205.8614,1874575.3599999999,62857216.0,7498301.4399999995,640,448,13,4.0
s,1.5,18400699425.51697,1874575.3599999999,76057231.36,7498301.4399999995,704,448,13,4.0
m,1.5,46001748563.79243,1874575.3599999999,76057231.36,7498301.4399999995,704,448,13,4.0
l,1.5,92003497127.58485,1874575.3599999999,76057231.36,7498301.4399999995,704,448,13,4.0
xl,1.5,184006994255.1697,1874575.3599999999,76057231.36,7498301.4399999995,704,448,13,4.0
s,1.5,16154215266.435936,1874575.3599999999,90514391.03999999,7498301.4399999995,768,448,13,4.0
m,1.5,40385538166.08984,1874575.3599999999,90514391.03999999,7498301.4399999995,768,448,13,4.0
l,1.5,80771076332.17969,1874575.3599999999,90514391.03999999,7498301.4399999995,768,448,13,4.0
xl,1.5,161542152664.35938,1874575.3599999999,90514391.03999999,7498301.4399999995,768,448,13,4.0
s,1.5,15181487220.145056,2448424.96,90514391.03999999,9793699.84,768,512,13,4.0
m,1.5,37953718050.36264,2448424.96,90514391.03999999,9793699.84,768,512,13,4.0
l,1.5,75907436100.72528,2448424.96,90514391.03999999,9793699.84,768,512,13,4.0
xl,1.5,151814872201.45056,2448424.96,90514391.03999999,9793699.84,768,512,13,4.0
s,1.5,54869879628.374886,612106.24,24399544.32,2448424.96,384,256,14,4.0
s,1.5,39468696521.24244,956416.0,33210490.88,3825664.0,448,320,14,4.0
s,1.5,32565434362.139687,956416.0,43376967.68,3825664.0,512,320,14,4.0
m,1.5,81413585905.34923,956416.0,43376967.68,3825664.0,512,320,14,4.0
l,1.5,162827171810.69846,956416.0,43376967.68,3825664.0,512,320,14,4.0
xl,1.5,325654343621.3969,956416.0,43376967.68,3825664.0,512,320,14,4.0
s,1.5,25183388315.964146,1377239.04,54898974.72,5508956.16,576,384,14,4.0
m,1.5,62958470789.91036,1377239.04,54898974.72,5508956.16,576,384,14,4.0
l,1.5,125916941579.82072,1377239.04,54898974.72,5508956.16,576,384,14,4.0
xl,1.5,251833883159.64145,1377239.04,54898974.72,5508956.16,576,384,14,4.0
s,1.5,21525286595.378735,1377239.04,67776512.0,5508956.16,640,384,14,4.0
m,1.5,53813216488.44684,1377239.04,67776512.0,5508956.16,640,384,14,4.0
l,1.5,107626432976.89368,1377239.04,67776512.0,5508956.16,640,384,14,4.0
xl,1.5,215252865953.78735,1377239.04,67776512.0,5508956.16,640,384,14,4.0
s,1.5,20035649960.92264,1874575.3599999999,67776512.0,7498301.4399999995,640,448,14,4.0
m,1.5,50089124902.3066,1874575.3599999999,67776512.0,7498301.4399999995,640,448,14,4.0
l,1.5,100178249804.6132,1874575.3599999999,67776512.0,7498301.4399999995,640,448,14,4.0
xl,1.5,200356499609.2264,1874575.3599999999,67776512.0,7498301.4399999995,640,448,14,4.0
s,1.5,17437397050.68959,1874575.3599999999,82009579.52,7498301.4399999995,704,448,14,4.0
m,1.5,43593492626.723976,1874575.3599999999,82009579.52,7498301.4399999995,704,448,14,4.0
l,1.5,87186985253.44795,1874575.3599999999,82009579.52,7498301.4399999995,704,448,14,4.0
xl,1.5,174373970506.8959,1874575.3599999999,82009579.52,7498301.4399999995,704,448,14,4.0
s,1.5,16309392881.147121,2448424.96,82009579.52,9793699.84,704,512,14,4.0
m,1.5,40773482202.867805,2448424.96,82009579.52,9793699.84,704,512,14,4.0
l,1.5,81546964405.73561,2448424.96,82009579.52,9793699.84,704,512,14,4.0
xl,1.5,163093928811.47122,2448424.96,82009579.52,9793699.84,704,512,14,4.0
s,1.5,14400913899.419136,2448424.96,97598177.28,9793699.84,768,512,14,4.0
m,1.5,36002284748.547844,2448424.96,97598177.28,9793699.84,768,512,14,4.0
l,1.5,72004569497.09569,2448424.96,97598177.28,9793699.84,768,512,14,4.0
xl,1.5,144009138994.19138,2448424.96,97598177.28,9793699.84,768,512,14,4.0
s,1.5,52288590824.06408,612106.24,26170490.88,2448424.96,384,256,15,4.0
s,1.5,37652934328.46152,956416.0,35620945.92,3825664.0,448,320,15,4.0
m,1.5,94132335821.1538,956416.0,35620945.92,3825664.0,448,320,15,4.0
l,1.5,188264671642.3076,956416.0,35620945.92,3825664.0,448,320,15,4.0
xl,1.5,376529343284.6152,956416.0,35620945.92,3825664.0,448,320,15,4.0
s,1.5,30959231361.518642,956416.0,46525317.12,3825664.0,512,320,15,4.0
m,1.5,77398078403.7966,956416.0,46525317.12,3825664.0,512,320,15,4.0
l,1.5,154796156807.5932,956416.0,46525317.12,3825664.0,512,320,15,4.0
xl,1.5,309592313615.1864,956416.0,46525317.12,3825664.0,512,320,15,4.0
s,1.5,28375007751.01974,1377239.04,46525317.12,5508956.16,512,384,15,4.0
m,1.5,70937519377.54936,1377239.04,46525317.12,5508956.16,512,384,15,4.0
l,1.5,141875038755.09872,1377239.04,46525317.12,5508956.16,512,384,15,4.0
xl,1.5,283750077510.19745,1377239.04,46525317.12,5508956.16,512,384,15,4.0
s,1.5,23967961188.750923,1377239.04,58883604.480000004,5508956.16,576,384,15,4.0
m,1.5,59919902971.877304,1377239.04,58883604.480000004,5508956.16,576,384,15,4.0
l,1.5,119839805943.75461,1377239.04,58883604.480000004,5508956.16,576,384,15,4.0
xl,1.5,239679611887.50922,1377239.04,58883604.480000004,5508956.16,576,384,15,4.0
s,1.5,19086014386.401474,1874575.3599999999,72695808.0,7498301.4399999995,640,448,15,4.0
m,1.5,47715035966.003685,1874575.3599999999,72695808.0,7498301.4399999995,640,448,15,4.0
l,1.5,95430071932.00737,1874575.3599999999,72695808.0,7498301.4399999995,640,448,15,4.0
xl,1.5,190860143864.01474,1874575.3599999999,72695808.0,7498301.4399999995,640,448,15,4.0
s,1.5,16569937619.373148,1874575.3599999999,87961927.68,7498301.4399999995,704,448,15,4.0
m,1.5,41424844048.43287,1874575.3599999999,87961927.68,7498301.4399999995,704,448,15,4.0
l,1.5,82849688096.86574,1874575.3599999999,87961927.68,7498301.4399999995,704,448,15,4.0
xl,1.5,165699376193.73148,1874575.3599999999,87961927.68,7498301.4399999995,704,448,15,4.0
s,1.5,15548083298.130552,2448424.96,87961927.68,9793699.84,704,512,15,4.0
m,1.5,38870208245.32638,2448424.96,87961927.68,9793699.84,704,512,15,4.0
l,1.5,77740416490.65276,2448424.96,87961927.68,9793699.84,704,512,15,4.0
xl,1.5,155480832981.3055,2448424.96,87961927.68,9793699.84,704,512,15,4.0
s,1.5,13696683442.757534,2448424.96,104681963.52,9793699.84,768,512,15,4.0
m,1.5,34241708606.893833,2448424.96,104681963.52,9793699.84,768,512,15,4.0
l,1.5,68483417213.78767,2448424.96,104681963.52,9793699.84,768,512,15,4.0
xl,1.5,136966834427.57533,2448424.96,104681963.52,9793699.84,768,512,15,4.0
s,1.5,12905051728.403,3098787.84,104681963.52,12395151.36,768,576,15,4.0
m,1.5,32262629321.0075,3098787.84,104681963.52,12395151.36,768,576,15,4.0
l,1.5,64525258642.015,3098787.84,104681963.52,12395151.36,768,576,15,4.0
xl,1.5,129050517284.03,3098787.84,104681963.52,12395151.36,768,576,15,4.0
s,1.5,49939257333.214554,612106.24,27941437.44,2448424.96,384,256,16,4.0
s,1.5,35996892885.010056,956416.0,38031400.96,3825664.0,448,320,16,4.0
m,1.5,89992232212.52513,956416.0,38031400.96,3825664.0,448,320,16,4.0
l,1.5,179984464425.05026,956416.0,38031400.96,3825664.0,448,320,16,4.0
xl,1.5,359968928850.1005,956416.0,38031400.96,3825664.0,448,320,16,4.0
s,1.5,27147783972.7322,1377239.04,49673666.56,5508956.16,512,384,16,4.0
m,1.5,67869459931.8305,1377239.04,49673666.56,5508956.16,512,384,16,4.0
l,1.5,135738919863.661,1377239.04,49673666.56,5508956.16,512,384,16,4.0
xl,1.5,271477839727.322,1377239.04,49673666.56,5508956.16,512,384,16,4.0
s,1.5,22864452954.62179,1377239.04,62868234.239999995,5508956.16,576,384,16,4.0
m,1.5,57161132386.55448,1377239.04,62868234.239999995,5508956.16,576,384,16,4.0
l,1.5,114322264773.10896,1377239.04,62868234.239999995,5508956.16,576,384,16,4.0
xl,1.5,228644529546.21793,1377239.04,62868234.239999995,5508956.16,576,384,16,4.0
s,1.5,21190904555.486504,1874575.3599999999,62868234.239999995,7498301.4399999995,576,448,16,4.0
m,1.5,52977261388.71626,1874575.3599999999,62868234.239999995,7498301.4399999995,576,448,16,4.0
l,1.5,105954522777.43253,1874575.3599999999,62868234.239999995,7498301.4399999995,576,448,16,4.0
xl,1.5,211909045554.86505,1874575.3599999999,62868234.239999995,7498301.4399999995,576,448,16,4.0
s,1.5,18222325483.69214,1874575.3599999999,77615104.0,7498301.4399999995,640,448,16,4.0
m,1.5,45555813709.23035,1874575.3599999999,77615104.0,7498301.4399999995,640,448,16,4.0
l,1.5,91111627418.4607,1874575.3599999999,77615104.0,7498301.4399999995,640,448,16,4.0
xl,1.5,182223254836.9214,1874575.3599999999,77615104.0,7498301.4399999995,640,448,16,4.0
s,1.5,14854678627.921127,2448424.96,93914275.84,9793699.84,704,512,16,4.0
m,1.5,37136696569.80282,2448424.96,93914275.84,9793699.84,704,512,16,4.0
l,1.5,74273393139.60564,2448424.96,93914275.84,9793699.84,704,512,16,4.0
xl,1.5,148546786279.21127,2448424.96,93914275.84,9793699.84,704,512,16,4.0
s,1.5,13058118103.14464,2448424.96,111765749.76,9793699.84,768,512,16,4.0
m,1.5,32645295257.861603,2448424.96,111765749.76,9793699.84,768,512,16,4.0
l,1.5,65290590515.723206,2448424.96,111765749.76,9793699.84,768,512,16,4.0
xl,1.5,130581181031.44641,2448424.96,111765749.76,9793699.84,768,512,16,4.0
s,1.5,12336636318.84879,3098787.84,111765749.76,12395151.36,768,576,16,4.0
m,1.5,30841590797.12197,3098787.84,111765749.76,12395151.36,768,576,16,4.0
l,1.5,61683181594.24394,3098787.84,111765749.76,12395151.36,768,576,16,4.0
xl,1.5,123366363188.48788,3098787.84,111765749.76,12395151.36,768,576,16,4.0
s,2.0,79264007941.31512,1874575.3599999999,19677184.0,1874575.3599999999,640,448,4,1.0
s,2.0,63703330430.49998,2448424.96,23809392.64,2448424.96,704,512,4,1.0
s,2.0,57465202383.43224,2448424.96,28335144.96,2448424.96,768,512,4,1.0
s,2.0,52290928318.758804,3098787.84,28335144.96,3098787.84,768,576,4,1.0
s,2.0,78635248399.81674,1874575.3599999999,19923148.799999997,1874575.3599999999,576,448,5,1.0
s,2.0,62487142645.52926,2448424.96,24596480.0,2448424.96,640,512,5,1.0
s,2.0,55713705222.04826,2448424.96,29761740.8,2448424.96,704,512,5,1.0
s,2.0,50836655854.48268,3098787.84,29761740.8,3098787.84,704,576,5,1.0
s,2.0,45869598939.124985,3098787.84,35418931.2,3098787.84,768,576,5,1.0
m,2.0,114673997347.81247,3098787.84,35418931.2,3098787.84,768,576,5,1.0
l,2.0,229347994695.62494,3098787.84,35418931.2,3098787.84,768,576,5,1.0
xl,2.0,458695989391.2499,3098787.84,35418931.2,3098787.84,768,576,5,1.0
s,2.0,42159221280.73373,3825664.0,35418931.2,3825664.0,768,640,5,1.0
m,2.0,105398053201.83432,3825664.0,35418931.2,3825664.0,768,640,5,1.0
l,2.0,210796106403.66864,3825664.0,35418931.2,3825664.0,768,640,5,1.0
xl,2.0,421592212807.3373,3825664.0,35418931.2,3825664.0,768,640,5,1.0
s,2.0,81071881832.7382,1874575.3599999999,18890096.64,1874575.3599999999,512,448,6,1.0
s,2.0,63484239331.641174,2448424.96,23907778.56,2448424.96,576,512,6,1.0
s,2.0,55974405313.588486,2448424.96,29515776.0,2448424.96,640,512,6,1.0
s,2.0,51053622608.22356,3098787.84,29515776.0,3098787.84,640,576,6,1.0
s,2.0,45616309180.774895,3098787.84,35714088.96,3098787.84,704,576,6,1.0
m,2.0,114040772951.93724,3098787.84,35714088.96,3098787.84,704,576,6,1.0
l,2.0,228081545903.87448,3098787.84,35714088.96,3098787.84,704,576,6,1.0
xl,2.0,456163091807.74896,3098787.84,35714088.96,3098787.84,704,576,6,1.0
s,2.0,41945155655.31836,3825664.0,35714088.96,3825664.0,704,640,6,1.0
m,2.0,104862889138.2959,3825664.0,35714088.96,3825664.0,704,640,6,1.0
l,2.0,209725778276.5918,3825664.0,35714088.96,3825664.0,704,640,6,1.0
xl,2.0,419451556553.1836,3825664.0,35714088.96,3825664.0,704,640,6,1.0
s,2.0,37883438587.466835,3825664.0,42502717.44,3825664.0,768,640,6,1.0
m,2.0,94708596468.66708,3825664.0,42502717.44,3825664.0,768,640,6,1.0
l,2.0,189417192937.33417,3825664.0,42502717.44,3825664.0,768,640,6,1.0
xl,2.0,378834385874.66833,3825664.0,42502717.44,3825664.0,768,640,6,1.0
s,2.0,35072753348.28633,4629053.4399999995,42502717.44,4629053.4399999995,768,704,6,1.0
m,2.0,87681883370.71584,4629053.4399999995,42502717.44,4629053.4399999995,768,704,6,1.0
l,2.0,175363766741.43167,4629053.4399999995,42502717.44,4629053.4399999995,768,704,6,1.0
xl,2.0,350727533482.86334,4629053.4399999995,42502717.44,4629053.4399999995,768,704,6,1.0
s,2.0,86354898127.19577,1874575.3599999999,16873185.28,1874575.3599999999,448,448,7,1.0
s,2.0,73914266830.07751,1874575.3599999999,22038446.08,1874575.3599999999,512,448,7,1.0
s,2.0,66425773863.45396,2448424.96,22038446.08,2448424.96,512,512,7,1.0
s,2.0,57931623406.85255,2448424.96,27892408.32,2448424.96,576,512,7,1.0
s,2.0,52676853982.525246,3098787.84,27892408.32,3098787.84,576,576,7,1.0
s,2.0,46621644927.403915,3098787.84,34435072.0,3098787.84,640,576,7,1.0
m,2.0,116554112318.50978,3098787.84,34435072.0,3098787.84,640,576,7,1.0
l,2.0,233108224637.01956,3098787.84,34435072.0,3098787.84,640,576,7,1.0
xl,2.0,466216449274.0391,3098787.84,34435072.0,3098787.84,640,576,7,1.0
s,2.0,42793681050.82109,3825664.0,34435072.0,3825664.0,640,640,7,1.0
m,2.0,106984202627.05273,3825664.0,34435072.0,3825664.0,640,640,7,1.0
l,2.0,213968405254.10547,3825664.0,34435072.0,3825664.0,640,640,7,1.0
xl,2.0,427936810508.21094,3825664.0,34435072.0,3825664.0,640,640,7,1.0
s,2.0,38326226363.204384,3825664.0,41666437.120000005,3825664.0,704,640,7,1.0
m,2.0,95815565908.01097,3825664.0,41666437.120000005,3825664.0,704,640,7,1.0
l,2.0,191631131816.02194,3825664.0,41666437.120000005,3825664.0,704,640,7,1.0
xl,2.0,383262263632.0439,3825664.0,41666437.120000005,3825664.0,704,640,7,1.0
s,2.0,35451946174.57505,4629053.4399999995,41666437.120000005,4629053.4399999995,704,704,7,1.0
m,2.0,88629865436.43764,4629053.4399999995,41666437.120000005,4629053.4399999995,704,704,7,1.0
l,2.0,177259730872.87527,4629053.4399999995,41666437.120000005,4629053.4399999995,704,704,7,1.0
xl,2.0,354519461745.75055,4629053.4399999995,41666437.120000005,4629053.4399999995,704,704,7,1.0
s,2.0,32062260169.163975,4629053.4399999995,49586503.68,4629053.4399999995,768,704,7,1.0
m,2.0,80155650422.90994,4629053.4399999995,49586503.68,4629053.4399999995,768,704,7,1.0
l,2.0,160311300845.8199,4629053.4399999995,49586503.68,4629053.4399999995,768,704,7,1.0
xl,2.0,320622601691.6398,4629053.4399999995,49586503.68,4629053.4399999995,768,704,7,1.0
s,2.0,29849454063.51459,5508956.16,49586503.68,5508956.16,768,768,7,1.0
m,2.0,74623635158.78648,5508956.16,49586503.68,5508956.16,768,768,7,1.0
l,2.0,149247270317.57297,5508956.16,49586503.68,5508956.16,768,768,7,1.0
xl,2.0,298494540635.14594,5508956.16,49586503.68,5508956.16,768,768,7,1.0
s,2.0,80024739296.04453,1874575.3599999999,19283640.32,1874575.3599999999,448,448,8,1.0
s,2.0,61542807483.22727,2448424.96,25186795.52,2448424.96,512,512,8,1.0
s,2.0,48796059889.14534,3098787.84,31877038.08,3098787.84,576,576,8,1.0
s,2.0,39635430142.71291,3825664.0,39354368.0,3825664.0,640,640,8,1.0
m,2.0,99088575356.78229,3825664.0,39354368.0,3825664.0,640,640,8,1.0
l,2.0,198177150713.56458,3825664.0,39354368.0,3825664.0,640,640,8,1.0
xl,2.0,396354301427.12915,3825664.0,39354368.0,3825664.0,640,640,8,1.0
s,2.0,35282164282.2472,3825664.0,47618785.28,3825664.0,704,640,8,1.0
m,2.0,88205410705.618,3825664.0,47618785.28,3825664.0,704,640,8,1.0
l,2.0,176410821411.236,3825664.0,47618785.28,3825664.0,704,640,8,1.0
xl,2.0,352821642822.472,3825664.0,47618785.28,3825664.0,704,640,8,1.0
s,2.0,36569283075.41281,4629053.4399999995,39354368.0,4629053.4399999995,640,704,8,1.0
m,2.0,91423207688.53203,4629053.4399999995,39354368.0,4629053.4399999995,640,704,8,1.0
l,2.0,182846415377.06406,4629053.4399999995,39354368.0,4629053.4399999995,640,704,8,1.0
xl,2.0,365692830754.1281,4629053.4399999995,39354368.0,4629053.4399999995,640,704,8,1.0
s,2.0,32831735851.38144,4629053.4399999995,47618785.28,4629053.4399999995,704,704,8,1.0
m,2.0,82079339628.4536,4629053.4399999995,47618785.28,4629053.4399999995,704,704,8,1.0
l,2.0,164158679256.9072,4629053.4399999995,47618785.28,4629053.4399999995,704,704,8,1.0
xl,2.0,328317358513.8144,4629053.4399999995,47618785.28,4629053.4399999995,704,704,8,1.0
s,2.0,29527727944.42188,4629053.4399999995,56670289.92,4629053.4399999995,768,704,8,1.0
m,2.0,73819319861.0547,4629053.4399999995,56670289.92,4629053.4399999995,768,704,8,1.0
l,2.0,147638639722.1094,4629053.4399999995,56670289.92,4629053.4399999995,768,704,8,1.0
xl,2.0,295277279444.2188,4629053.4399999995,56670289.92,4629053.4399999995,768,704,8,1.0
s,2.0,30515279942.97929,5508956.16,47618785.28,5508956.16,704,768,8,1.0
m,2.0,76288199857.44823,5508956.16,47618785.28,5508956.16,704,768,8,1.0
l,2.0,152576399714.89645,5508956.16,47618785.28,5508956.16,704,768,8,1.0
xl,2.0,305152799429.7929,5508956.16,47618785.28,5508956.16,704,768,8,1.0
s,2.0,27640644799.546677,5508956.16,56670289.92,5508956.16,768,768,8,1.0
m,2.0,69101611998.8667,5508956.16,56670289.92,5508956.16,768,768,8,1.0
l,2.0,138203223997.7334,5508956.16,56670289.92,5508956.16,768,768,8,1.0
xl,2.0,276406447995.4668,5508956.16,56670289.92,5508956.16,768,768,8,1.0
s,2.0,74559248668.00201,1874575.3599999999,21694095.36,1874575.3599999999,448,448,9,1.0
s,2.0,66946225535.385574,2448424.96,21694095.36,2448424.96,448,512,9,1.0
s,2.0,57328577097.74527,2448424.96,28335144.96,2448424.96,512,512,9,1.0
s,2.0,52177775106.275696,3098787.84,28335144.96,3098787.84,512,576,9,1.0
s,2.0,45447839667.11879,3098787.84,35861667.839999996,3098787.84,576,576,9,1.0
m,2.0,113619599167.79698,3098787.84,35861667.839999996,3098787.84,576,576,9,1.0
l,2.0,227239198335.59396,3098787.84,35861667.839999996,3098787.84,576,576,9,1.0
xl,2.0,454478396671.1879,3098787.84,35861667.839999996,3098787.84,576,576,9,1.0
s,2.0,41802669142.561844,3825664.0,35861667.839999996,3825664.0,576,640,9,1.0
m,2.0,104506672856.40462,3825664.0,35861667.839999996,3825664.0,576,640,9,1.0
l,2.0,209013345712.80923,3825664.0,35861667.839999996,3825664.0,576,640,9,1.0
xl,2.0,418026691425.61847,3825664.0,35861667.839999996,3825664.0,576,640,9,1.0
s,2.0,36911308916.35484,3825664.0,44273664.0,3825664.0,640,640,9,1.0
m,2.0,92278272290.8871,3825664.0,44273664.0,3825664.0,640,640,9,1.0
l,2.0,184556544581.7742,3825664.0,44273664.0,3825664.0,640,640,9,1.0
xl,2.0,369113089163.5484,3825664.0,44273664.0,3825664.0,640,640,9,1.0
s,2.0,34237933500.44512,4629053.4399999995,44273664.0,4629053.4399999995,640,704,9,1.0
m,2.0,85594833751.11281,4629053.4399999995,44273664.0,4629053.4399999995,640,704,9,1.0
l,2.0,171189667502.22562,4629053.4399999995,44273664.0,4629053.4399999995,640,704,9,1.0
xl,2.0,342379335004.45123,4629053.4399999995,44273664.0,4629053.4399999995,640,704,9,1.0
s,2.0,30572182909.819084,4629053.4399999995,53571133.44,4629053.4399999995,704,704,9,1.0
m,2.0,76430457274.54771,4629053.4399999995,53571133.44,4629053.4399999995,704,704,9,1.0
l,2.0,152860914549.09543,4629053.4399999995,53571133.44,4629053.4399999995,704,704,9,1.0
xl,2.0,305721829098.19086,4629053.4399999995,53571133.44,4629053.4399999995,704,704,9,1.0
s,2.0,28553801575.475414,5508956.16,53571133.44,5508956.16,704,768,9,1.0
m,2.0,71384503938.68854,5508956.16,53571133.44,5508956.16,704,768,9,1.0
l,2.0,142769007877.37708,5508956.16,53571133.44,5508956.16,704,768,9,1.0
xl,2.0,285538015754.75415,5508956.16,53571133.44,5508956.16,704,768,9,1.0
s,2.0,25736208752.228218,5508956.16,63754076.160000004,5508956.16,768,768,9,1.0
m,2.0,64340521880.57055,5508956.16,63754076.160000004,5508956.16,768,768,9,1.0
l,2.0,128681043761.1411,5508956.16,63754076.160000004,5508956.16,768,768,9,1.0
xl,2.0,257362087522.2822,5508956.16,63754076.160000004,5508956.16,768,768,9,1.0
s,2.0,80049104297.91197,1874575.3599999999,17315758.080000002,1874575.3599999999,384,448,10,1.0
s,2.0,60497610170.16517,2448424.96,23568670.72,2448424.96,448,512,10,1.0
s,2.0,47320471129.57614,3098787.84,30783569.92,3098787.84,512,576,10,1.0
s,2.0,38021215351.49458,3825664.0,38960455.67999999,3825664.0,576,640,10,1.0
m,2.0,95053038378.73645,3825664.0,38960455.67999999,3825664.0,576,640,10,1.0
l,2.0,190106076757.4729,3825664.0,38960455.67999999,3825664.0,576,640,10,1.0
xl,2.0,380212153514.9458,3825664.0,38960455.67999999,3825664.0,576,640,10,1.0
s,2.0,35190812524.55545,4629053.4399999995,38960455.67999999,4629053.4399999995,576,704,10,1.0
m,2.0,87977031311.38863,4629053.4399999995,38960455.67999999,4629053.4399999995,576,704,10,1.0
l,2.0,175954062622.77725,4629053.4399999995,38960455.67999999,4629053.4399999995,576,704,10,1.0
xl,2.0,351908125245.5545,4629053.4399999995,38960455.67999999,4629053.4399999995,576,704,10,1.0
s,2.0,31215481296.472733,4629053.4399999995,48099328.0,4629053.4399999995,640,704,10,1.0
m,2.0,78038703241.18182,4629053.4399999995,48099328.0,4629053.4399999995,640,704,10,1.0
l,2.0,156077406482.36365,4629053.4399999995,48099328.0,4629053.4399999995,640,704,10,1.0
xl,2.0,312154812964.7273,4629053.4399999995,48099328.0,4629053.4399999995,640,704,10,1.0
s,2.0,29114184041.033466,5508956.16,48099328.0,5508956.16,640,768,10,1.0
m,2.0,72785460102.58366,5508956.16,48099328.0,5508956.16,640,768,10,1.0
l,2.0,145570920205.16733,5508956.16,48099328.0,5508956.16,640,768,10,1.0
xl,2.0,291141840410.33466,5508956.16,48099328.0,5508956.16,640,768,10,1.0
s,2.0,26085587622.686676,5508956.16,58200186.879999995,5508956.16,704,768,10,1.0
m,2.0,65213969056.71668,5508956.16,58200186.879999995,5508956.16,704,768,10,1.0
l,2.0,130427938113.43336,5508956.16,58200186.879999995,5508956.16,704,768,10,1.0
xl,2.0,260855876226.86673,5508956.16,58200186.879999995,5508956.16,704,768,10,1.0
s,2.0,75948568455.76218,1874575.3599999999,19086704.64,1874575.3599999999,384,448,11,1.0
s,2.0,57321059472.93789,2448424.96,25979125.759999998,2448424.96,448,512,11,1.0
s,2.0,52171547594.58365,3098787.84,25979125.759999998,3098787.84,448,576,11,1.0
s,2.0,44788904803.64086,3098787.84,33931919.36,3098787.84,512,576,11,1.0
m,2.0,111972262009.10214,3098787.84,33931919.36,3098787.84,512,576,11,1.0
l,2.0,223944524018.20428,3098787.84,33931919.36,3098787.84,512,576,11,1.0
xl,2.0,447889048036.40857,3098787.84,33931919.36,3098787.84,512,576,11,1.0
s,2.0,41244546876.98139,3825664.0,33931919.36,3825664.0,512,640,11,1.0
m,2.0,103111367192.45348,3825664.0,33931919.36,3825664.0,512,640,11,1.0
l,2.0,206222734384.90695,3825664.0,33931919.36,3825664.0,512,640,11,1.0
xl,2.0,412445468769.8139,3825664.0,33931919.36,3825664.0,512,640,11,1.0
s,2.0,35957132792.268814,3825664.0,42945085.44,3825664.0,576,640,11,1.0
m,2.0,89892831980.67204,3825664.0,42945085.44,3825664.0,576,640,11,1.0
l,2.0,179785663961.3441,3825664.0,42945085.44,3825664.0,576,640,11,1.0
xl,2.0,359571327922.6882,3825664.0,42945085.44,3825664.0,576,640,11,1.0
s,2.0,33415428357.722588,4629053.4399999995,42945085.44,4629053.4399999995,576,704,11,1.0
m,2.0,83538570894.30647,4629053.4399999995,42945085.44,4629053.4399999995,576,704,11,1.0
l,2.0,167077141788.61295,4629053.4399999995,42945085.44,4629053.4399999995,576,704,11,1.0
xl,2.0,334154283577.2259,4629053.4399999995,42945085.44,4629053.4399999995,576,704,11,1.0
s,2.0,29500785721.56685,4629053.4399999995,53018624.0,4629053.4399999995,640,704,11,1.0
m,2.0,73751964303.91713,4629053.4399999995,53018624.0,4629053.4399999995,640,704,11,1.0
l,2.0,147503928607.83426,4629053.4399999995,53018624.0,4629053.4399999995,640,704,11,1.0
xl,2.0,295007857215.6685,4629053.4399999995,53018624.0,4629053.4399999995,640,704,11,1.0
s,2.0,27617034851.67284,5508956.16,53018624.0,5508956.16,640,768,11,1.0
m,2.0,69042587129.1821,5508956.16,53018624.0,5508956.16,640,768,11,1.0
l,2.0,138085174258.3642,5508956.16,53018624.0,5508956.16,640,768,11,1.0
xl,2.0,276170348516.7284,5508956.16,53018624.0,5508956.16,640,768,11,1.0
s,2.0,24638744559.06546,5508956.16,64152535.04,5508956.16,704,768,11,1.0
m,2.0,61596861397.66365,5508956.16,64152535.04,5508956.16,704,768,11,1.0
l,2.0,123193722795.3273,5508956.16,64152535.04,5508956.16,704,768,11,1.0
xl,2.0,246387445590.6546,5508956.16,64152535.04,5508956.16,704,768,11,1.0
s,2.0,72247663418.08806,1874575.3599999999,20857651.2,1874575.3599999999,384,448,12,1.0
s,2.0,65076679903.99222,2448424.96,20857651.2,2448424.96,384,512,12,1.0
s,2.0,54461449719.87383,2448424.96,28389580.8,2448424.96,448,512,12,1.0
s,2.0,49791988193.451225,3098787.84,28389580.8,3098787.84,448,576,12,1.0
s,2.0,42514452465.005646,3098787.84,37080268.8,3098787.84,512,576,12,1.0
m,2.0,106286131162.51411,3098787.84,37080268.8,3098787.84,512,576,12,1.0
l,2.0,212572262325.02823,3098787.84,37080268.8,3098787.84,512,576,12,1.0
xl,2.0,425144524650.05646,3098787.84,37080268.8,3098787.84,512,576,12,1.0
s,2.0,39308045568.2512,3825664.0,37080268.8,3825664.0,512,640,12,1.0
m,2.0,98270113920.62799,3825664.0,37080268.8,3825664.0,512,640,12,1.0
l,2.0,196540227841.25598,3825664.0,37080268.8,3825664.0,512,640,12,1.0
xl,2.0,393080455682.51196,3825664.0,37080268.8,3825664.0,512,640,12,1.0
s,2.0,34105618782.27967,3825664.0,46929715.2,3825664.0,576,640,12,1.0
m,2.0,85264046955.69917,3825664.0,46929715.2,3825664.0,576,640,12,1.0
l,2.0,170528093911.39835,3825664.0,46929715.2,3825664.0,576,640,12,1.0
xl,2.0,341056187822.7967,3825664.0,46929715.2,3825664.0,576,640,12,1.0
s,2.0,31810577771.401413,4629053.4399999995,46929715.2,4629053.4399999995,576,704,12,1.0
m,2.0,79526444428.50354,4629053.4399999995,46929715.2,4629053.4399999995,576,704,12,1.0
l,2.0,159052888857.00708,4629053.4399999995,46929715.2,4629053.4399999995,576,704,12,1.0
xl,2.0,318105777714.01416,4629053.4399999995,46929715.2,4629053.4399999995,576,704,12,1.0
s,2.0,29631194788.846634,5508956.16,46929715.2,5508956.16,576,768,12,1.0
m,2.0,74077986972.1166,5508956.16,46929715.2,5508956.16,576,768,12,1.0
l,2.0,148155973944.2332,5508956.16,46929715.2,5508956.16,576,768,12,1.0
xl,2.0,296311947888.4664,5508956.16,46929715.2,5508956.16,576,768,12,1.0
s,2.0,26266331795.73169,5508956.16,57937920.0,5508956.16,640,768,12,1.0
m,2.0,65665829489.32922,5508956.16,57937920.0,5508956.16,640,768,12,1.0
l,2.0,131331658978.65845,5508956.16,57937920.0,5508956.16,640,768,12,1.0
xl,2.0,262663317957.3169,5508956.16,57937920.0,5508956.16,640,768,12,1.0
s,2.0,68890682765.52641,1874575.3599999999,22628597.759999998,1874575.3599999999,384,448,13,1.0
s,2.0,62340406066.852615,2448424.96,22628597.759999998,2448424.96,384,512,13,1.0
s,2.0,47620025054.07616,3098787.84,30800035.84,3098787.84,448,576,13,1.0
s,2.0,37545233295.627106,3825664.0,40228618.24,3825664.0,512,640,13,1.0
m,2.0,93863083239.06776,3825664.0,40228618.24,3825664.0,512,640,13,1.0
l,2.0,187726166478.13553,3825664.0,40228618.24,3825664.0,512,640,13,1.0
xl,2.0,375452332956.27106,3825664.0,40228618.24,3825664.0,512,640,13,1.0
s,2.0,34782679156.28641,4629053.4399999995,40228618.24,4629053.4399999995,512,704,13,1.0
m,2.0,86956697890.71602,4629053.4399999995,40228618.24,4629053.4399999995,512,704,13,1.0
l,2.0,173913395781.43204,4629053.4399999995,40228618.24,4629053.4399999995,512,704,13,1.0
xl,2.0,347826791562.8641,4629053.4399999995,40228618.24,4629053.4399999995,512,704,13,1.0
s,2.0,30352815985.17408,4629053.4399999995,50914344.95999999,4629053.4399999995,576,704,13,1.0
m,2.0,75882039962.9352,4629053.4399999995,50914344.95999999,4629053.4399999995,576,704,13,1.0
l,2.0,151764079925.8704,4629053.4399999995,50914344.95999999,4629053.4399999995,576,704,13,1.0
xl,2.0,303528159851.7408,4629053.4399999995,50914344.95999999,4629053.4399999995,576,704,13,1.0
s,2.0,28362353103.091473,5508956.16,50914344.95999999,5508956.16,576,768,13,1.0
m,2.0,70905882757.72868,5508956.16,50914344.95999999,5508956.16,576,768,13,1.0
l,2.0,141811765515.45737,5508956.16,50914344.95999999,5508956.16,576,768,13,1.0
xl,2.0,283623531030.91473,5508956.16,50914344.95999999,5508956.16,576,768,13,1.0
s,2.0,25041589472.461296,5508956.16,62857216.0,5508956.16,640,768,13,1.0
m,2.0,62603973681.15324,5508956.16,62857216.0,5508956.16,640,768,13,1.0
l,2.0,125207947362.30647,5508956.16,62857216.0,5508956.16,640,768,13,1.0
xl,2.0,250415894724.61295,5508956.16,62857216.0,5508956.16,640,768,13,1.0
s,2.0,81775920736.02621,1874575.3599999999,16944128.0,1874575.3599999999,320,448,14,1.0
s,2.0,59824951235.48574,2448424.96,24399544.32,2448424.96,384,512,14,1.0
s,2.0,45629627163.60178,3098787.84,33210490.88,3098787.84,448,576,14,1.0
s,2.0,41956415997.28729,3825664.0,33210490.88,3825664.0,448,640,14,1.0
m,2.0,104891039993.21823,3825664.0,33210490.88,3825664.0,448,640,14,1.0
l,2.0,209782079986.43646,3825664.0,33210490.88,3825664.0,448,640,14,1.0
xl,2.0,419564159972.8729,3825664.0,33210490.88,3825664.0,448,640,14,1.0
s,2.0,35933745211.095406,3825664.0,43376967.68,3825664.0,512,640,14,1.0
m,2.0,89834363027.73851,3825664.0,43376967.68,3825664.0,512,640,14,1.0
l,2.0,179668726055.47702,3825664.0,43376967.68,3825664.0,512,640,14,1.0
xl,2.0,359337452110.95404,3825664.0,43376967.68,3825664.0,512,640,14,1.0
s,2.0,33395229387.288914,4629053.4399999995,43376967.68,4629053.4399999995,512,704,14,1.0
m,2.0,83488073468.22229,4629053.4399999995,43376967.68,4629053.4399999995,512,704,14,1.0
l,2.0,166976146936.44458,4629053.4399999995,43376967.68,4629053.4399999995,512,704,14,1.0
xl,2.0,333952293872.88916,4629053.4399999995,43376967.68,4629053.4399999995,512,704,14,1.0
s,2.0,29022807459.47262,4629053.4399999995,54898974.72,4629053.4399999995,576,704,14,1.0
m,2.0,72557018648.68155,4629053.4399999995,54898974.72,4629053.4399999995,576,704,14,1.0
l,2.0,145114037297.3631,4629053.4399999995,54898974.72,4629053.4399999995,576,704,14,1.0
xl,2.0,290228074594.7262,4629053.4399999995,54898974.72,4629053.4399999995,576,704,14,1.0
s,2.0,27197715774.818756,5508956.16,54898974.72,5508956.16,576,768,14,1.0
m,2.0,67994289437.0469,5508956.16,54898974.72,5508956.16,576,768,14,1.0
l,2.0,135988578874.0938,5508956.16,54898974.72,5508956.16,576,768,14,1.0
xl,2.0,271977157748.1876,5508956.16,54898974.72,5508956.16,576,768,14,1.0
s,2.0,23925973024.150654,5508956.16,67776512.0,5508956.16,640,768,14,1.0
m,2.0,59814932560.37664,5508956.16,67776512.0,5508956.16,640,768,14,1.0
l,2.0,119629865120.75328,5508956.16,67776512.0,5508956.16,640,768,14,1.0
xl,2.0,239259730241.50656,5508956.16,67776512.0,5508956.16,640,768,14,1.0
s,2.0,78750310937.72772,1874575.3599999999,18173952.0,1874575.3599999999,320,448,15,1.0
s,2.0,57504621807.4676,2448424.96,26170490.88,2448424.96,384,512,15,1.0
s,2.0,52323566524.31643,3098787.84,26170490.88,3098787.84,384,576,15,1.0
s,2.0,43798941024.29843,3098787.84,35620945.92,3098787.84,448,576,15,1.0
m,2.0,109497352560.74608,3098787.84,35620945.92,3098787.84,448,576,15,1.0
l,2.0,218994705121.49216,3098787.84,35620945.92,3098787.84,448,576,15,1.0
xl,2.0,437989410242.9843,3098787.84,35620945.92,3098787.84,448,576,15,1.0
s,2.0,40403593760.67665,3825664.0,35620945.92,3825664.0,448,640,15,1.0
m,2.0,101008984401.69162,3825664.0,35620945.92,3825664.0,448,640,15,1.0
l,2.0,202017968803.38324,3825664.0,35620945.92,3825664.0,448,640,15,1.0
xl,2.0,404035937606.7665,3825664.0,35620945.92,3825664.0,448,640,15,1.0
s,2.0,34454898152.42362,3825664.0,46525317.12,3825664.0,512,640,15,1.0
m,2.0,86137245381.05905,3825664.0,46525317.12,3825664.0,512,640,15,1.0
l,2.0,172274490762.1181,3825664.0,46525317.12,3825664.0,512,640,15,1.0
xl,2.0,344548981524.2362,3825664.0,46525317.12,3825664.0,512,640,15,1.0
s,2.0,32114221973.83114,4629053.4399999995,46525317.12,4629053.4399999995,512,704,15,1.0
m,2.0,80285554934.57784,4629053.4399999995,46525317.12,4629053.4399999995,512,704,15,1.0
l,2.0,160571109869.15567,4629053.4399999995,46525317.12,4629053.4399999995,512,704,15,1.0
xl,2.0,321142219738.31134,4629053.4399999995,46525317.12,4629053.4399999995,512,704,15,1.0
s,2.0,29894485952.97805,5508956.16,46525317.12,5508956.16,512,768,15,1.0
m,2.0,74736214882.44511,5508956.16,46525317.12,5508956.16,512,768,15,1.0
l,2.0,149472429764.89023,5508956.16,46525317.12,5508956.16,512,768,15,1.0
xl,2.0,298944859529.78046,5508956.16,46525317.12,5508956.16,512,768,15,1.0
s,2.0,26124952361.671867,5508956.16,58883604.480000004,5508956.16,576,768,15,1.0
m,2.0,65312380904.17967,5508956.16,58883604.480000004,5508956.16,576,768,15,1.0
l,2.0,130624761808.35934,5508956.16,58883604.480000004,5508956.16,576,768,15,1.0
xl,2.0,261249523616.7187,5508956.16,58883604.480000004,5508956.16,576,768,15,1.0
s,2.0,75940600890.15022,1874575.3599999999,19403776.0,1874575.3599999999,320,448,16,1.0
s,2.0,55357561486.83927,2448424.96,27941437.44,2448424.96,384,512,16,1.0
s,2.0,50539969029.10698,3098787.84,27941437.44,3098787.84,384,576,16,1.0
s,2.0,42109484957.33987,3098787.84,38031400.96,3098787.84,448,576,16,1.0
m,2.0,105273712393.34967,3098787.84,38031400.96,3098787.84,448,576,16,1.0
l,2.0,210547424786.69934,3098787.84,38031400.96,3098787.84,448,576,16,1.0
xl,2.0,421094849573.3987,3098787.84,38031400.96,3098787.84,448,576,16,1.0
s,2.0,38961610371.00468,3825664.0,38031400.96,3825664.0,448,640,16,1.0
m,2.0,97404025927.5117,3825664.0,38031400.96,3825664.0,448,640,16,1.0
l,2.0,194808051855.0234,3825664.0,38031400.96,3825664.0,448,640,16,1.0
xl,2.0,389616103710.0468,3825664.0,38031400.96,3825664.0,448,640,16,1.0
s,2.0,30927860354.99998,4629053.4399999995,49673666.56,4629053.4399999995,512,704,16,1.0
m,2.0,77319650887.49995,4629053.4399999995,49673666.56,4629053.4399999995,512,704,16,1.0
l,2.0,154639301774.9999,4629053.4399999995,49673666.56,4629053.4399999995,512,704,16,1.0
xl,2.0,309278603549.9998,4629053.4399999995,49673666.56,4629053.4399999995,512,704,16,1.0
s,2.0,28863827389.693996,5508956.16,49673666.56,5508956.16,512,768,16,1.0
m,2.0,72159568474.235,5508956.16,49673666.56,5508956.16,512,768,16,1.0
l,2.0,144319136948.47,5508956.16,49673666.56,5508956.16,512,768,16,1.0
xl,2.0,288638273896.94,5508956.16,49673666.56,5508956.16,512,768,16,1.0
s,2.0,25133604005.76083,5508956.16,62868234.239999995,5508956.16,576,768,16,1.0
m,2.0,62834010014.40208,5508956.16,62868234.239999995,5508956.16,576,768,16,1.0
l,2.0,125668020028.80415,5508956.16,62868234.239999995,5508956.16,576,768,16,1.0
xl,2.0,251336040057.6083,5508956.16,62868234.239999995,5508956.16,576,768,16,1.0
s,2.0,79264007941.31512,1874575.3599999999,19677184.0,1874575.3599999999,640,448,4,1.0
s,2.0,63703330430.49998,2448424.96,23809392.64,2448424.96,704,512,4,1.0
s,2.0,57465202383.43224,2448424.96,28335144.96,2448424.96,768,512,4,1.0
s,2.0,52290928318.758804,3098787.84,28335144.96,3098787.84,768,576,4,1.0
s,2.0,78635248399.81674,1874575.3599999999,19923148.799999997,1874575.3599999999,576,448,5,1.0
s,2.0,62487142645.52926,2448424.96,24596480.0,2448424.96,640,512,5,1.0
s,2.0,55713705222.04826,2448424.96,29761740.8,2448424.96,704,512,5,1.0
s,2.0,50836655854.48268,3098787.84,29761740.8,3098787.84,704,576,5,1.0
s,2.0,45869598939.124985,3098787.84,35418931.2,3098787.84,768,576,5,1.0
m,2.0,114673997347.81247,3098787.84,35418931.2,3098787.84,768,576,5,1.0
l,2.0,229347994695.62494,3098787.84,35418931.2,3098787.84,768,576,5,1.0
xl,2.0,458695989391.2499,3098787.84,35418931.2,3098787.84,768,576,5,1.0
s,2.0,42159221280.73373,3825664.0,35418931.2,3825664.0,768,640,5,1.0
m,2.0,105398053201.83432,3825664.0,35418931.2,3825664.0,768,640,5,1.0
l,2.0,210796106403.66864,3825664.0,35418931.2,3825664.0,768,640,5,1.0
xl,2.0,421592212807.3373,3825664.0,35418931.2,3825664.0,768,640,5,1.0
s,2.0,81071881832.7382,1874575.3599999999,18890096.64,1874575.3599999999,512,448,6,1.0
s,2.0,63484239331.641174,2448424.96,23907778.56,2448424.96,576,512,6,1.0
s,2.0,55974405313.588486,2448424.96,29515776.0,2448424.96,640,512,6,1.0
s,2.0,51053622608.22356,3098787.84,29515776.0,3098787.84,640,576,6,1.0
s,2.0,45616309180.774895,3098787.84,35714088.96,3098787.84,704,576,6,1.0
m,2.0,114040772951.93724,3098787.84,35714088.96,3098787.84,704,576,6,1.0
l,2.0,228081545903.87448,3098787.84,35714088.96,3098787.84,704,576,6,1.0
xl,2.0,456163091807.74896,3098787.84,35714088.96,3098787.84,704,576,6,1.0
s,2.0,41945155655.31836,3825664.0,35714088.96,3825664.0,704,640,6,1.0
m,2.0,104862889138.2959,3825664.0,35714088.96,3825664.0,704,640,6,1.0
l,2.0,209725778276.5918,3825664.0,35714088.96,3825664.0,704,640,6,1.0
xl,2.0,419451556553.1836,3825664.0,35714088.96,3825664.0,704,640,6,1.0
s,2.0,37883438587.466835,3825664.0,42502717.44,3825664.0,768,640,6,1.0
m,2.0,94708596468.66708,3825664.0,42502717.44,3825664.0,768,640,6,1.0
l,2.0,189417192937.33417,3825664.0,42502717.44,3825664.0,768,640,6,1.0
xl,2.0,378834385874.66833,3825664.0,42502717.44,3825664.0,768,640,6,1.0
s,2.0,35072753348.28633,4629053.4399999995,42502717.44,4629053.4399999995,768,704,6,1.0
m,2.0,87681883370.71584,4629053.4399999995,42502717.44,4629053.4399999995,768,704,6,1.0
l,2.0,175363766741.43167,4629053.4399999995,42502717.44,4629053.4399999995,768,704,6,1.0
xl,2.0,350727533482.86334,4629053.4399999995,42502717.44,4629053.4399999995,768,704,6,1.0
s,2.0,86354898127.19577,1874575.3599999999,16873185.28,1874575.3599999999,448,448,7,1.0
s,2.0,73914266830.07751,1874575.3599999999,22038446.08,1874575.3599999999,512,448,7,1.0
s,2.0,66425773863.45396,2448424.96,22038446.08,2448424.96,512,512,7,1.0
s,2.0,57931623406.85255,2448424.96,27892408.32,2448424.96,576,512,7,1.0
s,2.0,52676853982.525246,3098787.84,27892408.32,3098787.84,576,576,7,1.0
s,2.0,46621644927.403915,3098787.84,34435072.0,3098787.84,640,576,7,1.0
m,2.0,116554112318.50978,3098787.84,34435072.0,3098787.84,640,576,7,1.0
l,2.0,233108224637.01956,3098787.84,34435072.0,3098787.84,640,576,7,1.0
xl,2.0,466216449274.0391,3098787.84,34435072.0,3098787.84,640,576,7,1.0
s,2.0,42793681050.82109,3825664.0,34435072.0,3825664.0,640,640,7,1.0
m,2.0,106984202627.05273,3825664.0,34435072.0,3825664.0,640,640,7,1.0
l,2.0,213968405254.10547,3825664.0,34435072.0,3825664.0,640,640,7,1.0
xl,2.0,427936810508.21094,3825664.0,34435072.0,3825664.0,640,640,7,1.0
s,2.0,38326226363.204384,3825664.0,41666437.120000005,3825664.0,704,640,7,1.0
m,2.0,95815565908.01097,3825664.0,41666437.120000005,3825664.0,704,640,7,1.0
l,2.0,191631131816.02194,3825664.0,41666437.120000005,3825664.0,704,640,7,1.0
xl,2.0,383262263632.0439,3825664.0,41666437.120000005,3825664.0,704,640,7,1.0
s,2.0,35451946174.57505,4629053.4399999995,41666437.120000005,4629053.4399999995,704,704,7,1.0
m,2.0,88629865436.43764,4629053.4399999995,41666437.120000005,4629053.4399999995,704,704,7,1.0
l,2.0,177259730872.87527,4629053.4399999995,41666437.120000005,4629053.4399999995,704,704,7,1.0
xl,2.0,354519461745.75055,4629053.4399999995,41666437.120000005,4629053.4399999995,704,704,7,1.0
s,2.0,32062260169.163975,4629053.4399999995,49586503.68,4629053.4399999995,768,704,7,1.0
m,2.0,80155650422.90994,4629053.4399999995,49586503.68,4629053.4399999995,768,704,7,1.0
l,2.0,160311300845.8199,4629053.4399999995,49586503.68,4629053.4399999995,768,704,7,1.0
xl,2.0,320622601691.6398,4629053.4399999995,49586503.68,4629053.4399999995,768,704,7,1.0
s,2.0,29849454063.51459,5508956.16,49586503.68,5508956.16,768,768,7,1.0
m,2.0,74623635158.78648,5508956.16,49586503.68,5508956.16,768,768,7,1.0
l,2.0,149247270317.57297,5508956.16,49586503.68,5508956.16,768,768,7,1.0
xl,2.0,298494540635.14594,5508956.16,49586503.68,5508956.16,768,768,7,1.0
s,2.0,80024739296.04453,1874575.3599999999,19283640.32,1874575.3599999999,448,448,8,1.0
s,2.0,61542807483.22727,2448424.96,25186795.52,2448424.96,512,512,8,1.0
s,2.0,48796059889.14534,3098787.84,31877038.08,3098787.84,576,576,8,1.0
s,2.0,39635430142.71291,3825664.0,39354368.0,3825664.0,640,640,8,1.0
m,2.0,99088575356.78229,3825664.0,39354368.0,3825664.0,640,640,8,1.0
l,2.0,198177150713.56458,3825664.0,39354368.0,3825664.0,640,640,8,1.0
xl,2.0,396354301427.12915,3825664.0,39354368.0,3825664.0,640,640,8,1.0
s,2.0,35282164282.2472,3825664.0,47618785.28,3825664.0,704,640,8,1.0
m,2.0,88205410705.618,3825664.0,47618785.28,3825664.0,704,640,8,1.0
l,2.0,176410821411.236,3825664.0,47618785.28,3825664.0,704,640,8,1.0
xl,2.0,352821642822.472,3825664.0,47618785.28,3825664.0,704,640,8,1.0
s,2.0,36569283075.41281,4629053.4399999995,39354368.0,4629053.4399999995,640,704,8,1.0
m,2.0,91423207688.53203,4629053.4399999995,39354368.0,4629053.4399999995,640,704,8,1.0
l,2.0,182846415377.06406,4629053.4399999995,39354368.0,4629053.4399999995,640,704,8,1.0
xl,2.0,365692830754.1281,4629053.4399999995,39354368.0,4629053.4399999995,640,704,8,1.0
s,2.0,32831735851.38144,4629053.4399999995,47618785.28,4629053.4399999995,704,704,8,1.0
m,2.0,82079339628.4536,4629053.4399999995,47618785.28,4629053.4399999995,704,704,8,1.0
l,2.0,164158679256.9072,4629053.4399999995,47618785.28,4629053.4399999995,704,704,8,1.0
xl,2.0,328317358513.8144,4629053.4399999995,47618785.28,4629053.4399999995,704,704,8,1.0
s,2.0,29527727944.42188,4629053.4399999995,56670289.92,4629053.4399999995,768,704,8,1.0
m,2.0,73819319861.0547,4629053.4399999995,56670289.92,4629053.4399999995,768,704,8,1.0
l,2.0,147638639722.1094,4629053.4399999995,56670289.92,4629053.4399999995,768,704,8,1.0
xl,2.0,295277279444.2188,4629053.4399999995,56670289.92,4629053.4399999995,768,704,8,1.0
s,2.0,30515279942.97929,5508956.16,47618785.28,5508956.16,704,768,8,1.0
m,2.0,76288199857.44823,5508956.16,47618785.28,5508956.16,704,768,8,1.0
l,2.0,152576399714.89645,5508956.16,47618785.28,5508956.16,704,768,8,1.0
xl,2.0,305152799429.7929,5508956.16,47618785.28,5508956.16,704,768,8,1.0
s,2.0,27640644799.546677,5508956.16,56670289.92,5508956.16,768,768,8,1.0
m,2.0,69101611998.8667,5508956.16,56670289.92,5508956.16,768,768,8,1.0
l,2.0,138203223997.7334,5508956.16,56670289.92,5508956.16,768,768,8,1.0
xl,2.0,276406447995.4668,5508956.16,56670289.92,5508956.16,768,768,8,1.0
s,2.0,74559248668.00201,1874575.3599999999,21694095.36,1874575.3599999999,448,448,9,1.0
s,2.0,66946225535.385574,2448424.96,21694095.36,2448424.96,448,512,9,1.0
s,2.0,57328577097.74527,2448424.96,28335144.96,2448424.96,512,512,9,1.0
s,2.0,52177775106.275696,3098787.84,28335144.96,3098787.84,512,576,9,1.0
s,2.0,45447839667.11879,3098787.84,35861667.839999996,3098787.84,576,576,9,1.0
m,2.0,113619599167.79698,3098787.84,35861667.839999996,3098787.84,576,576,9,1.0
l,2.0,227239198335.59396,3098787.84,35861667.839999996,3098787.84,576,576,9,1.0
xl,2.0,454478396671.1879,3098787.84,35861667.839999996,3098787.84,576,576,9,1.0
s,2.0,41802669142.561844,3825664.0,35861667.839999996,3825664.0,576,640,9,1.0
m,2.0,104506672856.40462,3825664.0,35861667.839999996,3825664.0,576,640,9,1.0
l,2.0,209013345712.80923,3825664.0,35861667.839999996,3825664.0,576,640,9,1.0
xl,2.0,418026691425.61847,3825664.0,35861667.839999996,3825664.0,576,640,9,1.0
s,2.0,36911308916.35484,3825664.0,44273664.0,3825664.0,640,640,9,1.0
m,2.0,92278272290.8871,3825664.0,44273664.0,3825664.0,640,640,9,1.0
l,2.0,184556544581.7742,3825664.0,44273664.0,3825664.0,640,640,9,1.0
xl,2.0,369113089163.5484,3825664.0,44273664.0,3825664.0,640,640,9,1.0
s,2.0,34237933500.44512,4629053.4399999995,44273664.0,4629053.4399999995,640,704,9,1.0
m,2.0,85594833751.11281,4629053.4399999995,44273664.0,4629053.4399999995,640,704,9,1.0
l,2.0,171189667502.22562,4629053.4399999995,44273664.0,4629053.4399999995,640,704,9,1.0
xl,2.0,342379335004.45123,4629053.4399999995,44273664.0,4629053.4399999995,640,704,9,1.0
s,2.0,30572182909.819084,4629053.4399999995,53571133.44,4629053.4399999995,704,704,9,1.0
m,2.0,76430457274.54771,4629053.4399999995,53571133.44,4629053.4399999995,704,704,9,1.0
l,2.0,152860914549.09543,4629053.4399999995,53571133.44,4629053.4399999995,704,704,9,1.0
xl,2.0,305721829098.19086,4629053.4399999995,53571133.44,4629053.4399999995,704,704,9,1.0
s,2.0,28553801575.475414,5508956.16,53571133.44,5508956.16,704,768,9,1.0
m,2.0,71384503938.68854,5508956.16,53571133.44,5508956.16,704,768,9,1.0
l,2.0,142769007877.37708,5508956.16,53571133.44,5508956.16,704,768,9,1.0
xl,2.0,285538015754.75415,5508956.16,53571133.44,5508956.16,704,768,9,1.0
s,2.0,25736208752.228218,5508956.16,63754076.160000004,5508956.16,768,768,9,1.0
m,2.0,64340521880.57055,5508956.16,63754076.160000004,5508956.16,768,768,9,1.0
l,2.0,128681043761.1411,5508956.16,63754076.160000004,5508956.16,768,768,9,1.0
xl,2.0,257362087522.2822,5508956.16,63754076.160000004,5508956.16,768,768,9,1.0
s,2.0,80049104297.91197,1874575.3599999999,17315758.080000002,1874575.3599999999,384,448,10,1.0
s,2.0,60497610170.16517,2448424.96,23568670.72,2448424.96,448,512,10,1.0
s,2.0,47320471129.57614,3098787.84,30783569.92,3098787.84,512,576,10,1.0
s,2.0,38021215351.49458,3825664.0,38960455.67999999,3825664.0,576,640,10,1.0
m,2.0,95053038378.73645,3825664.0,38960455.67999999,3825664.0,576,640,10,1.0
l,2.0,190106076757.4729,3825664.0,38960455.67999999,3825664.0,576,640,10,1.0
xl,2.0,380212153514.9458,3825664.0,38960455.67999999,3825664.0,576,640,10,1.0
s,2.0,35190812524.55545,4629053.4399999995,38960455.67999999,4629053.4399999995,576,704,10,1.0
m,2.0,87977031311.38863,4629053.4399999995,38960455.67999999,4629053.4399999995,576,704,10,1.0
l,2.0,175954062622.77725,4629053.4399999995,38960455.67999999,4629053.4399999995,576,704,10,1.0
xl,2.0,351908125245.5545,4629053.4399999995,38960455.67999999,4629053.4399999995,576,704,10,1.0
s,2.0,31215481296.472733,4629053.4399999995,48099328.0,4629053.4399999995,640,704,10,1.0
m,2.0,78038703241.18182,4629053.4399999995,48099328.0,4629053.4399999995,640,704,10,1.0
l,2.0,156077406482.36365,4629053.4399999995,48099328.0,4629053.4399999995,640,704,10,1.0
xl,2.0,312154812964.7273,4629053.4399999995,48099328.0,4629053.4399999995,640,704,10,1.0
s,2.0,29114184041.033466,5508956.16,48099328.0,5508956.16,640,768,10,1.0
m,2.0,72785460102.58366,5508956.16,48099328.0,5508956.16,640,768,10,1.0
l,2.0,145570920205.16733,5508956.16,48099328.0,5508956.16,640,768,10,1.0
xl,2.0,291141840410.33466,5508956.16,48099328.0,5508956.16,640,768,10,1.0
s,2.0,26085587622.686676,5508956.16,58200186.879999995,5508956.16,704,768,10,1.0
m,2.0,65213969056.71668,5508956.16,58200186.879999995,5508956.16,704,768,10,1.0
l,2.0,130427938113.43336,5508956.16,58200186.879999995,5508956.16,704,768,10,1.0
xl,2.0,260855876226.86673,5508956.16,58200186.879999995,5508956.16,704,768,10,1.0
s,2.0,75948568455.76218,1874575.3599999999,19086704.64,1874575.3599999999,384,448,11,1.0
s,2.0,57321059472.93789,2448424.96,25979125.759999998,2448424.96,448,512,11,1.0
s,2.0,52171547594.58365,3098787.84,25979125.759999998,3098787.84,448,576,11,1.0
s,2.0,44788904803.64086,3098787.84,33931919.36,3098787.84,512,576,11,1.0
m,2.0,111972262009.10214,3098787.84,33931919.36,3098787.84,512,576,11,1.0
l,2.0,223944524018.20428,3098787.84,33931919.36,3098787.84,512,576,11,1.0
xl,2.0,447889048036.40857,3098787.84,33931919.36,3098787.84,512,576,11,1.0
s,2.0,41244546876.98139,3825664.0,33931919.36,3825664.0,512,640,11,1.0
m,2.0,103111367192.45348,3825664.0,33931919.36,3825664.0,512,640,11,1.0
l,2.0,206222734384.90695,3825664.0,33931919.36,3825664.0,512,640,11,1.0
xl,2.0,412445468769.8139,3825664.0,33931919.36,3825664.0,512,640,11,1.0
s,2.0,35957132792.268814,3825664.0,42945085.44,3825664.0,576,640,11,1.0
m,2.0,89892831980.67204,3825664.0,42945085.44,3825664.0,576,640,11,1.0
l,2.0,179785663961.3441,3825664.0,42945085.44,3825664.0,576,640,11,1.0
xl,2.0,359571327922.6882,3825664.0,42945085.44,3825664.0,576,640,11,1.0
s,2.0,33415428357.722588,4629053.4399999995,42945085.44,4629053.4399999995,576,704,11,1.0
m,2.0,83538570894.30647,4629053.4399999995,42945085.44,4629053.4399999995,576,704,11,1.0
l,2.0,167077141788.61295,4629053.4399999995,42945085.44,4629053.4399999995,576,704,11,1.0
xl,2.0,334154283577.2259,4629053.4399999995,42945085.44,4629053.4399999995,576,704,11,1.0
s,2.0,29500785721.56685,4629053.4399999995,53018624.0,4629053.4399999995,640,704,11,1.0
m,2.0,73751964303.91713,4629053.4399999995,53018624.0,4629053.4399999995,640,704,11,1.0
l,2.0,147503928607.83426,4629053.4399999995,53018624.0,4629053.4399999995,640,704,11,1.0
xl,2.0,295007857215.6685,4629053.4399999995,53018624.0,4629053.4399999995,640,704,11,1.0
s,2.0,27617034851.67284,5508956.16,53018624.0,5508956.16,640,768,11,1.0
m,2.0,69042587129.1821,5508956.16,53018624.0,5508956.16,640,768,11,1.0
l,2.0,138085174258.3642,5508956.16,53018624.0,5508956.16,640,768,11,1.0
xl,2.0,276170348516.7284,5508956.16,53018624.0,5508956.16,640,768,11,1.0
s,2.0,24638744559.06546,5508956.16,64152535.04,5508956.16,704,768,11,1.0
m,2.0,61596861397.66365,5508956.16,64152535.04,5508956.16,704,768,11,1.0
l,2.0,123193722795.3273,5508956.16,64152535.04,5508956.16,704,768,11,1.0
xl,2.0,246387445590.6546,5508956.16,64152535.04,5508956.16,704,768,11,1.0
s,2.0,72247663418.08806,1874575.3599999999,20857651.2,1874575.3599999999,384,448,12,1.0
s,2.0,65076679903.99222,2448424.96,20857651.2,2448424.96,384,512,12,1.0
s,2.0,54461449719.87383,2448424.96,28389580.8,2448424.96,448,512,12,1.0
s,2.0,49791988193.451225,3098787.84,28389580.8,3098787.84,448,576,12,1.0
s,2.0,42514452465.005646,3098787.84,37080268.8,3098787.84,512,576,12,1.0
m,2.0,106286131162.51411,3098787.84,37080268.8,3098787.84,512,576,12,1.0
l,2.0,212572262325.02823,3098787.84,37080268.8,3098787.84,512,576,12,1.0
xl,2.0,425144524650.05646,3098787.84,37080268.8,3098787.84,512,576,12,1.0
s,2.0,39308045568.2512,3825664.0,37080268.8,3825664.0,512,640,12,1.0
m,2.0,98270113920.62799,3825664.0,37080268.8,3825664.0,512,640,12,1.0
l,2.0,196540227841.25598,3825664.0,37080268.8,3825664.0,512,640,12,1.0
xl,2.0,393080455682.51196,3825664.0,37080268.8,3825664.0,512,640,12,1.0
s,2.0,34105618782.27967,3825664.0,46929715.2,3825664.0,576,640,12,1.0
m,2.0,85264046955.69917,3825664.0,46929715.2,3825664.0,576,640,12,1.0
l,2.0,170528093911.39835,3825664.0,46929715.2,3825664.0,576,640,12,1.0
xl,2.0,341056187822.7967,3825664.0,46929715.2,3825664.0,576,640,12,1.0
s,2.0,31810577771.401413,4629053.4399999995,46929715.2,4629053.4399999995,576,704,12,1.0
m,2.0,79526444428.50354,4629053.4399999995,46929715.2,4629053.4399999995,576,704,12,1.0
l,2.0,159052888857.00708,4629053.4399999995,46929715.2,4629053.4399999995,576,704,12,1.0
xl,2.0,318105777714.01416,4629053.4399999995,46929715.2,4629053.4399999995,576,704,12,1.0
s,2.0,29631194788.846634,5508956.16,46929715.2,5508956.16,576,768,12,1.0
m,2.0,74077986972.1166,5508956.16,46929715.2,5508956.16,576,768,12,1.0
l,2.0,148155973944.2332,5508956.16,46929715.2,5508956.16,576,768,12,1.0
xl,2.0,296311947888.4664,5508956.16,46929715.2,5508956.16,576,768,12,1.0
s,2.0,26266331795.73169,5508956.16,57937920.0,5508956.16,640,768,12,1.0
m,2.0,65665829489.32922,5508956.16,57937920.0,5508956.16,640,768,12,1.0
l,2.0,131331658978.65845,5508956.16,57937920.0,5508956.16,640,768,12,1.0
xl,2.0,262663317957.3169,5508956.16,57937920.0,5508956.16,640,768,12,1.0
s,2.0,68890682765.52641,1874575.3599999999,22628597.759999998,1874575.3599999999,384,448,13,1.0
s,2.0,62340406066.852615,2448424.96,22628597.759999998,2448424.96,384,512,13,1.0
s,2.0,47620025054.07616,3098787.84,30800035.84,3098787.84,448,576,13,1.0
s,2.0,37545233295.627106,3825664.0,40228618.24,3825664.0,512,640,13,1.0
m,2.0,93863083239.06776,3825664.0,40228618.24,3825664.0,512,640,13,1.0
l,2.0,187726166478.13553,3825664.0,40228618.24,3825664.0,512,640,13,1.0
xl,2.0,375452332956.27106,3825664.0,40228618.24,3825664.0,512,640,13,1.0
s,2.0,34782679156.28641,4629053.4399999995,40228618.24,4629053.4399999995,512,704,13,1.0
m,2.0,86956697890.71602,4629053.4399999995,40228618.24,4629053.4399999995,512,704,13,1.0
l,2.0,173913395781.43204,4629053.4399999995,40228618.24,4629053.4399999995,512,704,13,1.0
xl,2.0,347826791562.8641,4629053.4399999995,40228618.24,4629053.4399999995,512,704,13,1.0
s,2.0,30352815985.17408,4629053.4399999995,50914344.95999999,4629053.4399999995,576,704,13,1.0
m,2.0,75882039962.9352,4629053.4399999995,50914344.95999999,4629053.4399999995,576,704,13,1.0
l,2.0,151764079925.8704,4629053.4399999995,50914344.95999999,4629053.4399999995,576,704,13,1.0
xl,2.0,303528159851.7408,4629053.4399999995,50914344.95999999,4629053.4399999995,576,704,13,1.0
s,2.0,28362353103.091473,5508956.16,50914344.95999999,5508956.16,576,768,13,1.0
m,2.0,70905882757.72868,5508956.16,50914344.95999999,5508956.16,576,768,13,1.0
l,2.0,141811765515.45737,5508956.16,50914344.95999999,5508956.16,576,768,13,1.0
xl,2.0,283623531030.91473,5508956.16,50914344.95999999,5508956.16,576,768,13,1.0
s,2.0,25041589472.461296,5508956.16,62857216.0,5508956.16,640,768,13,1.0
m,2.0,62603973681.15324,5508956.16,62857216.0,5508956.16,640,768,13,1.0
l,2.0,125207947362.30647,5508956.16,62857216.0,5508956.16,640,768,13,1.0
xl,2.0,250415894724.61295,5508956.16,62857216.0,5508956.16,640,768,13,1.0
s,2.0,81775920736.02621,1874575.3599999999,16944128.0,1874575.3599999999,320,448,14,1.0
s,2.0,59824951235.48574,2448424.96,24399544.32,2448424.96,384,512,14,1.0
s,2.0,45629627163.60178,3098787.84,33210490.88,3098787.84,448,576,14,1.0
s,2.0,41956415997.28729,3825664.0,33210490.88,3825664.0,448,640,14,1.0
m,2.0,104891039993.21823,3825664.0,33210490.88,3825664.0,448,640,14,1.0
l,2.0,209782079986.43646,3825664.0,33210490.88,3825664.0,448,640,14,1.0
xl,2.0,419564159972.8729,3825664.0,33210490.88,3825664.0,448,640,14,1.0
s,2.0,35933745211.095406,3825664.0,43376967.68,3825664.0,512,640,14,1.0
m,2.0,89834363027.73851,3825664.0,43376967.68,3825664.0,512,640,14,1.0
l,2.0,179668726055.47702,3825664.0,43376967.68,3825664.0,512,640,14,1.0
xl,2.0,359337452110.95404,3825664.0,43376967.68,3825664.0,512,640,14,1.0
s,2.0,33395229387.288914,4629053.4399999995,43376967.68,4629053.4399999995,512,704,14,1.0
m,2.0,83488073468.22229,4629053.4399999995,43376967.68,4629053.4399999995,512,704,14,1.0
l,2.0,166976146936.44458,4629053.4399999995,43376967.68,4629053.4399999995,512,704,14,1.0
xl,2.0,333952293872.88916,4629053.4399999995,43376967.68,4629053.4399999995,512,704,14,1.0
s,2.0,29022807459.47262,4629053.4399999995,54898974.72,4629053.4399999995,576,704,14,1.0
m,2.0,72557018648.68155,4629053.4399999995,54898974.72,4629053.4399999995,576,704,14,1.0
l,2.0,145114037297.3631,4629053.4399999995,54898974.72,4629053.4399999995,576,704,14,1.0
xl,2.0,290228074594.7262,4629053.4399999995,54898974.72,4629053.4399999995,576,704,14,1.0
s,2.0,27197715774.818756,5508956.16,54898974.72,5508956.16,576,768,14,1.0
m,2.0,67994289437.0469,5508956.16,54898974.72,5508956.16,576,768,14,1.0
l,2.0,135988578874.0938,5508956.16,54898974.72,5508956.16,576,768,14,1.0
xl,2.0,271977157748.1876,5508956.16,54898974.72,5508956.16,576,768,14,1.0
s,2.0,23925973024.150654,5508956.16,67776512.0,5508956.16,640,768,14,1.0
m,2.0,59814932560.37664,5508956.16,67776512.0,5508956.16,640,768,14,1.0
l,2.0,119629865120.75328,5508956.16,67776512.0,5508956.16,640,768,14,1.0
xl,2.0,239259730241.50656,5508956.16,67776512.0,5508956.16,640,768,14,1.0
s,2.0,78750310937.72772,1874575.3599999999,18173952.0,1874575.3599999999,320,448,15,1.0
s,2.0,57504621807.4676,2448424.96,26170490.88,2448424.96,384,512,15,1.0
s,2.0,52323566524.31643,3098787.84,26170490.88,3098787.84,384,576,15,1.0
s,2.0,43798941024.29843,3098787.84,35620945.92,3098787.84,448,576,15,1.0
m,2.0,109497352560.74608,3098787.84,35620945.92,3098787.84,448,576,15,1.0
l,2.0,218994705121.49216,3098787.84,35620945.92,3098787.84,448,576,15,1.0
xl,2.0,437989410242.9843,3098787.84,35620945.92,3098787.84,448,576,15,1.0
s,2.0,40403593760.67665,3825664.0,35620945.92,3825664.0,448,640,15,1.0
m,2.0,101008984401.69162,3825664.0,35620945.92,3825664.0,448,640,15,1.0
l,2.0,202017968803.38324,3825664.0,35620945.92,3825664.0,448,640,15,1.0
xl,2.0,404035937606.7665,3825664.0,35620945.92,3825664.0,448,640,15,1.0
s,2.0,34454898152.42362,3825664.0,46525317.12,3825664.0,512,640,15,1.0
m,2.0,86137245381.05905,3825664.0,46525317.12,3825664.0,512,640,15,1.0
l,2.0,172274490762.1181,3825664.0,46525317.12,3825664.0,512,640,15,1.0
xl,2.0,344548981524.2362,3825664.0,46525317.12,3825664.0,512,640,15,1.0
s,2.0,32114221973.83114,4629053.4399999995,46525317.12,4629053.4399999995,512,704,15,1.0
m,2.0,80285554934.57784,4629053.4399999995,46525317.12,4629053.4399999995,512,704,15,1.0
l,2.0,160571109869.15567,4629053.4399999995,46525317.12,4629053.4399999995,512,704,15,1.0
xl,2.0,321142219738.31134,4629053.4399999995,46525317.12,4629053.4399999995,512,704,15,1.0
s,2.0,29894485952.97805,5508956.16,46525317.12,5508956.16,512,768,15,1.0
m,2.0,74736214882.44511,5508956.16,46525317.12,5508956.16,512,768,15,1.0
l,2.0,149472429764.89023,5508956.16,46525317.12,5508956.16,512,768,15,1.0
xl,2.0,298944859529.78046,5508956.16,46525317.12,5508956.16,512,768,15,1.0
s,2.0,26124952361.671867,5508956.16,58883604.480000004,5508956.16,576,768,15,1.0
m,2.0,65312380904.17967,5508956.16,58883604.480000004,5508956.16,576,768,15,1.0
l,2.0,130624761808.35934,5508956.16,58883604.480000004,5508956.16,576,768,15,1.0
xl,2.0,261249523616.7187,5508956.16,58883604.480000004,5508956.16,576,768,15,1.0
s,2.0,75940600890.15022,1874575.3599999999,19403776.0,1874575.3599999999,320,448,16,1.0
s,2.0,55357561486.83927,2448424.96,27941437.44,2448424.96,384,512,16,1.0
s,2.0,50539969029.10698,3098787.84,27941437.44,3098787.84,384,576,16,1.0
s,2.0,42109484957.33987,3098787.84,38031400.96,3098787.84,448,576,16,1.0
m,2.0,105273712393.34967,3098787.84,38031400.96,3098787.84,448,576,16,1.0
l,2.0,210547424786.69934,3098787.84,38031400.96,3098787.84,448,576,16,1.0
xl,2.0,421094849573.3987,3098787.84,38031400.96,3098787.84,448,576,16,1.0
s,2.0,38961610371.00468,3825664.0,38031400.96,3825664.0,448,640,16,1.0
m,2.0,97404025927.5117,3825664.0,38031400.96,3825664.0,448,640,16,1.0
l,2.0,194808051855.0234,3825664.0,38031400.96,3825664.0,448,640,16,1.0
xl,2.0,389616103710.0468,3825664.0,38031400.96,3825664.0,448,640,16,1.0
s,2.0,30927860354.99998,4629053.4399999995,49673666.56,4629053.4399999995,512,704,16,1.0
m,2.0,77319650887.49995,4629053.4399999995,49673666.56,4629053.4399999995,512,704,16,1.0
l,2.0,154639301774.9999,4629053.4399999995,49673666.56,4629053.4399999995,512,704,16,1.0
xl,2.0,309278603549.9998,4629053.4399999995,49673666.56,4629053.4399999995,512,704,16,1.0
s,2.0,28863827389.693996,5508956.16,49673666.56,5508956.16,512,768,16,1.0
m,2.0,72159568474.235,5508956.16,49673666.56,5508956.16,512,768,16,1.0
l,2.0,144319136948.47,5508956.16,49673666.56,5508956.16,512,768,16,1.0
xl,2.0,288638273896.94,5508956.16,49673666.56,5508956.16,512,768,16,1.0
s,2.0,25133604005.76083,5508956.16,62868234.239999995,5508956.16,576,768,16,1.0
m,2.0,62834010014.40208,5508956.16,62868234.239999995,5508956.16,576,768,16,1.0
l,2.0,125668020028.80415,5508956.16,62868234.239999995,5508956.16,576,768,16,1.0
xl,2.0,251336040057.6083,5508956.16,62868234.239999995,5508956.16,576,768,16,1.0
s,2.0,79264007941.31512,1874575.3599999999,19677184.0,1874575.3599999999,640,448,4,1.0
s,2.0,63703330430.49998,2448424.96,23809392.64,2448424.96,704,512,4,1.0
s,2.0,57465202383.43224,2448424.96,28335144.96,2448424.96,768,512,4,1.0
s,2.0,52290928318.758804,3098787.84,28335144.96,3098787.84,768,576,4,1.0
s,2.0,78635248399.81674,1874575.3599999999,19923148.799999997,1874575.3599999999,576,448,5,1.0
s,2.0,62487142645.52926,2448424.96,24596480.0,2448424.96,640,512,5,1.0
s,2.0,55713705222.04826,2448424.96,29761740.8,2448424.96,704,512,5,1.0
s,2.0,50836655854.48268,3098787.84,29761740.8,3098787.84,704,576,5,1.0
s,2.0,45869598939.124985,3098787.84,35418931.2,3098787.84,768,576,5,1.0
m,2.0,114673997347.81247,3098787.84,35418931.2,3098787.84,768,576,5,1.0
l,2.0,229347994695.62494,3098787.84,35418931.2,3098787.84,768,576,5,1.0
xl,2.0,458695989391.2499,3098787.84,35418931.2,3098787.84,768,576,5,1.0
s,2.0,42159221280.73373,3825664.0,35418931.2,3825664.0,768,640,5,1.0
m,2.0,105398053201.83432,3825664.0,35418931.2,3825664.0,768,640,5,1.0
l,2.0,210796106403.66864,3825664.0,35418931.2,3825664.0,768,640,5,1.0
xl,2.0,421592212807.3373,3825664.0,35418931.2,3825664.0,768,640,5,1.0
s,2.0,81071881832.7382,1874575.3599999999,18890096.64,1874575.3599999999,512,448,6,1.0
s,2.0,63484239331.641174,2448424.96,23907778.56,2448424.96,576,512,6,1.0
s,2.0,55974405313.588486,2448424.96,29515776.0,2448424.96,640,512,6,1.0
s,2.0,51053622608.22356,3098787.84,29515776.0,3098787.84,640,576,6,1.0
s,2.0,45616309180.774895,3098787.84,35714088.96,3098787.84,704,576,6,1.0
m,2.0,114040772951.93724,3098787.84,35714088.96,3098787.84,704,576,6,1.0
l,2.0,228081545903.87448,3098787.84,35714088.96,3098787.84,704,576,6,1.0
xl,2.0,456163091807.74896,3098787.84,35714088.96,3098787.84,704,576,6,1.0
s,2.0,41945155655.31836,3825664.0,35714088.96,3825664.0,704,640,6,1.0
m,2.0,104862889138.2959,3825664.0,35714088.96,3825664.0,704,640,6,1.0
l,2.0,209725778276.5918,3825664.0,35714088.96,3825664.0,704,640,6,1.0
xl,2.0,419451556553.1836,3825664.0,35714088.96,3825664.0,704,640,6,1.0
s,2.0,37883438587.466835,3825664.0,42502717.44,3825664.0,768,640,6,1.0
m,2.0,94708596468.66708,3825664.0,42502717.44,3825664.0,768,640,6,1.0
l,2.0,189417192937.33417,3825664.0,42502717.44,3825664.0,768,640,6,1.0
xl,2.0,378834385874.66833,3825664.0,42502717.44,3825664.0,768,640,6,1.0
s,2.0,35072753348.28633,4629053.4399999995,42502717.44,4629053.4399999995,768,704,6,1.0
m,2.0,87681883370.71584,4629053.4399999995,42502717.44,4629053.4399999995,768,704,6,1.0
l,2.0,175363766741.43167,4629053.4399999995,42502717.44,4629053.4399999995,768,704,6,1.0
xl,2.0,350727533482.86334,4629053.4399999995,42502717.44,4629053.4399999995,768,704,6,1.0
s,2.0,86354898127.19577,1874575.3599999999,16873185.28,1874575.3599999999,448,448,7,1.0
s,2.0,73914266830.07751,1874575.3599999999,22038446.08,1874575.3599999999,512,448,7,1.0
s,2.0,66425773863.45396,2448424.96,22038446.08,2448424.96,512,512,7,1.0
s,2.0,57931623406.85255,2448424.96,27892408.32,2448424.96,576,512,7,1.0
s,2.0,52676853982.525246,3098787.84,27892408.32,3098787.84,576,576,7,1.0
s,2.0,46621644927.403915,3098787.84,34435072.0,3098787.84,640,576,7,1.0
m,2.0,116554112318.50978,3098787.84,34435072.0,3098787.84,640,576,7,1.0
l,2.0,233108224637.01956,3098787.84,34435072.0,3098787.84,640,576,7,1.0
xl,2.0,466216449274.0391,3098787.84,34435072.0,3098787.84,640,576,7,1.0
s,2.0,42793681050.82109,3825664.0,34435072.0,3825664.0,640,640,7,1.0
m,2.0,106984202627.05273,3825664.0,34435072.0,3825664.0,640,640,7,1.0
l,2.0,213968405254.10547,3825664.0,34435072.0,3825664.0,640,640,7,1.0
xl,2.0,427936810508.21094,3825664.0,34435072.0,3825664.0,640,640,7,1.0
s,2.0,38326226363.204384,3825664.0,41666437.120000005,3825664.0,704,640,7,1.0
m,2.0,95815565908.01097,3825664.0,41666437.120000005,3825664.0,704,640,7,1.0
l,2.0,191631131816.02194,3825664.0,41666437.120000005,3825664.0,704,640,7,1.0
xl,2.0,383262263632.0439,3825664.0,41666437.120000005,3825664.0,704,640,7,1.0
s,2.0,35451946174.57505,4629053.4399999995,41666437.120000005,4629053.4399999995,704,704,7,1.0
m,2.0,88629865436.43764,4629053.4399999995,41666437.120000005,4629053.4399999995,704,704,7,1.0
l,2.0,177259730872.87527,4629053.4399999995,41666437.120000005,4629053.4399999995,704,704,7,1.0
xl,2.0,354519461745.75055,4629053.4399999995,41666437.120000005,4629053.4399999995,704,704,7,1.0
s,2.0,32062260169.163975,4629053.4399999995,49586503.68,4629053.4399999995,768,704,7,1.0
m,2.0,80155650422.90994,4629053.4399999995,49586503.68,4629053.4399999995,768,704,7,1.0
l,2.0,160311300845.8199,4629053.4399999995,49586503.68,4629053.4399999995,768,704,7,1.0
xl,2.0,320622601691.6398,4629053.4399999995,49586503.68,4629053.4399999995,768,704,7,1.0
s,2.0,29849454063.51459,5508956.16,49586503.68,5508956.16,768,768,7,1.0
m,2.0,74623635158.78648,5508956.16,49586503.68,5508956.16,768,768,7,1.0
l,2.0,149247270317.57297,5508956.16,49586503.68,5508956.16,768,768,7,1.0
xl,2.0,298494540635.14594,5508956.16,49586503.68,5508956.16,768,768,7,1.0
s,2.0,80024739296.04453,1874575.3599999999,19283640.32,1874575.3599999999,448,448,8,1.0
s,2.0,61542807483.22727,2448424.96,25186795.52,2448424.96,512,512,8,1.0
s,2.0,48796059889.14534,3098787.84,31877038.08,3098787.84,576,576,8,1.0
s,2.0,39635430142.71291,3825664.0,39354368.0,3825664.0,640,640,8,1.0
m,2.0,99088575356.78229,3825664.0,39354368.0,3825664.0,640,640,8,1.0
l,2.0,198177150713.56458,3825664.0,39354368.0,3825664.0,640,640,8,1.0
xl,2.0,396354301427.12915,3825664.0,39354368.0,3825664.0,640,640,8,1.0
s,2.0,35282164282.2472,3825664.0,47618785.28,3825664.0,704,640,8,1.0
m,2.0,88205410705.618,3825664.0,47618785.28,3825664.0,704,640,8,1.0
l,2.0,176410821411.236,3825664.0,47618785.28,3825664.0,704,640,8,1.0
xl,2.0,352821642822.472,3825664.0,47618785.28,3825664.0,704,640,8,1.0
s,2.0,36569283075.41281,4629053.4399999995,39354368.0,4629053.4399999995,640,704,8,1.0
m,2.0,91423207688.53203,4629053.4399999995,39354368.0,4629053.4399999995,640,704,8,1.0
l,2.0,182846415377.06406,4629053.4399999995,39354368.0,4629053.4399999995,640,704,8,1.0
xl,2.0,365692830754.1281,4629053.4399999995,39354368.0,4629053.4399999995,640,704,8,1.0
s,2.0,32831735851.38144,4629053.4399999995,47618785.28,4629053.4399999995,704,704,8,1.0
m,2.0,82079339628.4536,4629053.4399999995,47618785.28,4629053.4399999995,704,704,8,1.0
l,2.0,164158679256.9072,4629053.4399999995,47618785.28,4629053.4399999995,704,704,8,1.0
xl,2.0,328317358513.8144,4629053.4399999995,47618785.28,4629053.4399999995,704,704,8,1.0
s,2.0,29527727944.42188,4629053.4399999995,56670289.92,4629053.4399999995,768,704,8,1.0
m,2.0,73819319861.0547,4629053.4399999995,56670289.92,4629053.4399999995,768,704,8,1.0
l,2.0,147638639722.1094,4629053.4399999995,56670289.92,4629053.4399999995,768,704,8,1.0
xl,2.0,295277279444.2188,4629053.4399999995,56670289.92,4629053.4399999995,768,704,8,1.0
s,2.0,30515279942.97929,5508956.16,47618785.28,5508956.16,704,768,8,1.0
m,2.0,76288199857.44823,5508956.16,47618785.28,5508956.16,704,768,8,1.0
l,2.0,152576399714.89645,5508956.16,47618785.28,5508956.16,704,768,8,1.0
xl,2.0,305152799429.7929,5508956.16,47618785.28,5508956.16,704,768,8,1.0
s,2.0,27640644799.546677,5508956.16,56670289.92,5508956.16,768,768,8,1.0
m,2.0,69101611998.8667,5508956.16,56670289.92,5508956.16,768,768,8,1.0
l,2.0,138203223997.7334,5508956.16,56670289.92,5508956.16,768,768,8,1.0
xl,2.0,276406447995.4668,5508956.16,56670289.92,5508956.16,768,768,8,1.0
s,2.0,74559248668.00201,1874575.3599999999,21694095.36,1874575.3599999999,448,448,9,1.0
s,2.0,66946225535.385574,2448424.96,21694095.36,2448424.96,448,512,9,1.0
s,2.0,57328577097.74527,2448424.96,28335144.96,2448424.96,512,512,9,1.0
s,2.0,52177775106.275696,3098787.84,28335144.96,3098787.84,512,576,9,1.0
s,2.0,45447839667.11879,3098787.84,35861667.839999996,3098787.84,576,576,9,1.0
m,2.0,113619599167.79698,3098787.84,35861667.839999996,3098787.84,576,576,9,1.0
l,2.0,227239198335.59396,3098787.84,35861667.839999996,3098787.84,576,576,9,1.0
xl,2.0,454478396671.1879,3098787.84,35861667.839999996,3098787.84,576,576,9,1.0
s,2.0,41802669142.561844,3825664.0,35861667.839999996,3825664.0,576,640,9,1.0
m,2.0,104506672856.40462,3825664.0,35861667.839999996,3825664.0,576,640,9,1.0
l,2.0,209013345712.80923,3825664.0,35861667.839999996,3825664.0,576,640,9,1.0
xl,2.0,418026691425.61847,3825664.0,35861667.839999996,3825664.0,576,640,9,1.0
s,2.0,36911308916.35484,3825664.0,44273664.0,3825664.0,640,640,9,1.0
m,2.0,92278272290.8871,3825664.0,44273664.0,3825664.0,640,640,9,1.0
l,2.0,184556544581.7742,3825664.0,44273664.0,3825664.0,640,640,9,1.0
xl,2.0,369113089163.5484,3825664.0,44273664.0,3825664.0,640,640,9,1.0
s,2.0,34237933500.44512,4629053.4399999995,44273664.0,4629053.4399999995,640,704,9,1.0
m,2.0,85594833751.11281,4629053.4399999995,44273664.0,4629053.4399999995,640,704,9,1.0
l,2.0,171189667502.22562,4629053.4399999995,44273664.0,4629053.4399999995,640,704,9,1.0
xl,2.0,342379335004.45123,4629053.4399999995,44273664.0,4629053.4399999995,640,704,9,1.0
s,2.0,30572182909.819084,4629053.4399999995,53571133.44,4629053.4399999995,704,704,9,1.0
m,2.0,76430457274.54771,4629053.4399999995,53571133.44,4629053.4399999995,704,704,9,1.0
l,2.0,152860914549.09543,4629053.4399999995,53571133.44,4629053.4399999995,704,704,9,1.0
xl,2.0,305721829098.19086,4629053.4399999995,53571133.44,4629053.4399999995,704,704,9,1.0
s,2.0,28553801575.475414,5508956.16,53571133.44,5508956.16,704,768,9,1.0
m,2.0,71384503938.68854,5508956.16,53571133.44,5508956.16,704,768,9,1.0
l,2.0,142769007877.37708,5508956.16,53571133.44,5508956.16,704,768,9,1.0
xl,2.0,285538015754.75415,5508956.16,53571133.44,5508956.16,704,768,9,1.0
s,2.0,25736208752.228218,5508956.16,63754076.160000004,5508956.16,768,768,9,1.0
m,2.0,64340521880.57055,5508956.16,63754076.160000004,5508956.16,768,768,9,1.0
l,2.0,128681043761.1411,5508956.16,63754076.160000004,5508956.16,768,768,9,1.0
xl,2.0,257362087522.2822,5508956.16,63754076.160000004,5508956.16,768,768,9,1.0
s,2.0,80049104297.91197,1874575.3599999999,17315758.080000002,1874575.3599999999,384,448,10,1.0
s,2.0,60497610170.16517,2448424.96,23568670.72,2448424.96,448,512,10,1.0
s,2.0,47320471129.57614,3098787.84,30783569.92,3098787.84,512,576,10,1.0
s,2.0,38021215351.49458,3825664.0,38960455.67999999,3825664.0,576,640,10,1.0
m,2.0,95053038378.73645,3825664.0,38960455.67999999,3825664.0,576,640,10,1.0
l,2.0,190106076757.4729,3825664.0,38960455.67999999,3825664.0,576,640,10,1.0
xl,2.0,380212153514.9458,3825664.0,38960455.67999999,3825664.0,576,640,10,1.0
s,2.0,35190812524.55545,4629053.4399999995,38960455.67999999,4629053.4399999995,576,704,10,1.0
m,2.0,87977031311.38863,4629053.4399999995,38960455.67999999,4629053.4399999995,576,704,10,1.0
l,2.0,175954062622.77725,4629053.4399999995,38960455.67999999,4629053.4399999995,576,704,10,1.0
xl,2.0,351908125245.5545,4629053.4399999995,38960455.67999999,4629053.4399999995,576,704,10,1.0
s,2.0,31215481296.472733,4629053.4399999995,48099328.0,4629053.4399999995,640,704,10,1.0
m,2.0,78038703241.18182,4629053.4399999995,48099328.0,4629053.4399999995,640,704,10,1.0
l,2.0,156077406482.36365,4629053.4399999995,48099328.0,4629053.4399999995,640,704,10,1.0
xl,2.0,312154812964.7273,4629053.4399999995,48099328.0,4629053.4399999995,640,704,10,1.0
s,2.0,29114184041.033466,5508956.16,48099328.0,5508956.16,640,768,10,1.0
m,2.0,72785460102.58366,5508956.16,48099328.0,5508956.16,640,768,10,1.0
l,2.0,145570920205.16733,5508956.16,48099328.0,5508956.16,640,768,10,1.0
xl,2.0,291141840410.33466,5508956.16,48099328.0,5508956.16,640,768,10,1.0
s,2.0,26085587622.686676,5508956.16,58200186.879999995,5508956.16,704,768,10,1.0
m,2.0,65213969056.71668,5508956.16,58200186.879999995,5508956.16,704,768,10,1.0
l,2.0,130427938113.43336,5508956.16,58200186.879999995,5508956.16,704,768,10,1.0
xl,2.0,260855876226.86673,5508956.16,58200186.879999995,5508956.16,704,768,10,1.0
s,2.0,75948568455.76218,1874575.3599999999,19086704.64,1874575.3599999999,384,448,11,1.0
s,2.0,57321059472.93789,2448424.96,25979125.759999998,2448424.96,448,512,11,1.0
s,2.0,52171547594.58365,3098787.84,25979125.759999998,3098787.84,448,576,11,1.0
s,2.0,44788904803.64086,3098787.84,33931919.36,3098787.84,512,576,11,1.0
m,2.0,111972262009.10214,3098787.84,33931919.36,3098787.84,512,576,11,1.0
l,2.0,223944524018.20428,3098787.84,33931919.36,3098787.84,512,576,11,1.0
xl,2.0,447889048036.40857,3098787.84,33931919.36,3098787.84,512,576,11,1.0
s,2.0,41244546876.98139,3825664.0,33931919.36,3825664.0,512,640,11,1.0
m,2.0,103111367192.45348,3825664.0,33931919.36,3825664.0,512,640,11,1.0
l,2.0,206222734384.90695,3825664.0,33931919.36,3825664.0,512,640,11,1.0
xl,2.0,412445468769.8139,3825664.0,33931919.36,3825664.0,512,640,11,1.0
s,2.0,35957132792.268814,3825664.0,42945085.44,3825664.0,576,640,11,1.0
m,2.0,89892831980.67204,3825664.0,42945085.44,3825664.0,576,640,11,1.0
l,2.0,179785663961.3441,3825664.0,42945085.44,3825664.0,576,640,11,1.0
xl,2.0,359571327922.6882,3825664.0,42945085.44,3825664.0,576,640,11,1.0
s,2.0,33415428357.722588,4629053.4399999995,42945085.44,4629053.4399999995,576,704,11,1.0
m,2.0,83538570894.30647,4629053.4399999995,42945085.44,4629053.4399999995,576,704,11,1.0
l,2.0,167077141788.61295,4629053.4399999995,42945085.44,4629053.4399999995,576,704,11,1.0
xl,2.0,334154283577.2259,4629053.4399999995,42945085.44,4629053.4399999995,576,704,11,1.0
s,2.0,29500785721.56685,4629053.4399999995,53018624.0,4629053.4399999995,640,704,11,1.0
m,2.0,73751964303.91713,4629053.4399999995,53018624.0,4629053.4399999995,640,704,11,1.0
l,2.0,147503928607.83426,4629053.4399999995,53018624.0,4629053.4399999995,640,704,11,1.0
xl,2.0,295007857215.6685,4629053.4399999995,53018624.0,4629053.4399999995,640,704,11,1.0
s,2.0,27617034851.67284,5508956.16,53018624.0,5508956.16,640,768,11,1.0
m,2.0,69042587129.1821,5508956.16,53018624.0,5508956.16,640,768,11,1.0
l,2.0,138085174258.3642,5508956.16,53018624.0,5508956.16,640,768,11,1.0
xl,2.0,276170348516.7284,5508956.16,53018624.0,5508956.16,640,768,11,1.0
s,2.0,24638744559.06546,5508956.16,64152535.04,5508956.16,704,768,11,1.0
m,2.0,61596861397.66365,5508956.16,64152535.04,5508956.16,704,768,11,1.0
l,2.0,123193722795.3273,5508956.16,64152535.04,5508956.16,704,768,11,1.0
xl,2.0,246387445590.6546,5508956.16,64152535.04,5508956.16,704,768,11,1.0
s,2.0,72247663418.08806,1874575.3599999999,20857651.2,1874575.3599999999,384,448,12,1.0
s,2.0,65076679903.99222,2448424.96,20857651.2,2448424.96,384,512,12,1.0
s,2.0,54461449719.87383,2448424.96,28389580.8,2448424.96,448,512,12,1.0
s,2.0,49791988193.451225,3098787.84,28389580.8,3098787.84,448,576,12,1.0
s,2.0,42514452465.005646,3098787.84,37080268.8,3098787.84,512,576,12,1.0
m,2.0,106286131162.51411,3098787.84,37080268.8,3098787.84,512,576,12,1.0
l,2.0,212572262325.02823,3098787.84,37080268.8,3098787.84,512,576,12,1.0
xl,2.0,425144524650.05646,3098787.84,37080268.8,3098787.84,512,576,12,1.0
s,2.0,39308045568.2512,3825664.0,37080268.8,3825664.0,512,640,12,1.0
m,2.0,98270113920.62799,3825664.0,37080268.8,3825664.0,512,640,12,1.0
l,2.0,196540227841.25598,3825664.0,37080268.8,3825664.0,512,640,12,1.0
xl,2.0,393080455682.51196,3825664.0,37080268.8,3825664.0,512,640,12,1.0
s,2.0,34105618782.27967,3825664.0,46929715.2,3825664.0,576,640,12,1.0
m,2.0,85264046955.69917,3825664.0,46929715.2,3825664.0,576,640,12,1.0
l,2.0,170528093911.39835,3825664.0,46929715.2,3825664.0,576,640,12,1.0
xl,2.0,341056187822.7967,3825664.0,46929715.2,3825664.0,576,640,12,1.0
s,2.0,31810577771.401413,4629053.4399999995,46929715.2,4629053.4399999995,576,704,12,1.0
m,2.0,79526444428.50354,4629053.4399999995,46929715.2,4629053.4399999995,576,704,12,1.0
l,2.0,159052888857.00708,4629053.4399999995,46929715.2,4629053.4399999995,576,704,12,1.0
xl,2.0,318105777714.01416,4629053.4399999995,46929715.2,4629053.4399999995,576,704,12,1.0
s,2.0,29631194788.846634,5508956.16,46929715.2,5508956.16,576,768,12,1.0
m,2.0,74077986972.1166,5508956.16,46929715.2,5508956.16,576,768,12,1.0
l,2.0,148155973944.2332,5508956.16,46929715.2,5508956.16,576,768,12,1.0
xl,2.0,296311947888.4664,5508956.16,46929715.2,5508956.16,576,768,12,1.0
s,2.0,26266331795.73169,5508956.16,57937920.0,5508956.16,640,768,12,1.0
m,2.0,65665829489.32922,5508956.16,57937920.0,5508956.16,640,768,12,1.0
l,2.0,131331658978.65845,5508956.16,57937920.0,5508956.16,640,768,12,1.0
xl,2.0,262663317957.3169,5508956.16,57937920.0,5508956.16,640,768,12,1.0
s,2.0,68890682765.52641,1874575.3599999999,22628597.759999998,1874575.3599999999,384,448,13,1.0
s,2.0,62340406066.852615,2448424.96,22628597.759999998,2448424.96,384,512,13,1.0
s,2.0,47620025054.07616,3098787.84,30800035.84,3098787.84,448,576,13,1.0
s,2.0,37545233295.627106,3825664.0,40228618.24,3825664.0,512,640,13,1.0
m,2.0,93863083239.06776,3825664.0,40228618.24,3825664.0,512,640,13,1.0
l,2.0,187726166478.13553,3825664.0,40228618.24,3825664.0,512,640,13,1.0
xl,2.0,375452332956.27106,3825664.0,40228618.24,3825664.0,512,640,13,1.0
s,2.0,34782679156.28641,4629053.4399999995,40228618.24,4629053.4399999995,512,704,13,1.0
m,2.0,86956697890.71602,4629053.4399999995,40228618.24,4629053.4399999995,512,704,13,1.0
l,2.0,173913395781.43204,4629053.4399999995,40228618.24,4629053.4399999995,512,704,13,1.0
xl,2.0,347826791562.8641,4629053.4399999995,40228618.24,4629053.4399999995,512,704,13,1.0
s,2.0,30352815985.17408,4629053.4399999995,50914344.95999999,4629053.4399999995,576,704,13,1.0
m,2.0,75882039962.9352,4629053.4399999995,50914344.95999999,4629053.4399999995,576,704,13,1.0
l,2.0,151764079925.8704,4629053.4399999995,50914344.95999999,4629053.4399999995,576,704,13,1.0
xl,2.0,303528159851.7408,4629053.4399999995,50914344.95999999,4629053.4399999995,576,704,13,1.0
s,2.0,28362353103.091473,5508956.16,50914344.95999999,5508956.16,576,768,13,1.0
m,2.0,70905882757.72868,5508956.16,50914344.95999999,5508956.16,576,768,13,1.0
l,2.0,141811765515.45737,5508956.16,50914344.95999999,5508956.16,576,768,13,1.0
xl,2.0,283623531030.91473,5508956.16,50914344.95999999,5508956.16,576,768,13,1.0
s,2.0,25041589472.461296,5508956.16,62857216.0,5508956.16,640,768,13,1.0
m,2.0,62603973681.15324,5508956.16,62857216.0,5508956.16,640,768,13,1.0
l,2.0,125207947362.30647,5508956.16,62857216.0,5508956.16,640,768,13,1.0
xl,2.0,250415894724.61295,5508956.16,62857216.0,5508956.16,640,768,13,1.0
s,2.0,81775920736.02621,1874575.3599999999,16944128.0,1874575.3599999999,320,448,14,1.0
s,2.0,59824951235.48574,2448424.96,24399544.32,2448424.96,384,512,14,1.0
s,2.0,45629627163.60178,3098787.84,33210490.88,3098787.84,448,576,14,1.0
s,2.0,41956415997.28729,3825664.0,33210490.88,3825664.0,448,640,14,1.0
m,2.0,104891039993.21823,3825664.0,33210490.88,3825664.0,448,640,14,1.0
l,2.0,209782079986.43646,3825664.0,33210490.88,3825664.0,448,640,14,1.0
xl,2.0,419564159972.8729,3825664.0,33210490.88,3825664.0,448,640,14,1.0
s,2.0,35933745211.095406,3825664.0,43376967.68,3825664.0,512,640,14,1.0
m,2.0,89834363027.73851,3825664.0,43376967.68,3825664.0,512,640,14,1.0
l,2.0,179668726055.47702,3825664.0,43376967.68,3825664.0,512,640,14,1.0
xl,2.0,359337452110.95404,3825664.0,43376967.68,3825664.0,512,640,14,1.0
s,2.0,33395229387.288914,4629053.4399999995,43376967.68,4629053.4399999995,512,704,14,1.0
m,2.0,83488073468.22229,4629053.4399999995,43376967.68,4629053.4399999995,512,704,14,1.0
l,2.0,166976146936.44458,4629053.4399999995,43376967.68,4629053.4399999995,512,704,14,1.0
xl,2.0,333952293872.88916,4629053.4399999995,43376967.68,4629053.4399999995,512,704,14,1.0
s,2.0,29022807459.47262,4629053.4399999995,54898974.72,4629053.4399999995,576,704,14,1.0
m,2.0,72557018648.68155,4629053.4399999995,54898974.72,4629053.4399999995,576,704,14,1.0
l,2.0,145114037297.3631,4629053.4399999995,54898974.72,4629053.4399999995,576,704,14,1.0
xl,2.0,290228074594.7262,4629053.4399999995,54898974.72,4629053.4399999995,576,704,14,1.0
s,2.0,27197715774.818756,5508956.16,54898974.72,5508956.16,576,768,14,1.0
m,2.0,67994289437.0469,5508956.16,54898974.72,5508956.16,576,768,14,1.0
l,2.0,135988578874.0938,5508956.16,54898974.72,5508956.16,576,768,14,1.0
xl,2.0,271977157748.1876,5508956.16,54898974.72,5508956.16,576,768,14,1.0
s,2.0,23925973024.150654,5508956.16,67776512.0,5508956.16,640,768,14,1.0
m,2.0,59814932560.37664,5508956.16,67776512.0,5508956.16,640,768,14,1.0
l,2.0,119629865120.75328,5508956.16,67776512.0,5508956.16,640,768,14,1.0
xl,2.0,239259730241.50656,5508956.16,67776512.0,5508956.16,640,768,14,1.0
s,2.0,78750310937.72772,1874575.3599999999,18173952.0,1874575.3599999999,320,448,15,1.0
s,2.0,57504621807.4676,2448424.96,26170490.88,2448424.96,384,512,15,1.0
s,2.0,52323566524.31643,3098787.84,26170490.88,3098787.84,384,576,15,1.0
s,2.0,43798941024.29843,3098787.84,35620945.92,3098787.84,448,576,15,1.0
m,2.0,109497352560.74608,3098787.84,35620945.92,3098787.84,448,576,15,1.0
l,2.0,218994705121.49216,3098787.84,35620945.92,3098787.84,448,576,15,1.0
xl,2.0,437989410242.9843,3098787.84,35620945.92,3098787.84,448,576,15,1.0
s,2.0,40403593760.67665,3825664.0,35620945.92,3825664.0,448,640,15,1.0
m,2.0,101008984401.69162,3825664.0,35620945.92,3825664.0,448,640,15,1.0
l,2.0,202017968803.38324,3825664.0,35620945.92,3825664.0,448,640,15,1.0
xl,2.0,404035937606.7665,3825664.0,35620945.92,3825664.0,448,640,15,1.0
s,2.0,34454898152.42362,3825664.0,46525317.12,3825664.0,512,640,15,1.0
m,2.0,86137245381.05905,3825664.0,46525317.12,3825664.0,512,640,15,1.0
l,2.0,172274490762.1181,3825664.0,46525317.12,3825664.0,512,640,15,1.0
xl,2.0,344548981524.2362,3825664.0,46525317.12,3825664.0,512,640,15,1.0
s,2.0,32114221973.83114,4629053.4399999995,46525317.12,4629053.4399999995,512,704,15,1.0
m,2.0,80285554934.57784,4629053.4399999995,46525317.12,4629053.4399999995,512,704,15,1.0
l,2.0,160571109869.15567,4629053.4399999995,46525317.12,4629053.4399999995,512,704,15,1.0
xl,2.0,321142219738.31134,4629053.4399999995,46525317.12,4629053.4399999995,512,704,15,1.0
s,2.0,29894485952.97805,5508956.16,46525317.12,5508956.16,512,768,15,1.0
m,2.0,74736214882.44511,5508956.16,46525317.12,5508956.16,512,768,15,1.0
l,2.0,149472429764.89023,5508956.16,46525317.12,5508956.16,512,768,15,1.0
xl,2.0,298944859529.78046,5508956.16,46525317.12,5508956.16,512,768,15,1.0
s,2.0,26124952361.671867,5508956.16,58883604.480000004,5508956.16,576,768,15,1.0
m,2.0,65312380904.17967,5508956.16,58883604.480000004,5508956.16,576,768,15,1.0
l,2.0,130624761808.35934,5508956.16,58883604.480000004,5508956.16,576,768,15,1.0
xl,2.0,261249523616.7187,5508956.16,58883604.480000004,5508956.16,576,768,15,1.0
s,2.0,75940600890.15022,1874575.3599999999,19403776.0,1874575.3599999999,320,448,16,1.0
s,2.0,55357561486.83927,2448424.96,27941437.44,2448424.96,384,512,16,1.0
s,2.0,50539969029.10698,3098787.84,27941437.44,3098787.84,384,576,16,1.0
s,2.0,42109484957.33987,3098787.84,38031400.96,3098787.84,448,576,16,1.0
m,2.0,105273712393.34967,3098787.84,38031400.96,3098787.84,448,576,16,1.0
l,2.0,210547424786.69934,3098787.84,38031400.96,3098787.84,448,576,16,1.0
xl,2.0,421094849573.3987,3098787.84,38031400.96,3098787.84,448,576,16,1.0
s,2.0,38961610371.00468,3825664.0,38031400.96,3825664.0,448,640,16,1.0
m,2.0,97404025927.5117,3825664.0,38031400.96,3825664.0,448,640,16,1.0
l,2.0,194808051855.0234,3825664.0,38031400.96,3825664.0,448,640,16,1.0
xl,2.0,389616103710.0468,3825664.0,38031400.96,3825664.0,448,640,16,1.0
s,2.0,30927860354.99998,4629053.4399999995,49673666.56,4629053.4399999995,512,704,16,1.0
m,2.0,77319650887.49995,4629053.4399999995,49673666.56,4629053.4399999995,512,704,16,1.0
l,2.0,154639301774.9999,4629053.4399999995,49673666.56,4629053.4399999995,512,704,16,1.0
xl,2.0,309278603549.9998,4629053.4399999995,49673666.56,4629053.4399999995,512,704,16,1.0
s,2.0,28863827389.693996,5508956.16,49673666.56,5508956.16,512,768,16,1.0
m,2.0,72159568474.235,5508956.16,49673666.56,5508956.16,512,768,16,1.0
l,2.0,144319136948.47,5508956.16,49673666.56,5508956.16,512,768,16,1.0
xl,2.0,288638273896.94,5508956.16,49673666.56,5508956.16,512,768,16,1.0
s,2.0,25133604005.76083,5508956.16,62868234.239999995,5508956.16,576,768,16,1.0
m,2.0,62834010014.40208,5508956.16,62868234.239999995,5508956.16,576,768,16,1.0
l,2.0,125668020028.80415,5508956.16,62868234.239999995,5508956.16,576,768,16,1.0
xl,2.0,251336040057.6083,5508956.16,62868234.239999995,5508956.16,576,768,16,1.0
s,2.0,86886649762.00009,956416.0,19677184.0,1912832.0,640,320,4,2.0
s,2.0,76536050365.57047,956416.0,23809392.64,1912832.0,704,320,4,2.0
s,2.0,67735698555.549774,1377239.04,23809392.64,2754478.08,704,384,4,2.0
s,2.0,60726287171.87206,1377239.04,28335144.96,2754478.08,768,384,4,2.0
s,2.0,86131718411.84688,956416.0,19923148.799999997,1912832.0,576,320,5,2.0
s,2.0,66362330082.704666,1377239.04,24596480.0,2754478.08,640,384,5,2.0
s,2.0,58773735749.673004,1377239.04,29761740.8,2754478.08,704,384,5,2.0
s,2.0,47310155021.07142,1874575.3599999999,35418931.2,3749150.7199999997,768,448,5,2.0
m,2.0,118275387552.67854,1874575.3599999999,35418931.2,3749150.7199999997,768,448,5,2.0
l,2.0,236550775105.3571,1874575.3599999999,35418931.2,3749150.7199999997,768,448,5,2.0
xl,2.0,473101550210.7142,1874575.3599999999,35418931.2,3749150.7199999997,768,448,5,2.0
s,2.0,89063736917.1783,956416.0,18890096.64,1912832.0,512,320,6,2.0
s,2.0,76220017849.87451,956416.0,23907778.56,1912832.0,576,320,6,2.0
s,2.0,67488046949.04788,1377239.04,23907778.56,2754478.08,576,384,6,2.0
s,2.0,59063934355.83305,1377239.04,29515776.0,2754478.08,640,384,6,2.0
s,2.0,47040752796.55395,1874575.3599999999,35714088.96,3749150.7199999997,704,448,6,2.0
m,2.0,117601881991.38487,1874575.3599999999,35714088.96,3749150.7199999997,704,448,6,2.0
l,2.0,235203763982.76974,1874575.3599999999,35714088.96,3749150.7199999997,704,448,6,2.0
xl,2.0,470407527965.5395,1874575.3599999999,35714088.96,3749150.7199999997,704,448,6,2.0
s,2.0,41991634890.084854,1874575.3599999999,42502717.44,3749150.7199999997,768,448,6,2.0
m,2.0,104979087225.21214,1874575.3599999999,42502717.44,3749150.7199999997,768,448,6,2.0
l,2.0,209958174450.4243,1874575.3599999999,42502717.44,3749150.7199999997,768,448,6,2.0
xl,2.0,419916348900.8486,1874575.3599999999,42502717.44,3749150.7199999997,768,448,6,2.0
s,2.0,38311262123.277084,2448424.96,42502717.44,4896849.92,768,512,6,2.0
m,2.0,95778155308.1927,2448424.96,42502717.44,4896849.92,768,512,6,2.0
l,2.0,191556310616.3854,2448424.96,42502717.44,4896849.92,768,512,6,2.0
xl,2.0,383112621232.7708,2448424.96,42502717.44,4896849.92,768,512,6,2.0
s,2.0,80499941473.32256,956416.0,22038446.08,1912832.0,512,320,7,2.0
s,2.0,61247388019.39157,1377239.04,27892408.32,2754478.08,576,384,7,2.0
s,2.0,48110591609.09408,1874575.3599999999,34435072.0,3749150.7199999997,640,448,7,2.0
m,2.0,120276479022.7352,1874575.3599999999,34435072.0,3749150.7199999997,640,448,7,2.0
l,2.0,240552958045.4704,1874575.3599999999,34435072.0,3749150.7199999997,640,448,7,2.0
xl,2.0,481105916090.9408,1874575.3599999999,34435072.0,3749150.7199999997,640,448,7,2.0
s,2.0,42536354767.5182,1874575.3599999999,41666437.120000005,3749150.7199999997,704,448,7,2.0
m,2.0,106340886918.7955,1874575.3599999999,41666437.120000005,3749150.7199999997,704,448,7,2.0
l,2.0,212681773837.591,1874575.3599999999,41666437.120000005,3749150.7199999997,704,448,7,2.0
xl,2.0,425363547675.182,1874575.3599999999,41666437.120000005,3749150.7199999997,704,448,7,2.0
s,2.0,38764167093.630714,2448424.96,41666437.120000005,4896849.92,704,512,7,2.0
m,2.0,96910417734.07678,2448424.96,41666437.120000005,4896849.92,704,512,7,2.0
l,2.0,193820835468.15356,2448424.96,41666437.120000005,4896849.92,704,512,7,2.0
xl,2.0,387641670936.3071,2448424.96,41666437.120000005,4896849.92,704,512,7,2.0
s,2.0,34747388597.537125,2448424.96,49586503.68,4896849.92,768,512,7,2.0
m,2.0,86868471493.84282,2448424.96,49586503.68,4896849.92,768,512,7,2.0
l,2.0,173736942987.68564,2448424.96,49586503.68,4896849.92,768,512,7,2.0
xl,2.0,347473885975.3713,2448424.96,49586503.68,4896849.92,768,512,7,2.0
s,2.0,87801576640.97072,956416.0,19283640.32,1912832.0,448,320,8,2.0
s,2.0,65298233015.1878,1377239.04,25186795.52,2754478.08,512,384,8,2.0
s,2.0,56063192061.983025,1377239.04,31877038.08,2754478.08,576,384,8,2.0
s,2.0,50429566307.66624,1874575.3599999999,31877038.08,3749150.7199999997,576,448,8,2.0
s,2.0,44155062292.40763,1874575.3599999999,39354368.0,3749150.7199999997,640,448,8,2.0
m,2.0,110387655731.01907,1874575.3599999999,39354368.0,3749150.7199999997,640,448,8,2.0
l,2.0,220775311462.03815,1874575.3599999999,39354368.0,3749150.7199999997,640,448,8,2.0
xl,2.0,441550622924.0763,1874575.3599999999,39354368.0,3749150.7199999997,640,448,8,2.0
s,2.0,35652964245.63302,2448424.96,47618785.28,4896849.92,704,512,8,2.0
m,2.0,89132410614.08255,2448424.96,47618785.28,4896849.92,704,512,8,2.0
l,2.0,178264821228.1651,2448424.96,47618785.28,4896849.92,704,512,8,2.0
xl,2.0,356529642456.3302,2448424.96,47618785.28,4896849.92,704,512,8,2.0
s,2.0,31790137321.999645,2448424.96,56670289.92,4896849.92,768,512,8,2.0
m,2.0,79475343304.99911,2448424.96,56670289.92,4896849.92,768,512,8,2.0
l,2.0,158950686609.99823,2448424.96,56670289.92,4896849.92,768,512,8,2.0
xl,2.0,317901373219.99646,2448424.96,56670289.92,4896849.92,768,512,8,2.0
s,2.0,29377969948.245144,3098787.84,56670289.92,6197575.68,768,576,8,2.0
m,2.0,73444924870.61285,3098787.84,56670289.92,6197575.68,768,576,8,2.0
l,2.0,146889849741.2257,3098787.84,56670289.92,6197575.68,768,576,8,2.0
xl,2.0,293779699482.4514,3098787.84,56670289.92,6197575.68,768,576,8,2.0
s,2.0,81265573084.30128,956416.0,21694095.36,1912832.0,448,320,9,2.0
s,2.0,60573735817.410866,1377239.04,28335144.96,2754478.08,512,384,9,2.0
s,2.0,46861618196.30786,1874575.3599999999,35861667.839999996,3749150.7199999997,576,448,9,2.0
m,2.0,117154045490.76965,1874575.3599999999,35861667.839999996,3749150.7199999997,576,448,9,2.0
l,2.0,234308090981.5393,1874575.3599999999,35861667.839999996,3749150.7199999997,576,448,9,2.0
xl,2.0,468616181963.0786,1874575.3599999999,35861667.839999996,3749150.7199999997,576,448,9,2.0
s,2.0,40800546145.012955,1874575.3599999999,44273664.0,3749150.7199999997,640,448,9,2.0
m,2.0,102001365362.5324,1874575.3599999999,44273664.0,3749150.7199999997,640,448,9,2.0
l,2.0,204002730725.0648,1874575.3599999999,44273664.0,3749150.7199999997,640,448,9,2.0
xl,2.0,408005461450.1296,1874575.3599999999,44273664.0,3749150.7199999997,640,448,9,2.0
s,2.0,37317339682.79807,2448424.96,44273664.0,4896849.92,640,512,9,2.0
m,2.0,93293349206.99518,2448424.96,44273664.0,4896849.92,640,512,9,2.0
l,2.0,186586698413.99036,2448424.96,44273664.0,4896849.92,640,512,9,2.0
xl,2.0,373173396827.9807,2448424.96,44273664.0,4896849.92,640,512,9,2.0
s,2.0,33004065762.94036,2448424.96,53571133.44,4896849.92,704,512,9,2.0
m,2.0,82510164407.3509,2448424.96,53571133.44,4896849.92,704,512,9,2.0
l,2.0,165020328814.7018,2448424.96,53571133.44,4896849.92,704,512,9,2.0
xl,2.0,330040657629.4036,2448424.96,53571133.44,4896849.92,704,512,9,2.0
s,2.0,30411671853.68142,3098787.84,53571133.44,6197575.68,704,576,9,2.0
m,2.0,76029179634.20355,3098787.84,53571133.44,6197575.68,704,576,9,2.0
l,2.0,152058359268.4071,3098787.84,53571133.44,6197575.68,704,576,9,2.0
xl,2.0,304116718536.8142,3098787.84,53571133.44,6197575.68,704,576,9,2.0
s,2.0,27235883915.9041,3098787.84,63754076.160000004,6197575.68,768,576,9,2.0
m,2.0,68089709789.76025,3098787.84,63754076.160000004,6197575.68,768,576,9,2.0
l,2.0,136179419579.5205,3098787.84,63754076.160000004,6197575.68,768,576,9,2.0
xl,2.0,272358839159.041,3098787.84,63754076.160000004,6197575.68,768,576,9,2.0
s,2.0,87830908216.5604,956416.0,17315758.080000002,1912832.0,384,320,10,2.0
s,2.0,71955126710.67558,956416.0,23568670.72,1912832.0,448,320,10,2.0
s,2.0,64122803232.27354,1377239.04,23568670.72,2754478.08,448,384,10,2.0
s,2.0,54124093088.03636,1377239.04,30783569.92,2754478.08,512,384,10,2.0
s,2.0,42160980553.50744,1874575.3599999999,38960455.67999999,3749150.7199999997,576,448,10,2.0
m,2.0,105402451383.76859,1874575.3599999999,38960455.67999999,3749150.7199999997,576,448,10,2.0
l,2.0,210804902767.53717,1874575.3599999999,38960455.67999999,3749150.7199999997,576,448,10,2.0
xl,2.0,421609805535.07434,1874575.3599999999,38960455.67999999,3749150.7199999997,576,448,10,2.0
s,2.0,33755034711.949436,2448424.96,48099328.0,4896849.92,640,512,10,2.0
m,2.0,84387586779.8736,2448424.96,48099328.0,4896849.92,640,512,10,2.0
l,2.0,168775173559.7472,2448424.96,48099328.0,4896849.92,640,512,10,2.0
xl,2.0,337550347119.4944,2448424.96,48099328.0,4896849.92,640,512,10,2.0
s,2.0,29750362471.276268,2448424.96,58200186.879999995,4896849.92,704,512,10,2.0
m,2.0,74375906178.19066,2448424.96,58200186.879999995,4896849.92,704,512,10,2.0
l,2.0,148751812356.38132,2448424.96,58200186.879999995,4896849.92,704,512,10,2.0
xl,2.0,297503624712.76263,2448424.96,58200186.879999995,4896849.92,704,512,10,2.0
s,2.0,27627476203.17283,3098787.84,58200186.879999995,6197575.68,704,576,10,2.0
m,2.0,69068690507.93207,3098787.84,58200186.879999995,6197575.68,704,576,10,2.0
l,2.0,138137381015.86414,3098787.84,58200186.879999995,6197575.68,704,576,10,2.0
xl,2.0,276274762031.7283,3098787.84,58200186.879999995,6197575.68,704,576,10,2.0
s,2.0,24659317132.76959,3098787.84,69263032.32000001,6197575.68,768,576,10,2.0
m,2.0,61648292831.923965,3098787.84,69263032.32000001,6197575.68,768,576,10,2.0
l,2.0,123296585663.84793,3098787.84,69263032.32000001,6197575.68,768,576,10,2.0
xl,2.0,246593171327.69586,3098787.84,69263032.32000001,6197575.68,768,576,10,2.0
s,2.0,23025275047.041557,3825664.0,69263032.32000001,7651328.0,768,640,10,2.0
m,2.0,57563187617.6039,3825664.0,69263032.32000001,7651328.0,768,640,10,2.0
l,2.0,115126375235.2078,3825664.0,69263032.32000001,7651328.0,768,640,10,2.0
xl,2.0,230252750470.4156,3825664.0,69263032.32000001,7651328.0,768,640,10,2.0
s,2.0,82918832042.21414,956416.0,19086704.64,1912832.0,384,320,11,2.0
s,2.0,60565343076.5043,1377239.04,25979125.759999998,2754478.08,448,384,11,2.0
s,2.0,50837509329.699715,1377239.04,33931919.36,2754478.08,512,384,11,2.0
s,2.0,46161365598.84275,1874575.3599999999,33931919.36,3749150.7199999997,512,448,11,2.0
s,2.0,39637865920.13027,1874575.3599999999,42945085.44,3749150.7199999997,576,448,11,2.0
m,2.0,99094664800.32568,1874575.3599999999,42945085.44,3749150.7199999997,576,448,11,2.0
l,2.0,198189329600.65137,1874575.3599999999,42945085.44,3749150.7199999997,576,448,11,2.0
xl,2.0,396378659201.30273,1874575.3599999999,42945085.44,3749150.7199999997,576,448,11,2.0
s,2.0,36342333148.71428,2448424.96,42945085.44,4896849.92,576,512,11,2.0
m,2.0,90855832871.7857,2448424.96,42945085.44,4896849.92,576,512,11,2.0
l,2.0,181711665743.5714,2448424.96,42945085.44,4896849.92,576,512,11,2.0
xl,2.0,363423331487.1428,2448424.96,42945085.44,4896849.92,576,512,11,2.0
s,2.0,31758910498.43074,2448424.96,53018624.0,4896849.92,640,512,11,2.0
m,2.0,79397276246.07686,2448424.96,53018624.0,4896849.92,640,512,11,2.0
l,2.0,158794552492.15372,2448424.96,53018624.0,4896849.92,640,512,11,2.0
xl,2.0,317589104984.30743,2448424.96,53018624.0,4896849.92,640,512,11,2.0
s,2.0,29351300198.730373,3098787.84,53018624.0,6197575.68,640,576,11,2.0
m,2.0,73378250496.82593,3098787.84,53018624.0,6197575.68,640,576,11,2.0
l,2.0,146756500993.65186,3098787.84,53018624.0,6197575.68,640,576,11,2.0
xl,2.0,293513001987.3037,3098787.84,53018624.0,6197575.68,640,576,11,2.0
s,2.0,26009839076.834324,3098787.84,64152535.04,6197575.68,704,576,11,2.0
m,2.0,65024597692.08581,3098787.84,64152535.04,6197575.68,704,576,11,2.0
l,2.0,130049195384.17162,3098787.84,64152535.04,6197575.68,704,576,11,2.0
xl,2.0,260098390768.34323,3098787.84,64152535.04,6197575.68,704,576,11,2.0
s,2.0,23132202349.99489,3098787.84,76346818.56,6197575.68,768,576,11,2.0
m,2.0,57830505874.98722,3098787.84,76346818.56,6197575.68,768,576,11,2.0
l,2.0,115661011749.97444,3098787.84,76346818.56,6197575.68,768,576,11,2.0
xl,2.0,231322023499.94888,3098787.84,76346818.56,6197575.68,768,576,11,2.0
s,2.0,24198485565.076797,3825664.0,64152535.04,7651328.0,704,640,11,2.0
m,2.0,60496213912.692,3825664.0,64152535.04,7651328.0,704,640,11,2.0
l,2.0,120992427825.384,3825664.0,64152535.04,7651328.0,704,640,11,2.0
xl,2.0,241984855650.768,3825664.0,64152535.04,7651328.0,704,640,11,2.0
s,2.0,21688355994.299313,3825664.0,76346818.56,7651328.0,768,640,11,2.0
m,2.0,54220889985.74828,3825664.0,76346818.56,7651328.0,768,640,11,2.0
l,2.0,108441779971.49657,3825664.0,76346818.56,7651328.0,768,640,11,2.0
xl,2.0,216883559942.99313,3825664.0,76346818.56,7651328.0,768,640,11,2.0
s,2.0,78527086165.64828,956416.0,20857651.2,1912832.0,384,320,12,2.0
s,2.0,57381862634.3578,1377239.04,28389580.8,2754478.08,448,384,12,2.0
s,2.0,43749139716.9166,1874575.3599999999,37080268.8,3749150.7199999997,512,448,12,2.0
m,2.0,109372849292.29152,1874575.3599999999,37080268.8,3749150.7199999997,512,448,12,2.0
l,2.0,218745698584.58304,1874575.3599999999,37080268.8,3749150.7199999997,512,448,12,2.0
xl,2.0,437491397169.1661,1874575.3599999999,37080268.8,3749150.7199999997,512,448,12,2.0
s,2.0,34451979744.70542,2448424.96,46929715.2,4896849.92,576,512,12,2.0
m,2.0,86129949361.76357,2448424.96,46929715.2,4896849.92,576,512,12,2.0
l,2.0,172259898723.52713,2448424.96,46929715.2,4896849.92,576,512,12,2.0
xl,2.0,344519797447.05426,2448424.96,46929715.2,4896849.92,576,512,12,2.0
s,2.0,29985688814.259544,2448424.96,57937920.0,4896849.92,640,512,12,2.0
m,2.0,74964222035.64886,2448424.96,57937920.0,4896849.92,640,512,12,2.0
l,2.0,149928444071.29773,2448424.96,57937920.0,4896849.92,640,512,12,2.0
xl,2.0,299856888142.59546,2448424.96,57937920.0,4896849.92,640,512,12,2.0
s,2.0,27830302092.45221,3098787.84,57937920.0,6197575.68,640,576,12,2.0
m,2.0,69575755231.13052,3098787.84,57937920.0,6197575.68,640,576,12,2.0
l,2.0,139151510462.26105,3098787.84,57937920.0,6197575.68,640,576,12,2.0
xl,2.0,278303020924.5221,3098787.84,57937920.0,6197575.68,640,576,12,2.0
s,2.0,24571154915.59636,3098787.84,70104883.2,6197575.68,704,576,12,2.0
m,2.0,61427887288.9909,3098787.84,70104883.2,6197575.68,704,576,12,2.0
l,2.0,122855774577.9818,3098787.84,70104883.2,6197575.68,704,576,12,2.0
xl,2.0,245711549155.9636,3098787.84,70104883.2,6197575.68,704,576,12,2.0
s,2.0,22948391578.81123,3825664.0,70104883.2,7651328.0,704,640,12,2.0
m,2.0,57370978947.02807,3825664.0,70104883.2,7651328.0,704,640,12,2.0
l,2.0,114741957894.05614,3825664.0,70104883.2,7651328.0,704,640,12,2.0
xl,2.0,229483915788.11227,3825664.0,70104883.2,7651328.0,704,640,12,2.0
s,2.0,20498168598.50591,3825664.0,83430604.8,7651328.0,768,640,12,2.0
m,2.0,51245421496.26477,3825664.0,83430604.8,7651328.0,768,640,12,2.0
l,2.0,102490842992.52954,3825664.0,83430604.8,7651328.0,768,640,12,2.0
xl,2.0,204981685985.05908,3825664.0,83430604.8,7651328.0,768,640,12,2.0
s,2.0,19246368619.804173,4629053.4399999995,83430604.8,9258106.879999999,768,704,12,2.0
m,2.0,48115921549.51043,4629053.4399999995,83430604.8,9258106.879999999,768,704,12,2.0
l,2.0,96231843099.02086,4629053.4399999995,83430604.8,9258106.879999999,768,704,12,2.0
xl,2.0,192463686198.04172,4629053.4399999995,83430604.8,9258106.879999999,768,704,12,2.0
s,2.0,74577152319.28738,956416.0,22628597.759999998,1912832.0,384,320,13,2.0
s,2.0,54516334655.21052,1377239.04,30800035.84,2754478.08,448,384,13,2.0
s,2.0,41576502200.93363,1874575.3599999999,40228618.24,3749150.7199999997,512,448,13,2.0
m,2.0,103941255502.33409,1874575.3599999999,40228618.24,3749150.7199999997,512,448,13,2.0
l,2.0,207882511004.66818,1874575.3599999999,40228618.24,3749150.7199999997,512,448,13,2.0
xl,2.0,415765022009.33636,1874575.3599999999,40228618.24,3749150.7199999997,512,448,13,2.0
s,2.0,32748557279.338306,2448424.96,50914344.95999999,4896849.92,576,512,13,2.0
m,2.0,81871393198.34576,2448424.96,50914344.95999999,4896849.92,576,512,13,2.0
l,2.0,163742786396.69153,2448424.96,50914344.95999999,4896849.92,576,512,13,2.0
xl,2.0,327485572793.38306,2448424.96,50914344.95999999,4896849.92,576,512,13,2.0
s,2.0,26459175253.706234,3098787.84,62857216.0,6197575.68,640,576,13,2.0
m,2.0,66147938134.26559,3098787.84,62857216.0,6197575.68,640,576,13,2.0
l,2.0,132295876268.53117,3098787.84,62857216.0,6197575.68,640,576,13,2.0
xl,2.0,264591752537.06235,3098787.84,62857216.0,6197575.68,640,576,13,2.0
s,2.0,23283284850.82869,3098787.84,76057231.36,6197575.68,704,576,13,2.0
m,2.0,58208212127.071724,3098787.84,76057231.36,6197575.68,704,576,13,2.0
l,2.0,116416424254.14345,3098787.84,76057231.36,6197575.68,704,576,13,2.0
xl,2.0,232832848508.2869,3098787.84,76057231.36,6197575.68,704,576,13,2.0
s,2.0,21821112696.732086,3825664.0,76057231.36,7651328.0,704,640,13,2.0
m,2.0,54552781741.830215,3825664.0,76057231.36,7651328.0,704,640,13,2.0
l,2.0,109105563483.66043,3825664.0,76057231.36,7651328.0,704,640,13,2.0
xl,2.0,218211126967.32086,3825664.0,76057231.36,7651328.0,704,640,13,2.0
s,2.0,19431813040.513756,3825664.0,90514391.03999999,7651328.0,768,640,13,2.0
m,2.0,48579532601.28439,3825664.0,90514391.03999999,7651328.0,768,640,13,2.0
l,2.0,97159065202.56879,3825664.0,90514391.03999999,7651328.0,768,640,13,2.0
xl,2.0,194318130405.13757,3825664.0,90514391.03999999,7651328.0,768,640,13,2.0
s,2.0,18303282330.84177,4629053.4399999995,90514391.03999999,9258106.879999999,768,704,13,2.0
m,2.0,45758205827.10442,4629053.4399999995,90514391.03999999,9258106.879999999,768,704,13,2.0
l,2.0,91516411654.20885,4629053.4399999995,90514391.03999999,9258106.879999999,768,704,13,2.0
xl,2.0,183032823308.4177,4629053.4399999995,90514391.03999999,9258106.879999999,768,704,13,2.0
s,2.0,63367616734.80966,1377239.04,24399544.32,2754478.08,384,384,14,2.0
s,2.0,51923391115.51067,1377239.04,33210490.88,2754478.08,448,384,14,2.0
s,2.0,47054915646.3467,1874575.3599999999,33210490.88,3749150.7199999997,448,448,14,2.0
s,2.0,39609447049.58418,1874575.3599999999,43376967.68,3749150.7199999997,512,448,14,2.0
m,2.0,99023617623.96046,1874575.3599999999,43376967.68,3749150.7199999997,512,448,14,2.0
l,2.0,198047235247.92093,1874575.3599999999,43376967.68,3749150.7199999997,512,448,14,2.0
xl,2.0,396094470495.84186,1874575.3599999999,43376967.68,3749150.7199999997,512,448,14,2.0
s,2.0,36318441958.59721,2448424.96,43376967.68,4896849.92,512,512,14,2.0
m,2.0,90796104896.49303,2448424.96,43376967.68,4896849.92,512,512,14,2.0
l,2.0,181592209792.98605,2448424.96,43376967.68,4896849.92,512,512,14,2.0
xl,2.0,363184419585.9721,2448424.96,43376967.68,4896849.92,512,512,14,2.0
s,2.0,31205644608.809483,2448424.96,54898974.72,4896849.92,576,512,14,2.0
m,2.0,78014111522.02371,2448424.96,54898974.72,4896849.92,576,512,14,2.0
l,2.0,156028223044.04742,2448424.96,54898974.72,4896849.92,576,512,14,2.0
xl,2.0,312056446088.09485,2448424.96,54898974.72,4896849.92,576,512,14,2.0
s,2.0,28878114810.790363,3098787.84,54898974.72,6197575.68,576,576,14,2.0
m,2.0,72195287026.9759,3098787.84,54898974.72,6197575.68,576,576,14,2.0
l,2.0,144390574053.9518,3098787.84,54898974.72,6197575.68,576,576,14,2.0
xl,2.0,288781148107.9036,3098787.84,54898974.72,6197575.68,576,576,14,2.0
s,2.0,25216808470.665684,3098787.84,67776512.0,6197575.68,640,576,14,2.0
m,2.0,63042021176.664215,3098787.84,67776512.0,6197575.68,640,576,14,2.0
l,2.0,126084042353.32843,3098787.84,67776512.0,6197575.68,640,576,14,2.0
xl,2.0,252168084706.65686,3098787.84,67776512.0,6197575.68,640,576,14,2.0
s,2.0,23510603282.08022,3825664.0,67776512.0,7651328.0,640,640,14,2.0
m,2.0,58776508205.20055,3825664.0,67776512.0,7651328.0,640,640,14,2.0
l,2.0,117553016410.4011,3825664.0,67776512.0,7651328.0,640,640,14,2.0
xl,2.0,235106032820.8022,3825664.0,67776512.0,7651328.0,640,640,14,2.0
s,2.0,20799397452.43788,3825664.0,82009579.52,7651328.0,704,640,14,2.0
m,2.0,51998493631.09471,3825664.0,82009579.52,7651328.0,704,640,14,2.0
l,2.0,103996987262.18942,3825664.0,82009579.52,7651328.0,704,640,14,2.0
xl,2.0,207993974524.37885,3825664.0,82009579.52,7651328.0,704,640,14,2.0
s,2.0,19511691358.634037,4629053.4399999995,82009579.52,9258106.879999999,704,704,14,2.0
m,2.0,48779228396.58509,4629053.4399999995,82009579.52,9258106.879999999,704,704,14,2.0
l,2.0,97558456793.17018,4629053.4399999995,82009579.52,9258106.879999999,704,704,14,2.0
xl,2.0,195116913586.34036,4629053.4399999995,82009579.52,9258106.879999999,704,704,14,2.0
s,2.0,17448302605.672,4629053.4399999995,97598177.28,9258106.879999999,768,704,14,2.0
m,2.0,43620756514.18001,4629053.4399999995,97598177.28,9258106.879999999,768,704,14,2.0
l,2.0,87241513028.36002,4629053.4399999995,97598177.28,9258106.879999999,768,704,14,2.0
xl,2.0,174483026056.72003,4629053.4399999995,97598177.28,9258106.879999999,768,704,14,2.0
s,2.0,16452707757.685993,5508956.16,97598177.28,11017912.32,768,768,14,2.0
m,2.0,41131769394.21498,5508956.16,97598177.28,11017912.32,768,768,14,2.0
l,2.0,82263538788.42996,5508956.16,97598177.28,11017912.32,768,768,14,2.0
xl,2.0,164527077576.85992,5508956.16,97598177.28,11017912.32,768,768,14,2.0
s,2.0,86269784249.62196,956416.0,18173952.0,1912832.0,320,320,15,2.0
s,2.0,60770309272.063484,1377239.04,26170490.88,2754478.08,384,384,15,2.0
s,2.0,45110513323.4298,1874575.3599999999,35620945.92,3749150.7199999997,448,448,15,2.0
m,2.0,112776283308.57451,1874575.3599999999,35620945.92,3749150.7199999997,448,448,15,2.0
l,2.0,225552566617.14902,1874575.3599999999,35620945.92,3749150.7199999997,448,448,15,2.0
xl,2.0,451105133234.29803,1874575.3599999999,35620945.92,3749150.7199999997,448,448,15,2.0
s,2.0,37820113067.736176,1874575.3599999999,46525317.12,3749150.7199999997,512,448,15,2.0
m,2.0,94550282669.34044,1874575.3599999999,46525317.12,3749150.7199999997,512,448,15,2.0
l,2.0,189100565338.68088,1874575.3599999999,46525317.12,3749150.7199999997,512,448,15,2.0
xl,2.0,378201130677.36176,1874575.3599999999,46525317.12,3749150.7199999997,512,448,15,2.0
s,2.0,34808426450.60804,2448424.96,46525317.12,4896849.92,512,512,15,2.0
m,2.0,87021066126.5201,2448424.96,46525317.12,4896849.92,512,512,15,2.0
l,2.0,174042132253.0402,2448424.96,46525317.12,4896849.92,512,512,15,2.0
xl,2.0,348084264506.0804,2448424.96,46525317.12,4896849.92,512,512,15,2.0
s,2.0,29801575768.093655,2448424.96,58883604.480000004,4896849.92,576,512,15,2.0
m,2.0,74503939420.23413,2448424.96,58883604.480000004,4896849.92,576,512,15,2.0
l,2.0,149007878840.46826,2448424.96,58883604.480000004,4896849.92,576,512,15,2.0
xl,2.0,298015757680.9365,2448424.96,58883604.480000004,4896849.92,576,512,15,2.0
s,2.0,27671636023.185486,3098787.84,58883604.480000004,6197575.68,576,576,15,2.0
m,2.0,69179090057.96371,3098787.84,58883604.480000004,6197575.68,576,576,15,2.0
l,2.0,138358180115.92743,3098787.84,58883604.480000004,6197575.68,576,576,15,2.0
xl,2.0,276716360231.85486,3098787.84,58883604.480000004,6197575.68,576,576,15,2.0
s,2.0,24085877738.48144,3098787.84,72695808.0,6197575.68,640,576,15,2.0
m,2.0,60214694346.203606,3098787.84,72695808.0,6197575.68,640,576,15,2.0
l,2.0,120429388692.40721,3098787.84,72695808.0,6197575.68,640,576,15,2.0
xl,2.0,240858777384.81442,3098787.84,72695808.0,6197575.68,640,576,15,2.0
s,2.0,22524543643.735962,3825664.0,72695808.0,7651328.0,640,640,15,2.0
m,2.0,56311359109.339905,3825664.0,72695808.0,7651328.0,640,640,15,2.0
l,2.0,112622718218.67981,3825664.0,72695808.0,7651328.0,640,640,15,2.0
xl,2.0,225245436437.35962,3825664.0,72695808.0,7651328.0,640,640,15,2.0
s,2.0,19869080877.618256,3825664.0,87961927.68,7651328.0,704,640,15,2.0
m,2.0,49672702194.04564,3825664.0,87961927.68,7651328.0,704,640,15,2.0
l,2.0,99345404388.09128,3825664.0,87961927.68,7651328.0,704,640,15,2.0
xl,2.0,198690808776.18256,3825664.0,87961927.68,7651328.0,704,640,15,2.0
s,2.0,18690728746.011253,4629053.4399999995,87961927.68,9258106.879999999,704,704,15,2.0
m,2.0,46726821865.02814,4629053.4399999995,87961927.68,9258106.879999999,704,704,15,2.0
l,2.0,93453643730.05627,4629053.4399999995,87961927.68,9258106.879999999,704,704,15,2.0
xl,2.0,186907287460.11255,4629053.4399999995,87961927.68,9258106.879999999,704,704,15,2.0
s,2.0,16669633594.732391,4629053.4399999995,104681963.52,9258106.879999999,768,704,15,2.0
m,2.0,41674083986.83098,4629053.4399999995,104681963.52,9258106.879999999,768,704,15,2.0
l,2.0,83348167973.66196,4629053.4399999995,104681963.52,9258106.879999999,768,704,15,2.0
xl,2.0,166696335947.3239,4629053.4399999995,104681963.52,9258106.879999999,768,704,15,2.0
s,2.0,15758597290.594364,5508956.16,104681963.52,11017912.32,768,768,15,2.0
m,2.0,39396493226.48591,5508956.16,104681963.52,11017912.32,768,768,15,2.0
l,2.0,78792986452.97182,5508956.16,104681963.52,11017912.32,768,768,15,2.0
xl,2.0,157585972905.94363,5508956.16,104681963.52,11017912.32,768,768,15,2.0
s,2.0,82909334994.17313,956416.0,19403776.0,1912832.0,320,320,16,2.0
s,2.0,58377534934.70477,1377239.04,27941437.44,2754478.08,384,384,16,2.0
s,2.0,43320427450.21274,1874575.3599999999,38031400.96,3749150.7199999997,448,448,16,2.0
m,2.0,108301068625.53185,1874575.3599999999,38031400.96,3749150.7199999997,448,448,16,2.0
l,2.0,216602137251.0637,1874575.3599999999,38031400.96,3749150.7199999997,448,448,16,2.0
xl,2.0,433204274502.1274,1874575.3599999999,38031400.96,3749150.7199999997,448,448,16,2.0
s,2.0,33418962875.585304,2448424.96,49673666.56,4896849.92,512,512,16,2.0
m,2.0,83547407188.96326,2448424.96,49673666.56,4896849.92,512,512,16,2.0
l,2.0,167094814377.9265,2448424.96,49673666.56,4896849.92,512,512,16,2.0
xl,2.0,334189628755.853,2448424.96,49673666.56,4896849.92,512,512,16,2.0
s,2.0,26561923778.906506,3098787.84,62868234.239999995,6197575.68,576,576,16,2.0
m,2.0,66404809447.266266,3098787.84,62868234.239999995,6197575.68,576,576,16,2.0
l,2.0,132809618894.53253,3098787.84,62868234.239999995,6197575.68,576,576,16,2.0
xl,2.0,265619237789.06506,3098787.84,62868234.239999995,6197575.68,576,576,16,2.0
s,2.0,21617867357.608295,3825664.0,77615104.0,7651328.0,640,640,16,2.0
m,2.0,54044668394.02074,3825664.0,77615104.0,7651328.0,640,640,16,2.0
l,2.0,108089336788.04147,3825664.0,77615104.0,7651328.0,640,640,16,2.0
xl,2.0,216178673576.08295,3825664.0,77615104.0,7651328.0,640,640,16,2.0
s,2.0,19018423789.186573,3825664.0,93914275.84,7651328.0,704,640,16,2.0
m,2.0,47546059472.96643,3825664.0,93914275.84,7651328.0,704,640,16,2.0
l,2.0,95092118945.93286,3825664.0,93914275.84,7651328.0,704,640,16,2.0
xl,2.0,190184237891.86572,3825664.0,93914275.84,7651328.0,704,640,16,2.0
s,2.0,20230203793.958824,4629053.4399999995,77615104.0,9258106.879999999,640,704,16,2.0
m,2.0,50575509484.897064,4629053.4399999995,77615104.0,9258106.879999999,640,704,16,2.0
l,2.0,101151018969.79413,4629053.4399999995,77615104.0,9258106.879999999,640,704,16,2.0
xl,2.0,202302037939.58826,4629053.4399999995,77615104.0,9258106.879999999,640,704,16,2.0
s,2.0,17936061424.92073,4629053.4399999995,93914275.84,9258106.879999999,704,704,16,2.0
m,2.0,44840153562.30183,4629053.4399999995,93914275.84,9258106.879999999,704,704,16,2.0
l,2.0,89680307124.60365,4629053.4399999995,93914275.84,9258106.879999999,704,704,16,2.0
xl,2.0,179360614249.2073,4629053.4399999995,93914275.84,9258106.879999999,704,704,16,2.0
s,2.0,15957495156.325748,4629053.4399999995,111765749.76,9258106.879999999,768,704,16,2.0
m,2.0,39893737890.81437,4629053.4399999995,111765749.76,9258106.879999999,768,704,16,2.0
l,2.0,79787475781.62874,4629053.4399999995,111765749.76,9258106.879999999,768,704,16,2.0
xl,2.0,159574951563.25748,4629053.4399999995,111765749.76,9258106.879999999,768,704,16,2.0
s,2.0,16885701228.725199,5508956.16,93914275.84,11017912.32,704,768,16,2.0
m,2.0,42214253071.812996,5508956.16,93914275.84,11017912.32,704,768,16,2.0
l,2.0,84428506143.62599,5508956.16,93914275.84,11017912.32,704,768,16,2.0
xl,2.0,168857012287.25198,5508956.16,93914275.84,11017912.32,704,768,16,2.0
s,2.0,15120682595.127577,5508956.16,111765749.76,11017912.32,768,768,16,2.0
m,2.0,37801706487.81894,5508956.16,111765749.76,11017912.32,768,768,16,2.0
l,2.0,75603412975.63788,5508956.16,111765749.76,11017912.32,768,768,16,2.0
xl,2.0,151206825951.27576,5508956.16,111765749.76,11017912.32,768,768,16,2.0
s,2.0,86886649762.00009,956416.0,19677184.0,1912832.0,640,320,4,2.0
s,2.0,76536050365.57047,956416.0,23809392.64,1912832.0,704,320,4,2.0
s,2.0,67735698555.549774,1377239.04,23809392.64,2754478.08,704,384,4,2.0
s,2.0,60726287171.87206,1377239.04,28335144.96,2754478.08,768,384,4,2.0
s,2.0,86131718411.84688,956416.0,19923148.799999997,1912832.0,576,320,5,2.0
s,2.0,66362330082.704666,1377239.04,24596480.0,2754478.08,640,384,5,2.0
s,2.0,58773735749.673004,1377239.04,29761740.8,2754478.08,704,384,5,2.0
s,2.0,47310155021.07142,1874575.3599999999,35418931.2,3749150.7199999997,768,448,5,2.0
m,2.0,118275387552.67854,1874575.3599999999,35418931.2,3749150.7199999997,768,448,5,2.0
l,2.0,236550775105.3571,1874575.3599999999,35418931.2,3749150.7199999997,768,448,5,2.0
xl,2.0,473101550210.7142,1874575.3599999999,35418931.2,3749150.7199999997,768,448,5,2.0
s,2.0,89063736917.1783,956416.0,18890096.64,1912832.0,512,320,6,2.0
s,2.0,76220017849.87451,956416.0,23907778.56,1912832.0,576,320,6,2.0
s,2.0,67488046949.04788,1377239.04,23907778.56,2754478.08,576,384,6,2.0
s,2.0,59063934355.83305,1377239.04,29515776.0,2754478.08,640,384,6,2.0
s,2.0,47040752796.55395,1874575.3599999999,35714088.96,3749150.7199999997,704,448,6,2.0
m,2.0,117601881991.38487,1874575.3599999999,35714088.96,3749150.7199999997,704,448,6,2.0
l,2.0,235203763982.76974,1874575.3599999999,35714088.96,3749150.7199999997,704,448,6,2.0
xl,2.0,470407527965.5395,1874575.3599999999,35714088.96,3749150.7199999997,704,448,6,2.0
s,2.0,41991634890.084854,1874575.3599999999,42502717.44,3749150.7199999997,768,448,6,2.0
m,2.0,104979087225.21214,1874575.3599999999,42502717.44,3749150.7199999997,768,448,6,2.0
l,2.0,209958174450.4243,1874575.3599999999,42502717.44,3749150.7199999997,768,448,6,2.0
xl,2.0,419916348900.8486,1874575.3599999999,42502717.44,3749150.7199999997,768,448,6,2.0
s,2.0,38311262123.277084,2448424.96,42502717.44,4896849.92,768,512,6,2.0
m,2.0,95778155308.1927,2448424.96,42502717.44,4896849.92,768,512,6,2.0
l,2.0,191556310616.3854,2448424.96,42502717.44,4896849.92,768,512,6,2.0
xl,2.0,383112621232.7708,2448424.96,42502717.44,4896849.92,768,512,6,2.0
s,2.0,80499941473.32256,956416.0,22038446.08,1912832.0,512,320,7,2.0
s,2.0,61247388019.39157,1377239.04,27892408.32,2754478.08,576,384,7,2.0
s,2.0,48110591609.09408,1874575.3599999999,34435072.0,3749150.7199999997,640,448,7,2.0
m,2.0,120276479022.7352,1874575.3599999999,34435072.0,3749150.7199999997,640,448,7,2.0
l,2.0,240552958045.4704,1874575.3599999999,34435072.0,3749150.7199999997,640,448,7,2.0
xl,2.0,481105916090.9408,1874575.3599999999,34435072.0,3749150.7199999997,640,448,7,2.0
s,2.0,42536354767.5182,1874575.3599999999,41666437.120000005,3749150.7199999997,704,448,7,2.0
m,2.0,106340886918.7955,1874575.3599999999,41666437.120000005,3749150.7199999997,704,448,7,2.0
l,2.0,212681773837.591,1874575.3599999999,41666437.120000005,3749150.7199999997,704,448,7,2.0
xl,2.0,425363547675.182,1874575.3599999999,41666437.120000005,3749150.7199999997,704,448,7,2.0
s,2.0,38764167093.630714,2448424.96,41666437.120000005,4896849.92,704,512,7,2.0
m,2.0,96910417734.07678,2448424.96,41666437.120000005,4896849.92,704,512,7,2.0
l,2.0,193820835468.15356,2448424.96,41666437.120000005,4896849.92,704,512,7,2.0
xl,2.0,387641670936.3071,2448424.96,41666437.120000005,4896849.92,704,512,7,2.0
s,2.0,34747388597.537125,2448424.96,49586503.68,4896849.92,768,512,7,2.0
m,2.0,86868471493.84282,2448424.96,49586503.68,4896849.92,768,512,7,2.0
l,2.0,173736942987.68564,2448424.96,49586503.68,4896849.92,768,512,7,2.0
xl,2.0,347473885975.3713,2448424.96,49586503.68,4896849.92,768,512,7,2.0
s,2.0,87801576640.97072,956416.0,19283640.32,1912832.0,448,320,8,2.0
s,2.0,65298233015.1878,1377239.04,25186795.52,2754478.08,512,384,8,2.0
s,2.0,56063192061.983025,1377239.04,31877038.08,2754478.08,576,384,8,2.0
s,2.0,50429566307.66624,1874575.3599999999,31877038.08,3749150.7199999997,576,448,8,2.0
s,2.0,44155062292.40763,1874575.3599999999,39354368.0,3749150.7199999997,640,448,8,2.0
m,2.0,110387655731.01907,1874575.3599999999,39354368.0,3749150.7199999997,640,448,8,2.0
l,2.0,220775311462.03815,1874575.3599999999,39354368.0,3749150.7199999997,640,448,8,2.0
xl,2.0,441550622924.0763,1874575.3599999999,39354368.0,3749150.7199999997,640,448,8,2.0
s,2.0,35652964245.63302,2448424.96,47618785.28,4896849.92,704,512,8,2.0
m,2.0,89132410614.08255,2448424.96,47618785.28,4896849.92,704,512,8,2.0
l,2.0,178264821228.1651,2448424.96,47618785.28,4896849.92,704,512,8,2.0
xl,2.0,356529642456.3302,2448424.96,47618785.28,4896849.92,704,512,8,2.0
s,2.0,31790137321.999645,2448424.96,56670289.92,4896849.92,768,512,8,2.0
m,2.0,79475343304.99911,2448424.96,56670289.92,4896849.92,768,512,8,2.0
l,2.0,158950686609.99823,2448424.96,56670289.92,4896849.92,768,512,8,2.0
xl,2.0,317901373219.99646,2448424.96,56670289.92,4896849.92,768,512,8,2.0
s,2.0,29377969948.245144,3098787.84,56670289.92,6197575.68,768,576,8,2.0
m,2.0,73444924870.61285,3098787.84,56670289.92,6197575.68,768,576,8,2.0
l,2.0,146889849741.2257,3098787.84,56670289.92,6197575.68,768,576,8,2.0
xl,2.0,293779699482.4514,3098787.84,56670289.92,6197575.68,768,576,8,2.0
s,2.0,81265573084.30128,956416.0,21694095.36,1912832.0,448,320,9,2.0
s,2.0,60573735817.410866,1377239.04,28335144.96,2754478.08,512,384,9,2.0
s,2.0,46861618196.30786,1874575.3599999999,35861667.839999996,3749150.7199999997,576,448,9,2.0
m,2.0,117154045490.76965,1874575.3599999999,35861667.839999996,3749150.7199999997,576,448,9,2.0
l,2.0,234308090981.5393,1874575.3599999999,35861667.839999996,3749150.7199999997,576,448,9,2.0
xl,2.0,468616181963.0786,1874575.3599999999,35861667.839999996,3749150.7199999997,576,448,9,2.0
s,2.0,40800546145.012955,1874575.3599999999,44273664.0,3749150.7199999997,640,448,9,2.0
m,2.0,102001365362.5324,1874575.3599999999,44273664.0,3749150.7199999997,640,448,9,2.0
l,2.0,204002730725.0648,1874575.3599999999,44273664.0,3749150.7199999997,640,448,9,2.0
xl,2.0,408005461450.1296,1874575.3599999999,44273664.0,3749150.7199999997,640,448,9,2.0
s,2.0,37317339682.79807,2448424.96,44273664.0,4896849.92,640,512,9,2.0
m,2.0,93293349206.99518,2448424.96,44273664.0,4896849.92,640,512,9,2.0
l,2.0,186586698413.99036,2448424.96,44273664.0,4896849.92,640,512,9,2.0
xl,2.0,373173396827.9807,2448424.96,44273664.0,4896849.92,640,512,9,2.0
s,2.0,33004065762.94036,2448424.96,53571133.44,4896849.92,704,512,9,2.0
m,2.0,82510164407.3509,2448424.96,53571133.44,4896849.92,704,512,9,2.0
l,2.0,165020328814.7018,2448424.96,53571133.44,4896849.92,704,512,9,2.0
xl,2.0,330040657629.4036,2448424.96,53571133.44,4896849.92,704,512,9,2.0
s,2.0,30411671853.68142,3098787.84,53571133.44,6197575.68,704,576,9,2.0
m,2.0,76029179634.20355,3098787.84,53571133.44,6197575.68,704,576,9,2.0
l,2.0,152058359268.4071,3098787.84,53571133.44,6197575.68,704,576,9,2.0
xl,2.0,304116718536.8142,3098787.84,53571133.44,6197575.68,704,576,9,2.0
s,2.0,27235883915.9041,3098787.84,63754076.160000004,6197575.68,768,576,9,2.0
m,2.0,68089709789.76025,3098787.84,63754076.160000004,6197575.68,768,576,9,2.0
l,2.0,136179419579.5205,3098787.84,63754076.160000004,6197575.68,768,576,9,2.0
xl,2.0,272358839159.041,3098787.84,63754076.160000004,6197575.68,768,576,9,2.0
s,2.0,87830908216.5604,956416.0,17315758.080000002,1912832.0,384,320,10,2.0
s,2.0,71955126710.67558,956416.0,23568670.72,1912832.0,448,320,10,2.0
s,2.0,64122803232.27354,1377239.04,23568670.72,2754478.08,448,384,10,2.0
s,2.0,54124093088.03636,1377239.04,30783569.92,2754478.08,512,384,10,2.0
s,2.0,42160980553.50744,1874575.3599999999,38960455.67999999,3749150.7199999997,576,448,10,2.0
m,2.0,105402451383.76859,1874575.3599999999,38960455.67999999,3749150.7199999997,576,448,10,2.0
l,2.0,210804902767.53717,1874575.3599999999,38960455.67999999,3749150.7199999997,576,448,10,2.0
xl,2.0,421609805535.07434,1874575.3599999999,38960455.67999999,3749150.7199999997,576,448,10,2.0
s,2.0,33755034711.949436,2448424.96,48099328.0,4896849.92,640,512,10,2.0
m,2.0,84387586779.8736,2448424.96,48099328.0,4896849.92,640,512,10,2.0
l,2.0,168775173559.7472,2448424.96,48099328.0,4896849.92,640,512,10,2.0
xl,2.0,337550347119.4944,2448424.96,48099328.0,4896849.92,640,512,10,2.0
s,2.0,29750362471.276268,2448424.96,58200186.879999995,4896849.92,704,512,10,2.0
m,2.0,74375906178.19066,2448424.96,58200186.879999995,4896849.92,704,512,10,2.0
l,2.0,148751812356.38132,2448424.96,58200186.879999995,4896849.92,704,512,10,2.0
xl,2.0,297503624712.76263,2448424.96,58200186.879999995,4896849.92,704,512,10,2.0
s,2.0,27627476203.17283,3098787.84,58200186.879999995,6197575.68,704,576,10,2.0
m,2.0,69068690507.93207,3098787.84,58200186.879999995,6197575.68,704,576,10,2.0
l,2.0,138137381015.86414,3098787.84,58200186.879999995,6197575.68,704,576,10,2.0
xl,2.0,276274762031.7283,3098787.84,58200186.879999995,6197575.68,704,576,10,2.0
s,2.0,24659317132.76959,3098787.84,69263032.32000001,6197575.68,768,576,10,2.0
m,2.0,61648292831.923965,3098787.84,69263032.32000001,6197575.68,768,576,10,2.0
l,2.0,123296585663.84793,3098787.84,69263032.32000001,6197575.68,768,576,10,2.0
xl,2.0,246593171327.69586,3098787.84,69263032.32000001,6197575.68,768,576,10,2.0
s,2.0,23025275047.041557,3825664.0,69263032.32000001,7651328.0,768,640,10,2.0
m,2.0,57563187617.6039,3825664.0,69263032.32000001,7651328.0,768,640,10,2.0
l,2.0,115126375235.2078,3825664.0,69263032.32000001,7651328.0,768,640,10,2.0
xl,2.0,230252750470.4156,3825664.0,69263032.32000001,7651328.0,768,640,10,2.0
s,2.0,82918832042.21414,956416.0,19086704.64,1912832.0,384,320,11,2.0
s,2.0,60565343076.5043,1377239.04,25979125.759999998,2754478.08,448,384,11,2.0
s,2.0,50837509329.699715,1377239.04,33931919.36,2754478.08,512,384,11,2.0
s,2.0,46161365598.84275,1874575.3599999999,33931919.36,3749150.7199999997,512,448,11,2.0
s,2.0,39637865920.13027,1874575.3599999999,42945085.44,3749150.7199999997,576,448,11,2.0
m,2.0,99094664800.32568,1874575.3599999999,42945085.44,3749150.7199999997,576,448,11,2.0
l,2.0,198189329600.65137,1874575.3599999999,42945085.44,3749150.7199999997,576,448,11,2.0
xl,2.0,396378659201.30273,1874575.3599999999,42945085.44,3749150.7199999997,576,448,11,2.0
s,2.0,36342333148.71428,2448424.96,42945085.44,4896849.92,576,512,11,2.0
m,2.0,90855832871.7857,2448424.96,42945085.44,4896849.92,576,512,11,2.0
l,2.0,181711665743.5714,2448424.96,42945085.44,4896849.92,576,512,11,2.0
xl,2.0,363423331487.1428,2448424.96,42945085.44,4896849.92,576,512,11,2.0
s,2.0,31758910498.43074,2448424.96,53018624.0,4896849.92,640,512,11,2.0
m,2.0,79397276246.07686,2448424.96,53018624.0,4896849.92,640,512,11,2.0
l,2.0,158794552492.15372,2448424.96,53018624.0,4896849.92,640,512,11,2.0
xl,2.0,317589104984.30743,2448424.96,53018624.0,4896849.92,640,512,11,2.0
s,2.0,29351300198.730373,3098787.84,53018624.0,6197575.68,640,576,11,2.0
m,2.0,73378250496.82593,3098787.84,53018624.0,6197575.68,640,576,11,2.0
l,2.0,146756500993.65186,3098787.84,53018624.0,6197575.68,640,576,11,2.0
xl,2.0,293513001987.3037,3098787.84,53018624.0,6197575.68,640,576,11,2.0
s,2.0,26009839076.834324,3098787.84,64152535.04,6197575.68,704,576,11,2.0
m,2.0,65024597692.08581,3098787.84,64152535.04,6197575.68,704,576,11,2.0
l,2.0,130049195384.17162,3098787.84,64152535.04,6197575.68,704,576,11,2.0
xl,2.0,260098390768.34323,3098787.84,64152535.04,6197575.68,704,576,11,2.0
s,2.0,23132202349.99489,3098787.84,76346818.56,6197575.68,768,576,11,2.0
m,2.0,57830505874.98722,3098787.84,76346818.56,6197575.68,768,576,11,2.0
l,2.0,115661011749.97444,3098787.84,76346818.56,6197575.68,768,576,11,2.0
xl,2.0,231322023499.94888,3098787.84,76346818.56,6197575.68,768,576,11,2.0
s,2.0,24198485565.076797,3825664.0,64152535.04,7651328.0,704,640,11,2.0
m,2.0,60496213912.692,3825664.0,64152535.04,7651328.0,704,640,11,2.0
l,2.0,120992427825.384,3825664.0,64152535.04,7651328.0,704,640,11,2.0
xl,2.0,241984855650.768,3825664.0,64152535.04,7651328.0,704,640,11,2.0
s,2.0,21688355994.299313,3825664.0,76346818.56,7651328.0,768,640,11,2.0
m,2.0,54220889985.74828,3825664.0,76346818.56,7651328.0,768,640,11,2.0
l,2.0,108441779971.49657,3825664.0,76346818.56,7651328.0,768,640,11,2.0
xl,2.0,216883559942.99313,3825664.0,76346818.56,7651328.0,768,640,11,2.0
s,2.0,78527086165.64828,956416.0,20857651.2,1912832.0,384,320,12,2.0
s,2.0,57381862634.3578,1377239.04,28389580.8,2754478.08,448,384,12,2.0
s,2.0,43749139716.9166,1874575.3599999999,37080268.8,3749150.7199999997,512,448,12,2.0
m,2.0,109372849292.29152,1874575.3599999999,37080268.8,3749150.7199999997,512,448,12,2.0
l,2.0,218745698584.58304,1874575.3599999999,37080268.8,3749150.7199999997,512,448,12,2.0
xl,2.0,437491397169.1661,1874575.3599999999,37080268.8,3749150.7199999997,512,448,12,2.0
s,2.0,34451979744.70542,2448424.96,46929715.2,4896849.92,576,512,12,2.0
m,2.0,86129949361.76357,2448424.96,46929715.2,4896849.92,576,512,12,2.0
l,2.0,172259898723.52713,2448424.96,46929715.2,4896849.92,576,512,12,2.0
xl,2.0,344519797447.05426,2448424.96,46929715.2,4896849.92,576,512,12,2.0
s,2.0,29985688814.259544,2448424.96,57937920.0,4896849.92,640,512,12,2.0
m,2.0,74964222035.64886,2448424.96,57937920.0,4896849.92,640,512,12,2.0
l,2.0,149928444071.29773,2448424.96,57937920.0,4896849.92,640,512,12,2.0
xl,2.0,299856888142.59546,2448424.96,57937920.0,4896849.92,640,512,12,2.0
s,2.0,27830302092.45221,3098787.84,57937920.0,6197575.68,640,576,12,2.0
m,2.0,69575755231.13052,3098787.84,57937920.0,6197575.68,640,576,12,2.0
l,2.0,139151510462.26105,3098787.84,57937920.0,6197575.68,640,576,12,2.0
xl,2.0,278303020924.5221,3098787.84,57937920.0,6197575.68,640,576,12,2.0
s,2.0,24571154915.59636,3098787.84,70104883.2,6197575.68,704,576,12,2.0
m,2.0,61427887288.9909,3098787.84,70104883.2,6197575.68,704,576,12,2.0
l,2.0,122855774577.9818,3098787.84,70104883.2,6197575.68,704,576,12,2.0
xl,2.0,245711549155.9636,3098787.84,70104883.2,6197575.68,704,576,12,2.0
s,2.0,22948391578.81123,3825664.0,70104883.2,7651328.0,704,640,12,2.0
m,2.0,57370978947.02807,3825664.0,70104883.2,7651328.0,704,640,12,2.0
l,2.0,114741957894.05614,3825664.0,70104883.2,7651328.0,704,640,12,2.0
xl,2.0,229483915788.11227,3825664.0,70104883.2,7651328.0,704,640,12,2.0
s,2.0,20498168598.50591,3825664.0,83430604.8,7651328.0,768,640,12,2.0
m,2.0,51245421496.26477,3825664.0,83430604.8,7651328.0,768,640,12,2.0
l,2.0,102490842992.52954,3825664.0,83430604.8,7651328.0,768,640,12,2.0
xl,2.0,204981685985.05908,3825664.0,83430604.8,7651328.0,768,640,12,2.0
s,2.0,19246368619.804173,4629053.4399999995,83430604.8,9258106.879999999,768,704,12,2.0
m,2.0,48115921549.51043,4629053.4399999995,83430604.8,9258106.879999999,768,704,12,2.0
l,2.0,96231843099.02086,4629053.4399999995,83430604.8,9258106.879999999,768,704,12,2.0
xl,2.0,192463686198.04172,4629053.4399999995,83430604.8,9258106.879999999,768,704,12,2.0
s,2.0,74577152319.28738,956416.0,22628597.759999998,1912832.0,384,320,13,2.0
s,2.0,54516334655.21052,1377239.04,30800035.84,2754478.08,448,384,13,2.0
s,2.0,41576502200.93363,1874575.3599999999,40228618.24,3749150.7199999997,512,448,13,2.0
m,2.0,103941255502.33409,1874575.3599999999,40228618.24,3749150.7199999997,512,448,13,2.0
l,2.0,207882511004.66818,1874575.3599999999,40228618.24,3749150.7199999997,512,448,13,2.0
xl,2.0,415765022009.33636,1874575.3599999999,40228618.24,3749150.7199999997,512,448,13,2.0
s,2.0,32748557279.338306,2448424.96,50914344.95999999,4896849.92,576,512,13,2.0
m,2.0,81871393198.34576,2448424.96,50914344.95999999,4896849.92,576,512,13,2.0
l,2.0,163742786396.69153,2448424.96,50914344.95999999,4896849.92,576,512,13,2.0
xl,2.0,327485572793.38306,2448424.96,50914344.95999999,4896849.92,576,512,13,2.0
s,2.0,26459175253.706234,3098787.84,62857216.0,6197575.68,640,576,13,2.0
m,2.0,66147938134.26559,3098787.84,62857216.0,6197575.68,640,576,13,2.0
l,2.0,132295876268.53117,3098787.84,62857216.0,6197575.68,640,576,13,2.0
xl,2.0,264591752537.06235,3098787.84,62857216.0,6197575.68,640,576,13,2.0
s,2.0,23283284850.82869,3098787.84,76057231.36,6197575.68,704,576,13,2.0
m,2.0,58208212127.071724,3098787.84,76057231.36,6197575.68,704,576,13,2.0
l,2.0,116416424254.14345,3098787.84,76057231.36,6197575.68,704,576,13,2.0
xl,2.0,232832848508.2869,3098787.84,76057231.36,6197575.68,704,576,13,2.0
s,2.0,21821112696.732086,3825664.0,76057231.36,7651328.0,704,640,13,2.0
m,2.0,54552781741.830215,3825664.0,76057231.36,7651328.0,704,640,13,2.0
l,2.0,109105563483.66043,3825664.0,76057231.36,7651328.0,704,640,13,2.0
xl,2.0,218211126967.32086,3825664.0,76057231.36,7651328.0,704,640,13,2.0
s,2.0,19431813040.513756,3825664.0,90514391.03999999,7651328.0,768,640,13,2.0
m,2.0,48579532601.28439,3825664.0,90514391.03999999,7651328.0,768,640,13,2.0
l,2.0,97159065202.56879,3825664.0,90514391.03999999,7651328.0,768,640,13,2.0
xl,2.0,194318130405.13757,3825664.0,90514391.03999999,7651328.0,768,640,13,2.0
s,2.0,18303282330.84177,4629053.4399999995,90514391.03999999,9258106.879999999,768,704,13,2.0
m,2.0,45758205827.10442,4629053.4399999995,90514391.03999999,9258106.879999999,768,704,13,2.0
l,2.0,91516411654.20885,4629053.4399999995,90514391.03999999,9258106.879999999,768,704,13,2.0
xl,2.0,183032823308.4177,4629053.4399999995,90514391.03999999,9258106.879999999,768,704,13,2.0
s,2.0,63367616734.80966,1377239.04,24399544.32,2754478.08,384,384,14,2.0
s,2.0,51923391115.51067,1377239.04,33210490.88,2754478.08,448,384,14,2.0
s,2.0,47054915646.3467,1874575.3599999999,33210490.88,3749150.7199999997,448,448,14,2.0
s,2.0,39609447049.58418,1874575.3599999999,43376967.68,3749150.7199999997,512,448,14,2.0
m,2.0,99023617623.96046,1874575.3599999999,43376967.68,3749150.7199999997,512,448,14,2.0
l,2.0,198047235247.92093,1874575.3599999999,43376967.68,3749150.7199999997,512,448,14,2.0
xl,2.0,396094470495.84186,1874575.3599999999,43376967.68,3749150.7199999997,512,448,14,2.0
s,2.0,36318441958.59721,2448424.96,43376967.68,4896849.92,512,512,14,2.0
m,2.0,90796104896.49303,2448424.96,43376967.68,4896849.92,512,512,14,2.0
l,2.0,181592209792.98605,2448424.96,43376967.68,4896849.92,512,512,14,2.0
xl,2.0,363184419585.9721,2448424.96,43376967.68,4896849.92,512,512,14,2.0
s,2.0,31205644608.809483,2448424.96,54898974.72,4896849.92,576,512,14,2.0
m,2.0,78014111522.02371,2448424.96,54898974.72,4896849.92,576,512,14,2.0
l,2.0,156028223044.04742,2448424.96,54898974.72,4896849.92,576,512,14,2.0
xl,2.0,312056446088.09485,2448424.96,54898974.72,4896849.92,576,512,14,2.0
s,2.0,28878114810.790363,3098787.84,54898974.72,6197575.68,576,576,14,2.0
m,2.0,72195287026.9759,3098787.84,54898974.72,6197575.68,576,576,14,2.0
l,2.0,144390574053.9518,3098787.84,54898974.72,6197575.68,576,576,14,2.0
xl,2.0,288781148107.9036,3098787.84,54898974.72,6197575.68,576,576,14,2.0
s,2.0,25216808470.665684,3098787.84,67776512.0,6197575.68,640,576,14,2.0
m,2.0,63042021176.664215,3098787.84,67776512.0,6197575.68,640,576,14,2.0
l,2.0,126084042353.32843,3098787.84,67776512.0,6197575.68,640,576,14,2.0
xl,2.0,252168084706.65686,3098787.84,67776512.0,6197575.68,640,576,14,2.0
s,2.0,23510603282.08022,3825664.0,67776512.0,7651328.0,640,640,14,2.0
m,2.0,58776508205.20055,3825664.0,67776512.0,7651328.0,640,640,14,2.0
l,2.0,117553016410.4011,3825664.0,67776512.0,7651328.0,640,640,14,2.0
xl,2.0,235106032820.8022,3825664.0,67776512.0,7651328.0,640,640,14,2.0
s,2.0,20799397452.43788,3825664.0,82009579.52,7651328.0,704,640,14,2.0
m,2.0,51998493631.09471,3825664.0,82009579.52,7651328.0,704,640,14,2.0
l,2.0,103996987262.18942,3825664.0,82009579.52,7651328.0,704,640,14,2.0
xl,2.0,207993974524.37885,3825664.0,82009579.52,7651328.0,704,640,14,2.0
s,2.0,19511691358.634037,4629053.4399999995,82009579.52,9258106.879999999,704,704,14,2.0
m,2.0,48779228396.58509,4629053.4399999995,82009579.52,9258106.879999999,704,704,14,2.0
l,2.0,97558456793.17018,4629053.4399999995,82009579.52,9258106.879999999,704,704,14,2.0
xl,2.0,195116913586.34036,4629053.4399999995,82009579.52,9258106.879999999,704,704,14,2.0
s,2.0,17448302605.672,4629053.4399999995,97598177.28,9258106.879999999,768,704,14,2.0
m,2.0,43620756514.18001,4629053.4399999995,97598177.28,9258106.879999999,768,704,14,2.0
l,2.0,87241513028.36002,4629053.4399999995,97598177.28,9258106.879999999,768,704,14,2.0
xl,2.0,174483026056.72003,4629053.4399999995,97598177.28,9258106.879999999,768,704,14,2.0
s,2.0,16452707757.685993,5508956.16,97598177.28,11017912.32,768,768,14,2.0
m,2.0,41131769394.21498,5508956.16,97598177.28,11017912.32,768,768,14,2.0
l,2.0,82263538788.42996,5508956.16,97598177.28,11017912.32,768,768,14,2.0
xl,2.0,164527077576.85992,5508956.16,97598177.28,11017912.32,768,768,14,2.0
s,2.0,86269784249.62196,956416.0,18173952.0,1912832.0,320,320,15,2.0
s,2.0,60770309272.063484,1377239.04,26170490.88,2754478.08,384,384,15,2.0
s,2.0,45110513323.4298,1874575.3599999999,35620945.92,3749150.7199999997,448,448,15,2.0
m,2.0,112776283308.57451,1874575.3599999999,35620945.92,3749150.7199999997,448,448,15,2.0
l,2.0,225552566617.14902,1874575.3599999999,35620945.92,3749150.7199999997,448,448,15,2.0
xl,2.0,451105133234.29803,1874575.3599999999,35620945.92,3749150.7199999997,448,448,15,2.0
s,2.0,37820113067.736176,1874575.3599999999,46525317.12,3749150.7199999997,512,448,15,2.0
m,2.0,94550282669.34044,1874575.3599999999,46525317.12,3749150.7199999997,512,448,15,2.0
l,2.0,189100565338.68088,1874575.3599999999,46525317.12,3749150.7199999997,512,448,15,2.0
xl,2.0,378201130677.36176,1874575.3599999999,46525317.12,3749150.7199999997,512,448,15,2.0
s,2.0,34808426450.60804,2448424.96,46525317.12,4896849.92,512,512,15,2.0
m,2.0,87021066126.5201,2448424.96,46525317.12,4896849.92,512,512,15,2.0
l,2.0,174042132253.0402,2448424.96,46525317.12,4896849.92,512,512,15,2.0
xl,2.0,348084264506.0804,2448424.96,46525317.12,4896849.92,512,512,15,2.0
s,2.0,29801575768.093655,2448424.96,58883604.480000004,4896849.92,576,512,15,2.0
m,2.0,74503939420.23413,2448424.96,58883604.480000004,4896849.92,576,512,15,2.0
l,2.0,149007878840.46826,2448424.96,58883604.480000004,4896849.92,576,512,15,2.0
xl,2.0,298015757680.9365,2448424.96,58883604.480000004,4896849.92,576,512,15,2.0
s,2.0,27671636023.185486,3098787.84,58883604.480000004,6197575.68,576,576,15,2.0
m,2.0,69179090057.96371,3098787.84,58883604.480000004,6197575.68,576,576,15,2.0
l,2.0,138358180115.92743,3098787.84,58883604.480000004,6197575.68,576,576,15,2.0
xl,2.0,276716360231.85486,3098787.84,58883604.480000004,6197575.68,576,576,15,2.0
s,2.0,24085877738.48144,3098787.84,72695808.0,6197575.68,640,576,15,2.0
m,2.0,60214694346.203606,3098787.84,72695808.0,6197575.68,640,576,15,2.0
l,2.0,120429388692.40721,3098787.84,72695808.0,6197575.68,640,576,15,2.0
xl,2.0,240858777384.81442,3098787.84,72695808.0,6197575.68,640,576,15,2.0
s,2.0,22524543643.735962,3825664.0,72695808.0,7651328.0,640,640,15,2.0
m,2.0,56311359109.339905,3825664.0,72695808.0,7651328.0,640,640,15,2.0
l,2.0,112622718218.67981,3825664.0,72695808.0,7651328.0,640,640,15,2.0
xl,2.0,225245436437.35962,3825664.0,72695808.0,7651328.0,640,640,15,2.0
s,2.0,19869080877.618256,3825664.0,87961927.68,7651328.0,704,640,15,2.0
m,2.0,49672702194.04564,3825664.0,87961927.68,7651328.0,704,640,15,2.0
l,2.0,99345404388.09128,3825664.0,87961927.68,7651328.0,704,640,15,2.0
xl,2.0,198690808776.18256,3825664.0,87961927.68,7651328.0,704,640,15,2.0
s,2.0,18690728746.011253,4629053.4399999995,87961927.68,9258106.879999999,704,704,15,2.0
m,2.0,46726821865.02814,4629053.4399999995,87961927.68,9258106.879999999,704,704,15,2.0
l,2.0,93453643730.05627,4629053.4399999995,87961927.68,9258106.879999999,704,704,15,2.0
xl,2.0,186907287460.11255,4629053.4399999995,87961927.68,9258106.879999999,704,704,15,2.0
s,2.0,16669633594.732391,4629053.4399999995,104681963.52,9258106.879999999,768,704,15,2.0
m,2.0,41674083986.83098,4629053.4399999995,104681963.52,9258106.879999999,768,704,15,2.0
l,2.0,83348167973.66196,4629053.4399999995,104681963.52,9258106.879999999,768,704,15,2.0
xl,2.0,166696335947.3239,4629053.4399999995,104681963.52,9258106.879999999,768,704,15,2.0
s,2.0,15758597290.594364,5508956.16,104681963.52,11017912.32,768,768,15,2.0
m,2.0,39396493226.48591,5508956.16,104681963.52,11017912.32,768,768,15,2.0
l,2.0,78792986452.97182,5508956.16,104681963.52,11017912.32,768,768,15,2.0
xl,2.0,157585972905.94363,5508956.16,104681963.52,11017912.32,768,768,15,2.0
s,2.0,82909334994.17313,956416.0,19403776.0,1912832.0,320,320,16,2.0
s,2.0,58377534934.70477,1377239.04,27941437.44,2754478.08,384,384,16,2.0
s,2.0,43320427450.21274,1874575.3599999999,38031400.96,3749150.7199999997,448,448,16,2.0
m,2.0,108301068625.53185,1874575.3599999999,38031400.96,3749150.7199999997,448,448,16,2.0
l,2.0,216602137251.0637,1874575.3599999999,38031400.96,3749150.7199999997,448,448,16,2.0
xl,2.0,433204274502.1274,1874575.3599999999,38031400.96,3749150.7199999997,448,448,16,2.0
s,2.0,33418962875.585304,2448424.96,49673666.56,4896849.92,512,512,16,2.0
m,2.0,83547407188.96326,2448424.96,49673666.56,4896849.92,512,512,16,2.0
l,2.0,167094814377.9265,2448424.96,49673666.56,4896849.92,512,512,16,2.0
xl,2.0,334189628755.853,2448424.96,49673666.56,4896849.92,512,512,16,2.0
s,2.0,26561923778.906506,3098787.84,62868234.239999995,6197575.68,576,576,16,2.0
m,2.0,66404809447.266266,3098787.84,62868234.239999995,6197575.68,576,576,16,2.0
l,2.0,132809618894.53253,3098787.84,62868234.239999995,6197575.68,576,576,16,2.0
xl,2.0,265619237789.06506,3098787.84,62868234.239999995,6197575.68,576,576,16,2.0
s,2.0,21617867357.608295,3825664.0,77615104.0,7651328.0,640,640,16,2.0
m,2.0,54044668394.02074,3825664.0,77615104.0,7651328.0,640,640,16,2.0
l,2.0,108089336788.04147,3825664.0,77615104.0,7651328.0,640,640,16,2.0
xl,2.0,216178673576.08295,3825664.0,77615104.0,7651328.0,640,640,16,2.0
s,2.0,19018423789.186573,3825664.0,93914275.84,7651328.0,704,640,16,2.0
m,2.0,47546059472.96643,3825664.0,93914275.84,7651328.0,704,640,16,2.0
l,2.0,95092118945.93286,3825664.0,93914275.84,7651328.0,704,640,16,2.0
xl,2.0,190184237891.86572,3825664.0,93914275.84,7651328.0,704,640,16,2.0
s,2.0,20230203793.958824,4629053.4399999995,77615104.0,9258106.879999999,640,704,16,2.0
m,2.0,50575509484.897064,4629053.4399999995,77615104.0,9258106.879999999,640,704,16,2.0
l,2.0,101151018969.79413,4629053.4399999995,77615104.0,9258106.879999999,640,704,16,2.0
xl,2.0,202302037939.58826,4629053.4399999995,77615104.0,9258106.879999999,640,704,16,2.0
s,2.0,17936061424.92073,4629053.4399999995,93914275.84,9258106.879999999,704,704,16,2.0
m,2.0,44840153562.30183,4629053.4399999995,93914275.84,9258106.879999999,704,704,16,2.0
l,2.0,89680307124.60365,4629053.4399999995,93914275.84,9258106.879999999,704,704,16,2.0
xl,2.0,179360614249.2073,4629053.4399999995,93914275.84,9258106.879999999,704,704,16,2.0
s,2.0,15957495156.325748,4629053.4399999995,111765749.76,9258106.879999999,768,704,16,2.0
m,2.0,39893737890.81437,4629053.4399999995,111765749.76,9258106.879999999,768,704,16,2.0
l,2.0,79787475781.62874,4629053.4399999995,111765749.76,9258106.879999999,768,704,16,2.0
xl,2.0,159574951563.25748,4629053.4399999995,111765749.76,9258106.879999999,768,704,16,2.0
s,2.0,16885701228.725199,5508956.16,93914275.84,11017912.32,704,768,16,2.0
m,2.0,42214253071.812996,5508956.16,93914275.84,11017912.32,704,768,16,2.0
l,2.0,84428506143.62599,5508956.16,93914275.84,11017912.32,704,768,16,2.0
xl,2.0,168857012287.25198,5508956.16,93914275.84,11017912.32,704,768,16,2.0
s,2.0,15120682595.127577,5508956.16,111765749.76,11017912.32,768,768,16,2.0
m,2.0,37801706487.81894,5508956.16,111765749.76,11017912.32,768,768,16,2.0
l,2.0,75603412975.63788,5508956.16,111765749.76,11017912.32,768,768,16,2.0
xl,2.0,151206825951.27576,5508956.16,111765749.76,11017912.32,768,768,16,2.0
s,2.0,86886649762.00009,956416.0,19677184.0,1912832.0,640,320,4,2.0
s,2.0,76536050365.57047,956416.0,23809392.64,1912832.0,704,320,4,2.0
s,2.0,67735698555.549774,1377239.04,23809392.64,2754478.08,704,384,4,2.0
s,2.0,60726287171.87206,1377239.04,28335144.96,2754478.08,768,384,4,2.0
s,2.0,86131718411.84688,956416.0,19923148.799999997,1912832.0,576,320,5,2.0
s,2.0,66362330082.704666,1377239.04,24596480.0,2754478.08,640,384,5,2.0
s,2.0,58773735749.673004,1377239.04,29761740.8,2754478.08,704,384,5,2.0
s,2.0,47310155021.07142,1874575.3599999999,35418931.2,3749150.7199999997,768,448,5,2.0
m,2.0,118275387552.67854,1874575.3599999999,35418931.2,3749150.7199999997,768,448,5,2.0
l,2.0,236550775105.3571,1874575.3599999999,35418931.2,3749150.7199999997,768,448,5,2.0
xl,2.0,473101550210.7142,1874575.3599999999,35418931.2,3749150.7199999997,768,448,5,2.0
s,2.0,89063736917.1783,956416.0,18890096.64,1912832.0,512,320,6,2.0
s,2.0,76220017849.87451,956416.0,23907778.56,1912832.0,576,320,6,2.0
s,2.0,67488046949.04788,1377239.04,23907778.56,2754478.08,576,384,6,2.0
s,2.0,59063934355.83305,1377239.04,29515776.0,2754478.08,640,384,6,2.0
s,2.0,47040752796.55395,1874575.3599999999,35714088.96,3749150.7199999997,704,448,6,2.0
m,2.0,117601881991.38487,1874575.3599999999,35714088.96,3749150.7199999997,704,448,6,2.0
l,2.0,235203763982.76974,1874575.3599999999,35714088.96,3749150.7199999997,704,448,6,2.0
xl,2.0,470407527965.5395,1874575.3599999999,35714088.96,3749150.7199999997,704,448,6,2.0
s,2.0,41991634890.084854,1874575.3599999999,42502717.44,3749150.7199999997,768,448,6,2.0
m,2.0,104979087225.21214,1874575.3599999999,42502717.44,3749150.7199999997,768,448,6,2.0
l,2.0,209958174450.4243,1874575.3599999999,42502717.44,3749150.7199999997,768,448,6,2.0
xl,2.0,419916348900.8486,1874575.3599999999,42502717.44,3749150.7199999997,768,448,6,2.0
s,2.0,38311262123.277084,2448424.96,42502717.44,4896849.92,768,512,6,2.0
m,2.0,95778155308.1927,2448424.96,42502717.44,4896849.92,768,512,6,2.0
l,2.0,191556310616.3854,2448424.96,42502717.44,4896849.92,768,512,6,2.0
xl,2.0,383112621232.7708,2448424.96,42502717.44,4896849.92,768,512,6,2.0
s,2.0,80499941473.32256,956416.0,22038446.08,1912832.0,512,320,7,2.0
s,2.0,61247388019.39157,1377239.04,27892408.32,2754478.08,576,384,7,2.0
s,2.0,48110591609.09408,1874575.3599999999,34435072.0,3749150.7199999997,640,448,7,2.0
m,2.0,120276479022.7352,1874575.3599999999,34435072.0,3749150.7199999997,640,448,7,2.0
l,2.0,240552958045.4704,1874575.3599999999,34435072.0,3749150.7199999997,640,448,7,2.0
xl,2.0,481105916090.9408,1874575.3599999999,34435072.0,3749150.7199999997,640,448,7,2.0
s,2.0,42536354767.5182,1874575.3599999999,41666437.120000005,3749150.7199999997,704,448,7,2.0
m,2.0,106340886918.7955,1874575.3599999999,41666437.120000005,3749150.7199999997,704,448,7,2.0
l,2.0,212681773837.591,1874575.3599999999,41666437.120000005,3749150.7199999997,704,448,7,2.0
xl,2.0,425363547675.182,1874575.3599999999,41666437.120000005,3749150.7199999997,704,448,7,2.0
s,2.0,38764167093.630714,2448424.96,41666437.120000005,4896849.92,704,512,7,2.0
m,2.0,96910417734.07678,2448424.96,41666437.120000005,4896849.92,704,512,7,2.0
l,2.0,193820835468.15356,2448424.96,41666437.120000005,4896849.92,704,512,7,2.0
xl,2.0,387641670936.3071,2448424.96,41666437.120000005,4896849.92,704,512,7,2.0
s,2.0,34747388597.537125,2448424.96,49586503.68,4896849.92,768,512,7,2.0
m,2.0,86868471493.84282,2448424.96,49586503.68,4896849.92,768,512,7,2.0
l,2.0,173736942987.68564,2448424.96,49586503.68,4896849.92,768,512,7,2.0
xl,2.0,347473885975.3713,2448424.96,49586503.68,4896849.92,768,512,7,2.0
s,2.0,87801576640.97072,956416.0,19283640.32,1912832.0,448,320,8,2.0
s,2.0,65298233015.1878,1377239.04,25186795.52,2754478.08,512,384,8,2.0
s,2.0,56063192061.983025,1377239.04,31877038.08,2754478.08,576,384,8,2.0
s,2.0,50429566307.66624,1874575.3599999999,31877038.08,3749150.7199999997,576,448,8,2.0
s,2.0,44155062292.40763,1874575.3599999999,39354368.0,3749150.7199999997,640,448,8,2.0
m,2.0,110387655731.01907,1874575.3599999999,39354368.0,3749150.7199999997,640,448,8,2.0
l,2.0,220775311462.03815,1874575.3599999999,39354368.0,3749150.7199999997,640,448,8,2.0
xl,2.0,441550622924.0763,1874575.3599999999,39354368.0,3749150.7199999997,640,448,8,2.0
s,2.0,35652964245.63302,2448424.96,47618785.28,4896849.92,704,512,8,2.0
m,2.0,89132410614.08255,2448424.96,47618785.28,4896849.92,704,512,8,2.0
l,2.0,178264821228.1651,2448424.96,47618785.28,4896849.92,704,512,8,2.0
xl,2.0,356529642456.3302,2448424.96,47618785.28,4896849.92,704,512,8,2.0
s,2.0,31790137321.999645,2448424.96,56670289.92,4896849.92,768,512,8,2.0
m,2.0,79475343304.99911,2448424.96,56670289.92,4896849.92,768,512,8,2.0
l,2.0,158950686609.99823,2448424.96,56670289.92,4896849.92,768,512,8,2.0
xl,2.0,317901373219.99646,2448424.96,56670289.92,4896849.92,768,512,8,2.0
s,2.0,29377969948.245144,3098787.84,56670289.92,6197575.68,768,576,8,2.0
m,2.0,73444924870.61285,3098787.84,56670289.92,6197575.68,768,576,8,2.0
l,2.0,146889849741.2257,3098787.84,56670289.92,6197575.68,768,576,8,2.0
xl,2.0,293779699482.4514,3098787.84,56670289.92,6197575.68,768,576,8,2.0
s,2.0,81265573084.30128,956416.0,21694095.36,1912832.0,448,320,9,2.0
s,2.0,60573735817.410866,1377239.04,28335144.96,2754478.08,512,384,9,2.0
s,2.0,46861618196.30786,1874575.3599999999,35861667.839999996,3749150.7199999997,576,448,9,2.0
m,2.0,117154045490.76965,1874575.3599999999,35861667.839999996,3749150.7199999997,576,448,9,2.0
l,2.0,234308090981.5393,1874575.3599999999,35861667.839999996,3749150.7199999997,576,448,9,2.0
xl,2.0,468616181963.0786,1874575.3599999999,35861667.839999996,3749150.7199999997,576,448,9,2.0
s,2.0,40800546145.012955,1874575.3599999999,44273664.0,3749150.7199999997,640,448,9,2.0
m,2.0,102001365362.5324,1874575.3599999999,44273664.0,3749150.7199999997,640,448,9,2.0
l,2.0,204002730725.0648,1874575.3599999999,44273664.0,3749150.7199999997,640,448,9,2.0
xl,2.0,408005461450.1296,1874575.3599999999,44273664.0,3749150.7199999997,640,448,9,2.0
s,2.0,37317339682.79807,2448424.96,44273664.0,4896849.92,640,512,9,2.0
m,2.0,93293349206.99518,2448424.96,44273664.0,4896849.92,640,512,9,2.0
l,2.0,186586698413.99036,2448424.96,44273664.0,4896849.92,640,512,9,2.0
xl,2.0,373173396827.9807,2448424.96,44273664.0,4896849.92,640,512,9,2.0
s,2.0,33004065762.94036,2448424.96,53571133.44,4896849.92,704,512,9,2.0
m,2.0,82510164407.3509,2448424.96,53571133.44,4896849.92,704,512,9,2.0
l,2.0,165020328814.7018,2448424.96,53571133.44,4896849.92,704,512,9,2.0
xl,2.0,330040657629.4036,2448424.96,53571133.44,4896849.92,704,512,9,2.0
s,2.0,30411671853.68142,3098787.84,53571133.44,6197575.68,704,576,9,2.0
m,2.0,76029179634.20355,3098787.84,53571133.44,6197575.68,704,576,9,2.0
l,2.0,152058359268.4071,3098787.84,53571133.44,6197575.68,704,576,9,2.0
xl,2.0,304116718536.8142,3098787.84,53571133.44,6197575.68,704,576,9,2.0
s,2.0,27235883915.9041,3098787.84,63754076.160000004,6197575.68,768,576,9,2.0
m,2.0,68089709789.76025,3098787.84,63754076.160000004,6197575.68,768,576,9,2.0
l,2.0,136179419579.5205,3098787.84,63754076.160000004,6197575.68,768,576,9,2.0
xl,2.0,272358839159.041,3098787.84,63754076.160000004,6197575.68,768,576,9,2.0
s,2.0,87830908216.5604,956416.0,17315758.080000002,1912832.0,384,320,10,2.0
s,2.0,71955126710.67558,956416.0,23568670.72,1912832.0,448,320,10,2.0
s,2.0,64122803232.27354,1377239.04,23568670.72,2754478.08,448,384,10,2.0
s,2.0,54124093088.03636,1377239.04,30783569.92,2754478.08,512,384,10,2.0
s,2.0,42160980553.50744,1874575.3599999999,38960455.67999999,3749150.7199999997,576,448,10,2.0
m,2.0,105402451383.76859,1874575.3599999999,38960455.67999999,3749150.7199999997,576,448,10,2.0
l,2.0,210804902767.53717,1874575.3599999999,38960455.67999999,3749150.7199999997,576,448,10,2.0
xl,2.0,421609805535.07434,1874575.3599999999,38960455.67999999,3749150.7199999997,576,448,10,2.0
s,2.0,33755034711.949436,2448424.96,48099328.0,4896849.92,640,512,10,2.0
m,2.0,84387586779.8736,2448424.96,48099328.0,4896849.92,640,512,10,2.0
l,2.0,168775173559.7472,2448424.96,48099328.0,4896849.92,640,512,10,2.0
xl,2.0,337550347119.4944,2448424.96,48099328.0,4896849.92,640,512,10,2.0
s,2.0,29750362471.276268,2448424.96,58200186.879999995,4896849.92,704,512,10,2.0
m,2.0,74375906178.19066,2448424.96,58200186.879999995,4896849.92,704,512,10,2.0
l,2.0,148751812356.38132,2448424.96,58200186.879999995,4896849.92,704,512,10,2.0
xl,2.0,297503624712.76263,2448424.96,58200186.879999995,4896849.92,704,512,10,2.0
s,2.0,27627476203.17283,3098787.84,58200186.879999995,6197575.68,704,576,10,2.0
m,2.0,69068690507.93207,3098787.84,58200186.879999995,6197575.68,704,576,10,2.0
l,2.0,138137381015.86414,3098787.84,58200186.879999995,6197575.68,704,576,10,2.0
xl,2.0,276274762031.7283,3098787.84,58200186.879999995,6197575.68,704,576,10,2.0
s,2.0,24659317132.76959,3098787.84,69263032.32000001,6197575.68,768,576,10,2.0
m,2.0,61648292831.923965,3098787.84,69263032.32000001,6197575.68,768,576,10,2.0
l,2.0,123296585663.84793,3098787.84,69263032.32000001,6197575.68,768,576,10,2.0
xl,2.0,246593171327.69586,3098787.84,69263032.32000001,6197575.68,768,576,10,2.0
s,2.0,23025275047.041557,3825664.0,69263032.32000001,7651328.0,768,640,10,2.0
m,2.0,57563187617.6039,3825664.0,69263032.32000001,7651328.0,768,640,10,2.0
l,2.0,115126375235.2078,3825664.0,69263032.32000001,7651328.0,768,640,10,2.0
xl,2.0,230252750470.4156,3825664.0,69263032.32000001,7651328.0,768,640,10,2.0
s,2.0,82918832042.21414,956416.0,19086704.64,1912832.0,384,320,11,2.0
s,2.0,60565343076.5043,1377239.04,25979125.759999998,2754478.08,448,384,11,2.0
s,2.0,50837509329.699715,1377239.04,33931919.36,2754478.08,512,384,11,2.0
s,2.0,46161365598.84275,1874575.3599999999,33931919.36,3749150.7199999997,512,448,11,2.0
s,2.0,39637865920.13027,1874575.3599999999,42945085.44,3749150.7199999997,576,448,11,2.0
m,2.0,99094664800.32568,1874575.3599999999,42945085.44,3749150.7199999997,576,448,11,2.0
l,2.0,198189329600.65137,1874575.3599999999,42945085.44,3749150.7199999997,576,448,11,2.0
xl,2.0,396378659201.30273,1874575.3599999999,42945085.44,3749150.7199999997,576,448,11,2.0
s,2.0,36342333148.71428,2448424.96,42945085.44,4896849.92,576,512,11,2.0
m,2.0,90855832871.7857,2448424.96,42945085.44,4896849.92,576,512,11,2.0
l,2.0,181711665743.5714,2448424.96,42945085.44,4896849.92,576,512,11,2.0
xl,2.0,363423331487.1428,2448424.96,42945085.44,4896849.92,576,512,11,2.0
s,2.0,31758910498.43074,2448424.96,53018624.0,4896849.92,640,512,11,2.0
m,2.0,79397276246.07686,2448424.96,53018624.0,4896849.92,640,512,11,2.0
l,2.0,158794552492.15372,2448424.96,53018624.0,4896849.92,640,512,11,2.0
xl,2.0,317589104984.30743,2448424.96,53018624.0,4896849.92,640,512,11,2.0
s,2.0,29351300198.730373,3098787.84,53018624.0,6197575.68,640,576,11,2.0
m,2.0,73378250496.82593,3098787.84,53018624.0,6197575.68,640,576,11,2.0
l,2.0,146756500993.65186,3098787.84,53018624.0,6197575.68,640,576,11,2.0
xl,2.0,293513001987.3037,3098787.84,53018624.0,6197575.68,640,576,11,2.0
s,2.0,26009839076.834324,3098787.84,64152535.04,6197575.68,704,576,11,2.0
m,2.0,65024597692.08581,3098787.84,64152535.04,6197575.68,704,576,11,2.0
l,2.0,130049195384.17162,3098787.84,64152535.04,6197575.68,704,576,11,2.0
xl,2.0,260098390768.34323,3098787.84,64152535.04,6197575.68,704,576,11,2.0
s,2.0,23132202349.99489,3098787.84,76346818.56,6197575.68,768,576,11,2.0
m,2.0,57830505874.98722,3098787.84,76346818.56,6197575.68,768,576,11,2.0
l,2.0,115661011749.97444,3098787.84,76346818.56,6197575.68,768,576,11,2.0
xl,2.0,231322023499.94888,3098787.84,76346818.56,6197575.68,768,576,11,2.0
s,2.0,24198485565.076797,3825664.0,64152535.04,7651328.0,704,640,11,2.0
m,2.0,60496213912.692,3825664.0,64152535.04,7651328.0,704,640,11,2.0
l,2.0,120992427825.384,3825664.0,64152535.04,7651328.0,704,640,11,2.0
xl,2.0,241984855650.768,3825664.0,64152535.04,7651328.0,704,640,11,2.0
s,2.0,21688355994.299313,3825664.0,76346818.56,7651328.0,768,640,11,2.0
m,2.0,54220889985.74828,3825664.0,76346818.56,7651328.0,768,640,11,2.0
l,2.0,108441779971.49657,3825664.0,76346818.56,7651328.0,768,640,11,2.0
xl,2.0,216883559942.99313,3825664.0,76346818.56,7651328.0,768,640,11,2.0
s,2.0,78527086165.64828,956416.0,20857651.2,1912832.0,384,320,12,2.0
s,2.0,57381862634.3578,1377239.04,28389580.8,2754478.08,448,384,12,2.0
s,2.0,43749139716.9166,1874575.3599999999,37080268.8,3749150.7199999997,512,448,12,2.0
m,2.0,109372849292.29152,1874575.3599999999,37080268.8,3749150.7199999997,512,448,12,2.0
l,2.0,218745698584.58304,1874575.3599999999,37080268.8,3749150.7199999997,512,448,12,2.0
xl,2.0,437491397169.1661,1874575.3599999999,37080268.8,3749150.7199999997,512,448,12,2.0
s,2.0,34451979744.70542,2448424.96,46929715.2,4896849.92,576,512,12,2.0
m,2.0,86129949361.76357,2448424.96,46929715.2,4896849.92,576,512,12,2.0
l,2.0,172259898723.52713,2448424.96,46929715.2,4896849.92,576,512,12,2.0
xl,2.0,344519797447.05426,2448424.96,46929715.2,4896849.92,576,512,12,2.0
s,2.0,29985688814.259544,2448424.96,57937920.0,4896849.92,640,512,12,2.0
m,2.0,74964222035.64886,2448424.96,57937920.0,4896849.92,640,512,12,2.0
l,2.0,149928444071.29773,2448424.96,57937920.0,4896849.92,640,512,12,2.0
xl,2.0,299856888142.59546,2448424.96,57937920.0,4896849.92,640,512,12,2.0
s,2.0,27830302092.45221,3098787.84,57937920.0,6197575.68,640,576,12,2.0
m,2.0,69575755231.13052,3098787.84,57937920.0,6197575.68,640,576,12,2.0
l,2.0,139151510462.26105,3098787.84,57937920.0,6197575.68,640,576,12,2.0
xl,2.0,278303020924.5221,3098787.84,57937920.0,6197575.68,640,576,12,2.0
s,2.0,24571154915.59636,3098787.84,70104883.2,6197575.68,704,576,12,2.0
m,2.0,61427887288.9909,3098787.84,70104883.2,6197575.68,704,576,12,2.0
l,2.0,122855774577.9818,3098787.84,70104883.2,6197575.68,704,576,12,2.0
xl,2.0,245711549155.9636,3098787.84,70104883.2,6197575.68,704,576,12,2.0
s,2.0,22948391578.81123,3825664.0,70104883.2,7651328.0,704,640,12,2.0
m,2.0,57370978947.02807,3825664.0,70104883.2,7651328.0,704,640,12,2.0
l,2.0,114741957894.05614,3825664.0,70104883.2,7651328.0,704,640,12,2.0
xl,2.0,229483915788.11227,3825664.0,70104883.2,7651328.0,704,640,12,2.0
s,2.0,20498168598.50591,3825664.0,83430604.8,7651328.0,768,640,12,2.0
m,2.0,51245421496.26477,3825664.0,83430604.8,7651328.0,768,640,12,2.0
l,2.0,102490842992.52954,3825664.0,83430604.8,7651328.0,768,640,12,2.0
xl,2.0,204981685985.05908,3825664.0,83430604.8,7651328.0,768,640,12,2.0
s,2.0,19246368619.804173,4629053.4399999995,83430604.8,9258106.879999999,768,704,12,2.0
m,2.0,48115921549.51043,4629053.4399999995,83430604.8,9258106.879999999,768,704,12,2.0
l,2.0,96231843099.02086,4629053.4399999995,83430604.8,9258106.879999999,768,704,12,2.0
xl,2.0,192463686198.04172,4629053.4399999995,83430604.8,9258106.879999999,768,704,12,2.0
s,2.0,74577152319.28738,956416.0,22628597.759999998,1912832.0,384,320,13,2.0
s,2.0,54516334655.21052,1377239.04,30800035.84,2754478.08,448,384,13,2.0
s,2.0,41576502200.93363,1874575.3599999999,40228618.24,3749150.7199999997,512,448,13,2.0
m,2.0,103941255502.33409,1874575.3599999999,40228618.24,3749150.7199999997,512,448,13,2.0
l,2.0,207882511004.66818,1874575.3599999999,40228618.24,3749150.7199999997,512,448,13,2.0
xl,2.0,415765022009.33636,1874575.3599999999,40228618.24,3749150.7199999997,512,448,13,2.0
s,2.0,32748557279.338306,2448424.96,50914344.95999999,4896849.92,576,512,13,2.0
m,2.0,81871393198.34576,2448424.96,50914344.95999999,4896849.92,576,512,13,2.0
l,2.0,163742786396.69153,2448424.96,50914344.95999999,4896849.92,576,512,13,2.0
xl,2.0,327485572793.38306,2448424.96,50914344.95999999,4896849.92,576,512,13,2.0
s,2.0,26459175253.706234,3098787.84,62857216.0,6197575.68,640,576,13,2.0
m,2.0,66147938134.26559,3098787.84,62857216.0,6197575.68,640,576,13,2.0
l,2.0,132295876268.53117,3098787.84,62857216.0,6197575.68,640,576,13,2.0
xl,2.0,264591752537.06235,3098787.84,62857216.0,6197575.68,640,576,13,2.0
s,2.0,23283284850.82869,3098787.84,76057231.36,6197575.68,704,576,13,2.0
m,2.0,58208212127.071724,3098787.84,76057231.36,6197575.68,704,576,13,2.0
l,2.0,116416424254.14345,3098787.84,76057231.36,6197575.68,704,576,13,2.0
xl,2.0,232832848508.2869,3098787.84,76057231.36,6197575.68,704,576,13,2.0
s,2.0,21821112696.732086,3825664.0,76057231.36,7651328.0,704,640,13,2.0
m,2.0,54552781741.830215,3825664.0,76057231.36,7651328.0,704,640,13,2.0
l,2.0,109105563483.66043,3825664.0,76057231.36,7651328.0,704,640,13,2.0
xl,2.0,218211126967.32086,3825664.0,76057231.36,7651328.0,704,640,13,2.0
s,2.0,19431813040.513756,3825664.0,90514391.03999999,7651328.0,768,640,13,2.0
m,2.0,48579532601.28439,3825664.0,90514391.03999999,7651328.0,768,640,13,2.0
l,2.0,97159065202.56879,3825664.0,90514391.03999999,7651328.0,768,640,13,2.0
xl,2.0,194318130405.13757,3825664.0,90514391.03999999,7651328.0,768,640,13,2.0
s,2.0,18303282330.84177,4629053.4399999995,90514391.03999999,9258106.879999999,768,704,13,2.0
m,2.0,45758205827.10442,4629053.4399999995,90514391.03999999,9258106.879999999,768,704,13,2.0
l,2.0,91516411654.20885,4629053.4399999995,90514391.03999999,9258106.879999999,768,704,13,2.0
xl,2.0,183032823308.4177,4629053.4399999995,90514391.03999999,9258106.879999999,768,704,13,2.0
s,2.0,63367616734.80966,1377239.04,24399544.32,2754478.08,384,384,14,2.0
s,2.0,51923391115.51067,1377239.04,33210490.88,2754478.08,448,384,14,2.0
s,2.0,47054915646.3467,1874575.3599999999,33210490.88,3749150.7199999997,448,448,14,2.0
s,2.0,39609447049.58418,1874575.3599999999,43376967.68,3749150.7199999997,512,448,14,2.0
m,2.0,99023617623.96046,1874575.3599999999,43376967.68,3749150.7199999997,512,448,14,2.0
l,2.0,198047235247.92093,1874575.3599999999,43376967.68,3749150.7199999997,512,448,14,2.0
xl,2.0,396094470495.84186,1874575.3599999999,43376967.68,3749150.7199999997,512,448,14,2.0
s,2.0,36318441958.59721,2448424.96,43376967.68,4896849.92,512,512,14,2.0
m,2.0,90796104896.49303,2448424.96,43376967.68,4896849.92,512,512,14,2.0
l,2.0,181592209792.98605,2448424.96,43376967.68,4896849.92,512,512,14,2.0
xl,2.0,363184419585.9721,2448424.96,43376967.68,4896849.92,512,512,14,2.0
s,2.0,31205644608.809483,2448424.96,54898974.72,4896849.92,576,512,14,2.0
m,2.0,78014111522.02371,2448424.96,54898974.72,4896849.92,576,512,14,2.0
l,2.0,156028223044.04742,2448424.96,54898974.72,4896849.92,576,512,14,2.0
xl,2.0,312056446088.09485,2448424.96,54898974.72,4896849.92,576,512,14,2.0
s,2.0,28878114810.790363,3098787.84,54898974.72,6197575.68,576,576,14,2.0
m,2.0,72195287026.9759,3098787.84,54898974.72,6197575.68,576,576,14,2.0
l,2.0,144390574053.9518,3098787.84,54898974.72,6197575.68,576,576,14,2.0
xl,2.0,288781148107.9036,3098787.84,54898974.72,6197575.68,576,576,14,2.0
s,2.0,25216808470.665684,3098787.84,67776512.0,6197575.68,640,576,14,2.0
m,2.0,63042021176.664215,3098787.84,67776512.0,6197575.68,640,576,14,2.0
l,2.0,126084042353.32843,3098787.84,67776512.0,6197575.68,640,576,14,2.0
xl,2.0,252168084706.65686,3098787.84,67776512.0,6197575.68,640,576,14,2.0
s,2.0,23510603282.08022,3825664.0,67776512.0,7651328.0,640,640,14,2.0
m,2.0,58776508205.20055,3825664.0,67776512.0,7651328.0,640,640,14,2.0
l,2.0,117553016410.4011,3825664.0,67776512.0,7651328.0,640,640,14,2.0
xl,2.0,235106032820.8022,3825664.0,67776512.0,7651328.0,640,640,14,2.0
s,2.0,20799397452.43788,3825664.0,82009579.52,7651328.0,704,640,14,2.0
m,2.0,51998493631.09471,3825664.0,82009579.52,7651328.0,704,640,14,2.0
l,2.0,103996987262.18942,3825664.0,82009579.52,7651328.0,704,640,14,2.0
xl,2.0,207993974524.37885,3825664.0,82009579.52,7651328.0,704,640,14,2.0
s,2.0,19511691358.634037,4629053.4399999995,82009579.52,9258106.879999999,704,704,14,2.0
m,2.0,48779228396.58509,4629053.4399999995,82009579.52,9258106.879999999,704,704,14,2.0
l,2.0,97558456793.17018,4629053.4399999995,82009579.52,9258106.879999999,704,704,14,2.0
xl,2.0,195116913586.34036,4629053.4399999995,82009579.52,9258106.879999999,704,704,14,2.0
s,2.0,17448302605.672,4629053.4399999995,97598177.28,9258106.879999999,768,704,14,2.0
m,2.0,43620756514.18001,4629053.4399999995,97598177.28,9258106.879999999,768,704,14,2.0
l,2.0,87241513028.36002,4629053.4399999995,97598177.28,9258106.879999999,768,704,14,2.0
xl,2.0,174483026056.72003,4629053.4399999995,97598177.28,9258106.879999999,768,704,14,2.0
s,2.0,16452707757.685993,5508956.16,97598177.28,11017912.32,768,768,14,2.0
m,2.0,41131769394.21498,5508956.16,97598177.28,11017912.32,768,768,14,2.0
l,2.0,82263538788.42996,5508956.16,97598177.28,11017912.32,768,768,14,2.0
xl,2.0,164527077576.85992,5508956.16,97598177.28,11017912.32,768,768,14,2.0
s,2.0,86269784249.62196,956416.0,18173952.0,1912832.0,320,320,15,2.0
s,2.0,60770309272.063484,1377239.04,26170490.88,2754478.08,384,384,15,2.0
s,2.0,45110513323.4298,1874575.3599999999,35620945.92,3749150.7199999997,448,448,15,2.0
m,2.0,112776283308.57451,1874575.3599999999,35620945.92,3749150.7199999997,448,448,15,2.0
l,2.0,225552566617.14902,1874575.3599999999,35620945.92,3749150.7199999997,448,448,15,2.0
xl,2.0,451105133234.29803,1874575.3599999999,35620945.92,3749150.7199999997,448,448,15,2.0
s,2.0,37820113067.736176,1874575.3599999999,46525317.12,3749150.7199999997,512,448,15,2.0
m,2.0,94550282669.34044,1874575.3599999999,46525317.12,3749150.7199999997,512,448,15,2.0
l,2.0,189100565338.68088,1874575.3599999999,46525317.12,3749150.7199999997,512,448,15,2.0
xl,2.0,378201130677.36176,1874575.3599999999,46525317.12,3749150.7199999997,512,448,15,2.0
s,2.0,34808426450.60804,2448424.96,46525317.12,4896849.92,512,512,15,2.0
m,2.0,87021066126.5201,2448424.96,46525317.12,4896849.92,512,512,15,2.0
l,2.0,174042132253.0402,2448424.96,46525317.12,4896849.92,512,512,15,2.0
xl,2.0,348084264506.0804,2448424.96,46525317.12,4896849.92,512,512,15,2.0
s,2.0,29801575768.093655,2448424.96,58883604.480000004,4896849.92,576,512,15,2.0
m,2.0,74503939420.23413,2448424.96,58883604.480000004,4896849.92,576,512,15,2.0
l,2.0,149007878840.46826,2448424.96,58883604.480000004,4896849.92,576,512,15,2.0
xl,2.0,298015757680.9365,2448424.96,58883604.480000004,4896849.92,576,512,15,2.0
s,2.0,27671636023.185486,3098787.84,58883604.480000004,6197575.68,576,576,15,2.0
m,2.0,69179090057.96371,3098787.84,58883604.480000004,6197575.68,576,576,15,2.0
l,2.0,138358180115.92743,3098787.84,58883604.480000004,6197575.68,576,576,15,2.0
xl,2.0,276716360231.85486,3098787.84,58883604.480000004,6197575.68,576,576,15,2.0
s,2.0,24085877738.48144,3098787.84,72695808.0,6197575.68,640,576,15,2.0
m,2.0,60214694346.203606,3098787.84,72695808.0,6197575.68,640,576,15,2.0
l,2.0,120429388692.40721,3098787.84,72695808.0,6197575.68,640,576,15,2.0
xl,2.0,240858777384.81442,3098787.84,72695808.0,6197575.68,640,576,15,2.0
s,2.0,22524543643.735962,3825664.0,72695808.0,7651328.0,640,640,15,2.0
m,2.0,56311359109.339905,3825664.0,72695808.0,7651328.0,640,640,15,2.0
l,2.0,112622718218.67981,3825664.0,72695808.0,7651328.0,640,640,15,2.0
xl,2.0,225245436437.35962,3825664.0,72695808.0,7651328.0,640,640,15,2.0
s,2.0,19869080877.618256,3825664.0,87961927.68,7651328.0,704,640,15,2.0
m,2.0,49672702194.04564,3825664.0,87961927.68,7651328.0,704,640,15,2.0
l,2.0,99345404388.09128,3825664.0,87961927.68,7651328.0,704,640,15,2.0
xl,2.0,198690808776.18256,3825664.0,87961927.68,7651328.0,704,640,15,2.0
s,2.0,18690728746.011253,4629053.4399999995,87961927.68,9258106.879999999,704,704,15,2.0
m,2.0,46726821865.02814,4629053.4399999995,87961927.68,9258106.879999999,704,704,15,2.0
l,2.0,93453643730.05627,4629053.4399999995,87961927.68,9258106.879999999,704,704,15,2.0
xl,2.0,186907287460.11255,4629053.4399999995,87961927.68,9258106.879999999,704,704,15,2.0
s,2.0,16669633594.732391,4629053.4399999995,104681963.52,9258106.879999999,768,704,15,2.0
m,2.0,41674083986.83098,4629053.4399999995,104681963.52,9258106.879999999,768,704,15,2.0
l,2.0,83348167973.66196,4629053.4399999995,104681963.52,9258106.879999999,768,704,15,2.0
xl,2.0,166696335947.3239,4629053.4399999995,104681963.52,9258106.879999999,768,704,15,2.0
s,2.0,15758597290.594364,5508956.16,104681963.52,11017912.32,768,768,15,2.0
m,2.0,39396493226.48591,5508956.16,104681963.52,11017912.32,768,768,15,2.0
l,2.0,78792986452.97182,5508956.16,104681963.52,11017912.32,768,768,15,2.0
xl,2.0,157585972905.94363,5508956.16,104681963.52,11017912.32,768,768,15,2.0
s,2.0,82909334994.17313,956416.0,19403776.0,1912832.0,320,320,16,2.0
s,2.0,58377534934.70477,1377239.04,27941437.44,2754478.08,384,384,16,2.0
s,2.0,43320427450.21274,1874575.3599999999,38031400.96,3749150.7199999997,448,448,16,2.0
m,2.0,108301068625.53185,1874575.3599999999,38031400.96,3749150.7199999997,448,448,16,2.0
l,2.0,216602137251.0637,1874575.3599999999,38031400.96,3749150.7199999997,448,448,16,2.0
xl,2.0,433204274502.1274,1874575.3599999999,38031400.96,3749150.7199999997,448,448,16,2.0
s,2.0,33418962875.585304,2448424.96,49673666.56,4896849.92,512,512,16,2.0
m,2.0,83547407188.96326,2448424.96,49673666.56,4896849.92,512,512,16,2.0
l,2.0,167094814377.9265,2448424.96,49673666.56,4896849.92,512,512,16,2.0
xl,2.0,334189628755.853,2448424.96,49673666.56,4896849.92,512,512,16,2.0
s,2.0,26561923778.906506,3098787.84,62868234.239999995,6197575.68,576,576,16,2.0
m,2.0,66404809447.266266,3098787.84,62868234.239999995,6197575.68,576,576,16,2.0
l,2.0,132809618894.53253,3098787.84,62868234.239999995,6197575.68,576,576,16,2.0
xl,2.0,265619237789.06506,3098787.84,62868234.239999995,6197575.68,576,576,16,2.0
s,2.0,21617867357.608295,3825664.0,77615104.0,7651328.0,640,640,16,2.0
m,2.0,54044668394.02074,3825664.0,77615104.0,7651328.0,640,640,16,2.0
l,2.0,108089336788.04147,3825664.0,77615104.0,7651328.0,640,640,16,2.0
xl,2.0,216178673576.08295,3825664.0,77615104.0,7651328.0,640,640,16,2.0
s,2.0,19018423789.186573,3825664.0,93914275.84,7651328.0,704,640,16,2.0
m,2.0,47546059472.96643,3825664.0,93914275.84,7651328.0,704,640,16,2.0
l,2.0,95092118945.93286,3825664.0,93914275.84,7651328.0,704,640,16,2.0
xl,2.0,190184237891.86572,3825664.0,93914275.84,7651328.0,704,640,16,2.0
s,2.0,20230203793.958824,4629053.4399999995,77615104.0,9258106.879999999,640,704,16,2.0
m,2.0,50575509484.897064,4629053.4399999995,77615104.0,9258106.879999999,640,704,16,2.0
l,2.0,101151018969.79413,4629053.4399999995,77615104.0,9258106.879999999,640,704,16,2.0
xl,2.0,202302037939.58826,4629053.4399999995,77615104.0,9258106.879999999,640,704,16,2.0
s,2.0,17936061424.92073,4629053.4399999995,93914275.84,9258106.879999999,704,704,16,2.0
m,2.0,44840153562.30183,4629053.4399999995,93914275.84,9258106.879999999,704,704,16,2.0
l,2.0,89680307124.60365,4629053.4399999995,93914275.84,9258106.879999999,704,704,16,2.0
xl,2.0,179360614249.2073,4629053.4399999995,93914275.84,9258106.879999999,704,704,16,2.0
s,2.0,15957495156.325748,4629053.4399999995,111765749.76,9258106.879999999,768,704,16,2.0
m,2.0,39893737890.81437,4629053.4399999995,111765749.76,9258106.879999999,768,704,16,2.0
l,2.0,79787475781.62874,4629053.4399999995,111765749.76,9258106.879999999,768,704,16,2.0
xl,2.0,159574951563.25748,4629053.4399999995,111765749.76,9258106.879999999,768,704,16,2.0
s,2.0,16885701228.725199,5508956.16,93914275.84,11017912.32,704,768,16,2.0
m,2.0,42214253071.812996,5508956.16,93914275.84,11017912.32,704,768,16,2.0
l,2.0,84428506143.62599,5508956.16,93914275.84,11017912.32,704,768,16,2.0
xl,2.0,168857012287.25198,5508956.16,93914275.84,11017912.32,704,768,16,2.0
s,2.0,15120682595.127577,5508956.16,111765749.76,11017912.32,768,768,16,2.0
m,2.0,37801706487.81894,5508956.16,111765749.76,11017912.32,768,768,16,2.0
l,2.0,75603412975.63788,5508956.16,111765749.76,11017912.32,768,768,16,2.0
xl,2.0,151206825951.27576,5508956.16,111765749.76,11017912.32,768,768,16,2.0
s,2.0,86886649762.00009,956416.0,19677184.0,1912832.0,640,320,4,2.0
s,2.0,76536050365.57047,956416.0,23809392.64,1912832.0,704,320,4,2.0
s,2.0,67735698555.549774,1377239.04,23809392.64,2754478.08,704,384,4,2.0
s,2.0,60726287171.87206,1377239.04,28335144.96,2754478.08,768,384,4,2.0
s,2.0,86131718411.84688,956416.0,19923148.799999997,1912832.0,576,320,5,2.0
s,2.0,66362330082.704666,1377239.04,24596480.0,2754478.08,640,384,5,2.0
s,2.0,58773735749.673004,1377239.04,29761740.8,2754478.08,704,384,5,2.0
s,2.0,47310155021.07142,1874575.3599999999,35418931.2,3749150.7199999997,768,448,5,2.0
m,2.0,118275387552.67854,1874575.3599999999,35418931.2,3749150.7199999997,768,448,5,2.0
l,2.0,236550775105.3571,1874575.3599999999,35418931.2,3749150.7199999997,768,448,5,2.0
xl,2.0,473101550210.7142,1874575.3599999999,35418931.2,3749150.7199999997,768,448,5,2.0
s,2.0,89063736917.1783,956416.0,18890096.64,1912832.0,512,320,6,2.0
s,2.0,76220017849.87451,956416.0,23907778.56,1912832.0,576,320,6,2.0
s,2.0,67488046949.04788,1377239.04,23907778.56,2754478.08,576,384,6,2.0
s,2.0,59063934355.83305,1377239.04,29515776.0,2754478.08,640,384,6,2.0
s,2.0,47040752796.55395,1874575.3599999999,35714088.96,3749150.7199999997,704,448,6,2.0
m,2.0,117601881991.38487,1874575.3599999999,35714088.96,3749150.7199999997,704,448,6,2.0
l,2.0,235203763982.76974,1874575.3599999999,35714088.96,3749150.7199999997,704,448,6,2.0
xl,2.0,470407527965.5395,1874575.3599999999,35714088.96,3749150.7199999997,704,448,6,2.0
s,2.0,41991634890.084854,1874575.3599999999,42502717.44,3749150.7199999997,768,448,6,2.0
m,2.0,104979087225.21214,1874575.3599999999,42502717.44,3749150.7199999997,768,448,6,2.0
l,2.0,209958174450.4243,1874575.3599999999,42502717.44,3749150.7199999997,768,448,6,2.0
xl,2.0,419916348900.8486,1874575.3599999999,42502717.44,3749150.7199999997,768,448,6,2.0
s,2.0,38311262123.277084,2448424.96,42502717.44,4896849.92,768,512,6,2.0
m,2.0,95778155308.1927,2448424.96,42502717.44,4896849.92,768,512,6,2.0
l,2.0,191556310616.3854,2448424.96,42502717.44,4896849.92,768,512,6,2.0
xl,2.0,383112621232.7708,2448424.96,42502717.44,4896849.92,768,512,6,2.0
s,2.0,80499941473.32256,956416.0,22038446.08,1912832.0,512,320,7,2.0
s,2.0,61247388019.39157,1377239.04,27892408.32,2754478.08,576,384,7,2.0
s,2.0,48110591609.09408,1874575.3599999999,34435072.0,3749150.7199999997,640,448,7,2.0
m,2.0,120276479022.7352,1874575.3599999999,34435072.0,3749150.7199999997,640,448,7,2.0
l,2.0,240552958045.4704,1874575.3599999999,34435072.0,3749150.7199999997,640,448,7,2.0
xl,2.0,481105916090.9408,1874575.3599999999,34435072.0,3749150.7199999997,640,448,7,2.0
s,2.0,42536354767.5182,1874575.3599999999,41666437.120000005,3749150.7199999997,704,448,7,2.0
m,2.0,106340886918.7955,1874575.3599999999,41666437.120000005,3749150.7199999997,704,448,7,2.0
l,2.0,212681773837.591,1874575.3599999999,41666437.120000005,3749150.7199999997,704,448,7,2.0
xl,2.0,425363547675.182,1874575.3599999999,41666437.120000005,3749150.7199999997,704,448,7,2.0
s,2.0,38764167093.630714,2448424.96,41666437.120000005,4896849.92,704,512,7,2.0
m,2.0,96910417734.07678,2448424.96,41666437.120000005,4896849.92,704,512,7,2.0
l,2.0,193820835468.15356,2448424.96,41666437.120000005,4896849.92,704,512,7,2.0
xl,2.0,387641670936.3071,2448424.96,41666437.120000005,4896849.92,704,512,7,2.0
s,2.0,34747388597.537125,2448424.96,49586503.68,4896849.92,768,512,7,2.0
m,2.0,86868471493.84282,2448424.96,49586503.68,4896849.92,768,512,7,2.0
l,2.0,173736942987.68564,2448424.96,49586503.68,4896849.92,768,512,7,2.0
xl,2.0,347473885975.3713,2448424.96,49586503.68,4896849.92,768,512,7,2.0
s,2.0,87801576640.97072,956416.0,19283640.32,1912832.0,448,320,8,2.0
s,2.0,65298233015.1878,1377239.04,25186795.52,2754478.08,512,384,8,2.0
s,2.0,56063192061.983025,1377239.04,31877038.08,2754478.08,576,384,8,2.0
s,2.0,50429566307.66624,1874575.3599999999,31877038.08,3749150.7199999997,576,448,8,2.0
s,2.0,44155062292.40763,1874575.3599999999,39354368.0,3749150.7199999997,640,448,8,2.0
m,2.0,110387655731.01907,1874575.3599999999,39354368.0,3749150.7199999997,640,448,8,2.0
l,2.0,220775311462.03815,1874575.3599999999,39354368.0,3749150.7199999997,640,448,8,2.0
xl,2.0,441550622924.0763,1874575.3599999999,39354368.0,3749150.7199999997,640,448,8,2.0
s,2.0,35652964245.63302,2448424.96,47618785.28,4896849.92,704,512,8,2.0
m,2.0,89132410614.08255,2448424.96,47618785.28,4896849.92,704,512,8,2.0
l,2.0,178264821228.1651,2448424.96,47618785.28,4896849.92,704,512,8,2.0
xl,2.0,356529642456.3302,2448424.96,47618785.28,4896849.92,704,512,8,2.0
s,2.0,31790137321.999645,2448424.96,56670289.92,4896849.92,768,512,8,2.0
m,2.0,79475343304.99911,2448424.96,56670289.92,4896849.92,768,512,8,2.0
l,2.0,158950686609.99823,2448424.96,56670289.92,4896849.92,768,512,8,2.0
xl,2.0,317901373219.99646,2448424.96,56670289.92,4896849.92,768,512,8,2.0
s,2.0,29377969948.245144,3098787.84,56670289.92,6197575.68,768,576,8,2.0
m,2.0,73444924870.61285,3098787.84,56670289.92,6197575.68,768,576,8,2.0
l,2.0,146889849741.2257,3098787.84,56670289.92,6197575.68,768,576,8,2.0
xl,2.0,293779699482.4514,3098787.84,56670289.92,6197575.68,768,576,8,2.0
s,2.0,81265573084.30128,956416.0,21694095.36,1912832.0,448,320,9,2.0
s,2.0,60573735817.410866,1377239.04,28335144.96,2754478.08,512,384,9,2.0
s,2.0,46861618196.30786,1874575.3599999999,35861667.839999996,3749150.7199999997,576,448,9,2.0
m,2.0,117154045490.76965,1874575.3599999999,35861667.839999996,3749150.7199999997,576,448,9,2.0
l,2.0,234308090981.5393,1874575.3599999999,35861667.839999996,3749150.7199999997,576,448,9,2.0
xl,2.0,468616181963.0786,1874575.3599999999,35861667.839999996,3749150.7199999997,576,448,9,2.0
s,2.0,40800546145.012955,1874575.3599999999,44273664.0,3749150.7199999997,640,448,9,2.0
m,2.0,102001365362.5324,1874575.3599999999,44273664.0,3749150.7199999997,640,448,9,2.0
l,2.0,204002730725.0648,1874575.3599999999,44273664.0,3749150.7199999997,640,448,9,2.0
xl,2.0,408005461450.1296,1874575.3599999999,44273664.0,3749150.7199999997,640,448,9,2.0
s,2.0,37317339682.79807,2448424.96,44273664.0,4896849.92,640,512,9,2.0
m,2.0,93293349206.99518,2448424.96,44273664.0,4896849.92,640,512,9,2.0
l,2.0,186586698413.99036,2448424.96,44273664.0,4896849.92,640,512,9,2.0
xl,2.0,373173396827.9807,2448424.96,44273664.0,4896849.92,640,512,9,2.0
s,2.0,33004065762.94036,2448424.96,53571133.44,4896849.92,704,512,9,2.0
m,2.0,82510164407.3509,2448424.96,53571133.44,4896849.92,704,512,9,2.0
l,2.0,165020328814.7018,2448424.96,53571133.44,4896849.92,704,512,9,2.0
xl,2.0,330040657629.4036,2448424.96,53571133.44,4896849.92,704,512,9,2.0
s,2.0,30411671853.68142,3098787.84,53571133.44,6197575.68,704,576,9,2.0
m,2.0,76029179634.20355,3098787.84,53571133.44,6197575.68,704,576,9,2.0
l,2.0,152058359268.4071,3098787.84,53571133.44,6197575.68,704,576,9,2.0
xl,2.0,304116718536.8142,3098787.84,53571133.44,6197575.68,704,576,9,2.0
s,2.0,27235883915.9041,3098787.84,63754076.160000004,6197575.68,768,576,9,2.0
m,2.0,68089709789.76025,3098787.84,63754076.160000004,6197575.68,768,576,9,2.0
l,2.0,136179419579.5205,3098787.84,63754076.160000004,6197575.68,768,576,9,2.0
xl,2.0,272358839159.041,3098787.84,63754076.160000004,6197575.68,768,576,9,2.0
s,2.0,87830908216.5604,956416.0,17315758.080000002,1912832.0,384,320,10,2.0
s,2.0,71955126710.67558,956416.0,23568670.72,1912832.0,448,320,10,2.0
s,2.0,64122803232.27354,1377239.04,23568670.72,2754478.08,448,384,10,2.0
s,2.0,54124093088.03636,1377239.04,30783569.92,2754478.08,512,384,10,2.0
s,2.0,42160980553.50744,1874575.3599999999,38960455.67999999,3749150.7199999997,576,448,10,2.0
m,2.0,105402451383.76859,1874575.3599999999,38960455.67999999,3749150.7199999997,576,448,10,2.0
l,2.0,210804902767.53717,1874575.3599999999,38960455.67999999,3749150.7199999997,576,448,10,2.0
xl,2.0,421609805535.07434,1874575.3599999999,38960455.67999999,3749150.7199999997,576,448,10,2.0
s,2.0,33755034711.949436,2448424.96,48099328.0,4896849.92,640,512,10,2.0
m,2.0,84387586779.8736,2448424.96,48099328.0,4896849.92,640,512,10,2.0
l,2.0,168775173559.7472,2448424.96,48099328.0,4896849.92,640,512,10,2.0
xl,2.0,337550347119.4944,2448424.96,48099328.0,4896849.92,640,512,10,2.0
s,2.0,29750362471.276268,2448424.96,58200186.879999995,4896849.92,704,512,10,2.0
m,2.0,74375906178.19066,2448424.96,58200186.879999995,4896849.92,704,512,10,2.0
l,2.0,148751812356.38132,2448424.96,58200186.879999995,4896849.92,704,512,10,2.0
xl,2.0,297503624712.76263,2448424.96,58200186.879999995,4896849.92,704,512,10,2.0
s,2.0,27627476203.17283,3098787.84,58200186.879999995,6197575.68,704,576,10,2.0
m,2.0,69068690507.93207,3098787.84,58200186.879999995,6197575.68,704,576,10,2.0
l,2.0,138137381015.86414,3098787.84,58200186.879999995,6197575.68,704,576,10,2.0
xl,2.0,276274762031.7283,3098787.84,58200186.879999995,6197575.68,704,576,10,2.0
s,2.0,24659317132.76959,3098787.84,69263032.32000001,6197575.68,768,576,10,2.0
m,2.0,61648292831.923965,3098787.84,69263032.32000001,6197575.68,768,576,10,2.0
l,2.0,123296585663.84793,3098787.84,69263032.32000001,6197575.68,768,576,10,2.0
xl,2.0,246593171327.69586,3098787.84,69263032.32000001,6197575.68,768,576,10,2.0
s,2.0,23025275047.041557,3825664.0,69263032.32000001,7651328.0,768,640,10,2.0
m,2.0,57563187617.6039,3825664.0,69263032.32000001,7651328.0,768,640,10,2.0
l,2.0,115126375235.2078,3825664.0,69263032.32000001,7651328.0,768,640,10,2.0
xl,2.0,230252750470.4156,3825664.0,69263032.32000001,7651328.0,768,640,10,2.0
s,2.0,82918832042.21414,956416.0,19086704.64,1912832.0,384,320,11,2.0
s,2.0,60565343076.5043,1377239.04,25979125.759999998,2754478.08,448,384,11,2.0
s,2.0,50837509329.699715,1377239.04,33931919.36,2754478.08,512,384,11,2.0
s,2.0,46161365598.84275,1874575.3599999999,33931919.36,3749150.7199999997,512,448,11,2.0
s,2.0,39637865920.13027,1874575.3599999999,42945085.44,3749150.7199999997,576,448,11,2.0
m,2.0,99094664800.32568,1874575.3599999999,42945085.44,3749150.7199999997,576,448,11,2.0
l,2.0,198189329600.65137,1874575.3599999999,42945085.44,3749150.7199999997,576,448,11,2.0
xl,2.0,396378659201.30273,1874575.3599999999,42945085.44,3749150.7199999997,576,448,11,2.0
s,2.0,36342333148.71428,2448424.96,42945085.44,4896849.92,576,512,11,2.0
m,2.0,90855832871.7857,2448424.96,42945085.44,4896849.92,576,512,11,2.0
l,2.0,181711665743.5714,2448424.96,42945085.44,4896849.92,576,512,11,2.0
xl,2.0,363423331487.1428,2448424.96,42945085.44,4896849.92,576,512,11,2.0
s,2.0,31758910498.43074,2448424.96,53018624.0,4896849.92,640,512,11,2.0
m,2.0,79397276246.07686,2448424.96,53018624.0,4896849.92,640,512,11,2.0
l,2.0,158794552492.15372,2448424.96,53018624.0,4896849.92,640,512,11,2.0
xl,2.0,317589104984.30743,2448424.96,53018624.0,4896849.92,640,512,11,2.0
s,2.0,29351300198.730373,3098787.84,53018624.0,6197575.68,640,576,11,2.0
m,2.0,73378250496.82593,3098787.84,53018624.0,6197575.68,640,576,11,2.0
l,2.0,146756500993.65186,3098787.84,53018624.0,6197575.68,640,576,11,2.0
xl,2.0,293513001987.3037,3098787.84,53018624.0,6197575.68,640,576,11,2.0
s,2.0,26009839076.834324,3098787.84,64152535.04,6197575.68,704,576,11,2.0
m,2.0,65024597692.08581,3098787.84,64152535.04,6197575.68,704,576,11,2.0
l,2.0,130049195384.17162,3098787.84,64152535.04,6197575.68,704,576,11,2.0
xl,2.0,260098390768.34323,3098787.84,64152535.04,6197575.68,704,576,11,2.0
s,2.0,23132202349.99489,3098787.84,76346818.56,6197575.68,768,576,11,2.0
m,2.0,57830505874.98722,3098787.84,76346818.56,6197575.68,768,576,11,2.0
l,2.0,115661011749.97444,3098787.84,76346818.56,6197575.68,768,576,11,2.0
xl,2.0,231322023499.94888,3098787.84,76346818.56,6197575.68,768,576,11,2.0
s,2.0,24198485565.076797,3825664.0,64152535.04,7651328.0,704,640,11,2.0
m,2.0,60496213912.692,3825664.0,64152535.04,7651328.0,704,640,11,2.0
l,2.0,120992427825.384,3825664.0,64152535.04,7651328.0,704,640,11,2.0
xl,2.0,241984855650.768,3825664.0,64152535.04,7651328.0,704,640,11,2.0
s,2.0,21688355994.299313,3825664.0,76346818.56,7651328.0,768,640,11,2.0
m,2.0,54220889985.74828,3825664.0,76346818.56,7651328.0,768,640,11,2.0
l,2.0,108441779971.49657,3825664.0,76346818.56,7651328.0,768,640,11,2.0
xl,2.0,216883559942.99313,3825664.0,76346818.56,7651328.0,768,640,11,2.0
s,2.0,78527086165.64828,956416.0,20857651.2,1912832.0,384,320,12,2.0
s,2.0,57381862634.3578,1377239.04,28389580.8,2754478.08,448,384,12,2.0
s,2.0,43749139716.9166,1874575.3599999999,37080268.8,3749150.7199999997,512,448,12,2.0
m,2.0,109372849292.29152,1874575.3599999999,37080268.8,3749150.7199999997,512,448,12,2.0
l,2.0,218745698584.58304,1874575.3599999999,37080268.8,3749150.7199999997,512,448,12,2.0
xl,2.0,437491397169.1661,1874575.3599999999,37080268.8,3749150.7199999997,512,448,12,2.0
s,2.0,34451979744.70542,2448424.96,46929715.2,4896849.92,576,512,12,2.0
m,2.0,86129949361.76357,2448424.96,46929715.2,4896849.92,576,512,12,2.0
l,2.0,172259898723.52713,2448424.96,46929715.2,4896849.92,576,512,12,2.0
xl,2.0,344519797447.05426,2448424.96,46929715.2,4896849.92,576,512,12,2.0
s,2.0,29985688814.259544,2448424.96,57937920.0,4896849.92,640,512,12,2.0
m,2.0,74964222035.64886,2448424.96,57937920.0,4896849.92,640,512,12,2.0
l,2.0,149928444071.29773,2448424.96,57937920.0,4896849.92,640,512,12,2.0
xl,2.0,299856888142.59546,2448424.96,57937920.0,4896849.92,640,512,12,2.0
s,2.0,27830302092.45221,3098787.84,57937920.0,6197575.68,640,576,12,2.0
m,2.0,69575755231.13052,3098787.84,57937920.0,6197575.68,640,576,12,2.0
l,2.0,139151510462.26105,3098787.84,57937920.0,6197575.68,640,576,12,2.0
xl,2.0,278303020924.5221,3098787.84,57937920.0,6197575.68,640,576,12,2.0
s,2.0,24571154915.59636,3098787.84,70104883.2,6197575.68,704,576,12,2.0
m,2.0,61427887288.9909,3098787.84,70104883.2,6197575.68,704,576,12,2.0
l,2.0,122855774577.9818,3098787.84,70104883.2,6197575.68,704,576,12,2.0
xl,2.0,245711549155.9636,3098787.84,70104883.2,6197575.68,704,576,12,2.0
s,2.0,22948391578.81123,3825664.0,70104883.2,7651328.0,704,640,12,2.0
m,2.0,57370978947.02807,3825664.0,70104883.2,7651328.0,704,640,12,2.0
l,2.0,114741957894.05614,3825664.0,70104883.2,7651328.0,704,640,12,2.0
xl,2.0,229483915788.11227,3825664.0,70104883.2,7651328.0,704,640,12,2.0
s,2.0,20498168598.50591,3825664.0,83430604.8,7651328.0,768,640,12,2.0
m,2.0,51245421496.26477,3825664.0,83430604.8,7651328.0,768,640,12,2.0
l,2.0,102490842992.52954,3825664.0,83430604.8,7651328.0,768,640,12,2.0
xl,2.0,204981685985.05908,3825664.0,83430604.8,7651328.0,768,640,12,2.0
s,2.0,19246368619.804173,4629053.4399999995,83430604.8,9258106.879999999,768,704,12,2.0
m,2.0,48115921549.51043,4629053.4399999995,83430604.8,9258106.879999999,768,704,12,2.0
l,2.0,96231843099.02086,4629053.4399999995,83430604.8,9258106.879999999,768,704,12,2.0
xl,2.0,192463686198.04172,4629053.4399999995,83430604.8,9258106.879999999,768,704,12,2.0
s,2.0,74577152319.28738,956416.0,22628597.759999998,1912832.0,384,320,13,2.0
s,2.0,54516334655.21052,1377239.04,30800035.84,2754478.08,448,384,13,2.0
s,2.0,41576502200.93363,1874575.3599999999,40228618.24,3749150.7199999997,512,448,13,2.0
m,2.0,103941255502.33409,1874575.3599999999,40228618.24,3749150.7199999997,512,448,13,2.0
l,2.0,207882511004.66818,1874575.3599999999,40228618.24,3749150.7199999997,512,448,13,2.0
xl,2.0,415765022009.33636,1874575.3599999999,40228618.24,3749150.7199999997,512,448,13,2.0
s,2.0,32748557279.338306,2448424.96,50914344.95999999,4896849.92,576,512,13,2.0
m,2.0,81871393198.34576,2448424.96,50914344.95999999,4896849.92,576,512,13,2.0
l,2.0,163742786396.69153,2448424.96,50914344.95999999,4896849.92,576,512,13,2.0
xl,2.0,327485572793.38306,2448424.96,50914344.95999999,4896849.92,576,512,13,2.0
s,2.0,26459175253.706234,3098787.84,62857216.0,6197575.68,640,576,13,2.0
m,2.0,66147938134.26559,3098787.84,62857216.0,6197575.68,640,576,13,2.0
l,2.0,132295876268.53117,3098787.84,62857216.0,6197575.68,640,576,13,2.0
xl,2.0,264591752537.06235,3098787.84,62857216.0,6197575.68,640,576,13,2.0
s,2.0,23283284850.82869,3098787.84,76057231.36,6197575.68,704,576,13,2.0
m,2.0,58208212127.071724,3098787.84,76057231.36,6197575.68,704,576,13,2.0
l,2.0,116416424254.14345,3098787.84,76057231.36,6197575.68,704,576,13,2.0
xl,2.0,232832848508.2869,3098787.84,76057231.36,6197575.68,704,576,13,2.0
s,2.0,21821112696.732086,3825664.0,76057231.36,7651328.0,704,640,13,2.0
m,2.0,54552781741.830215,3825664.0,76057231.36,7651328.0,704,640,13,2.0
l,2.0,109105563483.66043,3825664.0,76057231.36,7651328.0,704,640,13,2.0
xl,2.0,218211126967.32086,3825664.0,76057231.36,7651328.0,704,640,13,2.0
s,2.0,19431813040.513756,3825664.0,90514391.03999999,7651328.0,768,640,13,2.0
m,2.0,48579532601.28439,3825664.0,90514391.03999999,7651328.0,768,640,13,2.0
l,2.0,97159065202.56879,3825664.0,90514391.03999999,7651328.0,768,640,13,2.0
xl,2.0,194318130405.13757,3825664.0,90514391.03999999,7651328.0,768,640,13,2.0
s,2.0,18303282330.84177,4629053.4399999995,90514391.03999999,9258106.879999999,768,704,13,2.0
m,2.0,45758205827.10442,4629053.4399999995,90514391.03999999,9258106.879999999,768,704,13,2.0
l,2.0,91516411654.20885,4629053.4399999995,90514391.03999999,9258106.879999999,768,704,13,2.0
xl,2.0,183032823308.4177,4629053.4399999995,90514391.03999999,9258106.879999999,768,704,13,2.0
s,2.0,63367616734.80966,1377239.04,24399544.32,2754478.08,384,384,14,2.0
s,2.0,51923391115.51067,1377239.04,33210490.88,2754478.08,448,384,14,2.0
s,2.0,47054915646.3467,1874575.3599999999,33210490.88,3749150.7199999997,448,448,14,2.0
s,2.0,39609447049.58418,1874575.3599999999,43376967.68,3749150.7199999997,512,448,14,2.0
m,2.0,99023617623.96046,1874575.3599999999,43376967.68,3749150.7199999997,512,448,14,2.0
l,2.0,198047235247.92093,1874575.3599999999,43376967.68,3749150.7199999997,512,448,14,2.0
xl,2.0,396094470495.84186,1874575.3599999999,43376967.68,3749150.7199999997,512,448,14,2.0
s,2.0,36318441958.59721,2448424.96,43376967.68,4896849.92,512,512,14,2.0
m,2.0,90796104896.49303,2448424.96,43376967.68,4896849.92,512,512,14,2.0
l,2.0,181592209792.98605,2448424.96,43376967.68,4896849.92,512,512,14,2.0
xl,2.0,363184419585.9721,2448424.96,43376967.68,4896849.92,512,512,14,2.0
s,2.0,31205644608.809483,2448424.96,54898974.72,4896849.92,576,512,14,2.0
m,2.0,78014111522.02371,2448424.96,54898974.72,4896849.92,576,512,14,2.0
l,2.0,156028223044.04742,2448424.96,54898974.72,4896849.92,576,512,14,2.0
xl,2.0,312056446088.09485,2448424.96,54898974.72,4896849.92,576,512,14,2.0
s,2.0,28878114810.790363,3098787.84,54898974.72,6197575.68,576,576,14,2.0
m,2.0,72195287026.9759,3098787.84,54898974.72,6197575.68,576,576,14,2.0
l,2.0,144390574053.9518,3098787.84,54898974.72,6197575.68,576,576,14,2.0
xl,2.0,288781148107.9036,3098787.84,54898974.72,6197575.68,576,576,14,2.0
s,2.0,25216808470.665684,3098787.84,67776512.0,6197575.68,640,576,14,2.0
m,2.0,63042021176.664215,3098787.84,67776512.0,6197575.68,640,576,14,2.0
l,2.0,126084042353.32843,3098787.84,67776512.0,6197575.68,640,576,14,2.0
xl,2.0,252168084706.65686,3098787.84,67776512.0,6197575.68,640,576,14,2.0
s,2.0,23510603282.08022,3825664.0,67776512.0,7651328.0,640,640,14,2.0
m,2.0,58776508205.20055,3825664.0,67776512.0,7651328.0,640,640,14,2.0
l,2.0,117553016410.4011,3825664.0,67776512.0,7651328.0,640,640,14,2.0
xl,2.0,235106032820.8022,3825664.0,67776512.0,7651328.0,640,640,14,2.0
s,2.0,20799397452.43788,3825664.0,82009579.52,7651328.0,704,640,14,2.0
m,2.0,51998493631.09471,3825664.0,82009579.52,7651328.0,704,640,14,2.0
l,2.0,103996987262.18942,3825664.0,82009579.52,7651328.0,704,640,14,2.0
xl,2.0,207993974524.37885,3825664.0,82009579.52,7651328.0,704,640,14,2.0
s,2.0,19511691358.634037,4629053.4399999995,82009579.52,9258106.879999999,704,704,14,2.0
m,2.0,48779228396.58509,4629053.4399999995,82009579.52,9258106.879999999,704,704,14,2.0
l,2.0,97558456793.17018,4629053.4399999995,82009579.52,9258106.879999999,704,704,14,2.0
xl,2.0,195116913586.34036,4629053.4399999995,82009579.52,9258106.879999999,704,704,14,2.0
s,2.0,17448302605.672,4629053.4399999995,97598177.28,9258106.879999999,768,704,14,2.0
m,2.0,43620756514.18001,4629053.4399999995,97598177.28,9258106.879999999,768,704,14,2.0
l,2.0,87241513028.36002,4629053.4399999995,97598177.28,9258106.879999999,768,704,14,2.0
xl,2.0,174483026056.72003,4629053.4399999995,97598177.28,9258106.879999999,768,704,14,2.0
s,2.0,16452707757.685993,5508956.16,97598177.28,11017912.32,768,768,14,2.0
m,2.0,41131769394.21498,5508956.16,97598177.28,11017912.32,768,768,14,2.0
l,2.0,82263538788.42996,5508956.16,97598177.28,11017912.32,768,768,14,2.0
xl,2.0,164527077576.85992,5508956.16,97598177.28,11017912.32,768,768,14,2.0
s,2.0,86269784249.62196,956416.0,18173952.0,1912832.0,320,320,15,2.0
s,2.0,60770309272.063484,1377239.04,26170490.88,2754478.08,384,384,15,2.0
s,2.0,45110513323.4298,1874575.3599999999,35620945.92,3749150.7199999997,448,448,15,2.0
m,2.0,112776283308.57451,1874575.3599999999,35620945.92,3749150.7199999997,448,448,15,2.0
l,2.0,225552566617.14902,1874575.3599999999,35620945.92,3749150.7199999997,448,448,15,2.0
xl,2.0,451105133234.29803,1874575.3599999999,35620945.92,3749150.7199999997,448,448,15,2.0
s,2.0,37820113067.736176,1874575.3599999999,46525317.12,3749150.7199999997,512,448,15,2.0
m,2.0,94550282669.34044,1874575.3599999999,46525317.12,3749150.7199999997,512,448,15,2.0
l,2.0,189100565338.68088,1874575.3599999999,46525317.12,3749150.7199999997,512,448,15,2.0
xl,2.0,378201130677.36176,1874575.3599999999,46525317.12,3749150.7199999997,512,448,15,2.0
s,2.0,34808426450.60804,2448424.96,46525317.12,4896849.92,512,512,15,2.0
m,2.0,87021066126.5201,2448424.96,46525317.12,4896849.92,512,512,15,2.0
l,2.0,174042132253.0402,2448424.96,46525317.12,4896849.92,512,512,15,2.0
xl,2.0,348084264506.0804,2448424.96,46525317.12,4896849.92,512,512,15,2.0
s,2.0,29801575768.093655,2448424.96,58883604.480000004,4896849.92,576,512,15,2.0
m,2.0,74503939420.23413,2448424.96,58883604.480000004,4896849.92,576,512,15,2.0
l,2.0,149007878840.46826,2448424.96,58883604.480000004,4896849.92,576,512,15,2.0
xl,2.0,298015757680.9365,2448424.96,58883604.480000004,4896849.92,576,512,15,2.0
s,2.0,27671636023.185486,3098787.84,58883604.480000004,6197575.68,576,576,15,2.0
m,2.0,69179090057.96371,3098787.84,58883604.480000004,6197575.68,576,576,15,2.0
l,2.0,138358180115.92743,3098787.84,58883604.480000004,6197575.68,576,576,15,2.0
xl,2.0,276716360231.85486,3098787.84,58883604.480000004,6197575.68,576,576,15,2.0
s,2.0,24085877738.48144,3098787.84,72695808.0,6197575.68,640,576,15,2.0
m,2.0,60214694346.203606,3098787.84,72695808.0,6197575.68,640,576,15,2.0
l,2.0,120429388692.40721,3098787.84,72695808.0,6197575.68,640,576,15,2.0
xl,2.0,240858777384.81442,3098787.84,72695808.0,6197575.68,640,576,15,2.0
s,2.0,22524543643.735962,3825664.0,72695808.0,7651328.0,640,640,15,2.0
m,2.0,56311359109.339905,3825664.0,72695808.0,7651328.0,640,640,15,2.0
l,2.0,112622718218.67981,3825664.0,72695808.0,7651328.0,640,640,15,2.0
xl,2.0,225245436437.35962,3825664.0,72695808.0,7651328.0,640,640,15,2.0
s,2.0,19869080877.618256,3825664.0,87961927.68,7651328.0,704,640,15,2.0
m,2.0,49672702194.04564,3825664.0,87961927.68,7651328.0,704,640,15,2.0
l,2.0,99345404388.09128,3825664.0,87961927.68,7651328.0,704,640,15,2.0
xl,2.0,198690808776.18256,3825664.0,87961927.68,7651328.0,704,640,15,2.0
s,2.0,18690728746.011253,4629053.4399999995,87961927.68,9258106.879999999,704,704,15,2.0
m,2.0,46726821865.02814,4629053.4399999995,87961927.68,9258106.879999999,704,704,15,2.0
l,2.0,93453643730.05627,4629053.4399999995,87961927.68,9258106.879999999,704,704,15,2.0
xl,2.0,186907287460.11255,4629053.4399999995,87961927.68,9258106.879999999,704,704,15,2.0
s,2.0,16669633594.732391,4629053.4399999995,104681963.52,9258106.879999999,768,704,15,2.0
m,2.0,41674083986.83098,4629053.4399999995,104681963.52,9258106.879999999,768,704,15,2.0
l,2.0,83348167973.66196,4629053.4399999995,104681963.52,9258106.879999999,768,704,15,2.0
xl,2.0,166696335947.3239,4629053.4399999995,104681963.52,9258106.879999999,768,704,15,2.0
s,2.0,15758597290.594364,5508956.16,104681963.52,11017912.32,768,768,15,2.0
m,2.0,39396493226.48591,5508956.16,104681963.52,11017912.32,768,768,15,2.0
l,2.0,78792986452.97182,5508956.16,104681963.52,11017912.32,768,768,15,2.0
xl,2.0,157585972905.94363,5508956.16,104681963.52,11017912.32,768,768,15,2.0
s,2.0,82909334994.17313,956416.0,19403776.0,1912832.0,320,320,16,2.0
s,2.0,58377534934.70477,1377239.04,27941437.44,2754478.08,384,384,16,2.0
s,2.0,43320427450.21274,1874575.3599999999,38031400.96,3749150.7199999997,448,448,16,2.0
m,2.0,108301068625.53185,1874575.3599999999,38031400.96,3749150.7199999997,448,448,16,2.0
l,2.0,216602137251.0637,1874575.3599999999,38031400.96,3749150.7199999997,448,448,16,2.0
xl,2.0,433204274502.1274,1874575.3599999999,38031400.96,3749150.7199999997,448,448,16,2.0
s,2.0,33418962875.585304,2448424.96,49673666.56,4896849.92,512,512,16,2.0
m,2.0,83547407188.96326,2448424.96,49673666.56,4896849.92,512,512,16,2.0
l,2.0,167094814377.9265,2448424.96,49673666.56,4896849.92,512,512,16,2.0
xl,2.0,334189628755.853,2448424.96,49673666.56,4896849.92,512,512,16,2.0
s,2.0,26561923778.906506,3098787.84,62868234.239999995,6197575.68,576,576,16,2.0
m,2.0,66404809447.266266,3098787.84,62868234.239999995,6197575.68,576,576,16,2.0
l,2.0,132809618894.53253,3098787.84,62868234.239999995,6197575.68,576,576,16,2.0
xl,2.0,265619237789.06506,3098787.84,62868234.239999995,6197575.68,576,576,16,2.0
s,2.0,21617867357.608295,3825664.0,77615104.0,7651328.0,640,640,16,2.0
m,2.0,54044668394.02074,3825664.0,77615104.0,7651328.0,640,640,16,2.0
l,2.0,108089336788.04147,3825664.0,77615104.0,7651328.0,640,640,16,2.0
xl,2.0,216178673576.08295,3825664.0,77615104.0,7651328.0,640,640,16,2.0
s,2.0,19018423789.186573,3825664.0,93914275.84,7651328.0,704,640,16,2.0
m,2.0,47546059472.96643,3825664.0,93914275.84,7651328.0,704,640,16,2.0
l,2.0,95092118945.93286,3825664.0,93914275.84,7651328.0,704,640,16,2.0
xl,2.0,190184237891.86572,3825664.0,93914275.84,7651328.0,704,640,16,2.0
s,2.0,20230203793.958824,4629053.4399999995,77615104.0,9258106.879999999,640,704,16,2.0
m,2.0,50575509484.897064,4629053.4399999995,77615104.0,9258106.879999999,640,704,16,2.0
l,2.0,101151018969.79413,4629053.4399999995,77615104.0,9258106.879999999,640,704,16,2.0
xl,2.0,202302037939.58826,4629053.4399999995,77615104.0,9258106.879999999,640,704,16,2.0
s,2.0,17936061424.92073,4629053.4399999995,93914275.84,9258106.879999999,704,704,16,2.0
m,2.0,44840153562.30183,4629053.4399999995,93914275.84,9258106.879999999,704,704,16,2.0
l,2.0,89680307124.60365,4629053.4399999995,93914275.84,9258106.879999999,704,704,16,2.0
xl,2.0,179360614249.2073,4629053.4399999995,93914275.84,9258106.879999999,704,704,16,2.0
s,2.0,15957495156.325748,4629053.4399999995,111765749.76,9258106.879999999,768,704,16,2.0
m,2.0,39893737890.81437,4629053.4399999995,111765749.76,9258106.879999999,768,704,16,2.0
l,2.0,79787475781.62874,4629053.4399999995,111765749.76,9258106.879999999,768,704,16,2.0
xl,2.0,159574951563.25748,4629053.4399999995,111765749.76,9258106.879999999,768,704,16,2.0
s,2.0,16885701228.725199,5508956.16,93914275.84,11017912.32,704,768,16,2.0
m,2.0,42214253071.812996,5508956.16,93914275.84,11017912.32,704,768,16,2.0
l,2.0,84428506143.62599,5508956.16,93914275.84,11017912.32,704,768,16,2.0
xl,2.0,168857012287.25198,5508956.16,93914275.84,11017912.32,704,768,16,2.0
s,2.0,15120682595.127577,5508956.16,111765749.76,11017912.32,768,768,16,2.0
m,2.0,37801706487.81894,5508956.16,111765749.76,11017912.32,768,768,16,2.0
l,2.0,75603412975.63788,5508956.16,111765749.76,11017912.32,768,768,16,2.0
xl,2.0,151206825951.27576,5508956.16,111765749.76,11017912.32,768,768,16,2.0
s,2.0,90968517499.02423,612106.24,19677184.0,1836318.72,640,256,4,3.0
s,2.0,62022368223.20781,956416.0,28335144.96,2869248.0,768,320,4,3.0
s,2.0,90141325444.9722,612106.24,19923148.799999997,1836318.72,576,256,5,3.0
s,2.0,67913227540.824,956416.0,24596480.0,2869248.0,640,320,5,3.0
s,2.0,59986977547.01828,956416.0,29761740.8,2869248.0,704,320,5,3.0
s,2.0,53190439133.4571,956416.0,35418931.2,2869248.0,768,320,5,3.0
s,2.0,47475096615.23982,1377239.04,35418931.2,4131717.12,768,384,5,3.0
m,2.0,118687741538.09955,1377239.04,35418931.2,4131717.12,768,384,5,3.0
l,2.0,237375483076.1991,1377239.04,35418931.2,4131717.12,768,384,5,3.0
xl,2.0,474750966152.3982,1377239.04,35418931.2,4131717.12,768,384,5,3.0
s,2.0,93357777835.1368,612106.24,18890096.64,1836318.72,512,256,6,3.0
s,2.0,60289311525.00125,956416.0,29515776.0,2869248.0,640,320,6,3.0
s,2.0,52850146681.565506,956416.0,35714088.96,2869248.0,704,320,6,3.0
s,2.0,47203818020.02204,1377239.04,35714088.96,4131717.12,704,384,6,3.0
m,2.0,118009545050.0551,1377239.04,35714088.96,4131717.12,704,384,6,3.0
l,2.0,236019090100.1102,1377239.04,35714088.96,4131717.12,704,384,6,3.0
xl,2.0,472038180200.2204,1377239.04,35714088.96,4131717.12,704,384,6,3.0
s,2.0,42121525223.52849,1377239.04,42502717.44,4131717.12,768,384,6,3.0
m,2.0,105303813058.82123,1377239.04,42502717.44,4131717.12,768,384,6,3.0
l,2.0,210607626117.64246,1377239.04,42502717.44,4131717.12,768,384,6,3.0
xl,2.0,421215252235.2849,1377239.04,42502717.44,4131717.12,768,384,6,3.0
s,2.0,83991720915.91132,612106.24,22038446.08,1836318.72,512,256,7,3.0
s,2.0,62566049727.37619,956416.0,27892408.32,2869248.0,576,320,7,3.0
s,2.0,54204349530.46024,956416.0,34435072.0,2869248.0,640,320,7,3.0
s,2.0,48281171745.87684,1377239.04,34435072.0,4131717.12,640,384,7,3.0
s,2.0,42669642208.5643,1377239.04,41666437.120000005,4131717.12,704,384,7,3.0
m,2.0,106674105521.41075,1377239.04,41666437.120000005,4131717.12,704,384,7,3.0
l,2.0,213348211042.8215,1377239.04,41666437.120000005,4131717.12,704,384,7,3.0
xl,2.0,426696422085.643,1377239.04,41666437.120000005,4131717.12,704,384,7,3.0
s,2.0,37852998286.93682,1377239.04,49586503.68,4131717.12,768,384,7,3.0
m,2.0,94632495717.34206,1377239.04,49586503.68,4131717.12,768,384,7,3.0
l,2.0,189264991434.6841,1377239.04,49586503.68,4131717.12,768,384,7,3.0
xl,2.0,378529982869.3682,1377239.04,49586503.68,4131717.12,768,384,7,3.0
s,2.0,34394102484.519905,1874575.3599999999,49586503.68,5623726.08,768,448,7,3.0
m,2.0,85985256211.29976,1874575.3599999999,49586503.68,5623726.08,768,448,7,3.0
l,2.0,171970512422.59952,1874575.3599999999,49586503.68,5623726.08,768,448,7,3.0
xl,2.0,343941024845.19904,1874575.3599999999,49586503.68,5623726.08,768,448,7,3.0
s,2.0,91971925165.16687,612106.24,19283640.32,1836318.72,448,256,8,3.0
s,2.0,66799230541.26659,956416.0,25186795.52,2869248.0,512,320,8,3.0
s,2.0,57166059114.93696,956416.0,31877038.08,2869248.0,576,320,8,3.0
s,2.0,44298704306.13458,1377239.04,39354368.0,4131717.12,640,384,8,3.0
m,2.0,110746760765.33646,1377239.04,39354368.0,4131717.12,640,384,8,3.0
l,2.0,221493521530.6729,1377239.04,39354368.0,4131717.12,640,384,8,3.0
xl,2.0,442987043061.3458,1377239.04,39354368.0,4131717.12,640,384,8,3.0
s,2.0,38930191849.97867,1377239.04,47618785.28,4131717.12,704,384,8,3.0
m,2.0,97325479624.94667,1377239.04,47618785.28,4131717.12,704,384,8,3.0
l,2.0,194650959249.89334,1377239.04,47618785.28,4131717.12,704,384,8,3.0
xl,2.0,389301918499.7867,1377239.04,47618785.28,4131717.12,704,384,8,3.0
s,2.0,35281122240.000145,1874575.3599999999,47618785.28,5623726.08,704,448,8,3.0
m,2.0,88202805600.00037,1874575.3599999999,47618785.28,5623726.08,704,448,8,3.0
l,2.0,176405611200.00073,1874575.3599999999,47618785.28,5623726.08,704,448,8,3.0
xl,2.0,352811222400.00146,1874575.3599999999,47618785.28,5623726.08,704,448,8,3.0
s,2.0,31494170524.778145,1874575.3599999999,56670289.92,5623726.08,768,448,8,3.0
m,2.0,78735426311.94536,1874575.3599999999,56670289.92,5623726.08,768,448,8,3.0
l,2.0,157470852623.89072,1874575.3599999999,56670289.92,5623726.08,768,448,8,3.0
xl,2.0,314941705247.78143,1874575.3599999999,56670289.92,5623726.08,768,448,8,3.0
s,2.0,84825557394.84508,612106.24,21694095.36,1836318.72,448,256,9,3.0
s,2.0,61863244102.97781,956416.0,28335144.96,2869248.0,512,320,9,3.0
s,2.0,52624141106.65825,956416.0,35861667.839999996,2869248.0,576,320,9,3.0
s,2.0,47023441719.88367,1377239.04,35861667.839999996,4131717.12,576,384,9,3.0
m,2.0,117558604299.70917,1377239.04,35861667.839999996,4131717.12,576,384,9,3.0
l,2.0,235117208599.41833,1377239.04,35861667.839999996,4131717.12,576,384,9,3.0
xl,2.0,470234417198.8367,1377239.04,35861667.839999996,4131717.12,576,384,9,3.0
s,2.0,40923161571.81817,1377239.04,44273664.0,4131717.12,640,384,9,3.0
m,2.0,102307903929.54543,1377239.04,44273664.0,4131717.12,640,384,9,3.0
l,2.0,204615807859.09085,1377239.04,44273664.0,4131717.12,640,384,9,3.0
xl,2.0,409231615718.1817,1377239.04,44273664.0,4131717.12,640,384,9,3.0
s,2.0,32685177375.606808,1874575.3599999999,53571133.44,5623726.08,704,448,9,3.0
m,2.0,81712943439.01701,1874575.3599999999,53571133.44,5623726.08,704,448,9,3.0
l,2.0,163425886878.03403,1874575.3599999999,53571133.44,5623726.08,704,448,9,3.0
xl,2.0,326851773756.06805,1874575.3599999999,53571133.44,5623726.08,704,448,9,3.0
s,2.0,29045227871.849003,1874575.3599999999,63754076.160000004,5623726.08,768,448,9,3.0
m,2.0,72613069679.62251,1874575.3599999999,63754076.160000004,5623726.08,768,448,9,3.0
l,2.0,145226139359.24503,1874575.3599999999,63754076.160000004,5623726.08,768,448,9,3.0
xl,2.0,290452278718.49005,1874575.3599999999,63754076.160000004,5623726.08,768,448,9,3.0
s,2.0,26681401289.095043,2448424.96,63754076.160000004,7345274.88,768,512,9,3.0
m,2.0,66703503222.73761,2448424.96,63754076.160000004,7345274.88,768,512,9,3.0
l,2.0,133407006445.47522,2448424.96,63754076.160000004,7345274.88,768,512,9,3.0
xl,2.0,266814012890.95044,2448424.96,63754076.160000004,7345274.88,768,512,9,3.0
s,2.0,55151289251.83438,956416.0,30783569.92,2869248.0,512,320,10,3.0
s,2.0,42291922287.503365,1377239.04,38960455.67999999,4131717.12,576,384,10,3.0
m,2.0,105729805718.7584,1377239.04,38960455.67999999,4131717.12,576,384,10,3.0
l,2.0,211459611437.5168,1377239.04,38960455.67999999,4131717.12,576,384,10,3.0
xl,2.0,422919222875.0336,1377239.04,38960455.67999999,4131717.12,576,384,10,3.0
s,2.0,36678328849.42231,1377239.04,48099328.0,4131717.12,640,384,10,3.0
m,2.0,91695822123.55577,1377239.04,48099328.0,4131717.12,640,384,10,3.0
l,2.0,183391644247.11154,1377239.04,48099328.0,4131717.12,640,384,10,3.0
xl,2.0,366783288494.2231,1377239.04,48099328.0,4131717.12,640,384,10,3.0
s,2.0,33421542677.23519,1874575.3599999999,48099328.0,5623726.08,640,448,10,3.0
m,2.0,83553856693.08798,1874575.3599999999,48099328.0,5623726.08,640,448,10,3.0
l,2.0,167107713386.17596,1874575.3599999999,48099328.0,5623726.08,640,448,10,3.0
xl,2.0,334215426772.3519,1874575.3599999999,48099328.0,5623726.08,640,448,10,3.0
s,2.0,29491002936.72823,1874575.3599999999,58200186.879999995,5623726.08,704,448,10,3.0
m,2.0,73727507341.82057,1874575.3599999999,58200186.879999995,5623726.08,704,448,10,3.0
l,2.0,147455014683.64114,1874575.3599999999,58200186.879999995,5623726.08,704,448,10,3.0
xl,2.0,294910029367.2823,1874575.3599999999,58200186.879999995,5623726.08,704,448,10,3.0
s,2.0,26133255888.579372,1874575.3599999999,69263032.32000001,5623726.08,768,448,10,3.0
m,2.0,65333139721.44843,1874575.3599999999,69263032.32000001,5623726.08,768,448,10,3.0
l,2.0,130666279442.89687,1874575.3599999999,69263032.32000001,5623726.08,768,448,10,3.0
xl,2.0,261332558885.79373,1874575.3599999999,69263032.32000001,5623726.08,768,448,10,3.0
s,2.0,24203905285.0145,2448424.96,69263032.32000001,7345274.88,768,512,10,3.0
m,2.0,60509763212.536255,2448424.96,69263032.32000001,7345274.88,768,512,10,3.0
l,2.0,121019526425.07251,2448424.96,69263032.32000001,7345274.88,768,512,10,3.0
xl,2.0,242039052850.14502,2448424.96,69263032.32000001,7345274.88,768,512,10,3.0
s,2.0,86628443702.40598,612106.24,19086704.64,1836318.72,384,256,11,3.0
s,2.0,61854490251.00988,956416.0,25979125.759999998,2869248.0,448,320,11,3.0
s,2.0,51742700785.52209,956416.0,33931919.36,2869248.0,512,320,11,3.0
s,2.0,39753582742.35021,1377239.04,42945085.44,4131717.12,576,384,11,3.0
m,2.0,99383956855.87553,1377239.04,42945085.44,4131717.12,576,384,11,3.0
l,2.0,198767913711.75107,1377239.04,42945085.44,4131717.12,576,384,11,3.0
xl,2.0,397535827423.50214,1377239.04,42945085.44,4131717.12,576,384,11,3.0
s,2.0,31463522158.968296,1874575.3599999999,53018624.0,5623726.08,640,448,11,3.0
m,2.0,78658805397.42075,1874575.3599999999,53018624.0,5623726.08,640,448,11,3.0
l,2.0,157317610794.8415,1874575.3599999999,53018624.0,5623726.08,640,448,11,3.0
xl,2.0,314635221589.683,1874575.3599999999,53018624.0,5623726.08,640,448,11,3.0
s,2.0,27655031473.68247,1874575.3599999999,64152535.04,5623726.08,704,448,11,3.0
m,2.0,69137578684.20616,1874575.3599999999,64152535.04,5623726.08,704,448,11,3.0
l,2.0,138275157368.41232,1874575.3599999999,64152535.04,5623726.08,704,448,11,3.0
xl,2.0,276550314736.82465,1874575.3599999999,64152535.04,5623726.08,704,448,11,3.0
s,2.0,25503689918.743935,2448424.96,64152535.04,7345274.88,704,512,11,3.0
m,2.0,63759224796.85984,2448424.96,64152535.04,7345274.88,704,512,11,3.0
l,2.0,127518449593.71968,2448424.96,64152535.04,7345274.88,704,512,11,3.0
xl,2.0,255036899187.43936,2448424.96,64152535.04,7345274.88,704,512,11,3.0
s,2.0,22730991021.45494,2448424.96,76346818.56,7345274.88,768,512,11,3.0
m,2.0,56827477553.63735,2448424.96,76346818.56,7345274.88,768,512,11,3.0
l,2.0,113654955107.2747,2448424.96,76346818.56,7345274.88,768,512,11,3.0
xl,2.0,227309910214.5494,2448424.96,76346818.56,7345274.88,768,512,11,3.0
s,2.0,81846284558.44781,612106.24,20857651.2,1836318.72,384,256,12,3.0
s,2.0,58537756075.28716,956416.0,28389580.8,2869248.0,448,320,12,3.0
s,2.0,43890148618.082504,1377239.04,37080268.8,4131717.12,512,384,12,3.0
m,2.0,109725371545.20627,1377239.04,37080268.8,4131717.12,512,384,12,3.0
l,2.0,219450743090.41254,1377239.04,37080268.8,4131717.12,512,384,12,3.0
xl,2.0,438901486180.8251,1377239.04,37080268.8,4131717.12,512,384,12,3.0
s,2.0,37502690443.01238,1377239.04,46929715.2,4131717.12,576,384,12,3.0
m,2.0,93756726107.53096,1377239.04,46929715.2,4131717.12,576,384,12,3.0
l,2.0,187513452215.06192,1377239.04,46929715.2,4131717.12,576,384,12,3.0
xl,2.0,375026904430.12384,1377239.04,46929715.2,4131717.12,576,384,12,3.0
s,2.0,34104645077.760612,1874575.3599999999,46929715.2,5623726.08,576,448,12,3.0
m,2.0,85261612694.40152,1874575.3599999999,46929715.2,5623726.08,576,448,12,3.0
l,2.0,170523225388.80304,1874575.3599999999,46929715.2,5623726.08,576,448,12,3.0
xl,2.0,341046450777.6061,1874575.3599999999,46929715.2,5623726.08,576,448,12,3.0
s,2.0,29722228134.96414,1874575.3599999999,57937920.0,5623726.08,640,448,12,3.0
m,2.0,74305570337.41035,1874575.3599999999,57937920.0,5623726.08,640,448,12,3.0
l,2.0,148611140674.8207,1874575.3599999999,57937920.0,5623726.08,640,448,12,3.0
xl,2.0,297222281349.6414,1874575.3599999999,57937920.0,5623726.08,640,448,12,3.0
s,2.0,26034260570.390907,1874575.3599999999,70104883.2,5623726.08,704,448,12,3.0
m,2.0,65085651425.97727,1874575.3599999999,70104883.2,5623726.08,704,448,12,3.0
l,2.0,130171302851.95454,1874575.3599999999,70104883.2,5623726.08,704,448,12,3.0
xl,2.0,260342605703.9091,1874575.3599999999,70104883.2,5623726.08,704,448,12,3.0
s,2.0,24118963774.91405,2448424.96,70104883.2,7345274.88,704,512,12,3.0
m,2.0,60297409437.285126,2448424.96,70104883.2,7345274.88,704,512,12,3.0
l,2.0,120594818874.57025,2448424.96,70104883.2,7345274.88,704,512,12,3.0
xl,2.0,241189637749.1405,2448424.96,70104883.2,7345274.88,704,512,12,3.0
s,2.0,21427060024.97744,2448424.96,83430604.8,7345274.88,768,512,12,3.0
m,2.0,53567650062.443596,2448424.96,83430604.8,7345274.88,768,512,12,3.0
l,2.0,107135300124.88719,2448424.96,83430604.8,7345274.88,768,512,12,3.0
xl,2.0,214270600249.77438,2448424.96,83430604.8,7345274.88,768,512,12,3.0
s,2.0,19954644147.45804,3098787.84,83430604.8,9296363.52,768,576,12,3.0
m,2.0,49886610368.645096,3098787.84,83430604.8,9296363.52,768,576,12,3.0
l,2.0,99773220737.29019,3098787.84,83430604.8,9296363.52,768,576,12,3.0
xl,2.0,199546441474.58038,3098787.84,83430604.8,9296363.52,768,576,12,3.0
s,2.0,77564484133.63252,612106.24,22628597.759999998,1836318.72,384,256,13,3.0
s,2.0,55558616464.932,956416.0,30800035.84,2869248.0,448,320,13,3.0
s,2.0,41703833122.74566,1377239.04,40228618.24,4131717.12,512,384,13,3.0
m,2.0,104259582806.86415,1377239.04,40228618.24,4131717.12,512,384,13,3.0
l,2.0,208519165613.7283,1377239.04,40228618.24,4131717.12,512,384,13,3.0
xl,2.0,417038331227.4566,1377239.04,40228618.24,4131717.12,512,384,13,3.0
s,2.0,35493035113.69692,1377239.04,50914344.95999999,4131717.12,576,384,13,3.0
m,2.0,88732587784.2423,1377239.04,50914344.95999999,4131717.12,576,384,13,3.0
l,2.0,177465175568.4846,1377239.04,50914344.95999999,4131717.12,576,384,13,3.0
xl,2.0,354930351136.9692,1377239.04,50914344.95999999,4131717.12,576,384,13,3.0
s,2.0,32434563786.513733,1874575.3599999999,50914344.95999999,5623726.08,576,448,13,3.0
m,2.0,81086409466.28433,1874575.3599999999,50914344.95999999,5623726.08,576,448,13,3.0
l,2.0,162172818932.56866,1874575.3599999999,50914344.95999999,5623726.08,576,448,13,3.0
xl,2.0,324345637865.1373,1874575.3599999999,50914344.95999999,5623726.08,576,448,13,3.0
s,2.0,28163564537.90314,1874575.3599999999,62857216.0,5623726.08,640,448,13,3.0
m,2.0,70408911344.75784,1874575.3599999999,62857216.0,5623726.08,640,448,13,3.0
l,2.0,140817822689.5157,1874575.3599999999,62857216.0,5623726.08,640,448,13,3.0
xl,2.0,281635645379.0314,1874575.3599999999,62857216.0,5623726.08,640,448,13,3.0
s,2.0,25935562981.73026,2448424.96,62857216.0,7345274.88,640,512,13,3.0
m,2.0,64838907454.325645,2448424.96,62857216.0,7345274.88,640,512,13,3.0
l,2.0,129677814908.65129,2448424.96,62857216.0,7345274.88,640,512,13,3.0
xl,2.0,259355629817.30258,2448424.96,62857216.0,7345274.88,640,512,13,3.0
s,2.0,22876861613.76457,2448424.96,76057231.36,7345274.88,704,512,13,3.0
m,2.0,57192154034.41142,2448424.96,76057231.36,7345274.88,704,512,13,3.0
l,2.0,114384308068.82285,2448424.96,76057231.36,7345274.88,704,512,13,3.0
xl,2.0,228768616137.6457,2448424.96,76057231.36,7345274.88,704,512,13,3.0
s,2.0,20264609499.48347,2448424.96,90514391.03999999,7345274.88,768,512,13,3.0
m,2.0,50661523748.70868,2448424.96,90514391.03999999,7345274.88,768,512,13,3.0
l,2.0,101323047497.41736,2448424.96,90514391.03999999,7345274.88,768,512,13,3.0
xl,2.0,202646094994.83472,2448424.96,90514391.03999999,7345274.88,768,512,13,3.0
s,2.0,18942693412.173733,3098787.84,90514391.03999999,9296363.52,768,576,13,3.0
m,2.0,47356733530.43433,3098787.84,90514391.03999999,9296363.52,768,576,13,3.0
l,2.0,94713467060.86867,3098787.84,90514391.03999999,9296363.52,768,576,13,3.0
xl,2.0,189426934121.73734,3098787.84,90514391.03999999,9296363.52,768,576,13,3.0
s,2.0,64780208939.2874,956416.0,24399544.32,2869248.0,384,320,14,3.0
s,2.0,52868024341.21662,956416.0,33210490.88,2869248.0,448,320,14,3.0
s,2.0,39724997760.14574,1377239.04,43376967.68,4131717.12,512,384,14,3.0
m,2.0,99312494400.36433,1377239.04,43376967.68,4131717.12,512,384,14,3.0
l,2.0,198624988800.72867,1377239.04,43376967.68,4131717.12,512,384,14,3.0
xl,2.0,397249977601.45734,1377239.04,43376967.68,4131717.12,512,384,14,3.0
s,2.0,30920412214.510723,1874575.3599999999,54898974.72,5623726.08,576,448,14,3.0
m,2.0,77301030536.27681,1874575.3599999999,54898974.72,5623726.08,576,448,14,3.0
l,2.0,154602061072.55362,1874575.3599999999,54898974.72,5623726.08,576,448,14,3.0
xl,2.0,309204122145.10724,1874575.3599999999,54898974.72,5623726.08,576,448,14,3.0
s,2.0,26760231052.887245,1874575.3599999999,67776512.0,5623726.08,640,448,14,3.0
m,2.0,66900577632.21811,1874575.3599999999,67776512.0,5623726.08,640,448,14,3.0
l,2.0,133801155264.43622,1874575.3599999999,67776512.0,5623726.08,640,448,14,3.0
xl,2.0,267602310528.87244,1874575.3599999999,67776512.0,5623726.08,640,448,14,3.0
s,2.0,24740770952.190968,2448424.96,67776512.0,7345274.88,640,512,14,3.0
m,2.0,61851927380.47742,2448424.96,67776512.0,7345274.88,640,512,14,3.0
l,2.0,123703854760.95483,2448424.96,67776512.0,7345274.88,640,512,14,3.0
xl,2.0,247407709521.90967,2448424.96,67776512.0,7345274.88,640,512,14,3.0
s,2.0,21756427665.033417,2448424.96,82009579.52,7345274.88,704,512,14,3.0
m,2.0,54391069162.583534,2448424.96,82009579.52,7345274.88,704,512,14,3.0
l,2.0,108782138325.16707,2448424.96,82009579.52,7345274.88,704,512,14,3.0
xl,2.0,217564276650.33414,2448424.96,82009579.52,7345274.88,704,512,14,3.0
s,2.0,20239998977.70194,3098787.84,82009579.52,9296363.52,704,576,14,3.0
m,2.0,50599997444.254845,3098787.84,82009579.52,9296363.52,704,576,14,3.0
l,2.0,101199994888.50969,3098787.84,82009579.52,9296363.52,704,576,14,3.0
xl,2.0,202399989777.01938,3098787.84,82009579.52,9296363.52,704,576,14,3.0
s,2.0,18028426091.518223,3098787.84,97598177.28,9296363.52,768,576,14,3.0
m,2.0,45071065228.795555,3098787.84,97598177.28,9296363.52,768,576,14,3.0
l,2.0,90142130457.59111,3098787.84,97598177.28,9296363.52,768,576,14,3.0
xl,2.0,180284260915.18222,3098787.84,97598177.28,9296363.52,768,576,14,3.0
s,2.0,16861953447.972168,3825664.0,97598177.28,11476992.0,768,640,14,3.0
m,2.0,42154883619.93042,3825664.0,97598177.28,11476992.0,768,640,14,3.0
l,2.0,84309767239.86084,3825664.0,97598177.28,11476992.0,768,640,14,3.0
xl,2.0,168619534479.72168,3825664.0,97598177.28,11476992.0,768,640,14,3.0
s,2.0,90292556261.43628,612106.24,18173952.0,1836318.72,320,256,15,3.0
s,2.0,62068290214.24385,956416.0,26170490.88,2869248.0,384,320,15,3.0
s,2.0,50425994769.73514,956416.0,35620945.92,2869248.0,448,320,15,3.0
s,2.0,45260449555.17233,1377239.04,35620945.92,4131717.12,448,384,15,3.0
m,2.0,113151123887.93083,1377239.04,35620945.92,4131717.12,448,384,15,3.0
l,2.0,226302247775.86166,1377239.04,35620945.92,4131717.12,448,384,15,3.0
xl,2.0,452604495551.7233,1377239.04,35620945.92,4131717.12,448,384,15,3.0
s,2.0,37925445830.90975,1377239.04,46525317.12,4131717.12,512,384,15,3.0
m,2.0,94813614577.27438,1377239.04,46525317.12,4131717.12,512,384,15,3.0
l,2.0,189627229154.54877,1377239.04,46525317.12,4131717.12,512,384,15,3.0
xl,2.0,379254458309.09753,1377239.04,46525317.12,4131717.12,512,384,15,3.0
s,2.0,29541326429.756954,1874575.3599999999,58883604.480000004,5623726.08,576,448,15,3.0
m,2.0,73853316074.39238,1874575.3599999999,58883604.480000004,5623726.08,576,448,15,3.0
l,2.0,147706632148.78476,1874575.3599999999,58883604.480000004,5623726.08,576,448,15,3.0
xl,2.0,295413264297.5695,1874575.3599999999,58883604.480000004,5623726.08,576,448,15,3.0
s,2.0,23651213667.51643,2448424.96,72695808.0,7345274.88,640,512,15,3.0
m,2.0,59128034168.79108,2448424.96,72695808.0,7345274.88,640,512,15,3.0
l,2.0,118256068337.58215,2448424.96,72695808.0,7345274.88,640,512,15,3.0
xl,2.0,236512136675.1643,2448424.96,72695808.0,7345274.88,640,512,15,3.0
s,2.0,20740619858.877373,2448424.96,87961927.68,7345274.88,704,512,15,3.0
m,2.0,51851549647.19343,2448424.96,87961927.68,7345274.88,704,512,15,3.0
l,2.0,103703099294.38686,2448424.96,87961927.68,7345274.88,704,512,15,3.0
xl,2.0,207406198588.7737,2448424.96,87961927.68,7345274.88,704,512,15,3.0
s,2.0,19357990060.573414,3098787.84,87961927.68,9296363.52,704,576,15,3.0
m,2.0,48394975151.43354,3098787.84,87961927.68,9296363.52,704,576,15,3.0
l,2.0,96789950302.86708,3098787.84,87961927.68,9296363.52,704,576,15,3.0
xl,2.0,193579900605.73416,3098787.84,87961927.68,9296363.52,704,576,15,3.0
s,2.0,17198349372.32134,3098787.84,104681963.52,9296363.52,768,576,15,3.0
m,2.0,42995873430.803345,3098787.84,104681963.52,9296363.52,768,576,15,3.0
l,2.0,85991746861.60669,3098787.84,104681963.52,9296363.52,768,576,15,3.0
xl,2.0,171983493723.21338,3098787.84,104681963.52,9296363.52,768,576,15,3.0
s,2.0,16133647105.665012,3825664.0,104681963.52,11476992.0,768,640,15,3.0
m,2.0,40334117764.16253,3825664.0,104681963.52,11476992.0,768,640,15,3.0
l,2.0,80668235528.32506,3825664.0,104681963.52,11476992.0,768,640,15,3.0
xl,2.0,161336471056.65012,3825664.0,104681963.52,11476992.0,768,640,15,3.0
s,2.0,86618077944.01889,612106.24,19403776.0,1836318.72,320,256,16,3.0
s,2.0,59574308111.61111,956416.0,27941437.44,2869248.0,384,320,16,3.0
s,2.0,43458681939.75804,1377239.04,38031400.96,4131717.12,448,384,16,3.0
m,2.0,108646704849.39511,1377239.04,38031400.96,4131717.12,448,384,16,3.0
l,2.0,217293409698.79022,1377239.04,38031400.96,4131717.12,448,384,16,3.0
xl,2.0,434586819397.58044,1377239.04,38031400.96,4131717.12,448,384,16,3.0
s,2.0,36281868483.950584,1377239.04,49673666.56,4131717.12,512,384,16,3.0
m,2.0,90704671209.87645,1377239.04,49673666.56,4131717.12,512,384,16,3.0
l,2.0,181409342419.7529,1377239.04,49673666.56,4131717.12,512,384,16,3.0
xl,2.0,362818684839.5058,1377239.04,49673666.56,4131717.12,512,384,16,3.0
s,2.0,33092046252.027676,1874575.3599999999,49673666.56,5623726.08,512,448,16,3.0
m,2.0,82730115630.06918,1874575.3599999999,49673666.56,5623726.08,512,448,16,3.0
l,2.0,165460231260.13837,1874575.3599999999,49673666.56,5623726.08,512,448,16,3.0
xl,2.0,330920462520.27673,1874575.3599999999,49673666.56,5623726.08,512,448,16,3.0
s,2.0,28280005794.279083,1874575.3599999999,62868234.239999995,5623726.08,576,448,16,3.0
m,2.0,70700014485.69771,1874575.3599999999,62868234.239999995,5623726.08,576,448,16,3.0
l,2.0,141400028971.39542,1874575.3599999999,62868234.239999995,5623726.08,576,448,16,3.0
xl,2.0,282800057942.79083,1874575.3599999999,62868234.239999995,5623726.08,576,448,16,3.0
s,2.0,26034277487.858677,2448424.96,62868234.239999995,7345274.88,576,512,16,3.0
m,2.0,65085693719.6467,2448424.96,62868234.239999995,7345274.88,576,512,16,3.0
l,2.0,130171387439.2934,2448424.96,62868234.239999995,7345274.88,576,512,16,3.0
xl,2.0,260342774878.5868,2448424.96,62868234.239999995,7345274.88,576,512,16,3.0
s,2.0,22653574307.051083,2448424.96,77615104.0,7345274.88,640,512,16,3.0
m,2.0,56633935767.62771,2448424.96,77615104.0,7345274.88,640,512,16,3.0
l,2.0,113267871535.25542,2448424.96,77615104.0,7345274.88,640,512,16,3.0
xl,2.0,226535743070.51083,2448424.96,77615104.0,7345274.88,640,512,16,3.0
s,2.0,21014216140.755142,3098787.84,77615104.0,9296363.52,640,576,16,3.0
m,2.0,52535540351.887856,3098787.84,77615104.0,9296363.52,640,576,16,3.0
l,2.0,105071080703.77571,3098787.84,77615104.0,9296363.52,640,576,16,3.0
xl,2.0,210142161407.55142,3098787.84,77615104.0,9296363.52,640,576,16,3.0
s,2.0,18549642675.4136,3098787.84,93914275.84,9296363.52,704,576,16,3.0
m,2.0,46374106688.534,3098787.84,93914275.84,9296363.52,704,576,16,3.0
l,2.0,92748213377.068,3098787.84,93914275.84,9296363.52,704,576,16,3.0
xl,2.0,185496426754.136,3098787.84,93914275.84,9296363.52,704,576,16,3.0
s,2.0,16441346042.530653,3098787.84,111765749.76,9296363.52,768,576,16,3.0
m,2.0,41103365106.32663,3098787.84,111765749.76,9296363.52,768,576,16,3.0
l,2.0,82206730212.65326,3098787.84,111765749.76,9296363.52,768,576,16,3.0
xl,2.0,164413460425.30652,3098787.84,111765749.76,9296363.52,768,576,16,3.0
s,2.0,15465650290.854198,3825664.0,111765749.76,11476992.0,768,640,16,3.0
m,2.0,38664125727.1355,3825664.0,111765749.76,11476992.0,768,640,16,3.0
l,2.0,77328251454.271,3825664.0,111765749.76,11476992.0,768,640,16,3.0
xl,2.0,154656502908.542,3825664.0,111765749.76,11476992.0,768,640,16,3.0
s,2.0,90968517499.02423,612106.24,19677184.0,1836318.72,640,256,4,3.0
s,2.0,62022368223.20781,956416.0,28335144.96,2869248.0,768,320,4,3.0
s,2.0,90141325444.9722,612106.24,19923148.799999997,1836318.72,576,256,5,3.0
s,2.0,67913227540.824,956416.0,24596480.0,2869248.0,640,320,5,3.0
s,2.0,59986977547.01828,956416.0,29761740.8,2869248.0,704,320,5,3.0
s,2.0,53190439133.4571,956416.0,35418931.2,2869248.0,768,320,5,3.0
s,2.0,47475096615.23982,1377239.04,35418931.2,4131717.12,768,384,5,3.0
m,2.0,118687741538.09955,1377239.04,35418931.2,4131717.12,768,384,5,3.0
l,2.0,237375483076.1991,1377239.04,35418931.2,4131717.12,768,384,5,3.0
xl,2.0,474750966152.3982,1377239.04,35418931.2,4131717.12,768,384,5,3.0
s,2.0,93357777835.1368,612106.24,18890096.64,1836318.72,512,256,6,3.0
s,2.0,60289311525.00125,956416.0,29515776.0,2869248.0,640,320,6,3.0
s,2.0,52850146681.565506,956416.0,35714088.96,2869248.0,704,320,6,3.0
s,2.0,47203818020.02204,1377239.04,35714088.96,4131717.12,704,384,6,3.0
m,2.0,118009545050.0551,1377239.04,35714088.96,4131717.12,704,384,6,3.0
l,2.0,236019090100.1102,1377239.04,35714088.96,4131717.12,704,384,6,3.0
xl,2.0,472038180200.2204,1377239.04,35714088.96,4131717.12,704,384,6,3.0
s,2.0,42121525223.52849,1377239.04,42502717.44,4131717.12,768,384,6,3.0
m,2.0,105303813058.82123,1377239.04,42502717.44,4131717.12,768,384,6,3.0
l,2.0,210607626117.64246,1377239.04,42502717.44,4131717.12,768,384,6,3.0
xl,2.0,421215252235.2849,1377239.04,42502717.44,4131717.12,768,384,6,3.0
s,2.0,83991720915.91132,612106.24,22038446.08,1836318.72,512,256,7,3.0
s,2.0,62566049727.37619,956416.0,27892408.32,2869248.0,576,320,7,3.0
s,2.0,54204349530.46024,956416.0,34435072.0,2869248.0,640,320,7,3.0
s,2.0,48281171745.87684,1377239.04,34435072.0,4131717.12,640,384,7,3.0
s,2.0,42669642208.5643,1377239.04,41666437.120000005,4131717.12,704,384,7,3.0
m,2.0,106674105521.41075,1377239.04,41666437.120000005,4131717.12,704,384,7,3.0
l,2.0,213348211042.8215,1377239.04,41666437.120000005,4131717.12,704,384,7,3.0
xl,2.0,426696422085.643,1377239.04,41666437.120000005,4131717.12,704,384,7,3.0
s,2.0,37852998286.93682,1377239.04,49586503.68,4131717.12,768,384,7,3.0
m,2.0,94632495717.34206,1377239.04,49586503.68,4131717.12,768,384,7,3.0
l,2.0,189264991434.6841,1377239.04,49586503.68,4131717.12,768,384,7,3.0
xl,2.0,378529982869.3682,1377239.04,49586503.68,4131717.12,768,384,7,3.0
s,2.0,34394102484.519905,1874575.3599999999,49586503.68,5623726.08,768,448,7,3.0
m,2.0,85985256211.29976,1874575.3599999999,49586503.68,5623726.08,768,448,7,3.0
l,2.0,171970512422.59952,1874575.3599999999,49586503.68,5623726.08,768,448,7,3.0
xl,2.0,343941024845.19904,1874575.3599999999,49586503.68,5623726.08,768,448,7,3.0
s,2.0,91971925165.16687,612106.24,19283640.32,1836318.72,448,256,8,3.0
s,2.0,66799230541.26659,956416.0,25186795.52,2869248.0,512,320,8,3.0
s,2.0,57166059114.93696,956416.0,31877038.08,2869248.0,576,320,8,3.0
s,2.0,44298704306.13458,1377239.04,39354368.0,4131717.12,640,384,8,3.0
m,2.0,110746760765.33646,1377239.04,39354368.0,4131717.12,640,384,8,3.0
l,2.0,221493521530.6729,1377239.04,39354368.0,4131717.12,640,384,8,3.0
xl,2.0,442987043061.3458,1377239.04,39354368.0,4131717.12,640,384,8,3.0
s,2.0,38930191849.97867,1377239.04,47618785.28,4131717.12,704,384,8,3.0
m,2.0,97325479624.94667,1377239.04,47618785.28,4131717.12,704,384,8,3.0
l,2.0,194650959249.89334,1377239.04,47618785.28,4131717.12,704,384,8,3.0
xl,2.0,389301918499.7867,1377239.04,47618785.28,4131717.12,704,384,8,3.0
s,2.0,35281122240.000145,1874575.3599999999,47618785.28,5623726.08,704,448,8,3.0
m,2.0,88202805600.00037,1874575.3599999999,47618785.28,5623726.08,704,448,8,3.0
l,2.0,176405611200.00073,1874575.3599999999,47618785.28,5623726.08,704,448,8,3.0
xl,2.0,352811222400.00146,1874575.3599999999,47618785.28,5623726.08,704,448,8,3.0
s,2.0,31494170524.778145,1874575.3599999999,56670289.92,5623726.08,768,448,8,3.0
m,2.0,78735426311.94536,1874575.3599999999,56670289.92,5623726.08,768,448,8,3.0
l,2.0,157470852623.89072,1874575.3599999999,56670289.92,5623726.08,768,448,8,3.0
xl,2.0,314941705247.78143,1874575.3599999999,56670289.92,5623726.08,768,448,8,3.0
s,2.0,84825557394.84508,612106.24,21694095.36,1836318.72,448,256,9,3.0
s,2.0,61863244102.97781,956416.0,28335144.96,2869248.0,512,320,9,3.0
s,2.0,52624141106.65825,956416.0,35861667.839999996,2869248.0,576,320,9,3.0
s,2.0,47023441719.88367,1377239.04,35861667.839999996,4131717.12,576,384,9,3.0
m,2.0,117558604299.70917,1377239.04,35861667.839999996,4131717.12,576,384,9,3.0
l,2.0,235117208599.41833,1377239.04,35861667.839999996,4131717.12,576,384,9,3.0
xl,2.0,470234417198.8367,1377239.04,35861667.839999996,4131717.12,576,384,9,3.0
s,2.0,40923161571.81817,1377239.04,44273664.0,4131717.12,640,384,9,3.0
m,2.0,102307903929.54543,1377239.04,44273664.0,4131717.12,640,384,9,3.0
l,2.0,204615807859.09085,1377239.04,44273664.0,4131717.12,640,384,9,3.0
xl,2.0,409231615718.1817,1377239.04,44273664.0,4131717.12,640,384,9,3.0
s,2.0,32685177375.606808,1874575.3599999999,53571133.44,5623726.08,704,448,9,3.0
m,2.0,81712943439.01701,1874575.3599999999,53571133.44,5623726.08,704,448,9,3.0
l,2.0,163425886878.03403,1874575.3599999999,53571133.44,5623726.08,704,448,9,3.0
xl,2.0,326851773756.06805,1874575.3599999999,53571133.44,5623726.08,704,448,9,3.0
s,2.0,29045227871.849003,1874575.3599999999,63754076.160000004,5623726.08,768,448,9,3.0
m,2.0,72613069679.62251,1874575.3599999999,63754076.160000004,5623726.08,768,448,9,3.0
l,2.0,145226139359.24503,1874575.3599999999,63754076.160000004,5623726.08,768,448,9,3.0
xl,2.0,290452278718.49005,1874575.3599999999,63754076.160000004,5623726.08,768,448,9,3.0
s,2.0,26681401289.095043,2448424.96,63754076.160000004,7345274.88,768,512,9,3.0
m,2.0,66703503222.73761,2448424.96,63754076.160000004,7345274.88,768,512,9,3.0
l,2.0,133407006445.47522,2448424.96,63754076.160000004,7345274.88,768,512,9,3.0
xl,2.0,266814012890.95044,2448424.96,63754076.160000004,7345274.88,768,512,9,3.0
s,2.0,55151289251.83438,956416.0,30783569.92,2869248.0,512,320,10,3.0
s,2.0,42291922287.503365,1377239.04,38960455.67999999,4131717.12,576,384,10,3.0
m,2.0,105729805718.7584,1377239.04,38960455.67999999,4131717.12,576,384,10,3.0
l,2.0,211459611437.5168,1377239.04,38960455.67999999,4131717.12,576,384,10,3.0
xl,2.0,422919222875.0336,1377239.04,38960455.67999999,4131717.12,576,384,10,3.0
s,2.0,36678328849.42231,1377239.04,48099328.0,4131717.12,640,384,10,3.0
m,2.0,91695822123.55577,1377239.04,48099328.0,4131717.12,640,384,10,3.0
l,2.0,183391644247.11154,1377239.04,48099328.0,4131717.12,640,384,10,3.0
xl,2.0,366783288494.2231,1377239.04,48099328.0,4131717.12,640,384,10,3.0
s,2.0,33421542677.23519,1874575.3599999999,48099328.0,5623726.08,640,448,10,3.0
m,2.0,83553856693.08798,1874575.3599999999,48099328.0,5623726.08,640,448,10,3.0
l,2.0,167107713386.17596,1874575.3599999999,48099328.0,5623726.08,640,448,10,3.0
xl,2.0,334215426772.3519,1874575.3599999999,48099328.0,5623726.08,640,448,10,3.0
s,2.0,29491002936.72823,1874575.3599999999,58200186.879999995,5623726.08,704,448,10,3.0
m,2.0,73727507341.82057,1874575.3599999999,58200186.879999995,5623726.08,704,448,10,3.0
l,2.0,147455014683.64114,1874575.3599999999,58200186.879999995,5623726.08,704,448,10,3.0
xl,2.0,294910029367.2823,1874575.3599999999,58200186.879999995,5623726.08,704,448,10,3.0
s,2.0,26133255888.579372,1874575.3599999999,69263032.32000001,5623726.08,768,448,10,3.0
m,2.0,65333139721.44843,1874575.3599999999,69263032.32000001,5623726.08,768,448,10,3.0
l,2.0,130666279442.89687,1874575.3599999999,69263032.32000001,5623726.08,768,448,10,3.0
xl,2.0,261332558885.79373,1874575.3599999999,69263032.32000001,5623726.08,768,448,10,3.0
s,2.0,24203905285.0145,2448424.96,69263032.32000001,7345274.88,768,512,10,3.0
m,2.0,60509763212.536255,2448424.96,69263032.32000001,7345274.88,768,512,10,3.0
l,2.0,121019526425.07251,2448424.96,69263032.32000001,7345274.88,768,512,10,3.0
xl,2.0,242039052850.14502,2448424.96,69263032.32000001,7345274.88,768,512,10,3.0
s,2.0,86628443702.40598,612106.24,19086704.64,1836318.72,384,256,11,3.0
s,2.0,61854490251.00988,956416.0,25979125.759999998,2869248.0,448,320,11,3.0
s,2.0,51742700785.52209,956416.0,33931919.36,2869248.0,512,320,11,3.0
s,2.0,39753582742.35021,1377239.04,42945085.44,4131717.12,576,384,11,3.0
m,2.0,99383956855.87553,1377239.04,42945085.44,4131717.12,576,384,11,3.0
l,2.0,198767913711.75107,1377239.04,42945085.44,4131717.12,576,384,11,3.0
xl,2.0,397535827423.50214,1377239.04,42945085.44,4131717.12,576,384,11,3.0
s,2.0,31463522158.968296,1874575.3599999999,53018624.0,5623726.08,640,448,11,3.0
m,2.0,78658805397.42075,1874575.3599999999,53018624.0,5623726.08,640,448,11,3.0
l,2.0,157317610794.8415,1874575.3599999999,53018624.0,5623726.08,640,448,11,3.0
xl,2.0,314635221589.683,1874575.3599999999,53018624.0,5623726.08,640,448,11,3.0
s,2.0,27655031473.68247,1874575.3599999999,64152535.04,5623726.08,704,448,11,3.0
m,2.0,69137578684.20616,1874575.3599999999,64152535.04,5623726.08,704,448,11,3.0
l,2.0,138275157368.41232,1874575.3599999999,64152535.04,5623726.08,704,448,11,3.0
xl,2.0,276550314736.82465,1874575.3599999999,64152535.04,5623726.08,704,448,11,3.0
s,2.0,25503689918.743935,2448424.96,64152535.04,7345274.88,704,512,11,3.0
m,2.0,63759224796.85984,2448424.96,64152535.04,7345274.88,704,512,11,3.0
l,2.0,127518449593.71968,2448424.96,64152535.04,7345274.88,704,512,11,3.0
xl,2.0,255036899187.43936,2448424.96,64152535.04,7345274.88,704,512,11,3.0
s,2.0,22730991021.45494,2448424.96,76346818.56,7345274.88,768,512,11,3.0
m,2.0,56827477553.63735,2448424.96,76346818.56,7345274.88,768,512,11,3.0
l,2.0,113654955107.2747,2448424.96,76346818.56,7345274.88,768,512,11,3.0
xl,2.0,227309910214.5494,2448424.96,76346818.56,7345274.88,768,512,11,3.0
s,2.0,81846284558.44781,612106.24,20857651.2,1836318.72,384,256,12,3.0
s,2.0,58537756075.28716,956416.0,28389580.8,2869248.0,448,320,12,3.0
s,2.0,43890148618.082504,1377239.04,37080268.8,4131717.12,512,384,12,3.0
m,2.0,109725371545.20627,1377239.04,37080268.8,4131717.12,512,384,12,3.0
l,2.0,219450743090.41254,1377239.04,37080268.8,4131717.12,512,384,12,3.0
xl,2.0,438901486180.8251,1377239.04,37080268.8,4131717.12,512,384,12,3.0
s,2.0,37502690443.01238,1377239.04,46929715.2,4131717.12,576,384,12,3.0
m,2.0,93756726107.53096,1377239.04,46929715.2,4131717.12,576,384,12,3.0
l,2.0,187513452215.06192,1377239.04,46929715.2,4131717.12,576,384,12,3.0
xl,2.0,375026904430.12384,1377239.04,46929715.2,4131717.12,576,384,12,3.0
s,2.0,34104645077.760612,1874575.3599999999,46929715.2,5623726.08,576,448,12,3.0
m,2.0,85261612694.40152,1874575.3599999999,46929715.2,5623726.08,576,448,12,3.0
l,2.0,170523225388.80304,1874575.3599999999,46929715.2,5623726.08,576,448,12,3.0
xl,2.0,341046450777.6061,1874575.3599999999,46929715.2,5623726.08,576,448,12,3.0
s,2.0,29722228134.96414,1874575.3599999999,57937920.0,5623726.08,640,448,12,3.0
m,2.0,74305570337.41035,1874575.3599999999,57937920.0,5623726.08,640,448,12,3.0
l,2.0,148611140674.8207,1874575.3599999999,57937920.0,5623726.08,640,448,12,3.0
xl,2.0,297222281349.6414,1874575.3599999999,57937920.0,5623726.08,640,448,12,3.0
s,2.0,26034260570.390907,1874575.3599999999,70104883.2,5623726.08,704,448,12,3.0
m,2.0,65085651425.97727,1874575.3599999999,70104883.2,5623726.08,704,448,12,3.0
l,2.0,130171302851.95454,1874575.3599999999,70104883.2,5623726.08,704,448,12,3.0
xl,2.0,260342605703.9091,1874575.3599999999,70104883.2,5623726.08,704,448,12,3.0
s,2.0,24118963774.91405,2448424.96,70104883.2,7345274.88,704,512,12,3.0
m,2.0,60297409437.285126,2448424.96,70104883.2,7345274.88,704,512,12,3.0
l,2.0,120594818874.57025,2448424.96,70104883.2,7345274.88,704,512,12,3.0
xl,2.0,241189637749.1405,2448424.96,70104883.2,7345274.88,704,512,12,3.0
s,2.0,21427060024.97744,2448424.96,83430604.8,7345274.88,768,512,12,3.0
m,2.0,53567650062.443596,2448424.96,83430604.8,7345274.88,768,512,12,3.0
l,2.0,107135300124.88719,2448424.96,83430604.8,7345274.88,768,512,12,3.0
xl,2.0,214270600249.77438,2448424.96,83430604.8,7345274.88,768,512,12,3.0
s,2.0,19954644147.45804,3098787.84,83430604.8,9296363.52,768,576,12,3.0
m,2.0,49886610368.645096,3098787.84,83430604.8,9296363.52,768,576,12,3.0
l,2.0,99773220737.29019,3098787.84,83430604.8,9296363.52,768,576,12,3.0
xl,2.0,199546441474.58038,3098787.84,83430604.8,9296363.52,768,576,12,3.0
s,2.0,77564484133.63252,612106.24,22628597.759999998,1836318.72,384,256,13,3.0
s,2.0,55558616464.932,956416.0,30800035.84,2869248.0,448,320,13,3.0
s,2.0,41703833122.74566,1377239.04,40228618.24,4131717.12,512,384,13,3.0
m,2.0,104259582806.86415,1377239.04,40228618.24,4131717.12,512,384,13,3.0
l,2.0,208519165613.7283,1377239.04,40228618.24,4131717.12,512,384,13,3.0
xl,2.0,417038331227.4566,1377239.04,40228618.24,4131717.12,512,384,13,3.0
s,2.0,35493035113.69692,1377239.04,50914344.95999999,4131717.12,576,384,13,3.0
m,2.0,88732587784.2423,1377239.04,50914344.95999999,4131717.12,576,384,13,3.0
l,2.0,177465175568.4846,1377239.04,50914344.95999999,4131717.12,576,384,13,3.0
xl,2.0,354930351136.9692,1377239.04,50914344.95999999,4131717.12,576,384,13,3.0
s,2.0,32434563786.513733,1874575.3599999999,50914344.95999999,5623726.08,576,448,13,3.0
m,2.0,81086409466.28433,1874575.3599999999,50914344.95999999,5623726.08,576,448,13,3.0
l,2.0,162172818932.56866,1874575.3599999999,50914344.95999999,5623726.08,576,448,13,3.0
xl,2.0,324345637865.1373,1874575.3599999999,50914344.95999999,5623726.08,576,448,13,3.0
s,2.0,28163564537.90314,1874575.3599999999,62857216.0,5623726.08,640,448,13,3.0
m,2.0,70408911344.75784,1874575.3599999999,62857216.0,5623726.08,640,448,13,3.0
l,2.0,140817822689.5157,1874575.3599999999,62857216.0,5623726.08,640,448,13,3.0
xl,2.0,281635645379.0314,1874575.3599999999,62857216.0,5623726.08,640,448,13,3.0
s,2.0,25935562981.73026,2448424.96,62857216.0,7345274.88,640,512,13,3.0
m,2.0,64838907454.325645,2448424.96,62857216.0,7345274.88,640,512,13,3.0
l,2.0,129677814908.65129,2448424.96,62857216.0,7345274.88,640,512,13,3.0
xl,2.0,259355629817.30258,2448424.96,62857216.0,7345274.88,640,512,13,3.0
s,2.0,22876861613.76457,2448424.96,76057231.36,7345274.88,704,512,13,3.0
m,2.0,57192154034.41142,2448424.96,76057231.36,7345274.88,704,512,13,3.0
l,2.0,114384308068.82285,2448424.96,76057231.36,7345274.88,704,512,13,3.0
xl,2.0,228768616137.6457,2448424.96,76057231.36,7345274.88,704,512,13,3.0
s,2.0,20264609499.48347,2448424.96,90514391.03999999,7345274.88,768,512,13,3.0
m,2.0,50661523748.70868,2448424.96,90514391.03999999,7345274.88,768,512,13,3.0
l,2.0,101323047497.41736,2448424.96,90514391.03999999,7345274.88,768,512,13,3.0
xl,2.0,202646094994.83472,2448424.96,90514391.03999999,7345274.88,768,512,13,3.0
s,2.0,18942693412.173733,3098787.84,90514391.03999999,9296363.52,768,576,13,3.0
m,2.0,47356733530.43433,3098787.84,90514391.03999999,9296363.52,768,576,13,3.0
l,2.0,94713467060.86867,3098787.84,90514391.03999999,9296363.52,768,576,13,3.0
xl,2.0,189426934121.73734,3098787.84,90514391.03999999,9296363.52,768,576,13,3.0
s,2.0,64780208939.2874,956416.0,24399544.32,2869248.0,384,320,14,3.0
s,2.0,52868024341.21662,956416.0,33210490.88,2869248.0,448,320,14,3.0
s,2.0,39724997760.14574,1377239.04,43376967.68,4131717.12,512,384,14,3.0
m,2.0,99312494400.36433,1377239.04,43376967.68,4131717.12,512,384,14,3.0
l,2.0,198624988800.72867,1377239.04,43376967.68,4131717.12,512,384,14,3.0
xl,2.0,397249977601.45734,1377239.04,43376967.68,4131717.12,512,384,14,3.0
s,2.0,30920412214.510723,1874575.3599999999,54898974.72,5623726.08,576,448,14,3.0
m,2.0,77301030536.27681,1874575.3599999999,54898974.72,5623726.08,576,448,14,3.0
l,2.0,154602061072.55362,1874575.3599999999,54898974.72,5623726.08,576,448,14,3.0
xl,2.0,309204122145.10724,1874575.3599999999,54898974.72,5623726.08,576,448,14,3.0
s,2.0,26760231052.887245,1874575.3599999999,67776512.0,5623726.08,640,448,14,3.0
m,2.0,66900577632.21811,1874575.3599999999,67776512.0,5623726.08,640,448,14,3.0
l,2.0,133801155264.43622,1874575.3599999999,67776512.0,5623726.08,640,448,14,3.0
xl,2.0,267602310528.87244,1874575.3599999999,67776512.0,5623726.08,640,448,14,3.0
s,2.0,24740770952.190968,2448424.96,67776512.0,7345274.88,640,512,14,3.0
m,2.0,61851927380.47742,2448424.96,67776512.0,7345274.88,640,512,14,3.0
l,2.0,123703854760.95483,2448424.96,67776512.0,7345274.88,640,512,14,3.0
xl,2.0,247407709521.90967,2448424.96,67776512.0,7345274.88,640,512,14,3.0
s,2.0,21756427665.033417,2448424.96,82009579.52,7345274.88,704,512,14,3.0
m,2.0,54391069162.583534,2448424.96,82009579.52,7345274.88,704,512,14,3.0
l,2.0,108782138325.16707,2448424.96,82009579.52,7345274.88,704,512,14,3.0
xl,2.0,217564276650.33414,2448424.96,82009579.52,7345274.88,704,512,14,3.0
s,2.0,20239998977.70194,3098787.84,82009579.52,9296363.52,704,576,14,3.0
m,2.0,50599997444.254845,3098787.84,82009579.52,9296363.52,704,576,14,3.0
l,2.0,101199994888.50969,3098787.84,82009579.52,9296363.52,704,576,14,3.0
xl,2.0,202399989777.01938,3098787.84,82009579.52,9296363.52,704,576,14,3.0
s,2.0,18028426091.518223,3098787.84,97598177.28,9296363.52,768,576,14,3.0
m,2.0,45071065228.795555,3098787.84,97598177.28,9296363.52,768,576,14,3.0
l,2.0,90142130457.59111,3098787.84,97598177.28,9296363.52,768,576,14,3.0
xl,2.0,180284260915.18222,3098787.84,97598177.28,9296363.52,768,576,14,3.0
s,2.0,16861953447.972168,3825664.0,97598177.28,11476992.0,768,640,14,3.0
m,2.0,42154883619.93042,3825664.0,97598177.28,11476992.0,768,640,14,3.0
l,2.0,84309767239.86084,3825664.0,97598177.28,11476992.0,768,640,14,3.0
xl,2.0,168619534479.72168,3825664.0,97598177.28,11476992.0,768,640,14,3.0
s,2.0,90292556261.43628,612106.24,18173952.0,1836318.72,320,256,15,3.0
s,2.0,62068290214.24385,956416.0,26170490.88,2869248.0,384,320,15,3.0
s,2.0,50425994769.73514,956416.0,35620945.92,2869248.0,448,320,15,3.0
s,2.0,45260449555.17233,1377239.04,35620945.92,4131717.12,448,384,15,3.0
m,2.0,113151123887.93083,1377239.04,35620945.92,4131717.12,448,384,15,3.0
l,2.0,226302247775.86166,1377239.04,35620945.92,4131717.12,448,384,15,3.0
xl,2.0,452604495551.7233,1377239.04,35620945.92,4131717.12,448,384,15,3.0
s,2.0,37925445830.90975,1377239.04,46525317.12,4131717.12,512,384,15,3.0
m,2.0,94813614577.27438,1377239.04,46525317.12,4131717.12,512,384,15,3.0
l,2.0,189627229154.54877,1377239.04,46525317.12,4131717.12,512,384,15,3.0
xl,2.0,379254458309.09753,1377239.04,46525317.12,4131717.12,512,384,15,3.0
s,2.0,29541326429.756954,1874575.3599999999,58883604.480000004,5623726.08,576,448,15,3.0
m,2.0,73853316074.39238,1874575.3599999999,58883604.480000004,5623726.08,576,448,15,3.0
l,2.0,147706632148.78476,1874575.3599999999,58883604.480000004,5623726.08,576,448,15,3.0
xl,2.0,295413264297.5695,1874575.3599999999,58883604.480000004,5623726.08,576,448,15,3.0
s,2.0,23651213667.51643,2448424.96,72695808.0,7345274.88,640,512,15,3.0
m,2.0,59128034168.79108,2448424.96,72695808.0,7345274.88,640,512,15,3.0
l,2.0,118256068337.58215,2448424.96,72695808.0,7345274.88,640,512,15,3.0
xl,2.0,236512136675.1643,2448424.96,72695808.0,7345274.88,640,512,15,3.0
s,2.0,20740619858.877373,2448424.96,87961927.68,7345274.88,704,512,15,3.0
m,2.0,51851549647.19343,2448424.96,87961927.68,7345274.88,704,512,15,3.0
l,2.0,103703099294.38686,2448424.96,87961927.68,7345274.88,704,512,15,3.0
xl,2.0,207406198588.7737,2448424.96,87961927.68,7345274.88,704,512,15,3.0
s,2.0,19357990060.573414,3098787.84,87961927.68,9296363.52,704,576,15,3.0
m,2.0,48394975151.43354,3098787.84,87961927.68,9296363.52,704,576,15,3.0
l,2.0,96789950302.86708,3098787.84,87961927.68,9296363.52,704,576,15,3.0
xl,2.0,193579900605.73416,3098787.84,87961927.68,9296363.52,704,576,15,3.0
s,2.0,17198349372.32134,3098787.84,104681963.52,9296363.52,768,576,15,3.0
m,2.0,42995873430.803345,3098787.84,104681963.52,9296363.52,768,576,15,3.0
l,2.0,85991746861.60669,3098787.84,104681963.52,9296363.52,768,576,15,3.0
xl,2.0,171983493723.21338,3098787.84,104681963.52,9296363.52,768,576,15,3.0
s,2.0,16133647105.665012,3825664.0,104681963.52,11476992.0,768,640,15,3.0
m,2.0,40334117764.16253,3825664.0,104681963.52,11476992.0,768,640,15,3.0
l,2.0,80668235528.32506,3825664.0,104681963.52,11476992.0,768,640,15,3.0
xl,2.0,161336471056.65012,3825664.0,104681963.52,11476992.0,768,640,15,3.0
s,2.0,86618077944.01889,612106.24,19403776.0,1836318.72,320,256,16,3.0
s,2.0,59574308111.61111,956416.0,27941437.44,2869248.0,384,320,16,3.0
s,2.0,43458681939.75804,1377239.04,38031400.96,4131717.12,448,384,16,3.0
m,2.0,108646704849.39511,1377239.04,38031400.96,4131717.12,448,384,16,3.0
l,2.0,217293409698.79022,1377239.04,38031400.96,4131717.12,448,384,16,3.0
xl,2.0,434586819397.58044,1377239.04,38031400.96,4131717.12,448,384,16,3.0
s,2.0,36281868483.950584,1377239.04,49673666.56,4131717.12,512,384,16,3.0
m,2.0,90704671209.87645,1377239.04,49673666.56,4131717.12,512,384,16,3.0
l,2.0,181409342419.7529,1377239.04,49673666.56,4131717.12,512,384,16,3.0
xl,2.0,362818684839.5058,1377239.04,49673666.56,4131717.12,512,384,16,3.0
s,2.0,33092046252.027676,1874575.3599999999,49673666.56,5623726.08,512,448,16,3.0
m,2.0,82730115630.06918,1874575.3599999999,49673666.56,5623726.08,512,448,16,3.0
l,2.0,165460231260.13837,1874575.3599999999,49673666.56,5623726.08,512,448,16,3.0
xl,2.0,330920462520.27673,1874575.3599999999,49673666.56,5623726.08,512,448,16,3.0
s,2.0,28280005794.279083,1874575.3599999999,62868234.239999995,5623726.08,576,448,16,3.0
m,2.0,70700014485.69771,1874575.3599999999,62868234.239999995,5623726.08,576,448,16,3.0
l,2.0,141400028971.39542,1874575.3599999999,62868234.239999995,5623726.08,576,448,16,3.0
xl,2.0,282800057942.79083,1874575.3599999999,62868234.239999995,5623726.08,576,448,16,3.0
s,2.0,26034277487.858677,2448424.96,62868234.239999995,7345274.88,576,512,16,3.0
m,2.0,65085693719.6467,2448424.96,62868234.239999995,7345274.88,576,512,16,3.0
l,2.0,130171387439.2934,2448424.96,62868234.239999995,7345274.88,576,512,16,3.0
xl,2.0,260342774878.5868,2448424.96,62868234.239999995,7345274.88,576,512,16,3.0
s,2.0,22653574307.051083,2448424.96,77615104.0,7345274.88,640,512,16,3.0
m,2.0,56633935767.62771,2448424.96,77615104.0,7345274.88,640,512,16,3.0
l,2.0,113267871535.25542,2448424.96,77615104.0,7345274.88,640,512,16,3.0
xl,2.0,226535743070.51083,2448424.96,77615104.0,7345274.88,640,512,16,3.0
s,2.0,21014216140.755142,3098787.84,77615104.0,9296363.52,640,576,16,3.0
m,2.0,52535540351.887856,3098787.84,77615104.0,9296363.52,640,576,16,3.0
l,2.0,105071080703.77571,3098787.84,77615104.0,9296363.52,640,576,16,3.0
xl,2.0,210142161407.55142,3098787.84,77615104.0,9296363.52,640,576,16,3.0
s,2.0,18549642675.4136,3098787.84,93914275.84,9296363.52,704,576,16,3.0
m,2.0,46374106688.534,3098787.84,93914275.84,9296363.52,704,576,16,3.0
l,2.0,92748213377.068,3098787.84,93914275.84,9296363.52,704,576,16,3.0
xl,2.0,185496426754.136,3098787.84,93914275.84,9296363.52,704,576,16,3.0
s,2.0,16441346042.530653,3098787.84,111765749.76,9296363.52,768,576,16,3.0
m,2.0,41103365106.32663,3098787.84,111765749.76,9296363.52,768,576,16,3.0
l,2.0,82206730212.65326,3098787.84,111765749.76,9296363.52,768,576,16,3.0
xl,2.0,164413460425.30652,3098787.84,111765749.76,9296363.52,768,576,16,3.0
s,2.0,15465650290.854198,3825664.0,111765749.76,11476992.0,768,640,16,3.0
m,2.0,38664125727.1355,3825664.0,111765749.76,11476992.0,768,640,16,3.0
l,2.0,77328251454.271,3825664.0,111765749.76,11476992.0,768,640,16,3.0
xl,2.0,154656502908.542,3825664.0,111765749.76,11476992.0,768,640,16,3.0
s,2.0,90968517499.02423,612106.24,19677184.0,1836318.72,640,256,4,3.0
s,2.0,62022368223.20781,956416.0,28335144.96,2869248.0,768,320,4,3.0
s,2.0,90141325444.9722,612106.24,19923148.799999997,1836318.72,576,256,5,3.0
s,2.0,67913227540.824,956416.0,24596480.0,2869248.0,640,320,5,3.0
s,2.0,59986977547.01828,956416.0,29761740.8,2869248.0,704,320,5,3.0
s,2.0,53190439133.4571,956416.0,35418931.2,2869248.0,768,320,5,3.0
s,2.0,47475096615.23982,1377239.04,35418931.2,4131717.12,768,384,5,3.0
m,2.0,118687741538.09955,1377239.04,35418931.2,4131717.12,768,384,5,3.0
l,2.0,237375483076.1991,1377239.04,35418931.2,4131717.12,768,384,5,3.0
xl,2.0,474750966152.3982,1377239.04,35418931.2,4131717.12,768,384,5,3.0
s,2.0,93357777835.1368,612106.24,18890096.64,1836318.72,512,256,6,3.0
s,2.0,60289311525.00125,956416.0,29515776.0,2869248.0,640,320,6,3.0
s,2.0,52850146681.565506,956416.0,35714088.96,2869248.0,704,320,6,3.0
s,2.0,47203818020.02204,1377239.04,35714088.96,4131717.12,704,384,6,3.0
m,2.0,118009545050.0551,1377239.04,35714088.96,4131717.12,704,384,6,3.0
l,2.0,236019090100.1102,1377239.04,35714088.96,4131717.12,704,384,6,3.0
xl,2.0,472038180200.2204,1377239.04,35714088.96,4131717.12,704,384,6,3.0
s,2.0,42121525223.52849,1377239.04,42502717.44,4131717.12,768,384,6,3.0
m,2.0,105303813058.82123,1377239.04,42502717.44,4131717.12,768,384,6,3.0
l,2.0,210607626117.64246,1377239.04,42502717.44,4131717.12,768,384,6,3.0
xl,2.0,421215252235.2849,1377239.04,42502717.44,4131717.12,768,384,6,3.0
s,2.0,83991720915.91132,612106.24,22038446.08,1836318.72,512,256,7,3.0
s,2.0,62566049727.37619,956416.0,27892408.32,2869248.0,576,320,7,3.0
s,2.0,54204349530.46024,956416.0,34435072.0,2869248.0,640,320,7,3.0
s,2.0,48281171745.87684,1377239.04,34435072.0,4131717.12,640,384,7,3.0
s,2.0,42669642208.5643,1377239.04,41666437.120000005,4131717.12,704,384,7,3.0
m,2.0,106674105521.41075,1377239.04,41666437.120000005,4131717.12,704,384,7,3.0
l,2.0,213348211042.8215,1377239.04,41666437.120000005,4131717.12,704,384,7,3.0
xl,2.0,426696422085.643,1377239.04,41666437.120000005,4131717.12,704,384,7,3.0
s,2.0,37852998286.93682,1377239.04,49586503.68,4131717.12,768,384,7,3.0
m,2.0,94632495717.34206,1377239.04,49586503.68,4131717.12,768,384,7,3.0
l,2.0,189264991434.6841,1377239.04,49586503.68,4131717.12,768,384,7,3.0
xl,2.0,378529982869.3682,1377239.04,49586503.68,4131717.12,768,384,7,3.0
s,2.0,34394102484.519905,1874575.3599999999,49586503.68,5623726.08,768,448,7,3.0
m,2.0,85985256211.29976,1874575.3599999999,49586503.68,5623726.08,768,448,7,3.0
l,2.0,171970512422.59952,1874575.3599999999,49586503.68,5623726.08,768,448,7,3.0
xl,2.0,343941024845.19904,1874575.3599999999,49586503.68,5623726.08,768,448,7,3.0
s,2.0,91971925165.16687,612106.24,19283640.32,1836318.72,448,256,8,3.0
s,2.0,66799230541.26659,956416.0,25186795.52,2869248.0,512,320,8,3.0
s,2.0,57166059114.93696,956416.0,31877038.08,2869248.0,576,320,8,3.0
s,2.0,44298704306.13458,1377239.04,39354368.0,4131717.12,640,384,8,3.0
m,2.0,110746760765.33646,1377239.04,39354368.0,4131717.12,640,384,8,3.0
l,2.0,221493521530.6729,1377239.04,39354368.0,4131717.12,640,384,8,3.0
xl,2.0,442987043061.3458,1377239.04,39354368.0,4131717.12,640,384,8,3.0
s,2.0,38930191849.97867,1377239.04,47618785.28,4131717.12,704,384,8,3.0
m,2.0,97325479624.94667,1377239.04,47618785.28,4131717.12,704,384,8,3.0
l,2.0,194650959249.89334,1377239.04,47618785.28,4131717.12,704,384,8,3.0
xl,2.0,389301918499.7867,1377239.04,47618785.28,4131717.12,704,384,8,3.0
s,2.0,35281122240.000145,1874575.3599999999,47618785.28,5623726.08,704,448,8,3.0
m,2.0,88202805600.00037,1874575.3599999999,47618785.28,5623726.08,704,448,8,3.0
l,2.0,176405611200.00073,1874575.3599999999,47618785.28,5623726.08,704,448,8,3.0
xl,2.0,352811222400.00146,1874575.3599999999,47618785.28,5623726.08,704,448,8,3.0
s,2.0,31494170524.778145,1874575.3599999999,56670289.92,5623726.08,768,448,8,3.0
m,2.0,78735426311.94536,1874575.3599999999,56670289.92,5623726.08,768,448,8,3.0
l,2.0,157470852623.89072,1874575.3599999999,56670289.92,5623726.08,768,448,8,3.0
xl,2.0,314941705247.78143,1874575.3599999999,56670289.92,5623726.08,768,448,8,3.0
s,2.0,84825557394.84508,612106.24,21694095.36,1836318.72,448,256,9,3.0
s,2.0,61863244102.97781,956416.0,28335144.96,2869248.0,512,320,9,3.0
s,2.0,52624141106.65825,956416.0,35861667.839999996,2869248.0,576,320,9,3.0
s,2.0,47023441719.88367,1377239.04,35861667.839999996,4131717.12,576,384,9,3.0
m,2.0,117558604299.70917,1377239.04,35861667.839999996,4131717.12,576,384,9,3.0
l,2.0,235117208599.41833,1377239.04,35861667.839999996,4131717.12,576,384,9,3.0
xl,2.0,470234417198.8367,1377239.04,35861667.839999996,4131717.12,576,384,9,3.0
s,2.0,40923161571.81817,1377239.04,44273664.0,4131717.12,640,384,9,3.0
m,2.0,102307903929.54543,1377239.04,44273664.0,4131717.12,640,384,9,3.0
l,2.0,204615807859.09085,1377239.04,44273664.0,4131717.12,640,384,9,3.0
xl,2.0,409231615718.1817,1377239.04,44273664.0,4131717.12,640,384,9,3.0
s,2.0,32685177375.606808,1874575.3599999999,53571133.44,5623726.08,704,448,9,3.0
m,2.0,81712943439.01701,1874575.3599999999,53571133.44,5623726.08,704,448,9,3.0
l,2.0,163425886878.03403,1874575.3599999999,53571133.44,5623726.08,704,448,9,3.0
xl,2.0,326851773756.06805,1874575.3599999999,53571133.44,5623726.08,704,448,9,3.0
s,2.0,29045227871.849003,1874575.3599999999,63754076.160000004,5623726.08,768,448,9,3.0
m,2.0,72613069679.62251,1874575.3599999999,63754076.160000004,5623726.08,768,448,9,3.0
l,2.0,145226139359.24503,1874575.3599999999,63754076.160000004,5623726.08,768,448,9,3.0
xl,2.0,290452278718.49005,1874575.3599999999,63754076.160000004,5623726.08,768,448,9,3.0
s,2.0,26681401289.095043,2448424.96,63754076.160000004,7345274.88,768,512,9,3.0
m,2.0,66703503222.73761,2448424.96,63754076.160000004,7345274.88,768,512,9,3.0
l,2.0,133407006445.47522,2448424.96,63754076.160000004,7345274.88,768,512,9,3.0
xl,2.0,266814012890.95044,2448424.96,63754076.160000004,7345274.88,768,512,9,3.0
s,2.0,55151289251.83438,956416.0,30783569.92,2869248.0,512,320,10,3.0
s,2.0,42291922287.503365,1377239.04,38960455.67999999,4131717.12,576,384,10,3.0
m,2.0,105729805718.7584,1377239.04,38960455.67999999,4131717.12,576,384,10,3.0
l,2.0,211459611437.5168,1377239.04,38960455.67999999,4131717.12,576,384,10,3.0
xl,2.0,422919222875.0336,1377239.04,38960455.67999999,4131717.12,576,384,10,3.0
s,2.0,36678328849.42231,1377239.04,48099328.0,4131717.12,640,384,10,3.0
m,2.0,91695822123.55577,1377239.04,48099328.0,4131717.12,640,384,10,3.0
l,2.0,183391644247.11154,1377239.04,48099328.0,4131717.12,640,384,10,3.0
xl,2.0,366783288494.2231,1377239.04,48099328.0,4131717.12,640,384,10,3.0
s,2.0,33421542677.23519,1874575.3599999999,48099328.0,5623726.08,640,448,10,3.0
m,2.0,83553856693.08798,1874575.3599999999,48099328.0,5623726.08,640,448,10,3.0
l,2.0,167107713386.17596,1874575.3599999999,48099328.0,5623726.08,640,448,10,3.0
xl,2.0,334215426772.3519,1874575.3599999999,48099328.0,5623726.08,640,448,10,3.0
s,2.0,29491002936.72823,1874575.3599999999,58200186.879999995,5623726.08,704,448,10,3.0
m,2.0,73727507341.82057,1874575.3599999999,58200186.879999995,5623726.08,704,448,10,3.0
l,2.0,147455014683.64114,1874575.3599999999,58200186.879999995,5623726.08,704,448,10,3.0
xl,2.0,294910029367.2823,1874575.3599999999,58200186.879999995,5623726.08,704,448,10,3.0
s,2.0,26133255888.579372,1874575.3599999999,69263032.32000001,5623726.08,768,448,10,3.0
m,2.0,65333139721.44843,1874575.3599999999,69263032.32000001,5623726.08,768,448,10,3.0
l,2.0,130666279442.89687,1874575.3599999999,69263032.32000001,5623726.08,768,448,10,3.0
xl,2.0,261332558885.79373,1874575.3599999999,69263032.32000001,5623726.08,768,448,10,3.0
s,2.0,24203905285.0145,2448424.96,69263032.32000001,7345274.88,768,512,10,3.0
m,2.0,60509763212.536255,2448424.96,69263032.32000001,7345274.88,768,512,10,3.0
l,2.0,121019526425.07251,2448424.96,69263032.32000001,7345274.88,768,512,10,3.0
xl,2.0,242039052850.14502,2448424.96,69263032.32000001,7345274.88,768,512,10,3.0
s,2.0,86628443702.40598,612106.24,19086704.64,1836318.72,384,256,11,3.0
s,2.0,61854490251.00988,956416.0,25979125.759999998,2869248.0,448,320,11,3.0
s,2.0,51742700785.52209,956416.0,33931919.36,2869248.0,512,320,11,3.0
s,2.0,39753582742.35021,1377239.04,42945085.44,4131717.12,576,384,11,3.0
m,2.0,99383956855.87553,1377239.04,42945085.44,4131717.12,576,384,11,3.0
l,2.0,198767913711.75107,1377239.04,42945085.44,4131717.12,576,384,11,3.0
xl,2.0,397535827423.50214,1377239.04,42945085.44,4131717.12,576,384,11,3.0
s,2.0,31463522158.968296,1874575.3599999999,53018624.0,5623726.08,640,448,11,3.0
m,2.0,78658805397.42075,1874575.3599999999,53018624.0,5623726.08,640,448,11,3.0
l,2.0,157317610794.8415,1874575.3599999999,53018624.0,5623726.08,640,448,11,3.0
xl,2.0,314635221589.683,1874575.3599999999,53018624.0,5623726.08,640,448,11,3.0
s,2.0,27655031473.68247,1874575.3599999999,64152535.04,5623726.08,704,448,11,3.0
m,2.0,69137578684.20616,1874575.3599999999,64152535.04,5623726.08,704,448,11,3.0
l,2.0,138275157368.41232,1874575.3599999999,64152535.04,5623726.08,704,448,11,3.0
xl,2.0,276550314736.82465,1874575.3599999999,64152535.04,5623726.08,704,448,11,3.0
s,2.0,25503689918.743935,2448424.96,64152535.04,7345274.88,704,512,11,3.0
m,2.0,63759224796.85984,2448424.96,64152535.04,7345274.88,704,512,11,3.0
l,2.0,127518449593.71968,2448424.96,64152535.04,7345274.88,704,512,11,3.0
xl,2.0,255036899187.43936,2448424.96,64152535.04,7345274.88,704,512,11,3.0
s,2.0,22730991021.45494,2448424.96,76346818.56,7345274.88,768,512,11,3.0
m,2.0,56827477553.63735,2448424.96,76346818.56,7345274.88,768,512,11,3.0
l,2.0,113654955107.2747,2448424.96,76346818.56,7345274.88,768,512,11,3.0
xl,2.0,227309910214.5494,2448424.96,76346818.56,7345274.88,768,512,11,3.0
s,2.0,81846284558.44781,612106.24,20857651.2,1836318.72,384,256,12,3.0
s,2.0,58537756075.28716,956416.0,28389580.8,2869248.0,448,320,12,3.0
s,2.0,43890148618.082504,1377239.04,37080268.8,4131717.12,512,384,12,3.0
m,2.0,109725371545.20627,1377239.04,37080268.8,4131717.12,512,384,12,3.0
l,2.0,219450743090.41254,1377239.04,37080268.8,4131717.12,512,384,12,3.0
xl,2.0,438901486180.8251,1377239.04,37080268.8,4131717.12,512,384,12,3.0
s,2.0,37502690443.01238,1377239.04,46929715.2,4131717.12,576,384,12,3.0
m,2.0,93756726107.53096,1377239.04,46929715.2,4131717.12,576,384,12,3.0
l,2.0,187513452215.06192,1377239.04,46929715.2,4131717.12,576,384,12,3.0
xl,2.0,375026904430.12384,1377239.04,46929715.2,4131717.12,576,384,12,3.0
s,2.0,34104645077.760612,1874575.3599999999,46929715.2,5623726.08,576,448,12,3.0
m,2.0,85261612694.40152,1874575.3599999999,46929715.2,5623726.08,576,448,12,3.0
l,2.0,170523225388.80304,1874575.3599999999,46929715.2,5623726.08,576,448,12,3.0
xl,2.0,341046450777.6061,1874575.3599999999,46929715.2,5623726.08,576,448,12,3.0
s,2.0,29722228134.96414,1874575.3599999999,57937920.0,5623726.08,640,448,12,3.0
m,2.0,74305570337.41035,1874575.3599999999,57937920.0,5623726.08,640,448,12,3.0
l,2.0,148611140674.8207,1874575.3599999999,57937920.0,5623726.08,640,448,12,3.0
xl,2.0,297222281349.6414,1874575.3599999999,57937920.0,5623726.08,640,448,12,3.0
s,2.0,26034260570.390907,1874575.3599999999,70104883.2,5623726.08,704,448,12,3.0
m,2.0,65085651425.97727,1874575.3599999999,70104883.2,5623726.08,704,448,12,3.0
l,2.0,130171302851.95454,1874575.3599999999,70104883.2,5623726.08,704,448,12,3.0
xl,2.0,260342605703.9091,1874575.3599999999,70104883.2,5623726.08,704,448,12,3.0
s,2.0,24118963774.91405,2448424.96,70104883.2,7345274.88,704,512,12,3.0
m,2.0,60297409437.285126,2448424.96,70104883.2,7345274.88,704,512,12,3.0
l,2.0,120594818874.57025,2448424.96,70104883.2,7345274.88,704,512,12,3.0
xl,2.0,241189637749.1405,2448424.96,70104883.2,7345274.88,704,512,12,3.0
s,2.0,21427060024.97744,2448424.96,83430604.8,7345274.88,768,512,12,3.0
m,2.0,53567650062.443596,2448424.96,83430604.8,7345274.88,768,512,12,3.0
l,2.0,107135300124.88719,2448424.96,83430604.8,7345274.88,768,512,12,3.0
xl,2.0,214270600249.77438,2448424.96,83430604.8,7345274.88,768,512,12,3.0
s,2.0,19954644147.45804,3098787.84,83430604.8,9296363.52,768,576,12,3.0
m,2.0,49886610368.645096,3098787.84,83430604.8,9296363.52,768,576,12,3.0
l,2.0,99773220737.29019,3098787.84,83430604.8,9296363.52,768,576,12,3.0
xl,2.0,199546441474.58038,3098787.84,83430604.8,9296363.52,768,576,12,3.0
s,2.0,77564484133.63252,612106.24,22628597.759999998,1836318.72,384,256,13,3.0
s,2.0,55558616464.932,956416.0,30800035.84,2869248.0,448,320,13,3.0
s,2.0,41703833122.74566,1377239.04,40228618.24,4131717.12,512,384,13,3.0
m,2.0,104259582806.86415,1377239.04,40228618.24,4131717.12,512,384,13,3.0
l,2.0,208519165613.7283,1377239.04,40228618.24,4131717.12,512,384,13,3.0
xl,2.0,417038331227.4566,1377239.04,40228618.24,4131717.12,512,384,13,3.0
s,2.0,35493035113.69692,1377239.04,50914344.95999999,4131717.12,576,384,13,3.0
m,2.0,88732587784.2423,1377239.04,50914344.95999999,4131717.12,576,384,13,3.0
l,2.0,177465175568.4846,1377239.04,50914344.95999999,4131717.12,576,384,13,3.0
xl,2.0,354930351136.9692,1377239.04,50914344.95999999,4131717.12,576,384,13,3.0
s,2.0,32434563786.513733,1874575.3599999999,50914344.95999999,5623726.08,576,448,13,3.0
m,2.0,81086409466.28433,1874575.3599999999,50914344.95999999,5623726.08,576,448,13,3.0
l,2.0,162172818932.56866,1874575.3599999999,50914344.95999999,5623726.08,576,448,13,3.0
xl,2.0,324345637865.1373,1874575.3599999999,50914344.95999999,5623726.08,576,448,13,3.0
s,2.0,28163564537.90314,1874575.3599999999,62857216.0,5623726.08,640,448,13,3.0
m,2.0,70408911344.75784,1874575.3599999999,62857216.0,5623726.08,640,448,13,3.0
l,2.0,140817822689.5157,1874575.3599999999,62857216.0,5623726.08,640,448,13,3.0
xl,2.0,281635645379.0314,1874575.3599999999,62857216.0,5623726.08,640,448,13,3.0
s,2.0,25935562981.73026,2448424.96,62857216.0,7345274.88,640,512,13,3.0
m,2.0,64838907454.325645,2448424.96,62857216.0,7345274.88,640,512,13,3.0
l,2.0,129677814908.65129,2448424.96,62857216.0,7345274.88,640,512,13,3.0
xl,2.0,259355629817.30258,2448424.96,62857216.0,7345274.88,640,512,13,3.0
s,2.0,22876861613.76457,2448424.96,76057231.36,7345274.88,704,512,13,3.0
m,2.0,57192154034.41142,2448424.96,76057231.36,7345274.88,704,512,13,3.0
l,2.0,114384308068.82285,2448424.96,76057231.36,7345274.88,704,512,13,3.0
xl,2.0,228768616137.6457,2448424.96,76057231.36,7345274.88,704,512,13,3.0
s,2.0,20264609499.48347,2448424.96,90514391.03999999,7345274.88,768,512,13,3.0
m,2.0,50661523748.70868,2448424.96,90514391.03999999,7345274.88,768,512,13,3.0
l,2.0,101323047497.41736,2448424.96,90514391.03999999,7345274.88,768,512,13,3.0
xl,2.0,202646094994.83472,2448424.96,90514391.03999999,7345274.88,768,512,13,3.0
s,2.0,18942693412.173733,3098787.84,90514391.03999999,9296363.52,768,576,13,3.0
m,2.0,47356733530.43433,3098787.84,90514391.03999999,9296363.52,768,576,13,3.0
l,2.0,94713467060.86867,3098787.84,90514391.03999999,9296363.52,768,576,13,3.0
xl,2.0,189426934121.73734,3098787.84,90514391.03999999,9296363.52,768,576,13,3.0
s,2.0,64780208939.2874,956416.0,24399544.32,2869248.0,384,320,14,3.0
s,2.0,52868024341.21662,956416.0,33210490.88,2869248.0,448,320,14,3.0
s,2.0,39724997760.14574,1377239.04,43376967.68,4131717.12,512,384,14,3.0
m,2.0,99312494400.36433,1377239.04,43376967.68,4131717.12,512,384,14,3.0
l,2.0,198624988800.72867,1377239.04,43376967.68,4131717.12,512,384,14,3.0
xl,2.0,397249977601.45734,1377239.04,43376967.68,4131717.12,512,384,14,3.0
s,2.0,30920412214.510723,1874575.3599999999,54898974.72,5623726.08,576,448,14,3.0
m,2.0,77301030536.27681,1874575.3599999999,54898974.72,5623726.08,576,448,14,3.0
l,2.0,154602061072.55362,1874575.3599999999,54898974.72,5623726.08,576,448,14,3.0
xl,2.0,309204122145.10724,1874575.3599999999,54898974.72,5623726.08,576,448,14,3.0
s,2.0,26760231052.887245,1874575.3599999999,67776512.0,5623726.08,640,448,14,3.0
m,2.0,66900577632.21811,1874575.3599999999,67776512.0,5623726.08,640,448,14,3.0
l,2.0,133801155264.43622,1874575.3599999999,67776512.0,5623726.08,640,448,14,3.0
xl,2.0,267602310528.87244,1874575.3599999999,67776512.0,5623726.08,640,448,14,3.0
s,2.0,24740770952.190968,2448424.96,67776512.0,7345274.88,640,512,14,3.0
m,2.0,61851927380.47742,2448424.96,67776512.0,7345274.88,640,512,14,3.0
l,2.0,123703854760.95483,2448424.96,67776512.0,7345274.88,640,512,14,3.0
xl,2.0,247407709521.90967,2448424.96,67776512.0,7345274.88,640,512,14,3.0
s,2.0,21756427665.033417,2448424.96,82009579.52,7345274.88,704,512,14,3.0
m,2.0,54391069162.583534,2448424.96,82009579.52,7345274.88,704,512,14,3.0
l,2.0,108782138325.16707,2448424.96,82009579.52,7345274.88,704,512,14,3.0
xl,2.0,217564276650.33414,2448424.96,82009579.52,7345274.88,704,512,14,3.0
s,2.0,20239998977.70194,3098787.84,82009579.52,9296363.52,704,576,14,3.0
m,2.0,50599997444.254845,3098787.84,82009579.52,9296363.52,704,576,14,3.0
l,2.0,101199994888.50969,3098787.84,82009579.52,9296363.52,704,576,14,3.0
xl,2.0,202399989777.01938,3098787.84,82009579.52,9296363.52,704,576,14,3.0
s,2.0,18028426091.518223,3098787.84,97598177.28,9296363.52,768,576,14,3.0
m,2.0,45071065228.795555,3098787.84,97598177.28,9296363.52,768,576,14,3.0
l,2.0,90142130457.59111,3098787.84,97598177.28,9296363.52,768,576,14,3.0
xl,2.0,180284260915.18222,3098787.84,97598177.28,9296363.52,768,576,14,3.0
s,2.0,16861953447.972168,3825664.0,97598177.28,11476992.0,768,640,14,3.0
m,2.0,42154883619.93042,3825664.0,97598177.28,11476992.0,768,640,14,3.0
l,2.0,84309767239.86084,3825664.0,97598177.28,11476992.0,768,640,14,3.0
xl,2.0,168619534479.72168,3825664.0,97598177.28,11476992.0,768,640,14,3.0
s,2.0,90292556261.43628,612106.24,18173952.0,1836318.72,320,256,15,3.0
s,2.0,62068290214.24385,956416.0,26170490.88,2869248.0,384,320,15,3.0
s,2.0,50425994769.73514,956416.0,35620945.92,2869248.0,448,320,15,3.0
s,2.0,45260449555.17233,1377239.04,35620945.92,4131717.12,448,384,15,3.0
m,2.0,113151123887.93083,1377239.04,35620945.92,4131717.12,448,384,15,3.0
l,2.0,226302247775.86166,1377239.04,35620945.92,4131717.12,448,384,15,3.0
xl,2.0,452604495551.7233,1377239.04,35620945.92,4131717.12,448,384,15,3.0
s,2.0,37925445830.90975,1377239.04,46525317.12,4131717.12,512,384,15,3.0
m,2.0,94813614577.27438,1377239.04,46525317.12,4131717.12,512,384,15,3.0
l,2.0,189627229154.54877,1377239.04,46525317.12,4131717.12,512,384,15,3.0
xl,2.0,379254458309.09753,1377239.04,46525317.12,4131717.12,512,384,15,3.0
s,2.0,29541326429.756954,1874575.3599999999,58883604.480000004,5623726.08,576,448,15,3.0
m,2.0,73853316074.39238,1874575.3599999999,58883604.480000004,5623726.08,576,448,15,3.0
l,2.0,147706632148.78476,1874575.3599999999,58883604.480000004,5623726.08,576,448,15,3.0
xl,2.0,295413264297.5695,1874575.3599999999,58883604.480000004,5623726.08,576,448,15,3.0
s,2.0,23651213667.51643,2448424.96,72695808.0,7345274.88,640,512,15,3.0
m,2.0,59128034168.79108,2448424.96,72695808.0,7345274.88,640,512,15,3.0
l,2.0,118256068337.58215,2448424.96,72695808.0,7345274.88,640,512,15,3.0
xl,2.0,236512136675.1643,2448424.96,72695808.0,7345274.88,640,512,15,3.0
s,2.0,20740619858.877373,2448424.96,87961927.68,7345274.88,704,512,15,3.0
m,2.0,51851549647.19343,2448424.96,87961927.68,7345274.88,704,512,15,3.0
l,2.0,103703099294.38686,2448424.96,87961927.68,7345274.88,704,512,15,3.0
xl,2.0,207406198588.7737,2448424.96,87961927.68,7345274.88,704,512,15,3.0
s,2.0,19357990060.573414,3098787.84,87961927.68,9296363.52,704,576,15,3.0
m,2.0,48394975151.43354,3098787.84,87961927.68,9296363.52,704,576,15,3.0
l,2.0,96789950302.86708,3098787.84,87961927.68,9296363.52,704,576,15,3.0
xl,2.0,193579900605.73416,3098787.84,87961927.68,9296363.52,704,576,15,3.0
s,2.0,17198349372.32134,3098787.84,104681963.52,9296363.52,768,576,15,3.0
m,2.0,42995873430.803345,3098787.84,104681963.52,9296363.52,768,576,15,3.0
l,2.0,85991746861.60669,3098787.84,104681963.52,9296363.52,768,576,15,3.0
xl,2.0,171983493723.21338,3098787.84,104681963.52,9296363.52,768,576,15,3.0
s,2.0,16133647105.665012,3825664.0,104681963.52,11476992.0,768,640,15,3.0
m,2.0,40334117764.16253,3825664.0,104681963.52,11476992.0,768,640,15,3.0
l,2.0,80668235528.32506,3825664.0,104681963.52,11476992.0,768,640,15,3.0
xl,2.0,161336471056.65012,3825664.0,104681963.52,11476992.0,768,640,15,3.0
s,2.0,86618077944.01889,612106.24,19403776.0,1836318.72,320,256,16,3.0
s,2.0,59574308111.61111,956416.0,27941437.44,2869248.0,384,320,16,3.0
s,2.0,43458681939.75804,1377239.04,38031400.96,4131717.12,448,384,16,3.0
m,2.0,108646704849.39511,1377239.04,38031400.96,4131717.12,448,384,16,3.0
l,2.0,217293409698.79022,1377239.04,38031400.96,4131717.12,448,384,16,3.0
xl,2.0,434586819397.58044,1377239.04,38031400.96,4131717.12,448,384,16,3.0
s,2.0,36281868483.950584,1377239.04,49673666.56,4131717.12,512,384,16,3.0
m,2.0,90704671209.87645,1377239.04,49673666.56,4131717.12,512,384,16,3.0
l,2.0,181409342419.7529,1377239.04,49673666.56,4131717.12,512,384,16,3.0
xl,2.0,362818684839.5058,1377239.04,49673666.56,4131717.12,512,384,16,3.0
s,2.0,33092046252.027676,1874575.3599999999,49673666.56,5623726.08,512,448,16,3.0
m,2.0,82730115630.06918,1874575.3599999999,49673666.56,5623726.08,512,448,16,3.0
l,2.0,165460231260.13837,1874575.3599999999,49673666.56,5623726.08,512,448,16,3.0
xl,2.0,330920462520.27673,1874575.3599999999,49673666.56,5623726.08,512,448,16,3.0
s,2.0,28280005794.279083,1874575.3599999999,62868234.239999995,5623726.08,576,448,16,3.0
m,2.0,70700014485.69771,1874575.3599999999,62868234.239999995,5623726.08,576,448,16,3.0
l,2.0,141400028971.39542,1874575.3599999999,62868234.239999995,5623726.08,576,448,16,3.0
xl,2.0,282800057942.79083,1874575.3599999999,62868234.239999995,5623726.08,576,448,16,3.0
s,2.0,26034277487.858677,2448424.96,62868234.239999995,7345274.88,576,512,16,3.0
m,2.0,65085693719.6467,2448424.96,62868234.239999995,7345274.88,576,512,16,3.0
l,2.0,130171387439.2934,2448424.96,62868234.239999995,7345274.88,576,512,16,3.0
xl,2.0,260342774878.5868,2448424.96,62868234.239999995,7345274.88,576,512,16,3.0
s,2.0,22653574307.051083,2448424.96,77615104.0,7345274.88,640,512,16,3.0
m,2.0,56633935767.62771,2448424.96,77615104.0,7345274.88,640,512,16,3.0
l,2.0,113267871535.25542,2448424.96,77615104.0,7345274.88,640,512,16,3.0
xl,2.0,226535743070.51083,2448424.96,77615104.0,7345274.88,640,512,16,3.0
s,2.0,21014216140.755142,3098787.84,77615104.0,9296363.52,640,576,16,3.0
m,2.0,52535540351.887856,3098787.84,77615104.0,9296363.52,640,576,16,3.0
l,2.0,105071080703.77571,3098787.84,77615104.0,9296363.52,640,576,16,3.0
xl,2.0,210142161407.55142,3098787.84,77615104.0,9296363.52,640,576,16,3.0
s,2.0,18549642675.4136,3098787.84,93914275.84,9296363.52,704,576,16,3.0
m,2.0,46374106688.534,3098787.84,93914275.84,9296363.52,704,576,16,3.0
l,2.0,92748213377.068,3098787.84,93914275.84,9296363.52,704,576,16,3.0
xl,2.0,185496426754.136,3098787.84,93914275.84,9296363.52,704,576,16,3.0
s,2.0,16441346042.530653,3098787.84,111765749.76,9296363.52,768,576,16,3.0
m,2.0,41103365106.32663,3098787.84,111765749.76,9296363.52,768,576,16,3.0
l,2.0,82206730212.65326,3098787.84,111765749.76,9296363.52,768,576,16,3.0
xl,2.0,164413460425.30652,3098787.84,111765749.76,9296363.52,768,576,16,3.0
s,2.0,15465650290.854198,3825664.0,111765749.76,11476992.0,768,640,16,3.0
m,2.0,38664125727.1355,3825664.0,111765749.76,11476992.0,768,640,16,3.0
l,2.0,77328251454.271,3825664.0,111765749.76,11476992.0,768,640,16,3.0
xl,2.0,154656502908.542,3825664.0,111765749.76,11476992.0,768,640,16,3.0
s,2.0,74430791415.81705,612106.24,23809392.64,2448424.96,704,256,4,4.0
s,2.0,66052951258.544395,612106.24,28335144.96,2448424.96,768,256,4,4.0
s,2.0,72775830878.7501,612106.24,24596480.0,2448424.96,640,256,5,4.0
s,2.0,63749333946.95893,612106.24,29761740.8,2448424.96,704,256,5,4.0
s,2.0,49618485450.11349,956416.0,35418931.2,3825664.0,768,320,5,4.0
m,2.0,124046213625.28372,956416.0,35418931.2,3825664.0,768,320,5,4.0
l,2.0,248092427250.56744,956416.0,35418931.2,3825664.0,768,320,5,4.0
xl,2.0,496184854501.1349,956416.0,35418931.2,3825664.0,768,320,5,4.0
s,2.0,74131871894.05249,612106.24,23907778.56,2448424.96,576,256,6,4.0
s,2.0,64090889700.50173,612106.24,29515776.0,2448424.96,640,256,6,4.0
s,2.0,49322235151.75024,956416.0,35714088.96,3825664.0,704,320,6,4.0
m,2.0,123305587879.3756,956416.0,35714088.96,3825664.0,704,320,6,4.0
l,2.0,246611175758.7512,956416.0,35714088.96,3825664.0,704,320,6,4.0
xl,2.0,493222351517.5024,956416.0,35714088.96,3825664.0,704,320,6,4.0
s,2.0,43800220982.97732,956416.0,42502717.44,3825664.0,768,320,6,4.0
m,2.0,109500552457.44328,956416.0,42502717.44,3825664.0,768,320,6,4.0
l,2.0,219001104914.88657,956416.0,42502717.44,3825664.0,768,320,6,4.0
xl,2.0,438002209829.77313,956416.0,42502717.44,3825664.0,768,320,6,4.0
s,2.0,78174281066.78452,612106.24,22038446.08,2448424.96,512,256,7,4.0
s,2.0,66669943627.735855,612106.24,27892408.32,2448424.96,576,256,7,4.0
s,2.0,50499663874.23725,956416.0,34435072.0,3825664.0,640,320,7,4.0
s,2.0,44393204978.58501,956416.0,41666437.120000005,3825664.0,704,320,7,4.0
m,2.0,110983012446.46251,956416.0,41666437.120000005,3825664.0,704,320,7,4.0
l,2.0,221966024892.92502,956416.0,41666437.120000005,3825664.0,704,320,7,4.0
xl,2.0,443932049785.85004,956416.0,41666437.120000005,3825664.0,704,320,7,4.0
s,2.0,35289335966.94542,1377239.04,49586503.68,5508956.16,768,384,7,4.0
m,2.0,88223339917.36356,1377239.04,49586503.68,5508956.16,768,384,7,4.0
l,2.0,176446679834.7271,1377239.04,49586503.68,5508956.16,768,384,7,4.0
xl,2.0,352893359669.4542,1377239.04,49586503.68,5508956.16,768,384,7,4.0
s,2.0,71498098631.04364,612106.24,25186795.52,2448424.96,512,256,8,4.0
s,2.0,46159254598.20031,956416.0,39354368.0,3825664.0,640,320,8,4.0
m,2.0,115398136495.50076,956416.0,39354368.0,3825664.0,640,320,8,4.0
l,2.0,230796272991.00153,956416.0,39354368.0,3825664.0,640,320,8,4.0
xl,2.0,461592545982.00305,956416.0,39354368.0,3825664.0,640,320,8,4.0
s,2.0,40359834595.19486,956416.0,47618785.28,3825664.0,704,320,8,4.0
m,2.0,100899586487.98715,956416.0,47618785.28,3825664.0,704,320,8,4.0
l,2.0,201799172975.9743,956416.0,47618785.28,3825664.0,704,320,8,4.0
xl,2.0,403598345951.9486,956416.0,47618785.28,3825664.0,704,320,8,4.0
s,2.0,36223759856.10833,1377239.04,47618785.28,5508956.16,704,384,8,4.0
m,2.0,90559399640.27083,1377239.04,47618785.28,5508956.16,704,384,8,4.0
l,2.0,181118799280.54166,1377239.04,47618785.28,5508956.16,704,384,8,4.0
xl,2.0,362237598561.0833,1377239.04,47618785.28,5508956.16,704,384,8,4.0
s,2.0,32243161602.024338,1377239.04,56670289.92,5508956.16,768,384,8,4.0
m,2.0,80607904005.06085,1377239.04,56670289.92,5508956.16,768,384,8,4.0
l,2.0,161215808010.1217,1377239.04,56670289.92,5508956.16,768,384,8,4.0
xl,2.0,322431616020.2434,1377239.04,56670289.92,5508956.16,768,384,8,4.0
s,2.0,78896114847.2945,612106.24,21694095.36,2448424.96,448,256,9,4.0
s,2.0,65872503548.05113,612106.24,28335144.96,2448424.96,512,256,9,4.0
s,2.0,49125339444.30548,956416.0,35861667.839999996,3825664.0,576,320,9,4.0
m,2.0,122813348610.76372,956416.0,35861667.839999996,3825664.0,576,320,9,4.0
l,2.0,245626697221.52744,956416.0,35861667.839999996,3825664.0,576,320,9,4.0
xl,2.0,491253394443.0549,956416.0,35861667.839999996,3825664.0,576,320,9,4.0
s,2.0,42505903219.83917,956416.0,44273664.0,3825664.0,640,320,9,4.0
m,2.0,106264758049.59793,956416.0,44273664.0,3825664.0,640,320,9,4.0
l,2.0,212529516099.19586,956416.0,44273664.0,3825664.0,640,320,9,4.0
xl,2.0,425059032198.3917,956416.0,44273664.0,3825664.0,640,320,9,4.0
s,2.0,33492614562.31873,1377239.04,53571133.44,5508956.16,704,384,9,4.0
m,2.0,83731536405.79683,1377239.04,53571133.44,5508956.16,704,384,9,4.0
l,2.0,167463072811.59366,1377239.04,53571133.44,5508956.16,704,384,9,4.0
xl,2.0,334926145623.1873,1377239.04,53571133.44,5508956.16,704,384,9,4.0
s,2.0,29681090783.98047,1377239.04,63754076.160000004,5508956.16,768,384,9,4.0
m,2.0,74202726959.95117,1377239.04,63754076.160000004,5508956.16,768,384,9,4.0
l,2.0,148405453919.90234,1377239.04,63754076.160000004,5508956.16,768,384,9,4.0
xl,2.0,296810907839.8047,1377239.04,63754076.160000004,5508956.16,768,384,9,4.0
s,2.0,27017977494.206306,1874575.3599999999,63754076.160000004,7498301.4399999995,768,448,9,4.0
m,2.0,67544943735.51577,1874575.3599999999,63754076.160000004,7498301.4399999995,768,448,9,4.0
l,2.0,135089887471.03154,1874575.3599999999,63754076.160000004,7498301.4399999995,768,448,9,4.0
xl,2.0,270179774942.06308,1874575.3599999999,63754076.160000004,7498301.4399999995,768,448,9,4.0
s,2.0,70091270048.20598,612106.24,23568670.72,2448424.96,448,256,10,4.0
s,2.0,43984500284.351006,956416.0,38960455.67999999,3825664.0,576,320,10,4.0
m,2.0,109961250710.8775,956416.0,38960455.67999999,3825664.0,576,320,10,4.0
l,2.0,219922501421.755,956416.0,38960455.67999999,3825664.0,576,320,10,4.0
xl,2.0,439845002843.51,956416.0,38960455.67999999,3825664.0,576,320,10,4.0
s,2.0,34266241348.59645,1377239.04,48099328.0,5508956.16,640,384,10,4.0
m,2.0,85665603371.49113,1377239.04,48099328.0,5508956.16,640,384,10,4.0
l,2.0,171331206742.98227,1377239.04,48099328.0,5508956.16,640,384,10,4.0
xl,2.0,342662413485.96454,1377239.04,48099328.0,5508956.16,640,384,10,4.0
s,2.0,30146753915.713634,1377239.04,58200186.879999995,5508956.16,704,384,10,4.0
m,2.0,75366884789.28409,1377239.04,58200186.879999995,5508956.16,704,384,10,4.0
l,2.0,150733769578.56818,1377239.04,58200186.879999995,5508956.16,704,384,10,4.0
xl,2.0,301467539157.13635,1377239.04,58200186.879999995,5508956.16,704,384,10,4.0
s,2.0,24480553979.660694,1874575.3599999999,69263032.32000001,7498301.4399999995,768,448,10,4.0
m,2.0,61201384949.15174,1874575.3599999999,69263032.32000001,7498301.4399999995,768,448,10,4.0
l,2.0,122402769898.30348,1874575.3599999999,69263032.32000001,7498301.4399999995,768,448,10,4.0
xl,2.0,244805539796.60696,1874575.3599999999,69263032.32000001,7498301.4399999995,768,448,10,4.0
s,2.0,65862578373.0434,612106.24,25979125.759999998,2448424.96,448,256,11,4.0
s,2.0,48356354362.29714,956416.0,33931919.36,3825664.0,512,320,11,4.0
s,2.0,41245498977.68577,956416.0,42945085.44,3825664.0,576,320,11,4.0
m,2.0,103113747444.21442,956416.0,42945085.44,3825664.0,576,320,11,4.0
l,2.0,206227494888.42883,956416.0,42945085.44,3825664.0,576,320,11,4.0
xl,2.0,412454989776.85767,956416.0,42945085.44,3825664.0,576,320,11,4.0
s,2.0,32211038893.102955,1377239.04,53018624.0,5508956.16,640,384,11,4.0
m,2.0,80527597232.75739,1377239.04,53018624.0,5508956.16,640,384,11,4.0
l,2.0,161055194465.51477,1377239.04,53018624.0,5508956.16,640,384,11,4.0
xl,2.0,322110388931.02954,1377239.04,53018624.0,5508956.16,640,384,11,4.0
s,2.0,28230878866.646835,1377239.04,64152535.04,5508956.16,704,384,11,4.0
m,2.0,70577197166.6171,1377239.04,64152535.04,5508956.16,704,384,11,4.0
l,2.0,141154394333.2342,1377239.04,64152535.04,5508956.16,704,384,11,4.0
xl,2.0,282308788666.4684,1377239.04,64152535.04,5508956.16,704,384,11,4.0
s,2.0,25811037944.596264,1874575.3599999999,64152535.04,7498301.4399999995,704,448,11,4.0
m,2.0,64527594861.490654,1874575.3599999999,64152535.04,7498301.4399999995,704,448,11,4.0
l,2.0,129055189722.98131,1874575.3599999999,64152535.04,7498301.4399999995,704,448,11,4.0
xl,2.0,258110379445.96262,1874575.3599999999,64152535.04,7498301.4399999995,704,448,11,4.0
s,2.0,22974824033.433346,1874575.3599999999,76346818.56,7498301.4399999995,768,448,11,4.0
m,2.0,57437060083.58337,1874575.3599999999,76346818.56,7498301.4399999995,768,448,11,4.0
l,2.0,114874120167.16673,1874575.3599999999,76346818.56,7498301.4399999995,768,448,11,4.0
xl,2.0,229748240334.33347,1874575.3599999999,76346818.56,7498301.4399999995,768,448,11,4.0
s,2.0,76312453318.14607,612106.24,20857651.2,2448424.96,384,256,12,4.0
s,2.0,62115098820.94809,612106.24,28389580.8,2448424.96,448,256,12,4.0
s,2.0,45715831212.41135,956416.0,37080268.8,3825664.0,512,320,12,4.0
m,2.0,114289578031.02837,956416.0,37080268.8,3825664.0,512,320,12,4.0
l,2.0,228579156062.05673,956416.0,37080268.8,3825664.0,512,320,12,4.0
xl,2.0,457158312124.11346,956416.0,37080268.8,3825664.0,512,320,12,4.0
s,2.0,38827626349.41377,956416.0,46929715.2,3825664.0,576,320,12,4.0
m,2.0,97069065873.53442,956416.0,46929715.2,3825664.0,576,320,12,4.0
l,2.0,194138131747.06885,956416.0,46929715.2,3825664.0,576,320,12,4.0
xl,2.0,388276263494.1377,956416.0,46929715.2,3825664.0,576,320,12,4.0
s,2.0,34984680796.02206,1377239.04,46929715.2,5508956.16,576,384,12,4.0
m,2.0,87461701990.05515,1377239.04,46929715.2,5508956.16,576,384,12,4.0
l,2.0,174923403980.1103,1377239.04,46929715.2,5508956.16,576,384,12,4.0
xl,2.0,349846807960.2206,1377239.04,46929715.2,5508956.16,576,384,12,4.0
s,2.0,30388418443.75707,1377239.04,57937920.0,5508956.16,640,384,12,4.0
m,2.0,75971046109.39267,1377239.04,57937920.0,5508956.16,640,384,12,4.0
l,2.0,151942092218.78534,1377239.04,57937920.0,5508956.16,640,384,12,4.0
xl,2.0,303884184437.5707,1377239.04,57937920.0,5508956.16,640,384,12,4.0
s,2.0,24393663108.6499,1874575.3599999999,70104883.2,7498301.4399999995,704,448,12,4.0
m,2.0,60984157771.62475,1874575.3599999999,70104883.2,7498301.4399999995,704,448,12,4.0
l,2.0,121968315543.2495,1874575.3599999999,70104883.2,7498301.4399999995,704,448,12,4.0
xl,2.0,243936631086.499,1874575.3599999999,70104883.2,7498301.4399999995,704,448,12,4.0
s,2.0,21643587883.81284,1874575.3599999999,83430604.8,7498301.4399999995,768,448,12,4.0
m,2.0,54108969709.532104,1874575.3599999999,83430604.8,7498301.4399999995,768,448,12,4.0
l,2.0,108217939419.06421,1874575.3599999999,83430604.8,7498301.4399999995,768,448,12,4.0
xl,2.0,216435878838.12842,1874575.3599999999,83430604.8,7498301.4399999995,768,448,12,4.0
s,2.0,19993683403.599777,2448424.96,83430604.8,9793699.84,768,512,12,4.0
m,2.0,49984208508.999435,2448424.96,83430604.8,9793699.84,768,512,12,4.0
l,2.0,99968417017.99887,2448424.96,83430604.8,9793699.84,768,512,12,4.0
xl,2.0,199936834035.99774,2448424.96,83430604.8,9793699.84,768,512,12,4.0
s,2.0,72576871913.13147,612106.24,22628597.759999998,2448424.96,384,256,13,4.0
s,2.0,43348750784.71643,956416.0,40228618.24,3825664.0,512,320,13,4.0
m,2.0,108371876961.79106,956416.0,40228618.24,3825664.0,512,320,13,4.0
l,2.0,216743753923.58212,956416.0,40228618.24,3825664.0,512,320,13,4.0
xl,2.0,433487507847.16425,956416.0,40228618.24,3825664.0,512,320,13,4.0
s,2.0,33229515819.158237,1377239.04,50914344.95999999,5508956.16,576,384,13,4.0
m,2.0,83073789547.8956,1377239.04,50914344.95999999,5508956.16,576,384,13,4.0
l,2.0,166147579095.7912,1377239.04,50914344.95999999,5508956.16,576,384,13,4.0
xl,2.0,332295158191.5824,1377239.04,50914344.95999999,5508956.16,576,384,13,4.0
s,2.0,28761013282.25009,1377239.04,62857216.0,5508956.16,640,384,13,4.0
m,2.0,71902533205.62523,1377239.04,62857216.0,5508956.16,640,384,13,4.0
l,2.0,143805066411.25046,1377239.04,62857216.0,5508956.16,640,384,13,4.0
xl,2.0,287610132822.5009,1377239.04,62857216.0,5508956.16,640,384,13,4.0
s,2.0,26253473124.46658,1874575.3599999999,62857216.0,7498301.4399999995,640,448,13,4.0
m,2.0,65633682811.16644,1874575.3599999999,62857216.0,7498301.4399999995,640,448,13,4.0
l,2.0,131267365622.33289,1874575.3599999999,62857216.0,7498301.4399999995,640,448,13,4.0
xl,2.0,262534731244.66577,1874575.3599999999,62857216.0,7498301.4399999995,640,448,13,4.0
s,2.0,23123851146.95301,1874575.3599999999,76057231.36,7498301.4399999995,704,448,13,4.0
m,2.0,57809627867.38252,1874575.3599999999,76057231.36,7498301.4399999995,704,448,13,4.0
l,2.0,115619255734.76505,1874575.3599999999,76057231.36,7498301.4399999995,704,448,13,4.0
xl,2.0,231238511469.5301,1874575.3599999999,76057231.36,7498301.4399999995,704,448,13,4.0
s,2.0,20458174600.81159,1874575.3599999999,90514391.03999999,7498301.4399999995,768,448,13,4.0
m,2.0,51145436502.02898,1874575.3599999999,90514391.03999999,7498301.4399999995,768,448,13,4.0
l,2.0,102290873004.05795,1874575.3599999999,90514391.03999999,7498301.4399999995,768,448,13,4.0
xl,2.0,204581746008.1159,1874575.3599999999,90514391.03999999,7498301.4399999995,768,448,13,4.0
s,2.0,18977870018.12086,2448424.96,90514391.03999999,9793699.84,768,512,13,4.0
m,2.0,47444675045.302155,2448424.96,90514391.03999999,9793699.84,768,512,13,4.0
l,2.0,94889350090.60431,2448424.96,90514391.03999999,9793699.84,768,512,13,4.0
xl,2.0,189778700181.20862,2448424.96,90514391.03999999,9793699.84,768,512,13,4.0
s,2.0,69189945374.7042,612106.24,24399544.32,2448424.96,384,256,14,4.0
s,2.0,49337805343.58587,956416.0,33210490.88,3825664.0,448,320,14,4.0
s,2.0,41214729028.3896,956416.0,43376967.68,3825664.0,512,320,14,4.0
m,2.0,103036822570.97401,956416.0,43376967.68,3825664.0,512,320,14,4.0
l,2.0,206073645141.94803,956416.0,43376967.68,3825664.0,512,320,14,4.0
xl,2.0,412147290283.89606,956416.0,43376967.68,3825664.0,512,320,14,4.0
s,2.0,31642049101.83816,1377239.04,54898974.72,5508956.16,576,384,14,4.0
m,2.0,79105122754.5954,1377239.04,54898974.72,5508956.16,576,384,14,4.0
l,2.0,158210245509.1908,1377239.04,54898974.72,5508956.16,576,384,14,4.0
xl,2.0,316420491018.3816,1377239.04,54898974.72,5508956.16,576,384,14,4.0
s,2.0,27299054282.13839,1377239.04,67776512.0,5508956.16,640,384,14,4.0
m,2.0,68247635705.34597,1377239.04,67776512.0,5508956.16,640,384,14,4.0
l,2.0,136495271410.69194,1377239.04,67776512.0,5508956.16,640,384,14,4.0
xl,2.0,272990542821.38388,1377239.04,67776512.0,5508956.16,640,384,14,4.0
s,2.0,25029901721.79292,1874575.3599999999,67776512.0,7498301.4399999995,640,448,14,4.0
m,2.0,62574754304.4823,1874575.3599999999,67776512.0,7498301.4399999995,640,448,14,4.0
l,2.0,125149508608.9646,1874575.3599999999,67776512.0,7498301.4399999995,640,448,14,4.0
xl,2.0,250299017217.9292,1874575.3599999999,67776512.0,7498301.4399999995,640,448,14,4.0
s,2.0,21979698115.98538,1874575.3599999999,82009579.52,7498301.4399999995,704,448,14,4.0
m,2.0,54949245289.96345,1874575.3599999999,82009579.52,7498301.4399999995,704,448,14,4.0
l,2.0,109898490579.9269,1874575.3599999999,82009579.52,7498301.4399999995,704,448,14,4.0
xl,2.0,219796981159.8538,1874575.3599999999,82009579.52,7498301.4399999995,704,448,14,4.0
s,2.0,20280163876.963017,2448424.96,82009579.52,9793699.84,704,512,14,4.0
m,2.0,50700409692.40754,2448424.96,82009579.52,9793699.84,704,512,14,4.0
l,2.0,101400819384.81508,2448424.96,82009579.52,9793699.84,704,512,14,4.0
xl,2.0,202801638769.63016,2448424.96,82009579.52,9793699.84,704,512,14,4.0
s,2.0,18060286194.68025,2448424.96,97598177.28,9793699.84,768,512,14,4.0
m,2.0,45150715486.700615,2448424.96,97598177.28,9793699.84,768,512,14,4.0
l,2.0,90301430973.40123,2448424.96,97598177.28,9793699.84,768,512,14,4.0
xl,2.0,180602861946.80246,2448424.96,97598177.28,9793699.84,768,512,14,4.0
s,2.0,66105038261.596146,612106.24,26170490.88,2448424.96,384,256,15,4.0
s,2.0,47204436220.04699,956416.0,35620945.92,3825664.0,448,320,15,4.0
m,2.0,118011090550.11748,956416.0,35620945.92,3825664.0,448,320,15,4.0
l,2.0,236022181100.23495,956416.0,35620945.92,3825664.0,448,320,15,4.0
xl,2.0,472044362200.4699,956416.0,35620945.92,3825664.0,448,320,15,4.0
s,2.0,39280961064.96279,956416.0,46525317.12,3825664.0,512,320,15,4.0
m,2.0,98202402662.40698,956416.0,46525317.12,3825664.0,512,320,15,4.0
l,2.0,196404805324.81396,956416.0,46525317.12,3825664.0,512,320,15,4.0
xl,2.0,392809610649.6279,956416.0,46525317.12,3825664.0,512,320,15,4.0
s,2.0,35352294380.87443,1377239.04,46525317.12,5508956.16,512,384,15,4.0
m,2.0,88380735952.18607,1377239.04,46525317.12,5508956.16,512,384,15,4.0
l,2.0,176761471904.37213,1377239.04,46525317.12,5508956.16,512,384,15,4.0
xl,2.0,353522943808.74426,1377239.04,46525317.12,5508956.16,512,384,15,4.0
s,2.0,30199342234.166668,1377239.04,58883604.480000004,5508956.16,576,384,15,4.0
m,2.0,75498355585.41667,1377239.04,58883604.480000004,5508956.16,576,384,15,4.0
l,2.0,150996711170.83334,1377239.04,58883604.480000004,5508956.16,576,384,15,4.0
xl,2.0,301993422341.6667,1377239.04,58883604.480000004,5508956.16,576,384,15,4.0
s,2.0,23915303245.662506,1874575.3599999999,72695808.0,7498301.4399999995,640,448,15,4.0
m,2.0,59788258114.156265,1874575.3599999999,72695808.0,7498301.4399999995,640,448,15,4.0
l,2.0,119576516228.31253,1874575.3599999999,72695808.0,7498301.4399999995,640,448,15,4.0
xl,2.0,239153032456.62506,1874575.3599999999,72695808.0,7498301.4399999995,640,448,15,4.0
s,2.0,20943430854.994957,1874575.3599999999,87961927.68,7498301.4399999995,704,448,15,4.0
m,2.0,52358577137.4874,1874575.3599999999,87961927.68,7498301.4399999995,704,448,15,4.0
l,2.0,104717154274.9748,1874575.3599999999,87961927.68,7498301.4399999995,704,448,15,4.0
xl,2.0,209434308549.9496,1874575.3599999999,87961927.68,7498301.4399999995,704,448,15,4.0
s,2.0,19394727482.822247,2448424.96,87961927.68,9793699.84,704,512,15,4.0
m,2.0,48486818707.05562,2448424.96,87961927.68,9793699.84,704,512,15,4.0
l,2.0,96973637414.11124,2448424.96,87961927.68,9793699.84,704,512,15,4.0
xl,2.0,193947274828.22247,2448424.96,87961927.68,9793699.84,704,512,15,4.0
s,2.0,17227340809.723606,2448424.96,104681963.52,9793699.84,768,512,15,4.0
m,2.0,43068352024.30902,2448424.96,104681963.52,9793699.84,768,512,15,4.0
l,2.0,86136704048.61804,2448424.96,104681963.52,9793699.84,768,512,15,4.0
xl,2.0,172273408097.23608,2448424.96,104681963.52,9793699.84,768,512,15,4.0
s,2.0,16038022378.917551,3098787.84,104681963.52,12395151.36,768,576,15,4.0
m,2.0,40095055947.29388,3098787.84,104681963.52,12395151.36,768,576,15,4.0
l,2.0,80190111894.58775,3098787.84,104681963.52,12395151.36,768,576,15,4.0
xl,2.0,160380223789.1755,3098787.84,104681963.52,12395151.36,768,576,15,4.0
s,2.0,63283477293.6251,612106.24,27941437.44,2448424.96,384,256,16,4.0
s,2.0,45247914190.61031,956416.0,38031400.96,3825664.0,448,320,16,4.0
m,2.0,113119785476.52577,956416.0,38031400.96,3825664.0,448,320,16,4.0
l,2.0,226239570953.05154,956416.0,38031400.96,3825664.0,448,320,16,4.0
xl,2.0,452479141906.1031,956416.0,38031400.96,3825664.0,448,320,16,4.0
s,2.0,33919965293.742783,1377239.04,49673666.56,5508956.16,512,384,16,4.0
m,2.0,84799913234.35695,1377239.04,49673666.56,5508956.16,512,384,16,4.0
l,2.0,169599826468.7139,1377239.04,49673666.56,5508956.16,512,384,16,4.0
xl,2.0,339199652937.4278,1377239.04,49673666.56,5508956.16,512,384,16,4.0
s,2.0,28882457851.50577,1377239.04,62868234.239999995,5508956.16,576,384,16,4.0
m,2.0,72206144628.76442,1377239.04,62868234.239999995,5508956.16,576,384,16,4.0
l,2.0,144412289257.52884,1377239.04,62868234.239999995,5508956.16,576,384,16,4.0
xl,2.0,288824578515.0577,1377239.04,62868234.239999995,5508956.16,576,384,16,4.0
s,2.0,26354627205.8707,1874575.3599999999,62868234.239999995,7498301.4399999995,576,448,16,4.0
m,2.0,65886568014.67675,1874575.3599999999,62868234.239999995,7498301.4399999995,576,448,16,4.0
l,2.0,131773136029.3535,1874575.3599999999,62868234.239999995,7498301.4399999995,576,448,16,4.0
xl,2.0,263546272058.707,1874575.3599999999,62868234.239999995,7498301.4399999995,576,448,16,4.0
s,2.0,22895740417.839565,1874575.3599999999,77615104.0,7498301.4399999995,640,448,16,4.0
m,2.0,57239351044.598915,1874575.3599999999,77615104.0,7498301.4399999995,640,448,16,4.0
l,2.0,114478702089.19783,1874575.3599999999,77615104.0,7498301.4399999995,640,448,16,4.0
xl,2.0,228957404178.39566,1874575.3599999999,77615104.0,7498301.4399999995,640,448,16,4.0
s,2.0,18583373335.159443,2448424.96,93914275.84,9793699.84,704,512,16,4.0
m,2.0,46458433337.898605,2448424.96,93914275.84,9793699.84,704,512,16,4.0
l,2.0,92916866675.79721,2448424.96,93914275.84,9793699.84,704,512,16,4.0
xl,2.0,185833733351.59442,2448424.96,93914275.84,9793699.84,704,512,16,4.0
s,2.0,16467839505.669292,2448424.96,111765749.76,9793699.84,768,512,16,4.0
m,2.0,41169598764.17323,2448424.96,111765749.76,9793699.84,768,512,16,4.0
l,2.0,82339197528.34647,2448424.96,111765749.76,9793699.84,768,512,16,4.0
xl,2.0,164678395056.69293,2448424.96,111765749.76,9793699.84,768,512,16,4.0
s,2.0,15377758550.90475,3098787.84,111765749.76,12395151.36,768,576,16,4.0
m,2.0,38444396377.26188,3098787.84,111765749.76,12395151.36,768,576,16,4.0
l,2.0,76888792754.52376,3098787.84,111765749.76,12395151.36,768,576,16,4.0
xl,2.0,153777585509.04752,3098787.84,111765749.76,12395151.36,768,576,16,4.0
s,2.0,74430791415.81705,612106.24,23809392.64,2448424.96,704,256,4,4.0
s,2.0,66052951258.544395,612106.24,28335144.96,2448424.96,768,256,4,4.0
s,2.0,72775830878.7501,612106.24,24596480.0,2448424.96,640,256,5,4.0
s,2.0,63749333946.95893,612106.24,29761740.8,2448424.96,704,256,5,4.0
s,2.0,49618485450.11349,956416.0,35418931.2,3825664.0,768,320,5,4.0
m,2.0,124046213625.28372,956416.0,35418931.2,3825664.0,768,320,5,4.0
l,2.0,248092427250.56744,956416.0,35418931.2,3825664.0,768,320,5,4.0
xl,2.0,496184854501.1349,956416.0,35418931.2,3825664.0,768,320,5,4.0
s,2.0,74131871894.05249,612106.24,23907778.56,2448424.96,576,256,6,4.0
s,2.0,64090889700.50173,612106.24,29515776.0,2448424.96,640,256,6,4.0
s,2.0,49322235151.75024,956416.0,35714088.96,3825664.0,704,320,6,4.0
m,2.0,123305587879.3756,956416.0,35714088.96,3825664.0,704,320,6,4.0
l,2.0,246611175758.7512,956416.0,35714088.96,3825664.0,704,320,6,4.0
xl,2.0,493222351517.5024,956416.0,35714088.96,3825664.0,704,320,6,4.0
s,2.0,43800220982.97732,956416.0,42502717.44,3825664.0,768,320,6,4.0
m,2.0,109500552457.44328,956416.0,42502717.44,3825664.0,768,320,6,4.0
l,2.0,219001104914.88657,956416.0,42502717.44,3825664.0,768,320,6,4.0
xl,2.0,438002209829.77313,956416.0,42502717.44,3825664.0,768,320,6,4.0
s,2.0,78174281066.78452,612106.24,22038446.08,2448424.96,512,256,7,4.0
s,2.0,66669943627.735855,612106.24,27892408.32,2448424.96,576,256,7,4.0
s,2.0,50499663874.23725,956416.0,34435072.0,3825664.0,640,320,7,4.0
s,2.0,44393204978.58501,956416.0,41666437.120000005,3825664.0,704,320,7,4.0
m,2.0,110983012446.46251,956416.0,41666437.120000005,3825664.0,704,320,7,4.0
l,2.0,221966024892.92502,956416.0,41666437.120000005,3825664.0,704,320,7,4.0
xl,2.0,443932049785.85004,956416.0,41666437.120000005,3825664.0,704,320,7,4.0
s,2.0,35289335966.94542,1377239.04,49586503.68,5508956.16,768,384,7,4.0
m,2.0,88223339917.36356,1377239.04,49586503.68,5508956.16,768,384,7,4.0
l,2.0,176446679834.7271,1377239.04,49586503.68,5508956.16,768,384,7,4.0
xl,2.0,352893359669.4542,1377239.04,49586503.68,5508956.16,768,384,7,4.0
s,2.0,71498098631.04364,612106.24,25186795.52,2448424.96,512,256,8,4.0
s,2.0,46159254598.20031,956416.0,39354368.0,3825664.0,640,320,8,4.0
m,2.0,115398136495.50076,956416.0,39354368.0,3825664.0,640,320,8,4.0
l,2.0,230796272991.00153,956416.0,39354368.0,3825664.0,640,320,8,4.0
xl,2.0,461592545982.00305,956416.0,39354368.0,3825664.0,640,320,8,4.0
s,2.0,40359834595.19486,956416.0,47618785.28,3825664.0,704,320,8,4.0
m,2.0,100899586487.98715,956416.0,47618785.28,3825664.0,704,320,8,4.0
l,2.0,201799172975.9743,956416.0,47618785.28,3825664.0,704,320,8,4.0
xl,2.0,403598345951.9486,956416.0,47618785.28,3825664.0,704,320,8,4.0
s,2.0,36223759856.10833,1377239.04,47618785.28,5508956.16,704,384,8,4.0
m,2.0,90559399640.27083,1377239.04,47618785.28,5508956.16,704,384,8,4.0
l,2.0,181118799280.54166,1377239.04,47618785.28,5508956.16,704,384,8,4.0
xl,2.0,362237598561.0833,1377239.04,47618785.28,5508956.16,704,384,8,4.0
s,2.0,32243161602.024338,1377239.04,56670289.92,5508956.16,768,384,8,4.0
m,2.0,80607904005.06085,1377239.04,56670289.92,5508956.16,768,384,8,4.0
l,2.0,161215808010.1217,1377239.04,56670289.92,5508956.16,768,384,8,4.0
xl,2.0,322431616020.2434,1377239.04,56670289.92,5508956.16,768,384,8,4.0
s,2.0,78896114847.2945,612106.24,21694095.36,2448424.96,448,256,9,4.0
s,2.0,65872503548.05113,612106.24,28335144.96,2448424.96,512,256,9,4.0
s,2.0,49125339444.30548,956416.0,35861667.839999996,3825664.0,576,320,9,4.0
m,2.0,122813348610.76372,956416.0,35861667.839999996,3825664.0,576,320,9,4.0
l,2.0,245626697221.52744,956416.0,35861667.839999996,3825664.0,576,320,9,4.0
xl,2.0,491253394443.0549,956416.0,35861667.839999996,3825664.0,576,320,9,4.0
s,2.0,42505903219.83917,956416.0,44273664.0,3825664.0,640,320,9,4.0
m,2.0,106264758049.59793,956416.0,44273664.0,3825664.0,640,320,9,4.0
l,2.0,212529516099.19586,956416.0,44273664.0,3825664.0,640,320,9,4.0
xl,2.0,425059032198.3917,956416.0,44273664.0,3825664.0,640,320,9,4.0
s,2.0,33492614562.31873,1377239.04,53571133.44,5508956.16,704,384,9,4.0
m,2.0,83731536405.79683,1377239.04,53571133.44,5508956.16,704,384,9,4.0
l,2.0,167463072811.59366,1377239.04,53571133.44,5508956.16,704,384,9,4.0
xl,2.0,334926145623.1873,1377239.04,53571133.44,5508956.16,704,384,9,4.0
s,2.0,29681090783.98047,1377239.04,63754076.160000004,5508956.16,768,384,9,4.0
m,2.0,74202726959.95117,1377239.04,63754076.160000004,5508956.16,768,384,9,4.0
l,2.0,148405453919.90234,1377239.04,63754076.160000004,5508956.16,768,384,9,4.0
xl,2.0,296810907839.8047,1377239.04,63754076.160000004,5508956.16,768,384,9,4.0
s,2.0,27017977494.206306,1874575.3599999999,63754076.160000004,7498301.4399999995,768,448,9,4.0
m,2.0,67544943735.51577,1874575.3599999999,63754076.160000004,7498301.4399999995,768,448,9,4.0
l,2.0,135089887471.03154,1874575.3599999999,63754076.160000004,7498301.4399999995,768,448,9,4.0
xl,2.0,270179774942.06308,1874575.3599999999,63754076.160000004,7498301.4399999995,768,448,9,4.0
s,2.0,70091270048.20598,612106.24,23568670.72,2448424.96,448,256,10,4.0
s,2.0,43984500284.351006,956416.0,38960455.67999999,3825664.0,576,320,10,4.0
m,2.0,109961250710.8775,956416.0,38960455.67999999,3825664.0,576,320,10,4.0
l,2.0,219922501421.755,956416.0,38960455.67999999,3825664.0,576,320,10,4.0
xl,2.0,439845002843.51,956416.0,38960455.67999999,3825664.0,576,320,10,4.0
s,2.0,34266241348.59645,1377239.04,48099328.0,5508956.16,640,384,10,4.0
m,2.0,85665603371.49113,1377239.04,48099328.0,5508956.16,640,384,10,4.0
l,2.0,171331206742.98227,1377239.04,48099328.0,5508956.16,640,384,10,4.0
xl,2.0,342662413485.96454,1377239.04,48099328.0,5508956.16,640,384,10,4.0
s,2.0,30146753915.713634,1377239.04,58200186.879999995,5508956.16,704,384,10,4.0
m,2.0,75366884789.28409,1377239.04,58200186.879999995,5508956.16,704,384,10,4.0
l,2.0,150733769578.56818,1377239.04,58200186.879999995,5508956.16,704,384,10,4.0
xl,2.0,301467539157.13635,1377239.04,58200186.879999995,5508956.16,704,384,10,4.0
s,2.0,24480553979.660694,1874575.3599999999,69263032.32000001,7498301.4399999995,768,448,10,4.0
m,2.0,61201384949.15174,1874575.3599999999,69263032.32000001,7498301.4399999995,768,448,10,4.0
l,2.0,122402769898.30348,1874575.3599999999,69263032.32000001,7498301.4399999995,768,448,10,4.0
xl,2.0,244805539796.60696,1874575.3599999999,69263032.32000001,7498301.4399999995,768,448,10,4.0
s,2.0,65862578373.0434,612106.24,25979125.759999998,2448424.96,448,256,11,4.0
s,2.0,48356354362.29714,956416.0,33931919.36,3825664.0,512,320,11,4.0
s,2.0,41245498977.68577,956416.0,42945085.44,3825664.0,576,320,11,4.0
m,2.0,103113747444.21442,956416.0,42945085.44,3825664.0,576,320,11,4.0
l,2.0,206227494888.42883,956416.0,42945085.44,3825664.0,576,320,11,4.0
xl,2.0,412454989776.85767,956416.0,42945085.44,3825664.0,576,320,11,4.0
s,2.0,32211038893.102955,1377239.04,53018624.0,5508956.16,640,384,11,4.0
m,2.0,80527597232.75739,1377239.04,53018624.0,5508956.16,640,384,11,4.0
l,2.0,161055194465.51477,1377239.04,53018624.0,5508956.16,640,384,11,4.0
xl,2.0,322110388931.02954,1377239.04,53018624.0,5508956.16,640,384,11,4.0
s,2.0,28230878866.646835,1377239.04,64152535.04,5508956.16,704,384,11,4.0
m,2.0,70577197166.6171,1377239.04,64152535.04,5508956.16,704,384,11,4.0
l,2.0,141154394333.2342,1377239.04,64152535.04,5508956.16,704,384,11,4.0
xl,2.0,282308788666.4684,1377239.04,64152535.04,5508956.16,704,384,11,4.0
s,2.0,25811037944.596264,1874575.3599999999,64152535.04,7498301.4399999995,704,448,11,4.0
m,2.0,64527594861.490654,1874575.3599999999,64152535.04,7498301.4399999995,704,448,11,4.0
l,2.0,129055189722.98131,1874575.3599999999,64152535.04,7498301.4399999995,704,448,11,4.0
xl,2.0,258110379445.96262,1874575.3599999999,64152535.04,7498301.4399999995,704,448,11,4.0
s,2.0,22974824033.433346,1874575.3599999999,76346818.56,7498301.4399999995,768,448,11,4.0
m,2.0,57437060083.58337,1874575.3599999999,76346818.56,7498301.4399999995,768,448,11,4.0
l,2.0,114874120167.16673,1874575.3599999999,76346818.56,7498301.4399999995,768,448,11,4.0
xl,2.0,229748240334.33347,1874575.3599999999,76346818.56,7498301.4399999995,768,448,11,4.0
s,2.0,76312453318.14607,612106.24,20857651.2,2448424.96,384,256,12,4.0
s,2.0,62115098820.94809,612106.24,28389580.8,2448424.96,448,256,12,4.0
s,2.0,45715831212.41135,956416.0,37080268.8,3825664.0,512,320,12,4.0
m,2.0,114289578031.02837,956416.0,37080268.8,3825664.0,512,320,12,4.0
l,2.0,228579156062.05673,956416.0,37080268.8,3825664.0,512,320,12,4.0
xl,2.0,457158312124.11346,956416.0,37080268.8,3825664.0,512,320,12,4.0
s,2.0,38827626349.41377,956416.0,46929715.2,3825664.0,576,320,12,4.0
m,2.0,97069065873.53442,956416.0,46929715.2,3825664.0,576,320,12,4.0
l,2.0,194138131747.06885,956416.0,46929715.2,3825664.0,576,320,12,4.0
xl,2.0,388276263494.1377,956416.0,46929715.2,3825664.0,576,320,12,4.0
s,2.0,34984680796.02206,1377239.04,46929715.2,5508956.16,576,384,12,4.0
m,2.0,87461701990.05515,1377239.04,46929715.2,5508956.16,576,384,12,4.0
l,2.0,174923403980.1103,1377239.04,46929715.2,5508956.16,576,384,12,4.0
xl,2.0,349846807960.2206,1377239.04,46929715.2,5508956.16,576,384,12,4.0
s,2.0,30388418443.75707,1377239.04,57937920.0,5508956.16,640,384,12,4.0
m,2.0,75971046109.39267,1377239.04,57937920.0,5508956.16,640,384,12,4.0
l,2.0,151942092218.78534,1377239.04,57937920.0,5508956.16,640,384,12,4.0
xl,2.0,303884184437.5707,1377239.04,57937920.0,5508956.16,640,384,12,4.0
s,2.0,24393663108.6499,1874575.3599999999,70104883.2,7498301.4399999995,704,448,12,4.0
m,2.0,60984157771.62475,1874575.3599999999,70104883.2,7498301.4399999995,704,448,12,4.0
l,2.0,121968315543.2495,1874575.3599999999,70104883.2,7498301.4399999995,704,448,12,4.0
xl,2.0,243936631086.499,1874575.3599999999,70104883.2,7498301.4399999995,704,448,12,4.0
s,2.0,21643587883.81284,1874575.3599999999,83430604.8,7498301.4399999995,768,448,12,4.0
m,2.0,54108969709.532104,1874575.3599999999,83430604.8,7498301.4399999995,768,448,12,4.0
l,2.0,108217939419.06421,1874575.3599999999,83430604.8,7498301.4399999995,768,448,12,4.0
xl,2.0,216435878838.12842,1874575.3599999999,83430604.8,7498301.4399999995,768,448,12,4.0
s,2.0,19993683403.599777,2448424.96,83430604.8,9793699.84,768,512,12,4.0
m,2.0,49984208508.999435,2448424.96,83430604.8,9793699.84,768,512,12,4.0
l,2.0,99968417017.99887,2448424.96,83430604.8,9793699.84,768,512,12,4.0
xl,2.0,199936834035.99774,2448424.96,83430604.8,9793699.84,768,512,12,4.0
s,2.0,72576871913.13147,612106.24,22628597.759999998,2448424.96,384,256,13,4.0
s,2.0,43348750784.71643,956416.0,40228618.24,3825664.0,512,320,13,4.0
m,2.0,108371876961.79106,956416.0,40228618.24,3825664.0,512,320,13,4.0
l,2.0,216743753923.58212,956416.0,40228618.24,3825664.0,512,320,13,4.0
xl,2.0,433487507847.16425,956416.0,40228618.24,3825664.0,512,320,13,4.0
s,2.0,33229515819.158237,1377239.04,50914344.95999999,5508956.16,576,384,13,4.0
m,2.0,83073789547.8956,1377239.04,50914344.95999999,5508956.16,576,384,13,4.0
l,2.0,166147579095.7912,1377239.04,50914344.95999999,5508956.16,576,384,13,4.0
xl,2.0,332295158191.5824,1377239.04,50914344.95999999,5508956.16,576,384,13,4.0
s,2.0,28761013282.25009,1377239.04,62857216.0,5508956.16,640,384,13,4.0
m,2.0,71902533205.62523,1377239.04,62857216.0,5508956.16,640,384,13,4.0
l,2.0,143805066411.25046,1377239.04,62857216.0,5508956.16,640,384,13,4.0
xl,2.0,287610132822.5009,1377239.04,62857216.0,5508956.16,640,384,13,4.0
s,2.0,26253473124.46658,1874575.3599999999,62857216.0,7498301.4399999995,640,448,13,4.0
m,2.0,65633682811.16644,1874575.3599999999,62857216.0,7498301.4399999995,640,448,13,4.0
l,2.0,131267365622.33289,1874575.3599999999,62857216.0,7498301.4399999995,640,448,13,4.0
xl,2.0,262534731244.66577,1874575.3599999999,62857216.0,7498301.4399999995,640,448,13,4.0
s,2.0,23123851146.95301,1874575.3599999999,76057231.36,7498301.4399999995,704,448,13,4.0
m,2.0,57809627867.38252,1874575.3599999999,76057231.36,7498301.4399999995,704,448,13,4.0
l,2.0,115619255734.76505,1874575.3599999999,76057231.36,7498301.4399999995,704,448,13,4.0
xl,2.0,231238511469.5301,1874575.3599999999,76057231.36,7498301.4399999995,704,448,13,4.0
s,2.0,20458174600.81159,1874575.3599999999,90514391.03999999,7498301.4399999995,768,448,13,4.0
m,2.0,51145436502.02898,1874575.3599999999,90514391.03999999,7498301.4399999995,768,448,13,4.0
l,2.0,102290873004.05795,1874575.3599999999,90514391.03999999,7498301.4399999995,768,448,13,4.0
xl,2.0,204581746008.1159,1874575.3599999999,90514391.03999999,7498301.4399999995,768,448,13,4.0
s,2.0,18977870018.12086,2448424.96,90514391.03999999,9793699.84,768,512,13,4.0
m,2.0,47444675045.302155,2448424.96,90514391.03999999,9793699.84,768,512,13,4.0
l,2.0,94889350090.60431,2448424.96,90514391.03999999,9793699.84,768,512,13,4.0
xl,2.0,189778700181.20862,2448424.96,90514391.03999999,9793699.84,768,512,13,4.0
s,2.0,69189945374.7042,612106.24,24399544.32,2448424.96,384,256,14,4.0
s,2.0,49337805343.58587,956416.0,33210490.88,3825664.0,448,320,14,4.0
s,2.0,41214729028.3896,956416.0,43376967.68,3825664.0,512,320,14,4.0
m,2.0,103036822570.97401,956416.0,43376967.68,3825664.0,512,320,14,4.0
l,2.0,206073645141.94803,956416.0,43376967.68,3825664.0,512,320,14,4.0
xl,2.0,412147290283.89606,956416.0,43376967.68,3825664.0,512,320,14,4.0
s,2.0,31642049101.83816,1377239.04,54898974.72,5508956.16,576,384,14,4.0
m,2.0,79105122754.5954,1377239.04,54898974.72,5508956.16,576,384,14,4.0
l,2.0,158210245509.1908,1377239.04,54898974.72,5508956.16,576,384,14,4.0
xl,2.0,316420491018.3816,1377239.04,54898974.72,5508956.16,576,384,14,4.0
s,2.0,27299054282.13839,1377239.04,67776512.0,5508956.16,640,384,14,4.0
m,2.0,68247635705.34597,1377239.04,67776512.0,5508956.16,640,384,14,4.0
l,2.0,136495271410.69194,1377239.04,67776512.0,5508956.16,640,384,14,4.0
xl,2.0,272990542821.38388,1377239.04,67776512.0,5508956.16,640,384,14,4.0
s,2.0,25029901721.79292,1874575.3599999999,67776512.0,7498301.4399999995,640,448,14,4.0
m,2.0,62574754304.4823,1874575.3599999999,67776512.0,7498301.4399999995,640,448,14,4.0
l,2.0,125149508608.9646,1874575.3599999999,67776512.0,7498301.4399999995,640,448,14,4.0
xl,2.0,250299017217.9292,1874575.3599999999,67776512.0,7498301.4399999995,640,448,14,4.0
s,2.0,21979698115.98538,1874575.3599999999,82009579.52,7498301.4399999995,704,448,14,4.0
m,2.0,54949245289.96345,1874575.3599999999,82009579.52,7498301.4399999995,704,448,14,4.0
l,2.0,109898490579.9269,1874575.3599999999,82009579.52,7498301.4399999995,704,448,14,4.0
xl,2.0,219796981159.8538,1874575.3599999999,82009579.52,7498301.4399999995,704,448,14,4.0
s,2.0,20280163876.963017,2448424.96,82009579.52,9793699.84,704,512,14,4.0
m,2.0,50700409692.40754,2448424.96,82009579.52,9793699.84,704,512,14,4.0
l,2.0,101400819384.81508,2448424.96,82009579.52,9793699.84,704,512,14,4.0
xl,2.0,202801638769.63016,2448424.96,82009579.52,9793699.84,704,512,14,4.0
s,2.0,18060286194.68025,2448424.96,97598177.28,9793699.84,768,512,14,4.0
m,2.0,45150715486.700615,2448424.96,97598177.28,9793699.84,768,512,14,4.0
l,2.0,90301430973.40123,2448424.96,97598177.28,9793699.84,768,512,14,4.0
xl,2.0,180602861946.80246,2448424.96,97598177.28,9793699.84,768,512,14,4.0
s,2.0,66105038261.596146,612106.24,26170490.88,2448424.96,384,256,15,4.0
s,2.0,47204436220.04699,956416.0,35620945.92,3825664.0,448,320,15,4.0
m,2.0,118011090550.11748,956416.0,35620945.92,3825664.0,448,320,15,4.0
l,2.0,236022181100.23495,956416.0,35620945.92,3825664.0,448,320,15,4.0
xl,2.0,472044362200.4699,956416.0,35620945.92,3825664.0,448,320,15,4.0
s,2.0,39280961064.96279,956416.0,46525317.12,3825664.0,512,320,15,4.0
m,2.0,98202402662.40698,956416.0,46525317.12,3825664.0,512,320,15,4.0
l,2.0,196404805324.81396,956416.0,46525317.12,3825664.0,512,320,15,4.0
xl,2.0,392809610649.6279,956416.0,46525317.12,3825664.0,512,320,15,4.0
s,2.0,35352294380.87443,1377239.04,46525317.12,5508956.16,512,384,15,4.0
m,2.0,88380735952.18607,1377239.04,46525317.12,5508956.16,512,384,15,4.0
l,2.0,176761471904.37213,1377239.04,46525317.12,5508956.16,512,384,15,4.0
xl,2.0,353522943808.74426,1377239.04,46525317.12,5508956.16,512,384,15,4.0
s,2.0,30199342234.166668,1377239.04,58883604.480000004,5508956.16,576,384,15,4.0
m,2.0,75498355585.41667,1377239.04,58883604.480000004,5508956.16,576,384,15,4.0
l,2.0,150996711170.83334,1377239.04,58883604.480000004,5508956.16,576,384,15,4.0
xl,2.0,301993422341.6667,1377239.04,58883604.480000004,5508956.16,576,384,15,4.0
s,2.0,23915303245.662506,1874575.3599999999,72695808.0,7498301.4399999995,640,448,15,4.0
m,2.0,59788258114.156265,1874575.3599999999,72695808.0,7498301.4399999995,640,448,15,4.0
l,2.0,119576516228.31253,1874575.3599999999,72695808.0,7498301.4399999995,640,448,15,4.0
xl,2.0,239153032456.62506,1874575.3599999999,72695808.0,7498301.4399999995,640,448,15,4.0
s,2.0,20943430854.994957,1874575.3599999999,87961927.68,7498301.4399999995,704,448,15,4.0
m,2.0,52358577137.4874,1874575.3599999999,87961927.68,7498301.4399999995,704,448,15,4.0
l,2.0,104717154274.9748,1874575.3599999999,87961927.68,7498301.4399999995,704,448,15,4.0
xl,2.0,209434308549.9496,1874575.3599999999,87961927.68,7498301.4399999995,704,448,15,4.0
s,2.0,19394727482.822247,2448424.96,87961927.68,9793699.84,704,512,15,4.0
m,2.0,48486818707.05562,2448424.96,87961927.68,9793699.84,704,512,15,4.0
l,2.0,96973637414.11124,2448424.96,87961927.68,9793699.84,704,512,15,4.0
xl,2.0,193947274828.22247,2448424.96,87961927.68,9793699.84,704,512,15,4.0
s,2.0,17227340809.723606,2448424.96,104681963.52,9793699.84,768,512,15,4.0
m,2.0,43068352024.30902,2448424.96,104681963.52,9793699.84,768,512,15,4.0
l,2.0,86136704048.61804,2448424.96,104681963.52,9793699.84,768,512,15,4.0
xl,2.0,172273408097.23608,2448424.96,104681963.52,9793699.84,768,512,15,4.0
s,2.0,16038022378.917551,3098787.84,104681963.52,12395151.36,768,576,15,4.0
m,2.0,40095055947.29388,3098787.84,104681963.52,12395151.36,768,576,15,4.0
l,2.0,80190111894.58775,3098787.84,104681963.52,12395151.36,768,576,15,4.0
xl,2.0,160380223789.1755,3098787.84,104681963.52,12395151.36,768,576,15,4.0
s,2.0,63283477293.6251,612106.24,27941437.44,2448424.96,384,256,16,4.0
s,2.0,45247914190.61031,956416.0,38031400.96,3825664.0,448,320,16,4.0
m,2.0,113119785476.52577,956416.0,38031400.96,3825664.0,448,320,16,4.0
l,2.0,226239570953.05154,956416.0,38031400.96,3825664.0,448,320,16,4.0
xl,2.0,452479141906.1031,956416.0,38031400.96,3825664.0,448,320,16,4.0
s,2.0,33919965293.742783,1377239.04,49673666.56,5508956.16,512,384,16,4.0
m,2.0,84799913234.35695,1377239.04,49673666.56,5508956.16,512,384,16,4.0
l,2.0,169599826468.7139,1377239.04,49673666.56,5508956.16,512,384,16,4.0
xl,2.0,339199652937.4278,1377239.04,49673666.56,5508956.16,512,384,16,4.0
s,2.0,28882457851.50577,1377239.04,62868234.239999995,5508956.16,576,384,16,4.0
m,2.0,72206144628.76442,1377239.04,62868234.239999995,5508956.16,576,384,16,4.0
l,2.0,144412289257.52884,1377239.04,62868234.239999995,5508956.16,576,384,16,4.0
xl,2.0,288824578515.0577,1377239.04,62868234.239999995,5508956.16,576,384,16,4.0
s,2.0,26354627205.8707,1874575.3599999999,62868234.239999995,7498301.4399999995,576,448,16,4.0
m,2.0,65886568014.67675,1874575.3599999999,62868234.239999995,7498301.4399999995,576,448,16,4.0
l,2.0,131773136029.3535,1874575.3599999999,62868234.239999995,7498301.4399999995,576,448,16,4.0
xl,2.0,263546272058.707,1874575.3599999999,62868234.239999995,7498301.4399999995,576,448,16,4.0
s,2.0,22895740417.839565,1874575.3599999999,77615104.0,7498301.4399999995,640,448,16,4.0
m,2.0,57239351044.598915,1874575.3599999999,77615104.0,7498301.4399999995,640,448,16,4.0
l,2.0,114478702089.19783,1874575.3599999999,77615104.0,7498301.4399999995,640,448,16,4.0
xl,2.0,228957404178.39566,1874575.3599999999,77615104.0,7498301.4399999995,640,448,16,4.0
s,2.0,18583373335.159443,2448424.96,93914275.84,9793699.84,704,512,16,4.0
m,2.0,46458433337.898605,2448424.96,93914275.84,9793699.84,704,512,16,4.0
l,2.0,92916866675.79721,2448424.96,93914275.84,9793699.84,704,512,16,4.0
xl,2.0,185833733351.59442,2448424.96,93914275.84,9793699.84,704,512,16,4.0
s,2.0,16467839505.669292,2448424.96,111765749.76,9793699.84,768,512,16,4.0
m,2.0,41169598764.17323,2448424.96,111765749.76,9793699.84,768,512,16,4.0
l,2.0,82339197528.34647,2448424.96,111765749.76,9793699.84,768,512,16,4.0
xl,2.0,164678395056.69293,2448424.96,111765749.76,9793699.84,768,512,16,4.0
s,2.0,15377758550.90475,3098787.84,111765749.76,12395151.36,768,576,16,4.0
m,2.0,38444396377.26188,3098787.84,111765749.76,12395151.36,768,576,16,4.0
l,2.0,76888792754.52376,3098787.84,111765749.76,12395151.36,768,576,16,4.0
xl,2.0,153777585509.04752,3098787.84,111765749.76,12395151.36,768,576,16,4.0
s,2.0,74430791415.81705,612106.24,23809392.64,2448424.96,704,256,4,4.0
s,2.0,66052951258.544395,612106.24,28335144.96,2448424.96,768,256,4,4.0
s,2.0,72775830878.7501,612106.24,24596480.0,2448424.96,640,256,5,4.0
s,2.0,63749333946.95893,612106.24,29761740.8,2448424.96,704,256,5,4.0
s,2.0,49618485450.11349,956416.0,35418931.2,3825664.0,768,320,5,4.0
m,2.0,124046213625.28372,956416.0,35418931.2,3825664.0,768,320,5,4.0
l,2.0,248092427250.56744,956416.0,35418931.2,3825664.0,768,320,5,4.0
xl,2.0,496184854501.1349,956416.0,35418931.2,3825664.0,768,320,5,4.0
s,2.0,74131871894.05249,612106.24,23907778.56,2448424.96,576,256,6,4.0
s,2.0,64090889700.50173,612106.24,29515776.0,2448424.96,640,256,6,4.0
s,2.0,49322235151.75024,956416.0,35714088.96,3825664.0,704,320,6,4.0
m,2.0,123305587879.3756,956416.0,35714088.96,3825664.0,704,320,6,4.0
l,2.0,246611175758.7512,956416.0,35714088.96,3825664.0,704,320,6,4.0
xl,2.0,493222351517.5024,956416.0,35714088.96,3825664.0,704,320,6,4.0
s,2.0,43800220982.97732,956416.0,42502717.44,3825664.0,768,320,6,4.0
m,2.0,109500552457.44328,956416.0,42502717.44,3825664.0,768,320,6,4.0
l,2.0,219001104914.88657,956416.0,42502717.44,3825664.0,768,320,6,4.0
xl,2.0,438002209829.77313,956416.0,42502717.44,3825664.0,768,320,6,4.0
s,2.0,78174281066.78452,612106.24,22038446.08,2448424.96,512,256,7,4.0
s,2.0,66669943627.735855,612106.24,27892408.32,2448424.96,576,256,7,4.0
s,2.0,50499663874.23725,956416.0,34435072.0,3825664.0,640,320,7,4.0
s,2.0,44393204978.58501,956416.0,41666437.120000005,3825664.0,704,320,7,4.0
m,2.0,110983012446.46251,956416.0,41666437.120000005,3825664.0,704,320,7,4.0
l,2.0,221966024892.92502,956416.0,41666437.120000005,3825664.0,704,320,7,4.0
xl,2.0,443932049785.85004,956416.0,41666437.120000005,3825664.0,704,320,7,4.0
s,2.0,35289335966.94542,1377239.04,49586503.68,5508956.16,768,384,7,4.0
m,2.0,88223339917.36356,1377239.04,49586503.68,5508956.16,768,384,7,4.0
l,2.0,176446679834.7271,1377239.04,49586503.68,5508956.16,768,384,7,4.0
xl,2.0,352893359669.4542,1377239.04,49586503.68,5508956.16,768,384,7,4.0
s,2.0,71498098631.04364,612106.24,25186795.52,2448424.96,512,256,8,4.0
s,2.0,46159254598.20031,956416.0,39354368.0,3825664.0,640,320,8,4.0
m,2.0,115398136495.50076,956416.0,39354368.0,3825664.0,640,320,8,4.0
l,2.0,230796272991.00153,956416.0,39354368.0,3825664.0,640,320,8,4.0
xl,2.0,461592545982.00305,956416.0,39354368.0,3825664.0,640,320,8,4.0
s,2.0,40359834595.19486,956416.0,47618785.28,3825664.0,704,320,8,4.0
m,2.0,100899586487.98715,956416.0,47618785.28,3825664.0,704,320,8,4.0
l,2.0,201799172975.9743,956416.0,47618785.28,3825664.0,704,320,8,4.0
xl,2.0,403598345951.9486,956416.0,47618785.28,3825664.0,704,320,8,4.0
s,2.0,36223759856.10833,1377239.04,47618785.28,5508956.16,704,384,8,4.0
m,2.0,90559399640.27083,1377239.04,47618785.28,5508956.16,704,384,8,4.0
l,2.0,181118799280.54166,1377239.04,47618785.28,5508956.16,704,384,8,4.0
xl,2.0,362237598561.0833,1377239.04,47618785.28,5508956.16,704,384,8,4.0
s,2.0,32243161602.024338,1377239.04,56670289.92,5508956.16,768,384,8,4.0
m,2.0,80607904005.06085,1377239.04,56670289.92,5508956.16,768,384,8,4.0
l,2.0,161215808010.1217,1377239.04,56670289.92,5508956.16,768,384,8,4.0
xl,2.0,322431616020.2434,1377239.04,56670289.92,5508956.16,768,384,8,4.0
s,2.0,78896114847.2945,612106.24,21694095.36,2448424.96,448,256,9,4.0
s,2.0,65872503548.05113,612106.24,28335144.96,2448424.96,512,256,9,4.0
s,2.0,49125339444.30548,956416.0,35861667.839999996,3825664.0,576,320,9,4.0
m,2.0,122813348610.76372,956416.0,35861667.839999996,3825664.0,576,320,9,4.0
l,2.0,245626697221.52744,956416.0,35861667.839999996,3825664.0,576,320,9,4.0
xl,2.0,491253394443.0549,956416.0,35861667.839999996,3825664.0,576,320,9,4.0
s,2.0,42505903219.83917,956416.0,44273664.0,3825664.0,640,320,9,4.0
m,2.0,106264758049.59793,956416.0,44273664.0,3825664.0,640,320,9,4.0
l,2.0,212529516099.19586,956416.0,44273664.0,3825664.0,640,320,9,4.0
xl,2.0,425059032198.3917,956416.0,44273664.0,3825664.0,640,320,9,4.0
s,2.0,33492614562.31873,1377239.04,53571133.44,5508956.16,704,384,9,4.0
m,2.0,83731536405.79683,1377239.04,53571133.44,5508956.16,704,384,9,4.0
l,2.0,167463072811.59366,1377239.04,53571133.44,5508956.16,704,384,9,4.0
xl,2.0,334926145623.1873,1377239.04,53571133.44,5508956.16,704,384,9,4.0
s,2.0,29681090783.98047,1377239.04,63754076.160000004,5508956.16,768,384,9,4.0
m,2.0,74202726959.95117,1377239.04,63754076.160000004,5508956.16,768,384,9,4.0
l,2.0,148405453919.90234,1377239.04,63754076.160000004,5508956.16,768,384,9,4.0
xl,2.0,296810907839.8047,1377239.04,63754076.160000004,5508956.16,768,384,9,4.0
s,2.0,27017977494.206306,1874575.3599999999,63754076.160000004,7498301.4399999995,768,448,9,4.0
m,2.0,67544943735.51577,1874575.3599999999,63754076.160000004,7498301.4399999995,768,448,9,4.0
l,2.0,135089887471.03154,1874575.3599999999,63754076.160000004,7498301.4399999995,768,448,9,4.0
xl,2.0,270179774942.06308,1874575.3599999999,63754076.160000004,7498301.4399999995,768,448,9,4.0
s,2.0,70091270048.20598,612106.24,23568670.72,2448424.96,448,256,10,4.0
s,2.0,43984500284.351006,956416.0,38960455.67999999,3825664.0,576,320,10,4.0
m,2.0,109961250710.8775,956416.0,38960455.67999999,3825664.0,576,320,10,4.0
l,2.0,219922501421.755,956416.0,38960455.67999999,3825664.0,576,320,10,4.0
xl,2.0,439845002843.51,956416.0,38960455.67999999,3825664.0,576,320,10,4.0
s,2.0,34266241348.59645,1377239.04,48099328.0,5508956.16,640,384,10,4.0
m,2.0,85665603371.49113,1377239.04,48099328.0,5508956.16,640,384,10,4.0
l,2.0,171331206742.98227,1377239.04,48099328.0,5508956.16,640,384,10,4.0
xl,2.0,342662413485.96454,1377239.04,48099328.0,5508956.16,640,384,10,4.0
s,2.0,30146753915.713634,1377239.04,58200186.879999995,5508956.16,704,384,10,4.0
m,2.0,75366884789.28409,1377239.04,58200186.879999995,5508956.16,704,384,10,4.0
l,2.0,150733769578.56818,1377239.04,58200186.879999995,5508956.16,704,384,10,4.0
xl,2.0,301467539157.13635,1377239.04,58200186.879999995,5508956.16,704,384,10,4.0
s,2.0,24480553979.660694,1874575.3599999999,69263032.32000001,7498301.4399999995,768,448,10,4.0
m,2.0,61201384949.15174,1874575.3599999999,69263032.32000001,7498301.4399999995,768,448,10,4.0
l,2.0,122402769898.30348,1874575.3599999999,69263032.32000001,7498301.4399999995,768,448,10,4.0
xl,2.0,244805539796.60696,1874575.3599999999,69263032.32000001,7498301.4399999995,768,448,10,4.0
s,2.0,65862578373.0434,612106.24,25979125.759999998,2448424.96,448,256,11,4.0
s,2.0,48356354362.29714,956416.0,33931919.36,3825664.0,512,320,11,4.0
s,2.0,41245498977.68577,956416.0,42945085.44,3825664.0,576,320,11,4.0
m,2.0,103113747444.21442,956416.0,42945085.44,3825664.0,576,320,11,4.0
l,2.0,206227494888.42883,956416.0,42945085.44,3825664.0,576,320,11,4.0
xl,2.0,412454989776.85767,956416.0,42945085.44,3825664.0,576,320,11,4.0
s,2.0,32211038893.102955,1377239.04,53018624.0,5508956.16,640,384,11,4.0
m,2.0,80527597232.75739,1377239.04,53018624.0,5508956.16,640,384,11,4.0
l,2.0,161055194465.51477,1377239.04,53018624.0,5508956.16,640,384,11,4.0
xl,2.0,322110388931.02954,1377239.04,53018624.0,5508956.16,640,384,11,4.0
s,2.0,28230878866.646835,1377239.04,64152535.04,5508956.16,704,384,11,4.0
m,2.0,70577197166.6171,1377239.04,64152535.04,5508956.16,704,384,11,4.0
l,2.0,141154394333.2342,1377239.04,64152535.04,5508956.16,704,384,11,4.0
xl,2.0,282308788666.4684,1377239.04,64152535.04,5508956.16,704,384,11,4.0
s,2.0,25811037944.596264,1874575.3599999999,64152535.04,7498301.4399999995,704,448,11,4.0
m,2.0,64527594861.490654,1874575.3599999999,64152535.04,7498301.4399999995,704,448,11,4.0
l,2.0,129055189722.98131,1874575.3599999999,64152535.04,7498301.4399999995,704,448,11,4.0
xl,2.0,258110379445.96262,1874575.3599999999,64152535.04,7498301.4399999995,704,448,11,4.0
s,2.0,22974824033.433346,1874575.3599999999,76346818.56,7498301.4399999995,768,448,11,4.0
m,2.0,57437060083.58337,1874575.3599999999,76346818.56,7498301.4399999995,768,448,11,4.0
l,2.0,114874120167.16673,1874575.3599999999,76346818.56,7498301.4399999995,768,448,11,4.0
xl,2.0,229748240334.33347,1874575.3599999999,76346818.56,7498301.4399999995,768,448,11,4.0
s,2.0,76312453318.14607,612106.24,20857651.2,2448424.96,384,256,12,4.0
s,2.0,62115098820.94809,612106.24,28389580.8,2448424.96,448,256,12,4.0
s,2.0,45715831212.41135,956416.0,37080268.8,3825664.0,512,320,12,4.0
m,2.0,114289578031.02837,956416.0,37080268.8,3825664.0,512,320,12,4.0
l,2.0,228579156062.05673,956416.0,37080268.8,3825664.0,512,320,12,4.0
xl,2.0,457158312124.11346,956416.0,37080268.8,3825664.0,512,320,12,4.0
s,2.0,38827626349.41377,956416.0,46929715.2,3825664.0,576,320,12,4.0
m,2.0,97069065873.53442,956416.0,46929715.2,3825664.0,576,320,12,4.0
l,2.0,194138131747.06885,956416.0,46929715.2,3825664.0,576,320,12,4.0
xl,2.0,388276263494.1377,956416.0,46929715.2,3825664.0,576,320,12,4.0
s,2.0,34984680796.02206,1377239.04,46929715.2,5508956.16,576,384,12,4.0
m,2.0,87461701990.05515,1377239.04,46929715.2,5508956.16,576,384,12,4.0
l,2.0,174923403980.1103,1377239.04,46929715.2,5508956.16,576,384,12,4.0
xl,2.0,349846807960.2206,1377239.04,46929715.2,5508956.16,576,384,12,4.0
s,2.0,30388418443.75707,1377239.04,57937920.0,5508956.16,640,384,12,4.0
m,2.0,75971046109.39267,1377239.04,57937920.0,5508956.16,640,384,12,4.0
l,2.0,151942092218.78534,1377239.04,57937920.0,5508956.16,640,384,12,4.0
xl,2.0,303884184437.5707,1377239.04,57937920.0,5508956.16,640,384,12,4.0
s,2.0,24393663108.6499,1874575.3599999999,70104883.2,7498301.4399999995,704,448,12,4.0
m,2.0,60984157771.62475,1874575.3599999999,70104883.2,7498301.4399999995,704,448,12,4.0
l,2.0,121968315543.2495,1874575.3599999999,70104883.2,7498301.4399999995,704,448,12,4.0
xl,2.0,243936631086.499,1874575.3599999999,70104883.2,7498301.4399999995,704,448,12,4.0
s,2.0,21643587883.81284,1874575.3599999999,83430604.8,7498301.4399999995,768,448,12,4.0
m,2.0,54108969709.532104,1874575.3599999999,83430604.8,7498301.4399999995,768,448,12,4.0
l,2.0,108217939419.06421,1874575.3599999999,83430604.8,7498301.4399999995,768,448,12,4.0
xl,2.0,216435878838.12842,1874575.3599999999,83430604.8,7498301.4399999995,768,448,12,4.0
s,2.0,19993683403.599777,2448424.96,83430604.8,9793699.84,768,512,12,4.0
m,2.0,49984208508.999435,2448424.96,83430604.8,9793699.84,768,512,12,4.0
l,2.0,99968417017.99887,2448424.96,83430604.8,9793699.84,768,512,12,4.0
xl,2.0,199936834035.99774,2448424.96,83430604.8,9793699.84,768,512,12,4.0
s,2.0,72576871913.13147,612106.24,22628597.759999998,2448424.96,384,256,13,4.0
s,2.0,43348750784.71643,956416.0,40228618.24,3825664.0,512,320,13,4.0
m,2.0,108371876961.79106,956416.0,40228618.24,3825664.0,512,320,13,4.0
l,2.0,216743753923.58212,956416.0,40228618.24,3825664.0,512,320,13,4.0
xl,2.0,433487507847.16425,956416.0,40228618.24,3825664.0,512,320,13,4.0
s,2.0,33229515819.158237,1377239.04,50914344.95999999,5508956.16,576,384,13,4.0
m,2.0,83073789547.8956,1377239.04,50914344.95999999,5508956.16,576,384,13,4.0
l,2.0,166147579095.7912,1377239.04,50914344.95999999,5508956.16,576,384,13,4.0
xl,2.0,332295158191.5824,1377239.04,50914344.95999999,5508956.16,576,384,13,4.0
s,2.0,28761013282.25009,1377239.04,62857216.0,5508956.16,640,384,13,4.0
m,2.0,71902533205.62523,1377239.04,62857216.0,5508956.16,640,384,13,4.0
l,2.0,143805066411.25046,1377239.04,62857216.0,5508956.16,640,384,13,4.0
xl,2.0,287610132822.5009,1377239.04,62857216.0,5508956.16,640,384,13,4.0
s,2.0,26253473124.46658,1874575.3599999999,62857216.0,7498301.4399999995,640,448,13,4.0
m,2.0,65633682811.16644,1874575.3599999999,62857216.0,7498301.4399999995,640,448,13,4.0
l,2.0,131267365622.33289,1874575.3599999999,62857216.0,7498301.4399999995,640,448,13,4.0
xl,2.0,262534731244.66577,1874575.3599999999,62857216.0,7498301.4399999995,640,448,13,4.0
s,2.0,23123851146.95301,1874575.3599999999,76057231.36,7498301.4399999995,704,448,13,4.0
m,2.0,57809627867.38252,1874575.3599999999,76057231.36,7498301.4399999995,704,448,13,4.0
l,2.0,115619255734.76505,1874575.3599999999,76057231.36,7498301.4399999995,704,448,13,4.0
xl,2.0,231238511469.5301,1874575.3599999999,76057231.36,7498301.4399999995,704,448,13,4.0
s,2.0,20458174600.81159,1874575.3599999999,90514391.03999999,7498301.4399999995,768,448,13,4.0
m,2.0,51145436502.02898,1874575.3599999999,90514391.03999999,7498301.4399999995,768,448,13,4.0
l,2.0,102290873004.05795,1874575.3599999999,90514391.03999999,7498301.4399999995,768,448,13,4.0
xl,2.0,204581746008.1159,1874575.3599999999,90514391.03999999,7498301.4399999995,768,448,13,4.0
s,2.0,18977870018.12086,2448424.96,90514391.03999999,9793699.84,768,512,13,4.0
m,2.0,47444675045.302155,2448424.96,90514391.03999999,9793699.84,768,512,13,4.0
l,2.0,94889350090.60431,2448424.96,90514391.03999999,9793699.84,768,512,13,4.0
xl,2.0,189778700181.20862,2448424.96,90514391.03999999,9793699.84,768,512,13,4.0
s,2.0,69189945374.7042,612106.24,24399544.32,2448424.96,384,256,14,4.0
s,2.0,49337805343.58587,956416.0,33210490.88,3825664.0,448,320,14,4.0
s,2.0,41214729028.3896,956416.0,43376967.68,3825664.0,512,320,14,4.0
m,2.0,103036822570.97401,956416.0,43376967.68,3825664.0,512,320,14,4.0
l,2.0,206073645141.94803,956416.0,43376967.68,3825664.0,512,320,14,4.0
xl,2.0,412147290283.89606,956416.0,43376967.68,3825664.0,512,320,14,4.0
s,2.0,31642049101.83816,1377239.04,54898974.72,5508956.16,576,384,14,4.0
m,2.0,79105122754.5954,1377239.04,54898974.72,5508956.16,576,384,14,4.0
l,2.0,158210245509.1908,1377239.04,54898974.72,5508956.16,576,384,14,4.0
xl,2.0,316420491018.3816,1377239.04,54898974.72,5508956.16,576,384,14,4.0
s,2.0,27299054282.13839,1377239.04,67776512.0,5508956.16,640,384,14,4.0
m,2.0,68247635705.34597,1377239.04,67776512.0,5508956.16,640,384,14,4.0
l,2.0,136495271410.69194,1377239.04,67776512.0,5508956.16,640,384,14,4.0
xl,2.0,272990542821.38388,1377239.04,67776512.0,5508956.16,640,384,14,4.0
s,2.0,25029901721.79292,1874575.3599999999,67776512.0,7498301.4399999995,640,448,14,4.0
m,2.0,62574754304.4823,1874575.3599999999,67776512.0,7498301.4399999995,640,448,14,4.0
l,2.0,125149508608.9646,1874575.3599999999,67776512.0,7498301.4399999995,640,448,14,4.0
xl,2.0,250299017217.9292,1874575.3599999999,67776512.0,7498301.4399999995,640,448,14,4.0
s,2.0,21979698115.98538,1874575.3599999999,82009579.52,7498301.4399999995,704,448,14,4.0
m,2.0,54949245289.96345,1874575.3599999999,82009579.52,7498301.4399999995,704,448,14,4.0
l,2.0,109898490579.9269,1874575.3599999999,82009579.52,7498301.4399999995,704,448,14,4.0
xl,2.0,219796981159.8538,1874575.3599999999,82009579.52,7498301.4399999995,704,448,14,4.0
s,2.0,20280163876.963017,2448424.96,82009579.52,9793699.84,704,512,14,4.0
m,2.0,50700409692.40754,2448424.96,82009579.52,9793699.84,704,512,14,4.0
l,2.0,101400819384.81508,2448424.96,82009579.52,9793699.84,704,512,14,4.0
xl,2.0,202801638769.63016,2448424.96,82009579.52,9793699.84,704,512,14,4.0
s,2.0,18060286194.68025,2448424.96,97598177.28,9793699.84,768,512,14,4.0
m,2.0,45150715486.700615,2448424.96,97598177.28,9793699.84,768,512,14,4.0
l,2.0,90301430973.40123,2448424.96,97598177.28,9793699.84,768,512,14,4.0
xl,2.0,180602861946.80246,2448424.96,97598177.28,9793699.84,768,512,14,4.0
s,2.0,66105038261.596146,612106.24,26170490.88,2448424.96,384,256,15,4.0
s,2.0,47204436220.04699,956416.0,35620945.92,3825664.0,448,320,15,4.0
m,2.0,118011090550.11748,956416.0,35620945.92,3825664.0,448,320,15,4.0
l,2.0,236022181100.23495,956416.0,35620945.92,3825664.0,448,320,15,4.0
xl,2.0,472044362200.4699,956416.0,35620945.92,3825664.0,448,320,15,4.0
s,2.0,39280961064.96279,956416.0,46525317.12,3825664.0,512,320,15,4.0
m,2.0,98202402662.40698,956416.0,46525317.12,3825664.0,512,320,15,4.0
l,2.0,196404805324.81396,956416.0,46525317.12,3825664.0,512,320,15,4.0
xl,2.0,392809610649.6279,956416.0,46525317.12,3825664.0,512,320,15,4.0
s,2.0,35352294380.87443,1377239.04,46525317.12,5508956.16,512,384,15,4.0
m,2.0,88380735952.18607,1377239.04,46525317.12,5508956.16,512,384,15,4.0
l,2.0,176761471904.37213,1377239.04,46525317.12,5508956.16,512,384,15,4.0
xl,2.0,353522943808.74426,1377239.04,46525317.12,5508956.16,512,384,15,4.0
s,2.0,30199342234.166668,1377239.04,58883604.480000004,5508956.16,576,384,15,4.0
m,2.0,75498355585.41667,1377239.04,58883604.480000004,5508956.16,576,384,15,4.0
l,2.0,150996711170.83334,1377239.04,58883604.480000004,5508956.16,576,384,15,4.0
xl,2.0,301993422341.6667,1377239.04,58883604.480000004,5508956.16,576,384,15,4.0
s,2.0,23915303245.662506,1874575.3599999999,72695808.0,7498301.4399999995,640,448,15,4.0
m,2.0,59788258114.156265,1874575.3599999999,72695808.0,7498301.4399999995,640,448,15,4.0
l,2.0,119576516228.31253,1874575.3599999999,72695808.0,7498301.4399999995,640,448,15,4.0
xl,2.0,239153032456.62506,1874575.3599999999,72695808.0,7498301.4399999995,640,448,15,4.0
s,2.0,20943430854.994957,1874575.3599999999,87961927.68,7498301.4399999995,704,448,15,4.0
m,2.0,52358577137.4874,1874575.3599999999,87961927.68,7498301.4399999995,704,448,15,4.0
l,2.0,104717154274.9748,1874575.3599999999,87961927.68,7498301.4399999995,704,448,15,4.0
xl,2.0,209434308549.9496,1874575.3599999999,87961927.68,7498301.4399999995,704,448,15,4.0
s,2.0,19394727482.822247,2448424.96,87961927.68,9793699.84,704,512,15,4.0
m,2.0,48486818707.05562,2448424.96,87961927.68,9793699.84,704,512,15,4.0
l,2.0,96973637414.11124,2448424.96,87961927.68,9793699.84,704,512,15,4.0
xl,2.0,193947274828.22247,2448424.96,87961927.68,9793699.84,704,512,15,4.0
s,2.0,17227340809.723606,2448424.96,104681963.52,9793699.84,768,512,15,4.0
m,2.0,43068352024.30902,2448424.96,104681963.52,9793699.84,768,512,15,4.0
l,2.0,86136704048.61804,2448424.96,104681963.52,9793699.84,768,512,15,4.0
xl,2.0,172273408097.23608,2448424.96,104681963.52,9793699.84,768,512,15,4.0
s,2.0,16038022378.917551,3098787.84,104681963.52,12395151.36,768,576,15,4.0
m,2.0,40095055947.29388,3098787.84,104681963.52,12395151.36,768,576,15,4.0
l,2.0,80190111894.58775,3098787.84,104681963.52,12395151.36,768,576,15,4.0
xl,2.0,160380223789.1755,3098787.84,104681963.52,12395151.36,768,576,15,4.0
s,2.0,63283477293.6251,612106.24,27941437.44,2448424.96,384,256,16,4.0
s,2.0,45247914190.61031,956416.0,38031400.96,3825664.0,448,320,16,4.0
m,2.0,113119785476.52577,956416.0,38031400.96,3825664.0,448,320,16,4.0
l,2.0,226239570953.05154,956416.0,38031400.96,3825664.0,448,320,16,4.0
xl,2.0,452479141906.1031,956416.0,38031400.96,3825664.0,448,320,16,4.0
s,2.0,33919965293.742783,1377239.04,49673666.56,5508956.16,512,384,16,4.0
m,2.0,84799913234.35695,1377239.04,49673666.56,5508956.16,512,384,16,4.0
l,2.0,169599826468.7139,1377239.04,49673666.56,5508956.16,512,384,16,4.0
xl,2.0,339199652937.4278,1377239.04,49673666.56,5508956.16,512,384,16,4.0
s,2.0,28882457851.50577,1377239.04,62868234.239999995,5508956.16,576,384,16,4.0
m,2.0,72206144628.76442,1377239.04,62868234.239999995,5508956.16,576,384,16,4.0
l,2.0,144412289257.52884,1377239.04,62868234.239999995,5508956.16,576,384,16,4.0
xl,2.0,288824578515.0577,1377239.04,62868234.239999995,5508956.16,576,384,16,4.0
s,2.0,26354627205.8707,1874575.3599999999,62868234.239999995,7498301.4399999995,576,448,16,4.0
m,2.0,65886568014.67675,1874575.3599999999,62868234.239999995,7498301.4399999995,576,448,16,4.0
l,2.0,131773136029.3535,1874575.3599999999,62868234.239999995,7498301.4399999995,576,448,16,4.0
xl,2.0,263546272058.707,1874575.3599999999,62868234.239999995,7498301.4399999995,576,448,16,4.0
s,2.0,22895740417.839565,1874575.3599999999,77615104.0,7498301.4399999995,640,448,16,4.0
m,2.0,57239351044.598915,1874575.3599999999,77615104.0,7498301.4399999995,640,448,16,4.0
l,2.0,114478702089.19783,1874575.3599999999,77615104.0,7498301.4399999995,640,448,16,4.0
xl,2.0,228957404178.39566,1874575.3599999999,77615104.0,7498301.4399999995,640,448,16,4.0
s,2.0,18583373335.159443,2448424.96,93914275.84,9793699.84,704,512,16,4.0
m,2.0,46458433337.898605,2448424.96,93914275.84,9793699.84,704,512,16,4.0
l,2.0,92916866675.79721,2448424.96,93914275.84,9793699.84,704,512,16,4.0
xl,2.0,185833733351.59442,2448424.96,93914275.84,9793699.84,704,512,16,4.0
s,2.0,16467839505.669292,2448424.96,111765749.76,9793699.84,768,512,16,4.0
m,2.0,41169598764.17323,2448424.96,111765749.76,9793699.84,768,512,16,4.0
l,2.0,82339197528.34647,2448424.96,111765749.76,9793699.84,768,512,16,4.0
xl,2.0,164678395056.69293,2448424.96,111765749.76,9793699.84,768,512,16,4.0
s,2.0,15377758550.90475,3098787.84,111765749.76,12395151.36,768,576,16,4.0
m,2.0,38444396377.26188,3098787.84,111765749.76,12395151.36,768,576,16,4.0
l,2.0,76888792754.52376,3098787.84,111765749.76,12395151.36,768,576,16,4.0
xl,2.0,153777585509.04752,3098787.84,111765749.76,12395151.36,768,576,16,4.0
s,4.0,116435979977.18451,1874575.3599999999,19677184.0,1874575.3599999999,640,448,4,1.0
s,4.0,92597382963.87126,2448424.96,23809392.64,2448424.96,704,512,4,1.0
s,4.0,85827805198.73161,2448424.96,28335144.96,2448424.96,768,512,4,1.0
s,4.0,75365308916.6132,3098787.84,28335144.96,3098787.84,768,576,4,1.0
s,4.0,115760182020.19893,1874575.3599999999,19923148.799999997,1874575.3599999999,576,448,5,1.0
s,4.0,91308823006.48076,2448424.96,24596480.0,2448424.96,640,512,5,1.0
s,4.0,83862009504.69205,2448424.96,29761740.8,2448424.96,704,512,5,1.0
s,4.0,73845322924.94731,3098787.84,29761740.8,3098787.84,704,576,5,1.0
s,4.0,68462379002.60369,3098787.84,35418931.2,3098787.84,768,576,5,1.0
m,4.0,171155947506.50925,3098787.84,35418931.2,3098787.84,768,576,5,1.0
l,4.0,342311895013.0185,3098787.84,35418931.2,3098787.84,768,576,5,1.0
xl,4.0,684623790026.037,3098787.84,35418931.2,3098787.84,768,576,5,1.0
s,4.0,60944120969.3021,3825664.0,35418931.2,3825664.0,768,640,5,1.0
m,4.0,152360302423.25525,3825664.0,35418931.2,3825664.0,768,640,5,1.0
l,4.0,304720604846.5105,3825664.0,35418931.2,3825664.0,768,640,5,1.0
xl,4.0,609441209693.021,3825664.0,35418931.2,3825664.0,768,640,5,1.0
s,4.0,118381530147.76024,1874575.3599999999,18890096.64,1874575.3599999999,512,448,6,1.0
s,4.0,92370828707.03275,2448424.96,23907778.56,2448424.96,576,512,6,1.0
s,4.0,84159129644.32494,2448424.96,29515776.0,2448424.96,640,512,6,1.0
s,4.0,74075606945.30046,3098787.84,29515776.0,3098787.84,640,576,6,1.0
s,4.0,68181531571.45274,3098787.84,35714088.96,3098787.84,704,576,6,1.0
m,4.0,170453828928.63187,3098787.84,35714088.96,3098787.84,704,576,6,1.0
l,4.0,340907657857.26373,3098787.84,35714088.96,3098787.84,704,576,6,1.0
xl,4.0,681815315714.5275,3098787.84,35714088.96,3098787.84,704,576,6,1.0
s,4.0,60721469376.39478,3825664.0,35714088.96,3825664.0,704,640,6,1.0
m,4.0,151803673440.98697,3825664.0,35714088.96,3825664.0,704,640,6,1.0
l,4.0,303607346881.97394,3825664.0,35714088.96,3825664.0,704,640,6,1.0
xl,4.0,607214693763.9479,3825664.0,35714088.96,3825664.0,704,640,6,1.0
s,4.0,56349674233.9681,3825664.0,42502717.44,3825664.0,768,640,6,1.0
m,4.0,140874185584.92026,3825664.0,42502717.44,3825664.0,768,640,6,1.0
l,4.0,281748371169.8405,3825664.0,42502717.44,3825664.0,768,640,6,1.0
xl,4.0,563496742339.681,3825664.0,42502717.44,3825664.0,768,640,6,1.0
s,4.0,50677338714.18019,4629053.4399999995,42502717.44,4629053.4399999995,768,704,6,1.0
m,4.0,126693346785.45047,4629053.4399999995,42502717.44,4629053.4399999995,768,704,6,1.0
l,4.0,253386693570.90094,4629053.4399999995,42502717.44,4629053.4399999995,768,704,6,1.0
xl,4.0,506773387141.8019,4629053.4399999995,42502717.44,4629053.4399999995,768,704,6,1.0
s,4.0,123917321966.24867,1874575.3599999999,16873185.28,1874575.3599999999,448,448,7,1.0
s,4.0,110570407077.77983,1874575.3599999999,22038446.08,1874575.3599999999,512,448,7,1.0
s,4.0,95446834738.61618,2448424.96,22038446.08,2448424.96,512,512,7,1.0
s,4.0,86353677555.11932,2448424.96,27892408.32,2448424.96,576,512,7,1.0
s,4.0,75770484292.80891,3098787.84,27892408.32,3098787.84,576,576,7,1.0
s,4.0,69299451512.02754,3098787.84,34435072.0,3098787.84,640,576,7,1.0
m,4.0,173248628780.06885,3098787.84,34435072.0,3098787.84,640,576,7,1.0
l,4.0,346497257560.1377,3098787.84,34435072.0,3098787.84,640,576,7,1.0
xl,4.0,692994515120.2754,3098787.84,34435072.0,3098787.84,640,576,7,1.0
s,4.0,61606550994.20652,3825664.0,34435072.0,3825664.0,640,640,7,1.0
m,4.0,154016377485.5163,3825664.0,34435072.0,3825664.0,640,640,7,1.0
l,4.0,308032754971.0326,3825664.0,34435072.0,3825664.0,640,640,7,1.0
xl,4.0,616065509942.0652,3825664.0,34435072.0,3825664.0,640,640,7,1.0
s,4.0,56839015384.193405,3825664.0,41666437.120000005,3825664.0,704,640,7,1.0
m,4.0,142097538460.48352,3825664.0,41666437.120000005,3825664.0,704,640,7,1.0
l,4.0,284195076920.96704,3825664.0,41666437.120000005,3825664.0,704,640,7,1.0
xl,4.0,568390153841.9341,3825664.0,41666437.120000005,3825664.0,704,640,7,1.0
s,4.0,51072775477.255684,4629053.4399999995,41666437.120000005,4629053.4399999995,704,704,7,1.0
m,4.0,127681938693.1392,4629053.4399999995,41666437.120000005,4629053.4399999995,704,704,7,1.0
l,4.0,255363877386.2784,4629053.4399999995,41666437.120000005,4629053.4399999995,704,704,7,1.0
xl,4.0,510727754772.5568,4629053.4399999995,41666437.120000005,4629053.4399999995,704,704,7,1.0
s,4.0,47459620178.15385,4629053.4399999995,49586503.68,4629053.4399999995,768,704,7,1.0
m,4.0,118649050445.38461,4629053.4399999995,49586503.68,4629053.4399999995,768,704,7,1.0
l,4.0,237298100890.76923,4629053.4399999995,49586503.68,4629053.4399999995,768,704,7,1.0
xl,4.0,474596201781.53845,4629053.4399999995,49586503.68,4629053.4399999995,768,704,7,1.0
s,4.0,43026777525.675285,5508956.16,49586503.68,5508956.16,768,768,7,1.0
m,4.0,107566943814.18822,5508956.16,49586503.68,5508956.16,768,768,7,1.0
l,4.0,215133887628.37643,5508956.16,49586503.68,5508956.16,768,768,7,1.0
xl,4.0,430267775256.75287,5508956.16,49586503.68,5508956.16,768,768,7,1.0
s,4.0,117267868067.53172,1874575.3599999999,19283640.32,1874575.3599999999,448,448,8,1.0
s,4.0,90303366139.6071,2448424.96,25186795.52,2448424.96,512,512,8,1.0
s,4.0,71673771085.5347,3098787.84,31877038.08,3098787.84,576,576,8,1.0
s,4.0,58266746095.89494,3825664.0,39354368.0,3825664.0,640,640,8,1.0
m,4.0,145666865239.73737,3825664.0,39354368.0,3825664.0,640,640,8,1.0
l,4.0,291333730479.47473,3825664.0,39354368.0,3825664.0,640,640,8,1.0
xl,4.0,582667460958.9495,3825664.0,39354368.0,3825664.0,640,640,8,1.0
s,4.0,53423203299.034096,3825664.0,47618785.28,3825664.0,704,640,8,1.0
m,4.0,133558008247.58524,3825664.0,47618785.28,3825664.0,704,640,8,1.0
l,4.0,267116016495.17047,3825664.0,47618785.28,3825664.0,704,640,8,1.0
xl,4.0,534232032990.34094,3825664.0,47618785.28,3825664.0,704,640,8,1.0
s,4.0,52222587473.96202,4629053.4399999995,39354368.0,4629053.4399999995,640,704,8,1.0
m,4.0,130556468684.90506,4629053.4399999995,39354368.0,4629053.4399999995,640,704,8,1.0
l,4.0,261112937369.81012,4629053.4399999995,39354368.0,4629053.4399999995,640,704,8,1.0
xl,4.0,522225874739.62024,4629053.4399999995,39354368.0,4629053.4399999995,640,704,8,1.0
s,4.0,48297950100.53624,4629053.4399999995,47618785.28,4629053.4399999995,704,704,8,1.0
m,4.0,120744875251.34059,4629053.4399999995,47618785.28,4629053.4399999995,704,704,8,1.0
l,4.0,241489750502.68118,4629053.4399999995,47618785.28,4629053.4399999995,704,704,8,1.0
xl,4.0,482979501005.36237,4629053.4399999995,47618785.28,4629053.4399999995,704,704,8,1.0
s,4.0,44626119160.59198,4629053.4399999995,56670289.92,4629053.4399999995,768,704,8,1.0
m,4.0,111565297901.47995,4629053.4399999995,56670289.92,4629053.4399999995,768,704,8,1.0
l,4.0,223130595802.9599,4629053.4399999995,56670289.92,4629053.4399999995,768,704,8,1.0
xl,4.0,446261191605.9198,4629053.4399999995,56670289.92,4629053.4399999995,768,704,8,1.0
s,4.0,43714682034.09101,5508956.16,47618785.28,5508956.16,704,768,8,1.0
m,4.0,109286705085.22754,5508956.16,47618785.28,5508956.16,704,768,8,1.0
l,4.0,218573410170.45508,5508956.16,47618785.28,5508956.16,704,768,8,1.0
xl,4.0,437146820340.91016,5508956.16,47618785.28,5508956.16,704,768,8,1.0
s,4.0,40684808784.52331,5508956.16,56670289.92,5508956.16,768,768,8,1.0
m,4.0,101712021961.30827,5508956.16,56670289.92,5508956.16,768,768,8,1.0
l,4.0,203424043922.61655,5508956.16,56670289.92,5508956.16,768,768,8,1.0
xl,4.0,406848087845.2331,5508956.16,56670289.92,5508956.16,768,768,8,1.0
s,4.0,111295695764.50786,1874575.3599999999,21694095.36,1874575.3599999999,448,448,9,1.0
s,4.0,95986801062.31741,2448424.96,21694095.36,2448424.96,448,512,9,1.0
s,4.0,85685897927.33902,2448424.96,28335144.96,2448424.96,512,512,9,1.0
s,4.0,75255868145.55406,3098787.84,28335144.96,3098787.84,512,576,9,1.0
s,4.0,67997332024.042,3098787.84,35861667.839999996,3098787.84,576,576,9,1.0
m,4.0,169993330060.10498,3098787.84,35861667.839999996,3098787.84,576,576,9,1.0
l,4.0,339986660120.20996,3098787.84,35861667.839999996,3098787.84,576,576,9,1.0
xl,4.0,679973320240.4199,3098787.84,35861667.839999996,3098787.84,576,576,9,1.0
s,4.0,60575329750.04574,3825664.0,35861667.839999996,3825664.0,576,640,9,1.0
m,4.0,151438324375.11435,3825664.0,35861667.839999996,3825664.0,576,640,9,1.0
l,4.0,302876648750.2287,3825664.0,35861667.839999996,3825664.0,576,640,9,1.0
xl,4.0,605753297500.4574,3825664.0,35861667.839999996,3825664.0,576,640,9,1.0
s,4.0,55270433811.00253,3825664.0,44273664.0,3825664.0,640,640,9,1.0
m,4.0,138176084527.50632,3825664.0,44273664.0,3825664.0,640,640,9,1.0
l,4.0,276352169055.01263,3825664.0,44273664.0,3825664.0,640,640,9,1.0
xl,4.0,552704338110.0253,3825664.0,44273664.0,3825664.0,640,640,9,1.0
s,4.0,49802755588.85726,4629053.4399999995,44273664.0,4629053.4399999995,640,704,9,1.0
m,4.0,124506888972.14314,4629053.4399999995,44273664.0,4629053.4399999995,640,704,9,1.0
l,4.0,249013777944.2863,4629053.4399999995,44273664.0,4629053.4399999995,640,704,9,1.0
xl,4.0,498027555888.5726,4629053.4399999995,44273664.0,4629053.4399999995,640,704,9,1.0
s,4.0,45809104256.76447,4629053.4399999995,53571133.44,4629053.4399999995,704,704,9,1.0
m,4.0,114522760641.9112,4629053.4399999995,53571133.44,4629053.4399999995,704,704,9,1.0
l,4.0,229045521283.8224,4629053.4399999995,53571133.44,4629053.4399999995,704,704,9,1.0
xl,4.0,458091042567.6448,4629053.4399999995,53571133.44,4629053.4399999995,704,704,9,1.0
s,4.0,41665765852.80892,5508956.16,53571133.44,5508956.16,704,768,9,1.0
m,4.0,104164414632.02231,5508956.16,53571133.44,5508956.16,704,768,9,1.0
l,4.0,208328829264.04462,5508956.16,53571133.44,5508956.16,704,768,9,1.0
xl,4.0,416657658528.08923,5508956.16,53571133.44,5508956.16,704,768,9,1.0
s,4.0,38584628412.49553,5508956.16,63754076.160000004,5508956.16,768,768,9,1.0
m,4.0,96461571031.23883,5508956.16,63754076.160000004,5508956.16,768,768,9,1.0
l,4.0,192923142062.47766,5508956.16,63754076.160000004,5508956.16,768,768,9,1.0
xl,4.0,385846284124.9553,5508956.16,63754076.160000004,5508956.16,768,768,9,1.0
s,4.0,119356705171.33072,1874575.3599999999,17315758.080000002,1874575.3599999999,384,448,10,1.0
s,4.0,90561865519.9477,2448424.96,23568670.72,2448424.96,448,512,10,1.0
s,4.0,71047857222.77179,3098787.84,30783569.92,3098787.84,512,576,10,1.0
s,4.0,57218775668.34277,3825664.0,38960455.67999999,3825664.0,576,640,10,1.0
m,4.0,143046939170.85693,3825664.0,38960455.67999999,3825664.0,576,640,10,1.0
l,4.0,286093878341.71387,3825664.0,38960455.67999999,3825664.0,576,640,10,1.0
xl,4.0,572187756683.4277,3825664.0,38960455.67999999,3825664.0,576,640,10,1.0
s,4.0,51379184183.06366,4629053.4399999995,38960455.67999999,4629053.4399999995,576,704,10,1.0
m,4.0,128447960457.65915,4629053.4399999995,38960455.67999999,4629053.4399999995,576,704,10,1.0
l,4.0,256895920915.3183,4629053.4399999995,38960455.67999999,4629053.4399999995,576,704,10,1.0
xl,4.0,513791841830.6366,4629053.4399999995,38960455.67999999,4629053.4399999995,576,704,10,1.0
s,4.0,47064453013.83964,4629053.4399999995,48099328.0,4629053.4399999995,640,704,10,1.0
m,4.0,117661132534.5991,4629053.4399999995,48099328.0,4629053.4399999995,640,704,10,1.0
l,4.0,235322265069.1982,4629053.4399999995,48099328.0,4629053.4399999995,640,704,10,1.0
xl,4.0,470644530138.3964,4629053.4399999995,48099328.0,4629053.4399999995,640,704,10,1.0
s,4.0,42701729254.69371,5508956.16,48099328.0,5508956.16,640,768,10,1.0
m,4.0,106754323136.73428,5508956.16,48099328.0,5508956.16,640,768,10,1.0
l,4.0,213508646273.46857,5508956.16,48099328.0,5508956.16,640,768,10,1.0
xl,4.0,427017292546.93713,5508956.16,48099328.0,5508956.16,640,768,10,1.0
s,4.0,39390158167.93437,5508956.16,58200186.879999995,5508956.16,704,768,10,1.0
m,4.0,98475395419.83592,5508956.16,58200186.879999995,5508956.16,704,768,10,1.0
l,4.0,196950790839.67184,5508956.16,58200186.879999995,5508956.16,704,768,10,1.0
xl,4.0,393901581679.3437,5508956.16,58200186.879999995,5508956.16,704,768,10,1.0
s,4.0,114743062561.002,1874575.3599999999,19086704.64,1874575.3599999999,384,448,11,1.0
s,4.0,86958308694.56615,2448424.96,25979125.759999998,2448424.96,448,512,11,1.0
s,4.0,76235595116.58441,3098787.84,25979125.759999998,3098787.84,448,576,11,1.0
s,4.0,68158114524.520386,3098787.84,33931919.36,3098787.84,512,576,11,1.0
m,4.0,170395286311.30096,3098787.84,33931919.36,3098787.84,512,576,11,1.0
l,4.0,340790572622.6019,3098787.84,33931919.36,3098787.84,512,576,11,1.0
xl,4.0,681581145245.2039,3098787.84,33931919.36,3098787.84,512,576,11,1.0
s,4.0,60702895631.07371,3825664.0,33931919.36,3825664.0,512,640,11,1.0
m,4.0,151757239077.68427,3825664.0,33931919.36,3825664.0,512,640,11,1.0
l,4.0,303514478155.3685,3825664.0,33931919.36,3825664.0,512,640,11,1.0
xl,4.0,607028956310.737,3825664.0,33931919.36,3825664.0,512,640,11,1.0
s,4.0,54851220540.14447,3825664.0,42945085.44,3825664.0,576,640,11,1.0
m,4.0,137128051350.36118,3825664.0,42945085.44,3825664.0,576,640,11,1.0
l,4.0,274256102700.72235,3825664.0,42945085.44,3825664.0,576,640,11,1.0
xl,4.0,548512205401.4447,3825664.0,42945085.44,3825664.0,576,640,11,1.0
s,4.0,49462126284.05757,4629053.4399999995,42945085.44,4629053.4399999995,576,704,11,1.0
m,4.0,123655315710.14392,4629053.4399999995,42945085.44,4629053.4399999995,576,704,11,1.0
l,4.0,247310631420.28784,4629053.4399999995,42945085.44,4629053.4399999995,576,704,11,1.0
xl,4.0,494621262840.5757,4629053.4399999995,42945085.44,4629053.4399999995,576,704,11,1.0
s,4.0,45090000506.739456,4629053.4399999995,53018624.0,4629053.4399999995,640,704,11,1.0
m,4.0,112725001266.84865,4629053.4399999995,53018624.0,4629053.4399999995,640,704,11,1.0
l,4.0,225450002533.6973,4629053.4399999995,53018624.0,4629053.4399999995,640,704,11,1.0
xl,4.0,450900005067.3946,4629053.4399999995,53018624.0,4629053.4399999995,640,704,11,1.0
s,4.0,41070016255.709564,5508956.16,53018624.0,5508956.16,640,768,11,1.0
m,4.0,102675040639.27391,5508956.16,53018624.0,5508956.16,640,768,11,1.0
l,4.0,205350081278.54782,5508956.16,53018624.0,5508956.16,640,768,11,1.0
xl,4.0,410700162557.09564,5508956.16,53018624.0,5508956.16,640,768,11,1.0
s,4.0,37718823718.989235,5508956.16,64152535.04,5508956.16,704,768,11,1.0
m,4.0,94297059297.47308,5508956.16,64152535.04,5508956.16,704,768,11,1.0
l,4.0,188594118594.94617,5508956.16,64152535.04,5508956.16,704,768,11,1.0
xl,4.0,377188237189.89233,5508956.16,64152535.04,5508956.16,704,768,11,1.0
s,4.0,110472819780.0152,1874575.3599999999,20857651.2,1874575.3599999999,384,448,12,1.0
s,4.0,95374108526.76273,2448424.96,20857651.2,2448424.96,384,512,12,1.0
s,4.0,83630556330.53206,2448424.96,28389580.8,2448424.96,448,512,12,1.0
s,4.0,73665799225.3611,3098787.84,28389580.8,3098787.84,448,576,12,1.0
s,4.0,65494254540.098404,3098787.84,37080268.8,3098787.84,512,576,12,1.0
m,4.0,163735636350.246,3098787.84,37080268.8,3098787.84,512,576,12,1.0
l,4.0,327471272700.492,3098787.84,37080268.8,3098787.84,512,576,12,1.0
xl,4.0,654942545400.984,3098787.84,37080268.8,3098787.84,512,576,12,1.0
s,4.0,58580845372.0251,3825664.0,37080268.8,3825664.0,512,640,12,1.0
m,4.0,146452113430.06274,3825664.0,37080268.8,3825664.0,512,640,12,1.0
l,4.0,292904226860.1255,3825664.0,37080268.8,3825664.0,512,640,12,1.0
xl,4.0,585808453720.251,3825664.0,37080268.8,3825664.0,512,640,12,1.0
s,4.0,52671806457.388176,3825664.0,46929715.2,3825664.0,576,640,12,1.0
m,4.0,131679516143.47044,3825664.0,46929715.2,3825664.0,576,640,12,1.0
l,4.0,263359032286.9409,3825664.0,46929715.2,3825664.0,576,640,12,1.0
xl,4.0,526718064573.8818,3825664.0,46929715.2,3825664.0,576,640,12,1.0
s,4.0,47682980959.91868,4629053.4399999995,46929715.2,4629053.4399999995,576,704,12,1.0
m,4.0,119207452399.79669,4629053.4399999995,46929715.2,4629053.4399999995,576,704,12,1.0
l,4.0,238414904799.59338,4629053.4399999995,46929715.2,4629053.4399999995,576,704,12,1.0
xl,4.0,476829809599.18677,4629053.4399999995,46929715.2,4629053.4399999995,576,704,12,1.0
s,4.0,43210281375.53494,5508956.16,46929715.2,5508956.16,576,768,12,1.0
m,4.0,108025703438.83736,5508956.16,46929715.2,5508956.16,576,768,12,1.0
l,4.0,216051406877.6747,5508956.16,46929715.2,5508956.16,576,768,12,1.0
xl,4.0,432102813755.3494,5508956.16,46929715.2,5508956.16,576,768,12,1.0
s,4.0,39558415171.1497,5508956.16,57937920.0,5508956.16,640,768,12,1.0
m,4.0,98896037927.87425,5508956.16,57937920.0,5508956.16,640,768,12,1.0
l,4.0,197792075855.7485,5508956.16,57937920.0,5508956.16,640,768,12,1.0
xl,4.0,395584151711.497,5508956.16,57937920.0,5508956.16,640,768,12,1.0
s,4.0,106509012877.87695,1874575.3599999999,22628597.759999998,1874575.3599999999,384,448,13,1.0
s,4.0,92405194857.42175,2448424.96,22628597.759999998,2448424.96,384,512,13,1.0
s,4.0,71263602297.56136,3098787.84,30800035.84,3098787.84,448,576,13,1.0
s,4.0,56602148910.99821,3825664.0,40228618.24,3825664.0,512,640,13,1.0
m,4.0,141505372277.4955,3825664.0,40228618.24,3825664.0,512,640,13,1.0
l,4.0,283010744554.991,3825664.0,40228618.24,3825664.0,512,640,13,1.0
xl,4.0,566021489109.982,3825664.0,40228618.24,3825664.0,512,640,13,1.0
s,4.0,50881449885.231804,4629053.4399999995,40228618.24,4629053.4399999995,512,704,13,1.0
m,4.0,127203624713.0795,4629053.4399999995,40228618.24,4629053.4399999995,512,704,13,1.0
l,4.0,254407249426.159,4629053.4399999995,40228618.24,4629053.4399999995,512,704,13,1.0
xl,4.0,508814498852.318,4629053.4399999995,40228618.24,4629053.4399999995,512,704,13,1.0
s,4.0,46027382846.2631,4629053.4399999995,50914344.95999999,4629053.4399999995,576,704,13,1.0
m,4.0,115068457115.65775,4629053.4399999995,50914344.95999999,4629053.4399999995,576,704,13,1.0
l,4.0,230136914231.3155,4629053.4399999995,50914344.95999999,4629053.4399999995,576,704,13,1.0
xl,4.0,460273828462.631,4629053.4399999995,50914344.95999999,4629053.4399999995,576,704,13,1.0
s,4.0,41846266658.538445,5508956.16,50914344.95999999,5508956.16,576,768,13,1.0
m,4.0,104615666646.34612,5508956.16,50914344.95999999,5508956.16,576,768,13,1.0
l,4.0,209231333292.69223,5508956.16,50914344.95999999,5508956.16,576,768,13,1.0
xl,4.0,418462666585.38446,5508956.16,50914344.95999999,5508956.16,576,768,13,1.0
s,4.0,38154134474.19201,5508956.16,62857216.0,5508956.16,640,768,13,1.0
m,4.0,95385336185.48003,5508956.16,62857216.0,5508956.16,640,768,13,1.0
l,4.0,190770672370.96005,5508956.16,62857216.0,5508956.16,640,768,13,1.0
xl,4.0,381541344741.9201,5508956.16,62857216.0,5508956.16,640,768,13,1.0
s,4.0,120915086925.56578,1874575.3599999999,16944128.0,1874575.3599999999,320,448,14,1.0
s,4.0,89615540441.64374,2448424.96,24399544.32,2448424.96,384,512,14,1.0
s,4.0,69013126208.268,3098787.84,33210490.88,3098787.84,448,576,14,1.0
s,4.0,61380163117.63617,3825664.0,33210490.88,3825664.0,448,640,14,1.0
m,4.0,153450407794.09042,3825664.0,33210490.88,3825664.0,448,640,14,1.0
l,4.0,306900815588.18085,3825664.0,33210490.88,3825664.0,448,640,14,1.0
xl,4.0,613801631176.3617,3825664.0,33210490.88,3825664.0,448,640,14,1.0
s,4.0,54752754606.70404,3825664.0,43376967.68,3825664.0,512,640,14,1.0
m,4.0,136881886516.7601,3825664.0,43376967.68,3825664.0,512,640,14,1.0
l,4.0,273763773033.5202,3825664.0,43376967.68,3825664.0,512,640,14,1.0
xl,4.0,547527546067.0404,3825664.0,43376967.68,3825664.0,512,640,14,1.0
s,4.0,49382044160.94779,4629053.4399999995,43376967.68,4629053.4399999995,512,704,14,1.0
m,4.0,123455110402.36948,4629053.4399999995,43376967.68,4629053.4399999995,512,704,14,1.0
l,4.0,246910220804.73895,4629053.4399999995,43376967.68,4629053.4399999995,512,704,14,1.0
xl,4.0,493820441609.4779,4629053.4399999995,43376967.68,4629053.4399999995,512,704,14,1.0
s,4.0,44482894746.937386,4629053.4399999995,54898974.72,4629053.4399999995,576,704,14,1.0
m,4.0,111207236867.34346,4629053.4399999995,54898974.72,4629053.4399999995,576,704,14,1.0
l,4.0,222414473734.68692,4629053.4399999995,54898974.72,4629053.4399999995,576,704,14,1.0
xl,4.0,444828947469.37384,4629053.4399999995,54898974.72,4629053.4399999995,576,704,14,1.0
s,4.0,40565732167.20029,5508956.16,54898974.72,5508956.16,576,768,14,1.0
m,4.0,101414330418.00073,5508956.16,54898974.72,5508956.16,576,768,14,1.0
l,4.0,202828660836.00146,5508956.16,54898974.72,5508956.16,576,768,14,1.0
xl,4.0,405657321672.0029,5508956.16,54898974.72,5508956.16,576,768,14,1.0
s,4.0,36846136711.45317,5508956.16,67776512.0,5508956.16,640,768,14,1.0
m,4.0,92115341778.63293,5508956.16,67776512.0,5508956.16,640,768,14,1.0
l,4.0,184230683557.26587,5508956.16,67776512.0,5508956.16,640,768,14,1.0
xl,4.0,368461367114.53174,5508956.16,67776512.0,5508956.16,640,768,14,1.0
s,4.0,117579574234.39095,1874575.3599999999,18173952.0,1874575.3599999999,320,448,15,1.0
s,4.0,86989385875.25644,2448424.96,26170490.88,2448424.96,384,512,15,1.0
s,4.0,76259479602.38284,3098787.84,26170490.88,3098787.84,384,576,15,1.0
s,4.0,66900437131.73784,3098787.84,35620945.92,3098787.84,448,576,15,1.0
m,4.0,167251092829.3446,3098787.84,35620945.92,3098787.84,448,576,15,1.0
l,4.0,334502185658.6892,3098787.84,35620945.92,3098787.84,448,576,15,1.0
xl,4.0,669004371317.3784,3098787.84,35620945.92,3098787.84,448,576,15,1.0
s,4.0,59703286130.96007,3825664.0,35620945.92,3825664.0,448,640,15,1.0
m,4.0,149258215327.40018,3825664.0,35620945.92,3825664.0,448,640,15,1.0
l,4.0,298516430654.80035,3825664.0,35620945.92,3825664.0,448,640,15,1.0
xl,4.0,597032861309.6007,3825664.0,35620945.92,3825664.0,448,640,15,1.0
s,4.0,53020389181.533165,3825664.0,46525317.12,3825664.0,512,640,15,1.0
m,4.0,132550972953.83292,3825664.0,46525317.12,3825664.0,512,640,15,1.0
l,4.0,265101945907.66583,3825664.0,46525317.12,3825664.0,512,640,15,1.0
xl,4.0,530203891815.33167,3825664.0,46525317.12,3825664.0,512,640,15,1.0
s,4.0,47968479628.063,4629053.4399999995,46525317.12,4629053.4399999995,512,704,15,1.0
m,4.0,119921199070.1575,4629053.4399999995,46525317.12,4629053.4399999995,512,704,15,1.0
l,4.0,239842398140.315,4629053.4399999995,46525317.12,4629053.4399999995,512,704,15,1.0
xl,4.0,479684796280.63,4629053.4399999995,46525317.12,4629053.4399999995,512,704,15,1.0
s,4.0,43444600446.47424,5508956.16,46525317.12,5508956.16,512,768,15,1.0
m,4.0,108611501116.18561,5508956.16,46525317.12,5508956.16,512,768,15,1.0
l,4.0,217223002232.37122,5508956.16,46525317.12,5508956.16,512,768,15,1.0
xl,4.0,434446004464.74243,5508956.16,46525317.12,5508956.16,512,768,15,1.0
s,4.0,39361241738.476845,5508956.16,58883604.480000004,5508956.16,576,768,15,1.0
m,4.0,98403104346.19211,5508956.16,58883604.480000004,5508956.16,576,768,15,1.0
l,4.0,196806208692.38422,5508956.16,58883604.480000004,5508956.16,576,768,15,1.0
xl,4.0,393612417384.76843,5508956.16,58883604.480000004,5508956.16,576,768,15,1.0
s,4.0,114423145506.54997,1874575.3599999999,19403776.0,1874575.3599999999,320,448,16,1.0
s,4.0,84512766457.93501,2448424.96,27941437.44,2448424.96,384,512,16,1.0
s,4.0,74349440610.27354,3098787.84,27941437.44,3098787.84,384,576,16,1.0
s,4.0,64913256778.481155,3098787.84,38031400.96,3098787.84,448,576,16,1.0
m,4.0,162283141946.20288,3098787.84,38031400.96,3098787.84,448,576,16,1.0
l,4.0,324566283892.40576,3098787.84,38031400.96,3098787.84,448,576,16,1.0
xl,4.0,649132567784.8115,3098787.84,38031400.96,3098787.84,448,576,16,1.0
s,4.0,58115595583.22218,3825664.0,38031400.96,3825664.0,448,640,16,1.0
m,4.0,145288988958.05545,3825664.0,38031400.96,3825664.0,448,640,16,1.0
l,4.0,290577977916.1109,3825664.0,38031400.96,3825664.0,448,640,16,1.0
xl,4.0,581155955832.2218,3825664.0,38031400.96,3825664.0,448,640,16,1.0
s,4.0,46633589797.18537,4629053.4399999995,49673666.56,4629053.4399999995,512,704,16,1.0
m,4.0,116583974492.96342,4629053.4399999995,49673666.56,4629053.4399999995,512,704,16,1.0
l,4.0,233167948985.92685,4629053.4399999995,49673666.56,4629053.4399999995,512,704,16,1.0
xl,4.0,466335897971.8537,4629053.4399999995,49673666.56,4629053.4399999995,512,704,16,1.0
s,4.0,42346741788.838036,5508956.16,49673666.56,5508956.16,512,768,16,1.0
m,4.0,105866854472.09508,5508956.16,49673666.56,5508956.16,512,768,16,1.0
l,4.0,211733708944.19016,5508956.16,49673666.56,5508956.16,512,768,16,1.0
xl,4.0,423467417888.3803,5508956.16,49673666.56,5508956.16,512,768,16,1.0
s,4.0,38226216929.169464,5508956.16,62868234.239999995,5508956.16,576,768,16,1.0
m,4.0,95565542322.92366,5508956.16,62868234.239999995,5508956.16,576,768,16,1.0
l,4.0,191131084645.84732,5508956.16,62868234.239999995,5508956.16,576,768,16,1.0
xl,4.0,382262169291.69464,5508956.16,62868234.239999995,5508956.16,576,768,16,1.0
s,4.0,116435979977.18451,1874575.3599999999,19677184.0,1874575.3599999999,640,448,4,1.0
s,4.0,92597382963.87126,2448424.96,23809392.64,2448424.96,704,512,4,1.0
s,4.0,85827805198.73161,2448424.96,28335144.96,2448424.96,768,512,4,1.0
s,4.0,75365308916.6132,3098787.84,28335144.96,3098787.84,768,576,4,1.0
s,4.0,115760182020.19893,1874575.3599999999,19923148.799999997,1874575.3599999999,576,448,5,1.0
s,4.0,91308823006.48076,2448424.96,24596480.0,2448424.96,640,512,5,1.0
s,4.0,83862009504.69205,2448424.96,29761740.8,2448424.96,704,512,5,1.0
s,4.0,73845322924.94731,3098787.84,29761740.8,3098787.84,704,576,5,1.0
s,4.0,68462379002.60369,3098787.84,35418931.2,3098787.84,768,576,5,1.0
m,4.0,171155947506.50925,3098787.84,35418931.2,3098787.84,768,576,5,1.0
l,4.0,342311895013.0185,3098787.84,35418931.2,3098787.84,768,576,5,1.0
xl,4.0,684623790026.037,3098787.84,35418931.2,3098787.84,768,576,5,1.0
s,4.0,60944120969.3021,3825664.0,35418931.2,3825664.0,768,640,5,1.0
m,4.0,152360302423.25525,3825664.0,35418931.2,3825664.0,768,640,5,1.0
l,4.0,304720604846.5105,3825664.0,35418931.2,3825664.0,768,640,5,1.0
xl,4.0,609441209693.021,3825664.0,35418931.2,3825664.0,768,640,5,1.0
s,4.0,118381530147.76024,1874575.3599999999,18890096.64,1874575.3599999999,512,448,6,1.0
s,4.0,92370828707.03275,2448424.96,23907778.56,2448424.96,576,512,6,1.0
s,4.0,84159129644.32494,2448424.96,29515776.0,2448424.96,640,512,6,1.0
s,4.0,74075606945.30046,3098787.84,29515776.0,3098787.84,640,576,6,1.0
s,4.0,68181531571.45274,3098787.84,35714088.96,3098787.84,704,576,6,1.0
m,4.0,170453828928.63187,3098787.84,35714088.96,3098787.84,704,576,6,1.0
l,4.0,340907657857.26373,3098787.84,35714088.96,3098787.84,704,576,6,1.0
xl,4.0,681815315714.5275,3098787.84,35714088.96,3098787.84,704,576,6,1.0
s,4.0,60721469376.39478,3825664.0,35714088.96,3825664.0,704,640,6,1.0
m,4.0,151803673440.98697,3825664.0,35714088.96,3825664.0,704,640,6,1.0
l,4.0,303607346881.97394,3825664.0,35714088.96,3825664.0,704,640,6,1.0
xl,4.0,607214693763.9479,3825664.0,35714088.96,3825664.0,704,640,6,1.0
s,4.0,56349674233.9681,3825664.0,42502717.44,3825664.0,768,640,6,1.0
m,4.0,140874185584.92026,3825664.0,42502717.44,3825664.0,768,640,6,1.0
l,4.0,281748371169.8405,3825664.0,42502717.44,3825664.0,768,640,6,1.0
xl,4.0,563496742339.681,3825664.0,42502717.44,3825664.0,768,640,6,1.0
s,4.0,50677338714.18019,4629053.4399999995,42502717.44,4629053.4399999995,768,704,6,1.0
m,4.0,126693346785.45047,4629053.4399999995,42502717.44,4629053.4399999995,768,704,6,1.0
l,4.0,253386693570.90094,4629053.4399999995,42502717.44,4629053.4399999995,768,704,6,1.0
xl,4.0,506773387141.8019,4629053.4399999995,42502717.44,4629053.4399999995,768,704,6,1.0
s,4.0,123917321966.24867,1874575.3599999999,16873185.28,1874575.3599999999,448,448,7,1.0
s,4.0,110570407077.77983,1874575.3599999999,22038446.08,1874575.3599999999,512,448,7,1.0
s,4.0,95446834738.61618,2448424.96,22038446.08,2448424.96,512,512,7,1.0
s,4.0,86353677555.11932,2448424.96,27892408.32,2448424.96,576,512,7,1.0
s,4.0,75770484292.80891,3098787.84,27892408.32,3098787.84,576,576,7,1.0
s,4.0,69299451512.02754,3098787.84,34435072.0,3098787.84,640,576,7,1.0
m,4.0,173248628780.06885,3098787.84,34435072.0,3098787.84,640,576,7,1.0
l,4.0,346497257560.1377,3098787.84,34435072.0,3098787.84,640,576,7,1.0
xl,4.0,692994515120.2754,3098787.84,34435072.0,3098787.84,640,576,7,1.0
s,4.0,61606550994.20652,3825664.0,34435072.0,3825664.0,640,640,7,1.0
m,4.0,154016377485.5163,3825664.0,34435072.0,3825664.0,640,640,7,1.0
l,4.0,308032754971.0326,3825664.0,34435072.0,3825664.0,640,640,7,1.0
xl,4.0,616065509942.0652,3825664.0,34435072.0,3825664.0,640,640,7,1.0
s,4.0,56839015384.193405,3825664.0,41666437.120000005,3825664.0,704,640,7,1.0
m,4.0,142097538460.48352,3825664.0,41666437.120000005,3825664.0,704,640,7,1.0
l,4.0,284195076920.96704,3825664.0,41666437.120000005,3825664.0,704,640,7,1.0
xl,4.0,568390153841.9341,3825664.0,41666437.120000005,3825664.0,704,640,7,1.0
s,4.0,51072775477.255684,4629053.4399999995,41666437.120000005,4629053.4399999995,704,704,7,1.0
m,4.0,127681938693.1392,4629053.4399999995,41666437.120000005,4629053.4399999995,704,704,7,1.0
l,4.0,255363877386.2784,4629053.4399999995,41666437.120000005,4629053.4399999995,704,704,7,1.0
xl,4.0,510727754772.5568,4629053.4399999995,41666437.120000005,4629053.4399999995,704,704,7,1.0
s,4.0,47459620178.15385,4629053.4399999995,49586503.68,4629053.4399999995,768,704,7,1.0
m,4.0,118649050445.38461,4629053.4399999995,49586503.68,4629053.4399999995,768,704,7,1.0
l,4.0,237298100890.76923,4629053.4399999995,49586503.68,4629053.4399999995,768,704,7,1.0
xl,4.0,474596201781.53845,4629053.4399999995,49586503.68,4629053.4399999995,768,704,7,1.0
s,4.0,43026777525.675285,5508956.16,49586503.68,5508956.16,768,768,7,1.0
m,4.0,107566943814.18822,5508956.16,49586503.68,5508956.16,768,768,7,1.0
l,4.0,215133887628.37643,5508956.16,49586503.68,5508956.16,768,768,7,1.0
xl,4.0,430267775256.75287,5508956.16,49586503.68,5508956.16,768,768,7,1.0
s,4.0,117267868067.53172,1874575.3599999999,19283640.32,1874575.3599999999,448,448,8,1.0
s,4.0,90303366139.6071,2448424.96,25186795.52,2448424.96,512,512,8,1.0
s,4.0,71673771085.5347,3098787.84,31877038.08,3098787.84,576,576,8,1.0
s,4.0,58266746095.89494,3825664.0,39354368.0,3825664.0,640,640,8,1.0
m,4.0,145666865239.73737,3825664.0,39354368.0,3825664.0,640,640,8,1.0
l,4.0,291333730479.47473,3825664.0,39354368.0,3825664.0,640,640,8,1.0
xl,4.0,582667460958.9495,3825664.0,39354368.0,3825664.0,640,640,8,1.0
s,4.0,53423203299.034096,3825664.0,47618785.28,3825664.0,704,640,8,1.0
m,4.0,133558008247.58524,3825664.0,47618785.28,3825664.0,704,640,8,1.0
l,4.0,267116016495.17047,3825664.0,47618785.28,3825664.0,704,640,8,1.0
xl,4.0,534232032990.34094,3825664.0,47618785.28,3825664.0,704,640,8,1.0
s,4.0,52222587473.96202,4629053.4399999995,39354368.0,4629053.4399999995,640,704,8,1.0
m,4.0,130556468684.90506,4629053.4399999995,39354368.0,4629053.4399999995,640,704,8,1.0
l,4.0,261112937369.81012,4629053.4399999995,39354368.0,4629053.4399999995,640,704,8,1.0
xl,4.0,522225874739.62024,4629053.4399999995,39354368.0,4629053.4399999995,640,704,8,1.0
s,4.0,48297950100.53624,4629053.4399999995,47618785.28,4629053.4399999995,704,704,8,1.0
m,4.0,120744875251.34059,4629053.4399999995,47618785.28,4629053.4399999995,704,704,8,1.0
l,4.0,241489750502.68118,4629053.4399999995,47618785.28,4629053.4399999995,704,704,8,1.0
xl,4.0,482979501005.36237,4629053.4399999995,47618785.28,4629053.4399999995,704,704,8,1.0
s,4.0,44626119160.59198,4629053.4399999995,56670289.92,4629053.4399999995,768,704,8,1.0
m,4.0,111565297901.47995,4629053.4399999995,56670289.92,4629053.4399999995,768,704,8,1.0
l,4.0,223130595802.9599,4629053.4399999995,56670289.92,4629053.4399999995,768,704,8,1.0
xl,4.0,446261191605.9198,4629053.4399999995,56670289.92,4629053.4399999995,768,704,8,1.0
s,4.0,43714682034.09101,5508956.16,47618785.28,5508956.16,704,768,8,1.0
m,4.0,109286705085.22754,5508956.16,47618785.28,5508956.16,704,768,8,1.0
l,4.0,218573410170.45508,5508956.16,47618785.28,5508956.16,704,768,8,1.0
xl,4.0,437146820340.91016,5508956.16,47618785.28,5508956.16,704,768,8,1.0
s,4.0,40684808784.52331,5508956.16,56670289.92,5508956.16,768,768,8,1.0
m,4.0,101712021961.30827,5508956.16,56670289.92,5508956.16,768,768,8,1.0
l,4.0,203424043922.61655,5508956.16,56670289.92,5508956.16,768,768,8,1.0
xl,4.0,406848087845.2331,5508956.16,56670289.92,5508956.16,768,768,8,1.0
s,4.0,111295695764.50786,1874575.3599999999,21694095.36,1874575.3599999999,448,448,9,1.0
s,4.0,95986801062.31741,2448424.96,21694095.36,2448424.96,448,512,9,1.0
s,4.0,85685897927.33902,2448424.96,28335144.96,2448424.96,512,512,9,1.0
s,4.0,75255868145.55406,3098787.84,28335144.96,3098787.84,512,576,9,1.0
s,4.0,67997332024.042,3098787.84,35861667.839999996,3098787.84,576,576,9,1.0
m,4.0,169993330060.10498,3098787.84,35861667.839999996,3098787.84,576,576,9,1.0
l,4.0,339986660120.20996,3098787.84,35861667.839999996,3098787.84,576,576,9,1.0
xl,4.0,679973320240.4199,3098787.84,35861667.839999996,3098787.84,576,576,9,1.0
s,4.0,60575329750.04574,3825664.0,35861667.839999996,3825664.0,576,640,9,1.0
m,4.0,151438324375.11435,3825664.0,35861667.839999996,3825664.0,576,640,9,1.0
l,4.0,302876648750.2287,3825664.0,35861667.839999996,3825664.0,576,640,9,1.0
xl,4.0,605753297500.4574,3825664.0,35861667.839999996,3825664.0,576,640,9,1.0
s,4.0,55270433811.00253,3825664.0,44273664.0,3825664.0,640,640,9,1.0
m,4.0,138176084527.50632,3825664.0,44273664.0,3825664.0,640,640,9,1.0
l,4.0,276352169055.01263,3825664.0,44273664.0,3825664.0,640,640,9,1.0
xl,4.0,552704338110.0253,3825664.0,44273664.0,3825664.0,640,640,9,1.0
s,4.0,49802755588.85726,4629053.4399999995,44273664.0,4629053.4399999995,640,704,9,1.0
m,4.0,124506888972.14314,4629053.4399999995,44273664.0,4629053.4399999995,640,704,9,1.0
l,4.0,249013777944.2863,4629053.4399999995,44273664.0,4629053.4399999995,640,704,9,1.0
xl,4.0,498027555888.5726,4629053.4399999995,44273664.0,4629053.4399999995,640,704,9,1.0
s,4.0,45809104256.76447,4629053.4399999995,53571133.44,4629053.4399999995,704,704,9,1.0
m,4.0,114522760641.9112,4629053.4399999995,53571133.44,4629053.4399999995,704,704,9,1.0
l,4.0,229045521283.8224,4629053.4399999995,53571133.44,4629053.4399999995,704,704,9,1.0
xl,4.0,458091042567.6448,4629053.4399999995,53571133.44,4629053.4399999995,704,704,9,1.0
s,4.0,41665765852.80892,5508956.16,53571133.44,5508956.16,704,768,9,1.0
m,4.0,104164414632.02231,5508956.16,53571133.44,5508956.16,704,768,9,1.0
l,4.0,208328829264.04462,5508956.16,53571133.44,5508956.16,704,768,9,1.0
xl,4.0,416657658528.08923,5508956.16,53571133.44,5508956.16,704,768,9,1.0
s,4.0,38584628412.49553,5508956.16,63754076.160000004,5508956.16,768,768,9,1.0
m,4.0,96461571031.23883,5508956.16,63754076.160000004,5508956.16,768,768,9,1.0
l,4.0,192923142062.47766,5508956.16,63754076.160000004,5508956.16,768,768,9,1.0
xl,4.0,385846284124.9553,5508956.16,63754076.160000004,5508956.16,768,768,9,1.0
s,4.0,119356705171.33072,1874575.3599999999,17315758.080000002,1874575.3599999999,384,448,10,1.0
s,4.0,90561865519.9477,2448424.96,23568670.72,2448424.96,448,512,10,1.0
s,4.0,71047857222.77179,3098787.84,30783569.92,3098787.84,512,576,10,1.0
s,4.0,57218775668.34277,3825664.0,38960455.67999999,3825664.0,576,640,10,1.0
m,4.0,143046939170.85693,3825664.0,38960455.67999999,3825664.0,576,640,10,1.0
l,4.0,286093878341.71387,3825664.0,38960455.67999999,3825664.0,576,640,10,1.0
xl,4.0,572187756683.4277,3825664.0,38960455.67999999,3825664.0,576,640,10,1.0
s,4.0,51379184183.06366,4629053.4399999995,38960455.67999999,4629053.4399999995,576,704,10,1.0
m,4.0,128447960457.65915,4629053.4399999995,38960455.67999999,4629053.4399999995,576,704,10,1.0
l,4.0,256895920915.3183,4629053.4399999995,38960455.67999999,4629053.4399999995,576,704,10,1.0
xl,4.0,513791841830.6366,4629053.4399999995,38960455.67999999,4629053.4399999995,576,704,10,1.0
s,4.0,47064453013.83964,4629053.4399999995,48099328.0,4629053.4399999995,640,704,10,1.0
m,4.0,117661132534.5991,4629053.4399999995,48099328.0,4629053.4399999995,640,704,10,1.0
l,4.0,235322265069.1982,4629053.4399999995,48099328.0,4629053.4399999995,640,704,10,1.0
xl,4.0,470644530138.3964,4629053.4399999995,48099328.0,4629053.4399999995,640,704,10,1.0
s,4.0,42701729254.69371,5508956.16,48099328.0,5508956.16,640,768,10,1.0
m,4.0,106754323136.73428,5508956.16,48099328.0,5508956.16,640,768,10,1.0
l,4.0,213508646273.46857,5508956.16,48099328.0,5508956.16,640,768,10,1.0
xl,4.0,427017292546.93713,5508956.16,48099328.0,5508956.16,640,768,10,1.0
s,4.0,39390158167.93437,5508956.16,58200186.879999995,5508956.16,704,768,10,1.0
m,4.0,98475395419.83592,5508956.16,58200186.879999995,5508956.16,704,768,10,1.0
l,4.0,196950790839.67184,5508956.16,58200186.879999995,5508956.16,704,768,10,1.0
xl,4.0,393901581679.3437,5508956.16,58200186.879999995,5508956.16,704,768,10,1.0
s,4.0,114743062561.002,1874575.3599999999,19086704.64,1874575.3599999999,384,448,11,1.0
s,4.0,86958308694.56615,2448424.96,25979125.759999998,2448424.96,448,512,11,1.0
s,4.0,76235595116.58441,3098787.84,25979125.759999998,3098787.84,448,576,11,1.0
s,4.0,68158114524.520386,3098787.84,33931919.36,3098787.84,512,576,11,1.0
m,4.0,170395286311.30096,3098787.84,33931919.36,3098787.84,512,576,11,1.0
l,4.0,340790572622.6019,3098787.84,33931919.36,3098787.84,512,576,11,1.0
xl,4.0,681581145245.2039,3098787.84,33931919.36,3098787.84,512,576,11,1.0
s,4.0,60702895631.07371,3825664.0,33931919.36,3825664.0,512,640,11,1.0
m,4.0,151757239077.68427,3825664.0,33931919.36,3825664.0,512,640,11,1.0
l,4.0,303514478155.3685,3825664.0,33931919.36,3825664.0,512,640,11,1.0
xl,4.0,607028956310.737,3825664.0,33931919.36,3825664.0,512,640,11,1.0
s,4.0,54851220540.14447,3825664.0,42945085.44,3825664.0,576,640,11,1.0
m,4.0,137128051350.36118,3825664.0,42945085.44,3825664.0,576,640,11,1.0
l,4.0,274256102700.72235,3825664.0,42945085.44,3825664.0,576,640,11,1.0
xl,4.0,548512205401.4447,3825664.0,42945085.44,3825664.0,576,640,11,1.0
s,4.0,49462126284.05757,4629053.4399999995,42945085.44,4629053.4399999995,576,704,11,1.0
m,4.0,123655315710.14392,4629053.4399999995,42945085.44,4629053.4399999995,576,704,11,1.0
l,4.0,247310631420.28784,4629053.4399999995,42945085.44,4629053.4399999995,576,704,11,1.0
xl,4.0,494621262840.5757,4629053.4399999995,42945085.44,4629053.4399999995,576,704,11,1.0
s,4.0,45090000506.739456,4629053.4399999995,53018624.0,4629053.4399999995,640,704,11,1.0
m,4.0,112725001266.84865,4629053.4399999995,53018624.0,4629053.4399999995,640,704,11,1.0
l,4.0,225450002533.6973,4629053.4399999995,53018624.0,4629053.4399999995,640,704,11,1.0
xl,4.0,450900005067.3946,4629053.4399999995,53018624.0,4629053.4399999995,640,704,11,1.0
s,4.0,41070016255.709564,5508956.16,53018624.0,5508956.16,640,768,11,1.0
m,4.0,102675040639.27391,5508956.16,53018624.0,5508956.16,640,768,11,1.0
l,4.0,205350081278.54782,5508956.16,53018624.0,5508956.16,640,768,11,1.0
xl,4.0,410700162557.09564,5508956.16,53018624.0,5508956.16,640,768,11,1.0
s,4.0,37718823718.989235,5508956.16,64152535.04,5508956.16,704,768,11,1.0
m,4.0,94297059297.47308,5508956.16,64152535.04,5508956.16,704,768,11,1.0
l,4.0,188594118594.94617,5508956.16,64152535.04,5508956.16,704,768,11,1.0
xl,4.0,377188237189.89233,5508956.16,64152535.04,5508956.16,704,768,11,1.0
s,4.0,110472819780.0152,1874575.3599999999,20857651.2,1874575.3599999999,384,448,12,1.0
s,4.0,95374108526.76273,2448424.96,20857651.2,2448424.96,384,512,12,1.0
s,4.0,83630556330.53206,2448424.96,28389580.8,2448424.96,448,512,12,1.0
s,4.0,73665799225.3611,3098787.84,28389580.8,3098787.84,448,576,12,1.0
s,4.0,65494254540.098404,3098787.84,37080268.8,3098787.84,512,576,12,1.0
m,4.0,163735636350.246,3098787.84,37080268.8,3098787.84,512,576,12,1.0
l,4.0,327471272700.492,3098787.84,37080268.8,3098787.84,512,576,12,1.0
xl,4.0,654942545400.984,3098787.84,37080268.8,3098787.84,512,576,12,1.0
s,4.0,58580845372.0251,3825664.0,37080268.8,3825664.0,512,640,12,1.0
m,4.0,146452113430.06274,3825664.0,37080268.8,3825664.0,512,640,12,1.0
l,4.0,292904226860.1255,3825664.0,37080268.8,3825664.0,512,640,12,1.0
xl,4.0,585808453720.251,3825664.0,37080268.8,3825664.0,512,640,12,1.0
s,4.0,52671806457.388176,3825664.0,46929715.2,3825664.0,576,640,12,1.0
m,4.0,131679516143.47044,3825664.0,46929715.2,3825664.0,576,640,12,1.0
l,4.0,263359032286.9409,3825664.0,46929715.2,3825664.0,576,640,12,1.0
xl,4.0,526718064573.8818,3825664.0,46929715.2,3825664.0,576,640,12,1.0
s,4.0,47682980959.91868,4629053.4399999995,46929715.2,4629053.4399999995,576,704,12,1.0
m,4.0,119207452399.79669,4629053.4399999995,46929715.2,4629053.4399999995,576,704,12,1.0
l,4.0,238414904799.59338,4629053.4399999995,46929715.2,4629053.4399999995,576,704,12,1.0
xl,4.0,476829809599.18677,4629053.4399999995,46929715.2,4629053.4399999995,576,704,12,1.0
s,4.0,43210281375.53494,5508956.16,46929715.2,5508956.16,576,768,12,1.0
m,4.0,108025703438.83736,5508956.16,46929715.2,5508956.16,576,768,12,1.0
l,4.0,216051406877.6747,5508956.16,46929715.2,5508956.16,576,768,12,1.0
xl,4.0,432102813755.3494,5508956.16,46929715.2,5508956.16,576,768,12,1.0
s,4.0,39558415171.1497,5508956.16,57937920.0,5508956.16,640,768,12,1.0
m,4.0,98896037927.87425,5508956.16,57937920.0,5508956.16,640,768,12,1.0
l,4.0,197792075855.7485,5508956.16,57937920.0,5508956.16,640,768,12,1.0
xl,4.0,395584151711.497,5508956.16,57937920.0,5508956.16,640,768,12,1.0
s,4.0,106509012877.87695,1874575.3599999999,22628597.759999998,1874575.3599999999,384,448,13,1.0
s,4.0,92405194857.42175,2448424.96,22628597.759999998,2448424.96,384,512,13,1.0
s,4.0,71263602297.56136,3098787.84,30800035.84,3098787.84,448,576,13,1.0
s,4.0,56602148910.99821,3825664.0,40228618.24,3825664.0,512,640,13,1.0
m,4.0,141505372277.4955,3825664.0,40228618.24,3825664.0,512,640,13,1.0
l,4.0,283010744554.991,3825664.0,40228618.24,3825664.0,512,640,13,1.0
xl,4.0,566021489109.982,3825664.0,40228618.24,3825664.0,512,640,13,1.0
s,4.0,50881449885.231804,4629053.4399999995,40228618.24,4629053.4399999995,512,704,13,1.0
m,4.0,127203624713.0795,4629053.4399999995,40228618.24,4629053.4399999995,512,704,13,1.0
l,4.0,254407249426.159,4629053.4399999995,40228618.24,4629053.4399999995,512,704,13,1.0
xl,4.0,508814498852.318,4629053.4399999995,40228618.24,4629053.4399999995,512,704,13,1.0
s,4.0,46027382846.2631,4629053.4399999995,50914344.95999999,4629053.4399999995,576,704,13,1.0
m,4.0,115068457115.65775,4629053.4399999995,50914344.95999999,4629053.4399999995,576,704,13,1.0
l,4.0,230136914231.3155,4629053.4399999995,50914344.95999999,4629053.4399999995,576,704,13,1.0
xl,4.0,460273828462.631,4629053.4399999995,50914344.95999999,4629053.4399999995,576,704,13,1.0
s,4.0,41846266658.538445,5508956.16,50914344.95999999,5508956.16,576,768,13,1.0
m,4.0,104615666646.34612,5508956.16,50914344.95999999,5508956.16,576,768,13,1.0
l,4.0,209231333292.69223,5508956.16,50914344.95999999,5508956.16,576,768,13,1.0
xl,4.0,418462666585.38446,5508956.16,50914344.95999999,5508956.16,576,768,13,1.0
s,4.0,38154134474.19201,5508956.16,62857216.0,5508956.16,640,768,13,1.0
m,4.0,95385336185.48003,5508956.16,62857216.0,5508956.16,640,768,13,1.0
l,4.0,190770672370.96005,5508956.16,62857216.0,5508956.16,640,768,13,1.0
xl,4.0,381541344741.9201,5508956.16,62857216.0,5508956.16,640,768,13,1.0
s,4.0,120915086925.56578,1874575.3599999999,16944128.0,1874575.3599999999,320,448,14,1.0
s,4.0,89615540441.64374,2448424.96,24399544.32,2448424.96,384,512,14,1.0
s,4.0,69013126208.268,3098787.84,33210490.88,3098787.84,448,576,14,1.0
s,4.0,61380163117.63617,3825664.0,33210490.88,3825664.0,448,640,14,1.0
m,4.0,153450407794.09042,3825664.0,33210490.88,3825664.0,448,640,14,1.0
l,4.0,306900815588.18085,3825664.0,33210490.88,3825664.0,448,640,14,1.0
xl,4.0,613801631176.3617,3825664.0,33210490.88,3825664.0,448,640,14,1.0
s,4.0,54752754606.70404,3825664.0,43376967.68,3825664.0,512,640,14,1.0
m,4.0,136881886516.7601,3825664.0,43376967.68,3825664.0,512,640,14,1.0
l,4.0,273763773033.5202,3825664.0,43376967.68,3825664.0,512,640,14,1.0
xl,4.0,547527546067.0404,3825664.0,43376967.68,3825664.0,512,640,14,1.0
s,4.0,49382044160.94779,4629053.4399999995,43376967.68,4629053.4399999995,512,704,14,1.0
m,4.0,123455110402.36948,4629053.4399999995,43376967.68,4629053.4399999995,512,704,14,1.0
l,4.0,246910220804.73895,4629053.4399999995,43376967.68,4629053.4399999995,512,704,14,1.0
xl,4.0,493820441609.4779,4629053.4399999995,43376967.68,4629053.4399999995,512,704,14,1.0
s,4.0,44482894746.937386,4629053.4399999995,54898974.72,4629053.4399999995,576,704,14,1.0
m,4.0,111207236867.34346,4629053.4399999995,54898974.72,4629053.4399999995,576,704,14,1.0
l,4.0,222414473734.68692,4629053.4399999995,54898974.72,4629053.4399999995,576,704,14,1.0
xl,4.0,444828947469.37384,4629053.4399999995,54898974.72,4629053.4399999995,576,704,14,1.0
s,4.0,40565732167.20029,5508956.16,54898974.72,5508956.16,576,768,14,1.0
m,4.0,101414330418.00073,5508956.16,54898974.72,5508956.16,576,768,14,1.0
l,4.0,202828660836.00146,5508956.16,54898974.72,5508956.16,576,768,14,1.0
xl,4.0,405657321672.0029,5508956.16,54898974.72,5508956.16,576,768,14,1.0
s,4.0,36846136711.45317,5508956.16,67776512.0,5508956.16,640,768,14,1.0
m,4.0,92115341778.63293,5508956.16,67776512.0,5508956.16,640,768,14,1.0
l,4.0,184230683557.26587,5508956.16,67776512.0,5508956.16,640,768,14,1.0
xl,4.0,368461367114.53174,5508956.16,67776512.0,5508956.16,640,768,14,1.0
s,4.0,117579574234.39095,1874575.3599999999,18173952.0,1874575.3599999999,320,448,15,1.0
s,4.0,86989385875.25644,2448424.96,26170490.88,2448424.96,384,512,15,1.0
s,4.0,76259479602.38284,3098787.84,26170490.88,3098787.84,384,576,15,1.0
s,4.0,66900437131.73784,3098787.84,35620945.92,3098787.84,448,576,15,1.0
m,4.0,167251092829.3446,3098787.84,35620945.92,3098787.84,448,576,15,1.0
l,4.0,334502185658.6892,3098787.84,35620945.92,3098787.84,448,576,15,1.0
xl,4.0,669004371317.3784,3098787.84,35620945.92,3098787.84,448,576,15,1.0
s,4.0,59703286130.96007,3825664.0,35620945.92,3825664.0,448,640,15,1.0
m,4.0,149258215327.40018,3825664.0,35620945.92,3825664.0,448,640,15,1.0
l,4.0,298516430654.80035,3825664.0,35620945.92,3825664.0,448,640,15,1.0
xl,4.0,597032861309.6007,3825664.0,35620945.92,3825664.0,448,640,15,1.0
s,4.0,53020389181.533165,3825664.0,46525317.12,3825664.0,512,640,15,1.0
m,4.0,132550972953.83292,3825664.0,46525317.12,3825664.0,512,640,15,1.0
l,4.0,265101945907.66583,3825664.0,46525317.12,3825664.0,512,640,15,1.0
xl,4.0,530203891815.33167,3825664.0,46525317.12,3825664.0,512,640,15,1.0
s,4.0,47968479628.063,4629053.4399999995,46525317.12,4629053.4399999995,512,704,15,1.0
m,4.0,119921199070.1575,4629053.4399999995,46525317.12,4629053.4399999995,512,704,15,1.0
l,4.0,239842398140.315,4629053.4399999995,46525317.12,4629053.4399999995,512,704,15,1.0
xl,4.0,479684796280.63,4629053.4399999995,46525317.12,4629053.4399999995,512,704,15,1.0
s,4.0,43444600446.47424,5508956.16,46525317.12,5508956.16,512,768,15,1.0
m,4.0,108611501116.18561,5508956.16,46525317.12,5508956.16,512,768,15,1.0
l,4.0,217223002232.37122,5508956.16,46525317.12,5508956.16,512,768,15,1.0
xl,4.0,434446004464.74243,5508956.16,46525317.12,5508956.16,512,768,15,1.0
s,4.0,39361241738.476845,5508956.16,58883604.480000004,5508956.16,576,768,15,1.0
m,4.0,98403104346.19211,5508956.16,58883604.480000004,5508956.16,576,768,15,1.0
l,4.0,196806208692.38422,5508956.16,58883604.480000004,5508956.16,576,768,15,1.0
xl,4.0,393612417384.76843,5508956.16,58883604.480000004,5508956.16,576,768,15,1.0
s,4.0,114423145506.54997,1874575.3599999999,19403776.0,1874575.3599999999,320,448,16,1.0
s,4.0,84512766457.93501,2448424.96,27941437.44,2448424.96,384,512,16,1.0
s,4.0,74349440610.27354,3098787.84,27941437.44,3098787.84,384,576,16,1.0
s,4.0,64913256778.481155,3098787.84,38031400.96,3098787.84,448,576,16,1.0
m,4.0,162283141946.20288,3098787.84,38031400.96,3098787.84,448,576,16,1.0
l,4.0,324566283892.40576,3098787.84,38031400.96,3098787.84,448,576,16,1.0
xl,4.0,649132567784.8115,3098787.84,38031400.96,3098787.84,448,576,16,1.0
s,4.0,58115595583.22218,3825664.0,38031400.96,3825664.0,448,640,16,1.0
m,4.0,145288988958.05545,3825664.0,38031400.96,3825664.0,448,640,16,1.0
l,4.0,290577977916.1109,3825664.0,38031400.96,3825664.0,448,640,16,1.0
xl,4.0,581155955832.2218,3825664.0,38031400.96,3825664.0,448,640,16,1.0
s,4.0,46633589797.18537,4629053.4399999995,49673666.56,4629053.4399999995,512,704,16,1.0
m,4.0,116583974492.96342,4629053.4399999995,49673666.56,4629053.4399999995,512,704,16,1.0
l,4.0,233167948985.92685,4629053.4399999995,49673666.56,4629053.4399999995,512,704,16,1.0
xl,4.0,466335897971.8537,4629053.4399999995,49673666.56,4629053.4399999995,512,704,16,1.0
s,4.0,42346741788.838036,5508956.16,49673666.56,5508956.16,512,768,16,1.0
m,4.0,105866854472.09508,5508956.16,49673666.56,5508956.16,512,768,16,1.0
l,4.0,211733708944.19016,5508956.16,49673666.56,5508956.16,512,768,16,1.0
xl,4.0,423467417888.3803,5508956.16,49673666.56,5508956.16,512,768,16,1.0
s,4.0,38226216929.169464,5508956.16,62868234.239999995,5508956.16,576,768,16,1.0
m,4.0,95565542322.92366,5508956.16,62868234.239999995,5508956.16,576,768,16,1.0
l,4.0,191131084645.84732,5508956.16,62868234.239999995,5508956.16,576,768,16,1.0
xl,4.0,382262169291.69464,5508956.16,62868234.239999995,5508956.16,576,768,16,1.0
s,4.0,116435979977.18451,1874575.3599999999,19677184.0,1874575.3599999999,640,448,4,1.0
s,4.0,92597382963.87126,2448424.96,23809392.64,2448424.96,704,512,4,1.0
s,4.0,85827805198.73161,2448424.96,28335144.96,2448424.96,768,512,4,1.0
s,4.0,75365308916.6132,3098787.84,28335144.96,3098787.84,768,576,4,1.0
s,4.0,115760182020.19893,1874575.3599999999,19923148.799999997,1874575.3599999999,576,448,5,1.0
s,4.0,91308823006.48076,2448424.96,24596480.0,2448424.96,640,512,5,1.0
s,4.0,83862009504.69205,2448424.96,29761740.8,2448424.96,704,512,5,1.0
s,4.0,73845322924.94731,3098787.84,29761740.8,3098787.84,704,576,5,1.0
s,4.0,68462379002.60369,3098787.84,35418931.2,3098787.84,768,576,5,1.0
m,4.0,171155947506.50925,3098787.84,35418931.2,3098787.84,768,576,5,1.0
l,4.0,342311895013.0185,3098787.84,35418931.2,3098787.84,768,576,5,1.0
xl,4.0,684623790026.037,3098787.84,35418931.2,3098787.84,768,576,5,1.0
s,4.0,60944120969.3021,3825664.0,35418931.2,3825664.0,768,640,5,1.0
m,4.0,152360302423.25525,3825664.0,35418931.2,3825664.0,768,640,5,1.0
l,4.0,304720604846.5105,3825664.0,35418931.2,3825664.0,768,640,5,1.0
xl,4.0,609441209693.021,3825664.0,35418931.2,3825664.0,768,640,5,1.0
s,4.0,118381530147.76024,1874575.3599999999,18890096.64,1874575.3599999999,512,448,6,1.0
s,4.0,92370828707.03275,2448424.96,23907778.56,2448424.96,576,512,6,1.0
s,4.0,84159129644.32494,2448424.96,29515776.0,2448424.96,640,512,6,1.0
s,4.0,74075606945.30046,3098787.84,29515776.0,3098787.84,640,576,6,1.0
s,4.0,68181531571.45274,3098787.84,35714088.96,3098787.84,704,576,6,1.0
m,4.0,170453828928.63187,3098787.84,35714088.96,3098787.84,704,576,6,1.0
l,4.0,340907657857.26373,3098787.84,35714088.96,3098787.84,704,576,6,1.0
xl,4.0,681815315714.5275,3098787.84,35714088.96,3098787.84,704,576,6,1.0
s,4.0,60721469376.39478,3825664.0,35714088.96,3825664.0,704,640,6,1.0
m,4.0,151803673440.98697,3825664.0,35714088.96,3825664.0,704,640,6,1.0
l,4.0,303607346881.97394,3825664.0,35714088.96,3825664.0,704,640,6,1.0
xl,4.0,607214693763.9479,3825664.0,35714088.96,3825664.0,704,640,6,1.0
s,4.0,56349674233.9681,3825664.0,42502717.44,3825664.0,768,640,6,1.0
m,4.0,140874185584.92026,3825664.0,42502717.44,3825664.0,768,640,6,1.0
l,4.0,281748371169.8405,3825664.0,42502717.44,3825664.0,768,640,6,1.0
xl,4.0,563496742339.681,3825664.0,42502717.44,3825664.0,768,640,6,1.0
s,4.0,50677338714.18019,4629053.4399999995,42502717.44,4629053.4399999995,768,704,6,1.0
m,4.0,126693346785.45047,4629053.4399999995,42502717.44,4629053.4399999995,768,704,6,1.0
l,4.0,253386693570.90094,4629053.4399999995,42502717.44,4629053.4399999995,768,704,6,1.0
xl,4.0,506773387141.8019,4629053.4399999995,42502717.44,4629053.4399999995,768,704,6,1.0
s,4.0,123917321966.24867,1874575.3599999999,16873185.28,1874575.3599999999,448,448,7,1.0
s,4.0,110570407077.77983,1874575.3599999999,22038446.08,1874575.3599999999,512,448,7,1.0
s,4.0,95446834738.61618,2448424.96,22038446.08,2448424.96,512,512,7,1.0
s,4.0,86353677555.11932,2448424.96,27892408.32,2448424.96,576,512,7,1.0
s,4.0,75770484292.80891,3098787.84,27892408.32,3098787.84,576,576,7,1.0
s,4.0,69299451512.02754,3098787.84,34435072.0,3098787.84,640,576,7,1.0
m,4.0,173248628780.06885,3098787.84,34435072.0,3098787.84,640,576,7,1.0
l,4.0,346497257560.1377,3098787.84,34435072.0,3098787.84,640,576,7,1.0
xl,4.0,692994515120.2754,3098787.84,34435072.0,3098787.84,640,576,7,1.0
s,4.0,61606550994.20652,3825664.0,34435072.0,3825664.0,640,640,7,1.0
m,4.0,154016377485.5163,3825664.0,34435072.0,3825664.0,640,640,7,1.0
l,4.0,308032754971.0326,3825664.0,34435072.0,3825664.0,640,640,7,1.0
xl,4.0,616065509942.0652,3825664.0,34435072.0,3825664.0,640,640,7,1.0
s,4.0,56839015384.193405,3825664.0,41666437.120000005,3825664.0,704,640,7,1.0
m,4.0,142097538460.48352,3825664.0,41666437.120000005,3825664.0,704,640,7,1.0
l,4.0,284195076920.96704,3825664.0,41666437.120000005,3825664.0,704,640,7,1.0
xl,4.0,568390153841.9341,3825664.0,41666437.120000005,3825664.0,704,640,7,1.0
s,4.0,51072775477.255684,4629053.4399999995,41666437.120000005,4629053.4399999995,704,704,7,1.0
m,4.0,127681938693.1392,4629053.4399999995,41666437.120000005,4629053.4399999995,704,704,7,1.0
l,4.0,255363877386.2784,4629053.4399999995,41666437.120000005,4629053.4399999995,704,704,7,1.0
xl,4.0,510727754772.5568,4629053.4399999995,41666437.120000005,4629053.4399999995,704,704,7,1.0
s,4.0,47459620178.15385,4629053.4399999995,49586503.68,4629053.4399999995,768,704,7,1.0
m,4.0,118649050445.38461,4629053.4399999995,49586503.68,4629053.4399999995,768,704,7,1.0
l,4.0,237298100890.76923,4629053.4399999995,49586503.68,4629053.4399999995,768,704,7,1.0
xl,4.0,474596201781.53845,4629053.4399999995,49586503.68,4629053.4399999995,768,704,7,1.0
s,4.0,43026777525.675285,5508956.16,49586503.68,5508956.16,768,768,7,1.0
m,4.0,107566943814.18822,5508956.16,49586503.68,5508956.16,768,768,7,1.0
l,4.0,215133887628.37643,5508956.16,49586503.68,5508956.16,768,768,7,1.0
xl,4.0,430267775256.75287,5508956.16,49586503.68,5508956.16,768,768,7,1.0
s,4.0,117267868067.53172,1874575.3599999999,19283640.32,1874575.3599999999,448,448,8,1.0
s,4.0,90303366139.6071,2448424.96,25186795.52,2448424.96,512,512,8,1.0
s,4.0,71673771085.5347,3098787.84,31877038.08,3098787.84,576,576,8,1.0
s,4.0,58266746095.89494,3825664.0,39354368.0,3825664.0,640,640,8,1.0
m,4.0,145666865239.73737,3825664.0,39354368.0,3825664.0,640,640,8,1.0
l,4.0,291333730479.47473,3825664.0,39354368.0,3825664.0,640,640,8,1.0
xl,4.0,582667460958.9495,3825664.0,39354368.0,3825664.0,640,640,8,1.0
s,4.0,53423203299.034096,3825664.0,47618785.28,3825664.0,704,640,8,1.0
m,4.0,133558008247.58524,3825664.0,47618785.28,3825664.0,704,640,8,1.0
l,4.0,267116016495.17047,3825664.0,47618785.28,3825664.0,704,640,8,1.0
xl,4.0,534232032990.34094,3825664.0,47618785.28,3825664.0,704,640,8,1.0
s,4.0,52222587473.96202,4629053.4399999995,39354368.0,4629053.4399999995,640,704,8,1.0
m,4.0,130556468684.90506,4629053.4399999995,39354368.0,4629053.4399999995,640,704,8,1.0
l,4.0,261112937369.81012,4629053.4399999995,39354368.0,4629053.4399999995,640,704,8,1.0
xl,4.0,522225874739.62024,4629053.4399999995,39354368.0,4629053.4399999995,640,704,8,1.0
s,4.0,48297950100.53624,4629053.4399999995,47618785.28,4629053.4399999995,704,704,8,1.0
m,4.0,120744875251.34059,4629053.4399999995,47618785.28,4629053.4399999995,704,704,8,1.0
l,4.0,241489750502.68118,4629053.4399999995,47618785.28,4629053.4399999995,704,704,8,1.0
xl,4.0,482979501005.36237,4629053.4399999995,47618785.28,4629053.4399999995,704,704,8,1.0
s,4.0,44626119160.59198,4629053.4399999995,56670289.92,4629053.4399999995,768,704,8,1.0
m,4.0,111565297901.47995,4629053.4399999995,56670289.92,4629053.4399999995,768,704,8,1.0
l,4.0,223130595802.9599,4629053.4399999995,56670289.92,4629053.4399999995,768,704,8,1.0
xl,4.0,446261191605.9198,4629053.4399999995,56670289.92,4629053.4399999995,768,704,8,1.0
s,4.0,43714682034.09101,5508956.16,47618785.28,5508956.16,704,768,8,1.0
m,4.0,109286705085.22754,5508956.16,47618785.28,5508956.16,704,768,8,1.0
l,4.0,218573410170.45508,5508956.16,47618785.28,5508956.16,704,768,8,1.0
xl,4.0,437146820340.91016,5508956.16,47618785.28,5508956.16,704,768,8,1.0
s,4.0,40684808784.52331,5508956.16,56670289.92,5508956.16,768,768,8,1.0
m,4.0,101712021961.30827,5508956.16,56670289.92,5508956.16,768,768,8,1.0
l,4.0,203424043922.61655,5508956.16,56670289.92,5508956.16,768,768,8,1.0
xl,4.0,406848087845.2331,5508956.16,56670289.92,5508956.16,768,768,8,1.0
s,4.0,111295695764.50786,1874575.3599999999,21694095.36,1874575.3599999999,448,448,9,1.0
s,4.0,95986801062.31741,2448424.96,21694095.36,2448424.96,448,512,9,1.0
s,4.0,85685897927.33902,2448424.96,28335144.96,2448424.96,512,512,9,1.0
s,4.0,75255868145.55406,3098787.84,28335144.96,3098787.84,512,576,9,1.0
s,4.0,67997332024.042,3098787.84,35861667.839999996,3098787.84,576,576,9,1.0
m,4.0,169993330060.10498,3098787.84,35861667.839999996,3098787.84,576,576,9,1.0
l,4.0,339986660120.20996,3098787.84,35861667.839999996,3098787.84,576,576,9,1.0
xl,4.0,679973320240.4199,3098787.84,35861667.839999996,3098787.84,576,576,9,1.0
s,4.0,60575329750.04574,3825664.0,35861667.839999996,3825664.0,576,640,9,1.0
m,4.0,151438324375.11435,3825664.0,35861667.839999996,3825664.0,576,640,9,1.0
l,4.0,302876648750.2287,3825664.0,35861667.839999996,3825664.0,576,640,9,1.0
xl,4.0,605753297500.4574,3825664.0,35861667.839999996,3825664.0,576,640,9,1.0
s,4.0,55270433811.00253,3825664.0,44273664.0,3825664.0,640,640,9,1.0
m,4.0,138176084527.50632,3825664.0,44273664.0,3825664.0,640,640,9,1.0
l,4.0,276352169055.01263,3825664.0,44273664.0,3825664.0,640,640,9,1.0
xl,4.0,552704338110.0253,3825664.0,44273664.0,3825664.0,640,640,9,1.0
s,4.0,49802755588.85726,4629053.4399999995,44273664.0,4629053.4399999995,640,704,9,1.0
m,4.0,124506888972.14314,4629053.4399999995,44273664.0,4629053.4399999995,640,704,9,1.0
l,4.0,249013777944.2863,4629053.4399999995,44273664.0,4629053.4399999995,640,704,9,1.0
xl,4.0,498027555888.5726,4629053.4399999995,44273664.0,4629053.4399999995,640,704,9,1.0
s,4.0,45809104256.76447,4629053.4399999995,53571133.44,4629053.4399999995,704,704,9,1.0
m,4.0,114522760641.9112,4629053.4399999995,53571133.44,4629053.4399999995,704,704,9,1.0
l,4.0,229045521283.8224,4629053.4399999995,53571133.44,4629053.4399999995,704,704,9,1.0
xl,4.0,458091042567.6448,4629053.4399999995,53571133.44,4629053.4399999995,704,704,9,1.0
s,4.0,41665765852.80892,5508956.16,53571133.44,5508956.16,704,768,9,1.0
m,4.0,104164414632.02231,5508956.16,53571133.44,5508956.16,704,768,9,1.0
l,4.0,208328829264.04462,5508956.16,53571133.44,5508956.16,704,768,9,1.0
xl,4.0,416657658528.08923,5508956.16,53571133.44,5508956.16,704,768,9,1.0
s,4.0,38584628412.49553,5508956.16,63754076.160000004,5508956.16,768,768,9,1.0
m,4.0,96461571031.23883,5508956.16,63754076.160000004,5508956.16,768,768,9,1.0
l,4.0,192923142062.47766,5508956.16,63754076.160000004,5508956.16,768,768,9,1.0
xl,4.0,385846284124.9553,5508956.16,63754076.160000004,5508956.16,768,768,9,1.0
s,4.0,119356705171.33072,1874575.3599999999,17315758.080000002,1874575.3599999999,384,448,10,1.0
s,4.0,90561865519.9477,2448424.96,23568670.72,2448424.96,448,512,10,1.0
s,4.0,71047857222.77179,3098787.84,30783569.92,3098787.84,512,576,10,1.0
s,4.0,57218775668.34277,3825664.0,38960455.67999999,3825664.0,576,640,10,1.0
m,4.0,143046939170.85693,3825664.0,38960455.67999999,3825664.0,576,640,10,1.0
l,4.0,286093878341.71387,3825664.0,38960455.67999999,3825664.0,576,640,10,1.0
xl,4.0,572187756683.4277,3825664.0,38960455.67999999,3825664.0,576,640,10,1.0
s,4.0,51379184183.06366,4629053.4399999995,38960455.67999999,4629053.4399999995,576,704,10,1.0
m,4.0,128447960457.65915,4629053.4399999995,38960455.67999999,4629053.4399999995,576,704,10,1.0
l,4.0,256895920915.3183,4629053.4399999995,38960455.67999999,4629053.4399999995,576,704,10,1.0
xl,4.0,513791841830.6366,4629053.4399999995,38960455.67999999,4629053.4399999995,576,704,10,1.0
s,4.0,47064453013.83964,4629053.4399999995,48099328.0,4629053.4399999995,640,704,10,1.0
m,4.0,117661132534.5991,4629053.4399999995,48099328.0,4629053.4399999995,640,704,10,1.0
l,4.0,235322265069.1982,4629053.4399999995,48099328.0,4629053.4399999995,640,704,10,1.0
xl,4.0,470644530138.3964,4629053.4399999995,48099328.0,4629053.4399999995,640,704,10,1.0
s,4.0,42701729254.69371,5508956.16,48099328.0,5508956.16,640,768,10,1.0
m,4.0,106754323136.73428,5508956.16,48099328.0,5508956.16,640,768,10,1.0
l,4.0,213508646273.46857,5508956.16,48099328.0,5508956.16,640,768,10,1.0
xl,4.0,427017292546.93713,5508956.16,48099328.0,5508956.16,640,768,10,1.0
s,4.0,39390158167.93437,5508956.16,58200186.879999995,5508956.16,704,768,10,1.0
m,4.0,98475395419.83592,5508956.16,58200186.879999995,5508956.16,704,768,10,1.0
l,4.0,196950790839.67184,5508956.16,58200186.879999995,5508956.16,704,768,10,1.0
xl,4.0,393901581679.3437,5508956.16,58200186.879999995,5508956.16,704,768,10,1.0
s,4.0,114743062561.002,1874575.3599999999,19086704.64,1874575.3599999999,384,448,11,1.0
s,4.0,86958308694.56615,2448424.96,25979125.759999998,2448424.96,448,512,11,1.0
s,4.0,76235595116.58441,3098787.84,25979125.759999998,3098787.84,448,576,11,1.0
s,4.0,68158114524.520386,3098787.84,33931919.36,3098787.84,512,576,11,1.0
m,4.0,170395286311.30096,3098787.84,33931919.36,3098787.84,512,576,11,1.0
l,4.0,340790572622.6019,3098787.84,33931919.36,3098787.84,512,576,11,1.0
xl,4.0,681581145245.2039,3098787.84,33931919.36,3098787.84,512,576,11,1.0
s,4.0,60702895631.07371,3825664.0,33931919.36,3825664.0,512,640,11,1.0
m,4.0,151757239077.68427,3825664.0,33931919.36,3825664.0,512,640,11,1.0
l,4.0,303514478155.3685,3825664.0,33931919.36,3825664.0,512,640,11,1.0
xl,4.0,607028956310.737,3825664.0,33931919.36,3825664.0,512,640,11,1.0
s,4.0,54851220540.14447,3825664.0,42945085.44,3825664.0,576,640,11,1.0
m,4.0,137128051350.36118,3825664.0,42945085.44,3825664.0,576,640,11,1.0
l,4.0,274256102700.72235,3825664.0,42945085.44,3825664.0,576,640,11,1.0
xl,4.0,548512205401.4447,3825664.0,42945085.44,3825664.0,576,640,11,1.0
s,4.0,49462126284.05757,4629053.4399999995,42945085.44,4629053.4399999995,576,704,11,1.0
m,4.0,123655315710.14392,4629053.4399999995,42945085.44,4629053.4399999995,576,704,11,1.0
l,4.0,247310631420.28784,4629053.4399999995,42945085.44,4629053.4399999995,576,704,11,1.0
xl,4.0,494621262840.5757,4629053.4399999995,42945085.44,4629053.4399999995,576,704,11,1.0
s,4.0,45090000506.739456,4629053.4399999995,53018624.0,4629053.4399999995,640,704,11,1.0
m,4.0,112725001266.84865,4629053.4399999995,53018624.0,4629053.4399999995,640,704,11,1.0
l,4.0,225450002533.6973,4629053.4399999995,53018624.0,4629053.4399999995,640,704,11,1.0
xl,4.0,450900005067.3946,4629053.4399999995,53018624.0,4629053.4399999995,640,704,11,1.0
s,4.0,41070016255.709564,5508956.16,53018624.0,5508956.16,640,768,11,1.0
m,4.0,102675040639.27391,5508956.16,53018624.0,5508956.16,640,768,11,1.0
l,4.0,205350081278.54782,5508956.16,53018624.0,5508956.16,640,768,11,1.0
xl,4.0,410700162557.09564,5508956.16,53018624.0,5508956.16,640,768,11,1.0
s,4.0,37718823718.989235,5508956.16,64152535.04,5508956.16,704,768,11,1.0
m,4.0,94297059297.47308,5508956.16,64152535.04,5508956.16,704,768,11,1.0
l,4.0,188594118594.94617,5508956.16,64152535.04,5508956.16,704,768,11,1.0
xl,4.0,377188237189.89233,5508956.16,64152535.04,5508956.16,704,768,11,1.0
s,4.0,110472819780.0152,1874575.3599999999,20857651.2,1874575.3599999999,384,448,12,1.0
s,4.0,95374108526.76273,2448424.96,20857651.2,2448424.96,384,512,12,1.0
s,4.0,83630556330.53206,2448424.96,28389580.8,2448424.96,448,512,12,1.0
s,4.0,73665799225.3611,3098787.84,28389580.8,3098787.84,448,576,12,1.0
s,4.0,65494254540.098404,3098787.84,37080268.8,3098787.84,512,576,12,1.0
m,4.0,163735636350.246,3098787.84,37080268.8,3098787.84,512,576,12,1.0
l,4.0,327471272700.492,3098787.84,37080268.8,3098787.84,512,576,12,1.0
xl,4.0,654942545400.984,3098787.84,37080268.8,3098787.84,512,576,12,1.0
s,4.0,58580845372.0251,3825664.0,37080268.8,3825664.0,512,640,12,1.0
m,4.0,146452113430.06274,3825664.0,37080268.8,3825664.0,512,640,12,1.0
l,4.0,292904226860.1255,3825664.0,37080268.8,3825664.0,512,640,12,1.0
xl,4.0,585808453720.251,3825664.0,37080268.8,3825664.0,512,640,12,1.0
s,4.0,52671806457.388176,3825664.0,46929715.2,3825664.0,576,640,12,1.0
m,4.0,131679516143.47044,3825664.0,46929715.2,3825664.0,576,640,12,1.0
l,4.0,263359032286.9409,3825664.0,46929715.2,3825664.0,576,640,12,1.0
xl,4.0,526718064573.8818,3825664.0,46929715.2,3825664.0,576,640,12,1.0
s,4.0,47682980959.91868,4629053.4399999995,46929715.2,4629053.4399999995,576,704,12,1.0
m,4.0,119207452399.79669,4629053.4399999995,46929715.2,4629053.4399999995,576,704,12,1.0
l,4.0,238414904799.59338,4629053.4399999995,46929715.2,4629053.4399999995,576,704,12,1.0
xl,4.0,476829809599.18677,4629053.4399999995,46929715.2,4629053.4399999995,576,704,12,1.0
s,4.0,43210281375.53494,5508956.16,46929715.2,5508956.16,576,768,12,1.0
m,4.0,108025703438.83736,5508956.16,46929715.2,5508956.16,576,768,12,1.0
l,4.0,216051406877.6747,5508956.16,46929715.2,5508956.16,576,768,12,1.0
xl,4.0,432102813755.3494,5508956.16,46929715.2,5508956.16,576,768,12,1.0
s,4.0,39558415171.1497,5508956.16,57937920.0,5508956.16,640,768,12,1.0
m,4.0,98896037927.87425,5508956.16,57937920.0,5508956.16,640,768,12,1.0
l,4.0,197792075855.7485,5508956.16,57937920.0,5508956.16,640,768,12,1.0
xl,4.0,395584151711.497,5508956.16,57937920.0,5508956.16,640,768,12,1.0
s,4.0,106509012877.87695,1874575.3599999999,22628597.759999998,1874575.3599999999,384,448,13,1.0
s,4.0,92405194857.42175,2448424.96,22628597.759999998,2448424.96,384,512,13,1.0
s,4.0,71263602297.56136,3098787.84,30800035.84,3098787.84,448,576,13,1.0
s,4.0,56602148910.99821,3825664.0,40228618.24,3825664.0,512,640,13,1.0
m,4.0,141505372277.4955,3825664.0,40228618.24,3825664.0,512,640,13,1.0
l,4.0,283010744554.991,3825664.0,40228618.24,3825664.0,512,640,13,1.0
xl,4.0,566021489109.982,3825664.0,40228618.24,3825664.0,512,640,13,1.0
s,4.0,50881449885.231804,4629053.4399999995,40228618.24,4629053.4399999995,512,704,13,1.0
m,4.0,127203624713.0795,4629053.4399999995,40228618.24,4629053.4399999995,512,704,13,1.0
l,4.0,254407249426.159,4629053.4399999995,40228618.24,4629053.4399999995,512,704,13,1.0
xl,4.0,508814498852.318,4629053.4399999995,40228618.24,4629053.4399999995,512,704,13,1.0
s,4.0,46027382846.2631,4629053.4399999995,50914344.95999999,4629053.4399999995,576,704,13,1.0
m,4.0,115068457115.65775,4629053.4399999995,50914344.95999999,4629053.4399999995,576,704,13,1.0
l,4.0,230136914231.3155,4629053.4399999995,50914344.95999999,4629053.4399999995,576,704,13,1.0
xl,4.0,460273828462.631,4629053.4399999995,50914344.95999999,4629053.4399999995,576,704,13,1.0
s,4.0,41846266658.538445,5508956.16,50914344.95999999,5508956.16,576,768,13,1.0
m,4.0,104615666646.34612,5508956.16,50914344.95999999,5508956.16,576,768,13,1.0
l,4.0,209231333292.69223,5508956.16,50914344.95999999,5508956.16,576,768,13,1.0
xl,4.0,418462666585.38446,5508956.16,50914344.95999999,5508956.16,576,768,13,1.0
s,4.0,38154134474.19201,5508956.16,62857216.0,5508956.16,640,768,13,1.0
m,4.0,95385336185.48003,5508956.16,62857216.0,5508956.16,640,768,13,1.0
l,4.0,190770672370.96005,5508956.16,62857216.0,5508956.16,640,768,13,1.0
xl,4.0,381541344741.9201,5508956.16,62857216.0,5508956.16,640,768,13,1.0
s,4.0,120915086925.56578,1874575.3599999999,16944128.0,1874575.3599999999,320,448,14,1.0
s,4.0,89615540441.64374,2448424.96,24399544.32,2448424.96,384,512,14,1.0
s,4.0,69013126208.268,3098787.84,33210490.88,3098787.84,448,576,14,1.0
s,4.0,61380163117.63617,3825664.0,33210490.88,3825664.0,448,640,14,1.0
m,4.0,153450407794.09042,3825664.0,33210490.88,3825664.0,448,640,14,1.0
l,4.0,306900815588.18085,3825664.0,33210490.88,3825664.0,448,640,14,1.0
xl,4.0,613801631176.3617,3825664.0,33210490.88,3825664.0,448,640,14,1.0
s,4.0,54752754606.70404,3825664.0,43376967.68,3825664.0,512,640,14,1.0
m,4.0,136881886516.7601,3825664.0,43376967.68,3825664.0,512,640,14,1.0
l,4.0,273763773033.5202,3825664.0,43376967.68,3825664.0,512,640,14,1.0
xl,4.0,547527546067.0404,3825664.0,43376967.68,3825664.0,512,640,14,1.0
s,4.0,49382044160.94779,4629053.4399999995,43376967.68,4629053.4399999995,512,704,14,1.0
m,4.0,123455110402.36948,4629053.4399999995,43376967.68,4629053.4399999995,512,704,14,1.0
l,4.0,246910220804.73895,4629053.4399999995,43376967.68,4629053.4399999995,512,704,14,1.0
xl,4.0,493820441609.4779,4629053.4399999995,43376967.68,4629053.4399999995,512,704,14,1.0
s,4.0,44482894746.937386,4629053.4399999995,54898974.72,4629053.4399999995,576,704,14,1.0
m,4.0,111207236867.34346,4629053.4399999995,54898974.72,4629053.4399999995,576,704,14,1.0
l,4.0,222414473734.68692,4629053.4399999995,54898974.72,4629053.4399999995,576,704,14,1.0
xl,4.0,444828947469.37384,4629053.4399999995,54898974.72,4629053.4399999995,576,704,14,1.0
s,4.0,40565732167.20029,5508956.16,54898974.72,5508956.16,576,768,14,1.0
m,4.0,101414330418.00073,5508956.16,54898974.72,5508956.16,576,768,14,1.0
l,4.0,202828660836.00146,5508956.16,54898974.72,5508956.16,576,768,14,1.0
xl,4.0,405657321672.0029,5508956.16,54898974.72,5508956.16,576,768,14,1.0
s,4.0,36846136711.45317,5508956.16,67776512.0,5508956.16,640,768,14,1.0
m,4.0,92115341778.63293,5508956.16,67776512.0,5508956.16,640,768,14,1.0
l,4.0,184230683557.26587,5508956.16,67776512.0,5508956.16,640,768,14,1.0
xl,4.0,368461367114.53174,5508956.16,67776512.0,5508956.16,640,768,14,1.0
s,4.0,117579574234.39095,1874575.3599999999,18173952.0,1874575.3599999999,320,448,15,1.0
s,4.0,86989385875.25644,2448424.96,26170490.88,2448424.96,384,512,15,1.0
s,4.0,76259479602.38284,3098787.84,26170490.88,3098787.84,384,576,15,1.0
s,4.0,66900437131.73784,3098787.84,35620945.92,3098787.84,448,576,15,1.0
m,4.0,167251092829.3446,3098787.84,35620945.92,3098787.84,448,576,15,1.0
l,4.0,334502185658.6892,3098787.84,35620945.92,3098787.84,448,576,15,1.0
xl,4.0,669004371317.3784,3098787.84,35620945.92,3098787.84,448,576,15,1.0
s,4.0,59703286130.96007,3825664.0,35620945.92,3825664.0,448,640,15,1.0
m,4.0,149258215327.40018,3825664.0,35620945.92,3825664.0,448,640,15,1.0
l,4.0,298516430654.80035,3825664.0,35620945.92,3825664.0,448,640,15,1.0
xl,4.0,597032861309.6007,3825664.0,35620945.92,3825664.0,448,640,15,1.0
s,4.0,53020389181.533165,3825664.0,46525317.12,3825664.0,512,640,15,1.0
m,4.0,132550972953.83292,3825664.0,46525317.12,3825664.0,512,640,15,1.0
l,4.0,265101945907.66583,3825664.0,46525317.12,3825664.0,512,640,15,1.0
xl,4.0,530203891815.33167,3825664.0,46525317.12,3825664.0,512,640,15,1.0
s,4.0,47968479628.063,4629053.4399999995,46525317.12,4629053.4399999995,512,704,15,1.0
m,4.0,119921199070.1575,4629053.4399999995,46525317.12,4629053.4399999995,512,704,15,1.0
l,4.0,239842398140.315,4629053.4399999995,46525317.12,4629053.4399999995,512,704,15,1.0
xl,4.0,479684796280.63,4629053.4399999995,46525317.12,4629053.4399999995,512,704,15,1.0
s,4.0,43444600446.47424,5508956.16,46525317.12,5508956.16,512,768,15,1.0
m,4.0,108611501116.18561,5508956.16,46525317.12,5508956.16,512,768,15,1.0
l,4.0,217223002232.37122,5508956.16,46525317.12,5508956.16,512,768,15,1.0
xl,4.0,434446004464.74243,5508956.16,46525317.12,5508956.16,512,768,15,1.0
s,4.0,39361241738.476845,5508956.16,58883604.480000004,5508956.16,576,768,15,1.0
m,4.0,98403104346.19211,5508956.16,58883604.480000004,5508956.16,576,768,15,1.0
l,4.0,196806208692.38422,5508956.16,58883604.480000004,5508956.16,576,768,15,1.0
xl,4.0,393612417384.76843,5508956.16,58883604.480000004,5508956.16,576,768,15,1.0
s,4.0,114423145506.54997,1874575.3599999999,19403776.0,1874575.3599999999,320,448,16,1.0
s,4.0,84512766457.93501,2448424.96,27941437.44,2448424.96,384,512,16,1.0
s,4.0,74349440610.27354,3098787.84,27941437.44,3098787.84,384,576,16,1.0
s,4.0,64913256778.481155,3098787.84,38031400.96,3098787.84,448,576,16,1.0
m,4.0,162283141946.20288,3098787.84,38031400.96,3098787.84,448,576,16,1.0
l,4.0,324566283892.40576,3098787.84,38031400.96,3098787.84,448,576,16,1.0
xl,4.0,649132567784.8115,3098787.84,38031400.96,3098787.84,448,576,16,1.0
s,4.0,58115595583.22218,3825664.0,38031400.96,3825664.0,448,640,16,1.0
m,4.0,145288988958.05545,3825664.0,38031400.96,3825664.0,448,640,16,1.0
l,4.0,290577977916.1109,3825664.0,38031400.96,3825664.0,448,640,16,1.0
xl,4.0,581155955832.2218,3825664.0,38031400.96,3825664.0,448,640,16,1.0
s,4.0,46633589797.18537,4629053.4399999995,49673666.56,4629053.4399999995,512,704,16,1.0
m,4.0,116583974492.96342,4629053.4399999995,49673666.56,4629053.4399999995,512,704,16,1.0
l,4.0,233167948985.92685,4629053.4399999995,49673666.56,4629053.4399999995,512,704,16,1.0
xl,4.0,466335897971.8537,4629053.4399999995,49673666.56,4629053.4399999995,512,704,16,1.0
s,4.0,42346741788.838036,5508956.16,49673666.56,5508956.16,512,768,16,1.0
m,4.0,105866854472.09508,5508956.16,49673666.56,5508956.16,512,768,16,1.0
l,4.0,211733708944.19016,5508956.16,49673666.56,5508956.16,512,768,16,1.0
xl,4.0,423467417888.3803,5508956.16,49673666.56,5508956.16,512,768,16,1.0
s,4.0,38226216929.169464,5508956.16,62868234.239999995,5508956.16,576,768,16,1.0
m,4.0,95565542322.92366,5508956.16,62868234.239999995,5508956.16,576,768,16,1.0
l,4.0,191131084645.84732,5508956.16,62868234.239999995,5508956.16,576,768,16,1.0
xl,4.0,382262169291.69464,5508956.16,62868234.239999995,5508956.16,576,768,16,1.0
s,4.0,132410064436.03375,956416.0,19677184.0,1912832.0,640,320,4,2.0
s,4.0,120043679765.5641,956416.0,23809392.64,1912832.0,704,320,4,2.0
s,4.0,100741184324.32356,1377239.04,23809392.64,2754478.08,704,384,4,2.0
s,4.0,92779685921.91031,1377239.04,28335144.96,2754478.08,768,384,4,2.0
s,4.0,131536814049.9838,956416.0,19923148.799999997,1912832.0,576,320,5,2.0
s,4.0,99217867928.34966,1377239.04,24596480.0,2754478.08,640,384,5,2.0
s,4.0,90486795942.32884,1377239.04,29761740.8,2754478.08,704,384,5,2.0
s,4.0,71485405185.10979,1874575.3599999999,35418931.2,3749150.7199999997,768,448,5,2.0
m,4.0,178713512962.77448,1874575.3599999999,35418931.2,3749150.7199999997,768,448,5,2.0
l,4.0,357427025925.54895,1874575.3599999999,35418931.2,3749150.7199999997,768,448,5,2.0
xl,4.0,714854051851.0979,1874575.3599999999,35418931.2,3749150.7199999997,768,448,5,2.0
s,4.0,134931841716.87534,956416.0,18890096.64,1912832.0,512,320,6,2.0
s,4.0,119663193868.46559,956416.0,23907778.56,1912832.0,576,320,6,2.0
s,4.0,100473085157.41817,1377239.04,23907778.56,2754478.08,576,384,6,2.0
s,4.0,90832809845.68364,1377239.04,29515776.0,2754478.08,640,384,6,2.0
s,4.0,71179263414.66037,1874575.3599999999,35714088.96,3749150.7199999997,704,448,6,2.0
m,4.0,177948158536.65094,1874575.3599999999,35714088.96,3749150.7199999997,704,448,6,2.0
l,4.0,355896317073.3019,1874575.3599999999,35714088.96,3749150.7199999997,704,448,6,2.0
xl,4.0,711792634146.6038,1874575.3599999999,35714088.96,3749150.7199999997,704,448,6,2.0
s,4.0,65245500654.61595,1874575.3599999999,42502717.44,3749150.7199999997,768,448,6,2.0
m,4.0,163113751636.53986,1874575.3599999999,42502717.44,3749150.7199999997,768,448,6,2.0
l,4.0,326227503273.0797,1874575.3599999999,42502717.44,3749150.7199999997,768,448,6,2.0
xl,4.0,652455006546.1594,1874575.3599999999,42502717.44,3749150.7199999997,768,448,6,2.0
s,4.0,57220736985.51417,2448424.96,42502717.44,4896849.92,768,512,6,2.0
m,4.0,143051842463.78543,2448424.96,42502717.44,4896849.92,768,512,6,2.0
l,4.0,286103684927.57086,2448424.96,42502717.44,4896849.92,768,512,6,2.0
xl,4.0,572207369855.1417,2448424.96,42502717.44,4896849.92,768,512,6,2.0
s,4.0,124876736670.76703,956416.0,22038446.08,1912832.0,512,320,7,2.0
s,4.0,93394502697.95798,1377239.04,27892408.32,2754478.08,576,384,7,2.0
s,4.0,72398526341.31766,1874575.3599999999,34435072.0,3749150.7199999997,640,448,7,2.0
m,4.0,180996315853.29416,1874575.3599999999,34435072.0,3749150.7199999997,640,448,7,2.0
l,4.0,361992631706.5883,1874575.3599999999,34435072.0,3749150.7199999997,640,448,7,2.0
xl,4.0,723985263413.1766,1874575.3599999999,34435072.0,3749150.7199999997,640,448,7,2.0
s,4.0,65902440873.5163,1874575.3599999999,41666437.120000005,3749150.7199999997,704,448,7,2.0
m,4.0,164756102183.79074,1874575.3599999999,41666437.120000005,3749150.7199999997,704,448,7,2.0
l,4.0,329512204367.5815,1874575.3599999999,41666437.120000005,3749150.7199999997,704,448,7,2.0
xl,4.0,659024408735.163,1874575.3599999999,41666437.120000005,3749150.7199999997,704,448,7,2.0
s,4.0,57725391446.26997,2448424.96,41666437.120000005,4896849.92,704,512,7,2.0
m,4.0,144313478615.67493,2448424.96,41666437.120000005,4896849.92,704,512,7,2.0
l,4.0,288626957231.34985,2448424.96,41666437.120000005,4896849.92,704,512,7,2.0
xl,4.0,577253914462.6997,2448424.96,41666437.120000005,4896849.92,704,512,7,2.0
s,4.0,53151796052.76563,2448424.96,49586503.68,4896849.92,768,512,7,2.0
m,4.0,132879490131.9141,2448424.96,49586503.68,4896849.92,768,512,7,2.0
l,4.0,265758980263.8282,2448424.96,49586503.68,4896849.92,768,512,7,2.0
xl,4.0,531517960527.6564,2448424.96,49586503.68,4896849.92,768,512,7,2.0
s,4.0,133486922318.25734,956416.0,19283640.32,1912832.0,448,320,8,2.0
s,4.0,98031816014.13869,1377239.04,25186795.52,2754478.08,512,384,8,2.0
s,4.0,87247683190.1215,1377239.04,31877038.08,2754478.08,576,384,8,2.0
s,4.0,74993930291.25795,1874575.3599999999,31877038.08,3749150.7199999997,576,448,8,2.0
s,4.0,67829518568.65087,1874575.3599999999,39354368.0,3749150.7199999997,640,448,8,2.0
m,4.0,169573796421.62717,1874575.3599999999,39354368.0,3749150.7199999997,640,448,8,2.0
l,4.0,339147592843.25433,1874575.3599999999,39354368.0,3749150.7199999997,640,448,8,2.0
xl,4.0,678295185686.5087,1874575.3599999999,39354368.0,3749150.7199999997,640,448,8,2.0
s,4.0,54205511637.23819,2448424.96,47618785.28,4896849.92,704,512,8,2.0
m,4.0,135513779093.09547,2448424.96,47618785.28,4896849.92,704,512,8,2.0
l,4.0,271027558186.19095,2448424.96,47618785.28,4896849.92,704,512,8,2.0
xl,4.0,542055116372.3819,2448424.96,47618785.28,4896849.92,704,512,8,2.0
s,4.0,49623118370.74837,2448424.96,56670289.92,4896849.92,768,512,8,2.0
m,4.0,124057795926.87091,2448424.96,56670289.92,4896849.92,768,512,8,2.0
l,4.0,248115591853.74182,2448424.96,56670289.92,4896849.92,768,512,8,2.0
xl,4.0,496231183707.48364,2448424.96,56670289.92,4896849.92,768,512,8,2.0
s,4.0,44290870633.9353,3098787.84,56670289.92,6197575.68,768,576,8,2.0
m,4.0,110727176584.83826,3098787.84,56670289.92,6197575.68,768,576,8,2.0
l,4.0,221454353169.6765,3098787.84,56670289.92,6197575.68,768,576,8,2.0
xl,4.0,442908706339.353,3098787.84,56670289.92,6197575.68,768,576,8,2.0
s,4.0,125802638445.65265,956416.0,21694095.36,1912832.0,448,320,9,2.0
s,4.0,92613881436.80553,1377239.04,28335144.96,2754478.08,512,384,9,2.0
s,4.0,70978534262.83188,1874575.3599999999,35861667.839999996,3749150.7199999997,576,448,9,2.0
m,4.0,177446335657.0797,1874575.3599999999,35861667.839999996,3749150.7199999997,576,448,9,2.0
l,4.0,354892671314.1594,1874575.3599999999,35861667.839999996,3749150.7199999997,576,448,9,2.0
xl,4.0,709785342628.3188,1874575.3599999999,35861667.839999996,3749150.7199999997,576,448,9,2.0
s,4.0,63802968918.54193,1874575.3599999999,44273664.0,3749150.7199999997,640,448,9,2.0
m,4.0,159507422296.35483,1874575.3599999999,44273664.0,3749150.7199999997,640,448,9,2.0
l,4.0,319014844592.70966,1874575.3599999999,44273664.0,3749150.7199999997,640,448,9,2.0
xl,4.0,638029689185.4193,1874575.3599999999,44273664.0,3749150.7199999997,640,448,9,2.0
s,4.0,56108201893.36184,2448424.96,44273664.0,4896849.92,640,512,9,2.0
m,4.0,140270504733.4046,2448424.96,44273664.0,4896849.92,640,512,9,2.0
l,4.0,280541009466.8092,2448424.96,44273664.0,4896849.92,640,512,9,2.0
xl,4.0,561082018933.6184,2448424.96,44273664.0,4896849.92,640,512,9,2.0
s,4.0,51090219925.086044,2448424.96,53571133.44,4896849.92,704,512,9,2.0
m,4.0,127725549812.71512,2448424.96,53571133.44,4896849.92,704,512,9,2.0
l,4.0,255451099625.43024,2448424.96,53571133.44,4896849.92,704,512,9,2.0
xl,4.0,510902199250.8605,2448424.96,53571133.44,4896849.92,704,512,9,2.0
s,4.0,45455916404.98424,3098787.84,53571133.44,6197575.68,704,576,9,2.0
m,4.0,113639791012.46059,3098787.84,53571133.44,6197575.68,704,576,9,2.0
l,4.0,227279582024.92117,3098787.84,53571133.44,6197575.68,704,576,9,2.0
xl,4.0,454559164049.84235,3098787.84,53571133.44,6197575.68,704,576,9,2.0
s,4.0,41813232080.28376,3098787.84,63754076.160000004,6197575.68,768,576,9,2.0
m,4.0,104533080200.70941,3098787.84,63754076.160000004,6197575.68,768,576,9,2.0
l,4.0,209066160401.41882,3098787.84,63754076.160000004,6197575.68,768,576,9,2.0
xl,4.0,418132320802.83765,3098787.84,63754076.160000004,6197575.68,768,576,9,2.0
s,4.0,136200206021.87965,956416.0,17315758.080000002,1912832.0,384,320,10,2.0
s,4.0,116644802764.83644,956416.0,23568670.72,1912832.0,448,320,10,2.0
s,4.0,98336529821.23708,1377239.04,23568670.72,2754478.08,448,384,10,2.0
s,4.0,86321965517.73097,1377239.04,30783569.92,2754478.08,512,384,10,2.0
s,4.0,66413513230.85761,1874575.3599999999,38960455.67999999,3749150.7199999997,576,448,10,2.0
m,4.0,166033783077.14404,1874575.3599999999,38960455.67999999,3749150.7199999997,576,448,10,2.0
l,4.0,332067566154.2881,1874575.3599999999,38960455.67999999,3749150.7199999997,576,448,10,2.0
xl,4.0,664135132308.5762,1874575.3599999999,38960455.67999999,3749150.7199999997,576,448,10,2.0
s,4.0,52656648389.67038,2448424.96,48099328.0,4896849.92,640,512,10,2.0
m,4.0,131641620974.17595,2448424.96,48099328.0,4896849.92,640,512,10,2.0
l,4.0,263283241948.3519,2448424.96,48099328.0,4896849.92,640,512,10,2.0
xl,4.0,526566483896.7038,2448424.96,48099328.0,4896849.92,640,512,10,2.0
s,4.0,47710490362.77103,2448424.96,58200186.879999995,4896849.92,704,512,10,2.0
m,4.0,119276225906.92757,2448424.96,58200186.879999995,4896849.92,704,512,10,2.0
l,4.0,238552451813.85513,2448424.96,58200186.879999995,4896849.92,704,512,10,2.0
xl,4.0,477104903627.71027,2448424.96,58200186.879999995,4896849.92,704,512,10,2.0
s,4.0,42760864156.97203,3098787.84,58200186.879999995,6197575.68,704,576,10,2.0
m,4.0,106902160392.43007,3098787.84,58200186.879999995,6197575.68,704,576,10,2.0
l,4.0,213804320784.86014,3098787.84,58200186.879999995,6197575.68,704,576,10,2.0
xl,4.0,427608641569.7203,3098787.84,58200186.879999995,6197575.68,704,576,10,2.0
s,4.0,39155586043.03459,3098787.84,69263032.32000001,6197575.68,768,576,10,2.0
m,4.0,97888965107.58647,3098787.84,69263032.32000001,6197575.68,768,576,10,2.0
l,4.0,195777930215.17294,3098787.84,69263032.32000001,6197575.68,768,576,10,2.0
xl,4.0,391555860430.3459,3098787.84,69263032.32000001,6197575.68,768,576,10,2.0
s,4.0,35408353493.43349,3825664.0,69263032.32000001,7651328.0,768,640,10,2.0
m,4.0,88520883733.58371,3825664.0,69263032.32000001,7651328.0,768,640,10,2.0
l,4.0,177041767467.16742,3825664.0,69263032.32000001,7651328.0,768,640,10,2.0
xl,4.0,354083534934.33484,3825664.0,69263032.32000001,7651328.0,768,640,10,2.0
s,4.0,130225132375.40977,956416.0,19086704.64,1912832.0,384,320,11,2.0
s,4.0,94102154257.28009,1377239.04,25979125.759999998,2754478.08,448,384,11,2.0
s,4.0,82093148849.93146,1377239.04,33931919.36,2754478.08,512,384,11,2.0
s,4.0,71153742335.06273,1874575.3599999999,33931919.36,3749150.7199999997,512,448,11,2.0
s,4.0,63244983531.86642,1874575.3599999999,42945085.44,3749150.7199999997,576,448,11,2.0
m,4.0,158112458829.66605,1874575.3599999999,42945085.44,3749150.7199999997,576,448,11,2.0
l,4.0,316224917659.3321,1874575.3599999999,42945085.44,3749150.7199999997,576,448,11,2.0
xl,4.0,632449835318.6642,1874575.3599999999,42945085.44,3749150.7199999997,576,448,11,2.0
s,4.0,55676233420.319214,2448424.96,42945085.44,4896849.92,576,512,11,2.0
m,4.0,139190583550.79803,2448424.96,42945085.44,4896849.92,576,512,11,2.0
l,4.0,278381167101.59607,2448424.96,42945085.44,4896849.92,576,512,11,2.0
xl,4.0,556762334203.1921,2448424.96,42945085.44,4896849.92,576,512,11,2.0
s,4.0,50197370438.45853,2448424.96,53018624.0,4896849.92,640,512,11,2.0
m,4.0,125493426096.14632,2448424.96,53018624.0,4896849.92,640,512,11,2.0
l,4.0,250986852192.29263,2448424.96,53018624.0,4896849.92,640,512,11,2.0
xl,4.0,501973704384.58527,2448424.96,53018624.0,4896849.92,640,512,11,2.0
s,4.0,44747772770.89579,3098787.84,53018624.0,6197575.68,640,576,11,2.0
m,4.0,111869431927.23947,3098787.84,53018624.0,6197575.68,640,576,11,2.0
l,4.0,223738863854.47894,3098787.84,53018624.0,6197575.68,640,576,11,2.0
xl,4.0,447477727708.9579,3098787.84,53018624.0,6197575.68,640,576,11,2.0
s,4.0,40798376843.431404,3098787.84,64152535.04,6197575.68,704,576,11,2.0
m,4.0,101995942108.57852,3098787.84,64152535.04,6197575.68,704,576,11,2.0
l,4.0,203991884217.15704,3098787.84,64152535.04,6197575.68,704,576,11,2.0
xl,4.0,407983768434.3141,3098787.84,64152535.04,6197575.68,704,576,11,2.0
s,4.0,37206536125.18322,3098787.84,76346818.56,6197575.68,768,576,11,2.0
m,4.0,93016340312.95805,3098787.84,76346818.56,6197575.68,768,576,11,2.0
l,4.0,186032680625.9161,3098787.84,76346818.56,6197575.68,768,576,11,2.0
xl,4.0,372065361251.8322,3098787.84,76346818.56,6197575.68,768,576,11,2.0
s,4.0,36746383919.175644,3825664.0,64152535.04,7651328.0,704,640,11,2.0
m,4.0,91865959797.9391,3825664.0,64152535.04,7651328.0,704,640,11,2.0
l,4.0,183731919595.8782,3825664.0,64152535.04,7651328.0,704,640,11,2.0
xl,4.0,367463839191.7564,3825664.0,64152535.04,7651328.0,704,640,11,2.0
s,4.0,33806876255.884888,3825664.0,76346818.56,7651328.0,768,640,11,2.0
m,4.0,84517190639.71222,3825664.0,76346818.56,7651328.0,768,640,11,2.0
l,4.0,169034381279.42444,3825664.0,76346818.56,7651328.0,768,640,11,2.0
xl,4.0,338068762558.8489,3825664.0,76346818.56,7651328.0,768,640,11,2.0
s,4.0,124752276908.69687,956416.0,20857651.2,1912832.0,384,320,12,2.0
s,4.0,90217389264.65031,1377239.04,28389580.8,2754478.08,448,384,12,2.0
s,4.0,68255555527.161255,1874575.3599999999,37080268.8,3749150.7199999997,512,448,12,2.0
m,4.0,170638888817.90314,1874575.3599999999,37080268.8,3749150.7199999997,512,448,12,2.0
l,4.0,341277777635.8063,1874575.3599999999,37080268.8,3749150.7199999997,512,448,12,2.0
xl,4.0,682555555271.6125,1874575.3599999999,37080268.8,3749150.7199999997,512,448,12,2.0
s,4.0,53432106643.30359,2448424.96,46929715.2,4896849.92,576,512,12,2.0
m,4.0,133580266608.25897,2448424.96,46929715.2,4896849.92,576,512,12,2.0
l,4.0,267160533216.51794,2448424.96,46929715.2,4896849.92,576,512,12,2.0
xl,4.0,534321066433.0359,2448424.96,46929715.2,4896849.92,576,512,12,2.0
s,4.0,47957558926.1816,2448424.96,57937920.0,4896849.92,640,512,12,2.0
m,4.0,119893897315.45401,2448424.96,57937920.0,4896849.92,640,512,12,2.0
l,4.0,239787794630.90802,2448424.96,57937920.0,4896849.92,640,512,12,2.0
xl,4.0,479575589261.81604,2448424.96,57937920.0,4896849.92,640,512,12,2.0
s,4.0,42959222020.44906,3098787.84,57937920.0,6197575.68,640,576,12,2.0
m,4.0,107398055051.12265,3098787.84,57937920.0,6197575.68,640,576,12,2.0
l,4.0,214796110102.2453,3098787.84,57937920.0,6197575.68,640,576,12,2.0
xl,4.0,429592220204.4906,3098787.84,57937920.0,6197575.68,640,576,12,2.0
s,4.0,39008119755.45191,3098787.84,70104883.2,6197575.68,704,576,12,2.0
m,4.0,97520299388.62978,3098787.84,70104883.2,6197575.68,704,576,12,2.0
l,4.0,195040598777.25955,3098787.84,70104883.2,6197575.68,704,576,12,2.0
xl,4.0,390081197554.5191,3098787.84,70104883.2,6197575.68,704,576,12,2.0
s,4.0,35287718497.45956,3825664.0,70104883.2,7651328.0,704,640,12,2.0
m,4.0,88219296243.6489,3825664.0,70104883.2,7651328.0,704,640,12,2.0
l,4.0,176438592487.2978,3825664.0,70104883.2,7651328.0,704,640,12,2.0
xl,4.0,352877184974.5956,3825664.0,70104883.2,7651328.0,704,640,12,2.0
s,4.0,32343996212.202366,3825664.0,83430604.8,7651328.0,768,640,12,2.0
m,4.0,80859990530.50592,3825664.0,83430604.8,7651328.0,768,640,12,2.0
l,4.0,161719981061.01184,3825664.0,83430604.8,7651328.0,768,640,12,2.0
xl,4.0,323439962122.0237,3825664.0,83430604.8,7651328.0,768,640,12,2.0
s,4.0,29501060598.529785,4629053.4399999995,83430604.8,9258106.879999999,768,704,12,2.0
m,4.0,73752651496.32446,4629053.4399999995,83430604.8,9258106.879999999,768,704,12,2.0
l,4.0,147505302992.64893,4629053.4399999995,83430604.8,9258106.879999999,768,704,12,2.0
xl,4.0,295010605985.29785,4629053.4399999995,83430604.8,9258106.879999999,768,704,12,2.0
s,4.0,119720874516.3564,956416.0,22628597.759999998,1912832.0,384,320,13,2.0
s,4.0,86640653122.473,1377239.04,30800035.84,2754478.08,448,384,13,2.0
s,4.0,65584222681.626595,1874575.3599999999,40228618.24,3749150.7199999997,512,448,13,2.0
m,4.0,163960556704.0665,1874575.3599999999,40228618.24,3749150.7199999997,512,448,13,2.0
l,4.0,327921113408.133,1874575.3599999999,40228618.24,3749150.7199999997,512,448,13,2.0
xl,4.0,655842226816.266,1874575.3599999999,40228618.24,3749150.7199999997,512,448,13,2.0
s,4.0,51361877437.85555,2448424.96,50914344.95999999,4896849.92,576,512,13,2.0
m,4.0,128404693594.63889,2448424.96,50914344.95999999,4896849.92,576,512,13,2.0
l,4.0,256809387189.27777,2448424.96,50914344.95999999,4896849.92,576,512,13,2.0
xl,4.0,513618774378.55554,2448424.96,50914344.95999999,4896849.92,576,512,13,2.0
s,4.0,41308151566.891556,3098787.84,62857216.0,6197575.68,640,576,13,2.0
m,4.0,103270378917.2289,3098787.84,62857216.0,6197575.68,640,576,13,2.0
l,4.0,206540757834.4578,3098787.84,62857216.0,6197575.68,640,576,13,2.0
xl,4.0,413081515668.9156,3098787.84,62857216.0,6197575.68,640,576,13,2.0
s,4.0,37368373268.315956,3098787.84,76057231.36,6197575.68,704,576,13,2.0
m,4.0,93420933170.78989,3098787.84,76057231.36,6197575.68,704,576,13,2.0
l,4.0,186841866341.57977,3098787.84,76057231.36,6197575.68,704,576,13,2.0
xl,4.0,373683732683.15955,3098787.84,76057231.36,6197575.68,704,576,13,2.0
s,4.0,33940436510.6149,3825664.0,76057231.36,7651328.0,704,640,13,2.0
m,4.0,84851091276.53725,3825664.0,76057231.36,7651328.0,704,640,13,2.0
l,4.0,169702182553.0745,3825664.0,76057231.36,7651328.0,704,640,13,2.0
xl,4.0,339404365106.149,3825664.0,76057231.36,7651328.0,704,640,13,2.0
s,4.0,31002467617.848167,3825664.0,90514391.03999999,7651328.0,768,640,13,2.0
m,4.0,77506169044.62042,3825664.0,90514391.03999999,7651328.0,768,640,13,2.0
l,4.0,155012338089.24084,3825664.0,90514391.03999999,7651328.0,768,640,13,2.0
xl,4.0,310024676178.4817,3825664.0,90514391.03999999,7651328.0,768,640,13,2.0
s,4.0,28380916141.603825,4629053.4399999995,90514391.03999999,9258106.879999999,768,704,13,2.0
m,4.0,70952290354.00957,4629053.4399999995,90514391.03999999,9258106.879999999,768,704,13,2.0
l,4.0,141904580708.01913,4629053.4399999995,90514391.03999999,9258106.879999999,768,704,13,2.0
xl,4.0,283809161416.03827,4629053.4399999995,90514391.03999999,9258106.879999999,768,704,13,2.0
s,4.0,97221747780.09305,1377239.04,24399544.32,2754478.08,384,384,14,2.0
s,4.0,83336706803.22473,1377239.04,33210490.88,2754478.08,448,384,14,2.0
s,4.0,72086077188.94102,1874575.3599999999,33210490.88,3749150.7199999997,448,448,14,2.0
s,4.0,63114111667.06061,1874575.3599999999,43376967.68,3749150.7199999997,512,448,14,2.0
m,4.0,157785279167.65152,1874575.3599999999,43376967.68,3749150.7199999997,512,448,14,2.0
l,4.0,315570558335.30304,1874575.3599999999,43376967.68,3749150.7199999997,512,448,14,2.0
xl,4.0,631141116670.6061,1874575.3599999999,43376967.68,3749150.7199999997,512,448,14,2.0
s,4.0,55574785913.475914,2448424.96,43376967.68,4896849.92,512,512,14,2.0
m,4.0,138936964783.6898,2448424.96,43376967.68,4896849.92,512,512,14,2.0
l,4.0,277873929567.3796,2448424.96,43376967.68,4896849.92,512,512,14,2.0
xl,4.0,555747859134.7592,2448424.96,43376967.68,4896849.92,512,512,14,2.0
s,4.0,49446086740.17662,2448424.96,54898974.72,4896849.92,576,512,14,2.0
m,4.0,123615216850.44156,2448424.96,54898974.72,4896849.92,576,512,14,2.0
l,4.0,247230433700.88312,2448424.96,54898974.72,4896849.92,576,512,14,2.0
xl,4.0,494460867401.76624,2448424.96,54898974.72,4896849.92,576,512,14,2.0
s,4.0,44149786649.1582,3098787.84,54898974.72,6197575.68,576,576,14,2.0
m,4.0,110374466622.89552,3098787.84,54898974.72,6197575.68,576,576,14,2.0
l,4.0,220748933245.79105,3098787.84,54898974.72,6197575.68,576,576,14,2.0
xl,4.0,441497866491.5821,3098787.84,54898974.72,6197575.68,576,576,14,2.0
s,4.0,39779296570.4149,3098787.84,67776512.0,6197575.68,640,576,14,2.0
m,4.0,99448241426.03726,3098787.84,67776512.0,6197575.68,640,576,14,2.0
l,4.0,198896482852.07452,3098787.84,67776512.0,6197575.68,640,576,14,2.0
xl,4.0,397792965704.14905,3098787.84,67776512.0,6197575.68,640,576,14,2.0
s,4.0,35917620494.99653,3825664.0,67776512.0,7651328.0,640,640,14,2.0
m,4.0,89794051237.49133,3825664.0,67776512.0,7651328.0,640,640,14,2.0
l,4.0,179588102474.98267,3825664.0,67776512.0,7651328.0,640,640,14,2.0
xl,4.0,359176204949.96533,3825664.0,67776512.0,7651328.0,640,640,14,2.0
s,4.0,32692249308.98,3825664.0,82009579.52,7651328.0,704,640,14,2.0
m,4.0,81730623272.45,3825664.0,82009579.52,7651328.0,704,640,14,2.0
l,4.0,163461246544.9,3825664.0,82009579.52,7651328.0,704,640,14,2.0
xl,4.0,326922493089.8,3825664.0,82009579.52,7651328.0,704,640,14,2.0
s,4.0,29790509609.231544,4629053.4399999995,82009579.52,9258106.879999999,704,704,14,2.0
m,4.0,74476274023.07886,4629053.4399999995,82009579.52,9258106.879999999,704,704,14,2.0
l,4.0,148952548046.1577,4629053.4399999995,82009579.52,9258106.879999999,704,704,14,2.0
xl,4.0,297905096092.3154,4629053.4399999995,82009579.52,9258106.879999999,704,704,14,2.0
s,4.0,27342722973.146725,4629053.4399999995,97598177.28,9258106.879999999,768,704,14,2.0
m,4.0,68356807432.866806,4629053.4399999995,97598177.28,9258106.879999999,768,704,14,2.0
l,4.0,136713614865.73361,4629053.4399999995,97598177.28,9258106.879999999,768,704,14,2.0
xl,4.0,273427229731.46722,4629053.4399999995,97598177.28,9258106.879999999,768,704,14,2.0
s,4.0,25107388115.292095,5508956.16,97598177.28,11017912.32,768,768,14,2.0
m,4.0,62768470288.23024,5508956.16,97598177.28,11017912.32,768,768,14,2.0
l,4.0,125536940576.46048,5508956.16,97598177.28,11017912.32,768,768,14,2.0
xl,4.0,251073881152.92096,5508956.16,97598177.28,11017912.32,768,768,14,2.0
s,4.0,133890962413.59346,956416.0,18173952.0,1912832.0,320,320,15,2.0
s,4.0,94138548385.99382,1377239.04,26170490.88,2754478.08,384,384,15,2.0
s,4.0,69784193442.4988,1874575.3599999999,35620945.92,3749150.7199999997,448,448,15,2.0
m,4.0,174460483606.247,1874575.3599999999,35620945.92,3749150.7199999997,448,448,15,2.0
l,4.0,348920967212.494,1874575.3599999999,35620945.92,3749150.7199999997,448,448,15,2.0
xl,4.0,697841934424.988,1874575.3599999999,35620945.92,3749150.7199999997,448,448,15,2.0
s,4.0,60823311743.879875,1874575.3599999999,46525317.12,3749150.7199999997,512,448,15,2.0
m,4.0,152058279359.6997,1874575.3599999999,46525317.12,3749150.7199999997,512,448,15,2.0
l,4.0,304116558719.3994,1874575.3599999999,46525317.12,3749150.7199999997,512,448,15,2.0
xl,4.0,608233117438.7988,1874575.3599999999,46525317.12,3749150.7199999997,512,448,15,2.0
s,4.0,53790859623.035034,2448424.96,46525317.12,4896849.92,512,512,15,2.0
m,4.0,134477149057.58759,2448424.96,46525317.12,4896849.92,512,512,15,2.0
l,4.0,268954298115.17517,2448424.96,46525317.12,4896849.92,512,512,15,2.0
xl,4.0,537908596230.35034,2448424.96,46525317.12,4896849.92,512,512,15,2.0
s,4.0,47668074369.73139,2448424.96,58883604.480000004,4896849.92,576,512,15,2.0
m,4.0,119170185924.32848,2448424.96,58883604.480000004,4896849.92,576,512,15,2.0
l,4.0,238340371848.65695,2448424.96,58883604.480000004,4896849.92,576,512,15,2.0
xl,4.0,476680743697.3139,2448424.96,58883604.480000004,4896849.92,576,512,15,2.0
s,4.0,42726789234.03316,3098787.84,58883604.480000004,6197575.68,576,576,15,2.0
m,4.0,106816973085.0829,3098787.84,58883604.480000004,6197575.68,576,576,15,2.0
l,4.0,213633946170.1658,3098787.84,58883604.480000004,6197575.68,576,576,15,2.0
xl,4.0,427267892340.3316,3098787.84,58883604.480000004,6197575.68,576,576,15,2.0
s,4.0,38359571402.92356,3098787.84,72695808.0,6197575.68,640,576,15,2.0
m,4.0,95898928507.3089,3098787.84,72695808.0,6197575.68,640,576,15,2.0
l,4.0,191797857014.6178,3098787.84,72695808.0,6197575.68,640,576,15,2.0
xl,4.0,383595714029.2356,3098787.84,72695808.0,6197575.68,640,576,15,2.0
s,4.0,34756138420.63102,3825664.0,72695808.0,7651328.0,640,640,15,2.0
m,4.0,86890346051.57756,3825664.0,72695808.0,7651328.0,640,640,15,2.0
l,4.0,173780692103.15512,3825664.0,72695808.0,7651328.0,640,640,15,2.0
xl,4.0,347561384206.31024,3825664.0,72695808.0,7651328.0,640,640,15,2.0
s,4.0,31532611821.767895,3825664.0,87961927.68,7651328.0,704,640,15,2.0
m,4.0,78831529554.41974,3825664.0,87961927.68,7651328.0,704,640,15,2.0
l,4.0,157663059108.83948,3825664.0,87961927.68,7651328.0,704,640,15,2.0
xl,4.0,315326118217.67896,3825664.0,87961927.68,7651328.0,704,640,15,2.0
s,4.0,28824552150.28138,4629053.4399999995,87961927.68,9258106.879999999,704,704,15,2.0
m,4.0,72061380375.70345,4629053.4399999995,87961927.68,9258106.879999999,704,704,15,2.0
l,4.0,144122760751.4069,4629053.4399999995,87961927.68,9258106.879999999,704,704,15,2.0
xl,4.0,288245521502.8138,4629053.4399999995,87961927.68,9258106.879999999,704,704,15,2.0
s,4.0,26377804970.410732,4629053.4399999995,104681963.52,9258106.879999999,768,704,15,2.0
m,4.0,65944512426.026825,4629053.4399999995,104681963.52,9258106.879999999,768,704,15,2.0
l,4.0,131889024852.05365,4629053.4399999995,104681963.52,9258106.879999999,768,704,15,2.0
xl,4.0,263778049704.1073,4629053.4399999995,104681963.52,9258106.879999999,768,704,15,2.0
s,4.0,24291435915.5153,5508956.16,104681963.52,11017912.32,768,768,15,2.0
m,4.0,60728589788.78825,5508956.16,104681963.52,11017912.32,768,768,15,2.0
l,4.0,121457179577.5765,5508956.16,104681963.52,11017912.32,768,768,15,2.0
xl,4.0,242914359155.153,5508956.16,104681963.52,11017912.32,768,768,15,2.0
s,4.0,129813214362.11864,956416.0,19403776.0,1912832.0,320,320,16,2.0
s,4.0,91244893351.80074,1377239.04,27941437.44,2754478.08,384,384,16,2.0
s,4.0,67624770081.1917,1874575.3599999999,38031400.96,3749150.7199999997,448,448,16,2.0
m,4.0,169061925202.97925,1874575.3599999999,38031400.96,3749150.7199999997,448,448,16,2.0
l,4.0,338123850405.9585,1874575.3599999999,38031400.96,3749150.7199999997,448,448,16,2.0
xl,4.0,676247700811.917,1874575.3599999999,38031400.96,3749150.7199999997,448,448,16,2.0
s,4.0,52117897923.23603,2448424.96,49673666.56,4896849.92,512,512,16,2.0
m,4.0,130294744808.09007,2448424.96,49673666.56,4896849.92,512,512,16,2.0
l,4.0,260589489616.18015,2448424.96,49673666.56,4896849.92,512,512,16,2.0
xl,4.0,521178979232.3603,2448424.96,49673666.56,4896849.92,512,512,16,2.0
s,4.0,41392657210.17306,3098787.84,62868234.239999995,6197575.68,576,576,16,2.0
m,4.0,103481643025.43263,3098787.84,62868234.239999995,6197575.68,576,576,16,2.0
l,4.0,206963286050.86526,3098787.84,62868234.239999995,6197575.68,576,576,16,2.0
xl,4.0,413926572101.7305,3098787.84,62868234.239999995,6197575.68,576,576,16,2.0
s,4.0,33667421894.274597,3825664.0,77615104.0,7651328.0,640,640,16,2.0
m,4.0,84168554735.6865,3825664.0,77615104.0,7651328.0,640,640,16,2.0
l,4.0,168337109471.373,3825664.0,77615104.0,7651328.0,640,640,16,2.0
xl,4.0,336674218942.746,3825664.0,77615104.0,7651328.0,640,640,16,2.0
s,4.0,30452423915.00864,3825664.0,93914275.84,7651328.0,704,640,16,2.0
m,4.0,76131059787.52159,3825664.0,93914275.84,7651328.0,704,640,16,2.0
l,4.0,152262119575.04318,3825664.0,93914275.84,7651328.0,704,640,16,2.0
xl,4.0,304524239150.08636,3825664.0,93914275.84,7651328.0,704,640,16,2.0
s,4.0,30598115412.62518,4629053.4399999995,77615104.0,9258106.879999999,640,704,16,2.0
m,4.0,76495288531.56294,4629053.4399999995,77615104.0,9258106.879999999,640,704,16,2.0
l,4.0,152990577063.1259,4629053.4399999995,77615104.0,9258106.879999999,640,704,16,2.0
xl,4.0,305981154126.2518,4629053.4399999995,77615104.0,9258106.879999999,640,704,16,2.0
s,4.0,27919269658.350872,4629053.4399999995,93914275.84,9258106.879999999,704,704,16,2.0
m,4.0,69798174145.87718,4629053.4399999995,93914275.84,9258106.879999999,704,704,16,2.0
l,4.0,139596348291.75436,4629053.4399999995,93914275.84,9258106.879999999,704,704,16,2.0
xl,4.0,279192696583.5087,4629053.4399999995,93914275.84,9258106.879999999,704,704,16,2.0
s,4.0,25478668977.047913,4629053.4399999995,111765749.76,9258106.879999999,768,704,16,2.0
m,4.0,63696672442.61978,4629053.4399999995,111765749.76,9258106.879999999,768,704,16,2.0
l,4.0,127393344885.23956,4629053.4399999995,111765749.76,9258106.879999999,768,704,16,2.0
xl,4.0,254786689770.47913,4629053.4399999995,111765749.76,9258106.879999999,768,704,16,2.0
s,4.0,25592683345.84017,5508956.16,93914275.84,11017912.32,704,768,16,2.0
m,4.0,63981708364.60043,5508956.16,93914275.84,11017912.32,704,768,16,2.0
l,4.0,127963416729.20087,5508956.16,93914275.84,11017912.32,704,768,16,2.0
xl,4.0,255926833458.40173,5508956.16,93914275.84,11017912.32,704,768,16,2.0
s,4.0,23526848854.97048,5508956.16,111765749.76,11017912.32,768,768,16,2.0
m,4.0,58817122137.4262,5508956.16,111765749.76,11017912.32,768,768,16,2.0
l,4.0,117634244274.8524,5508956.16,111765749.76,11017912.32,768,768,16,2.0
xl,4.0,235268488549.7048,5508956.16,111765749.76,11017912.32,768,768,16,2.0
s,4.0,132410064436.03375,956416.0,19677184.0,1912832.0,640,320,4,2.0
s,4.0,120043679765.5641,956416.0,23809392.64,1912832.0,704,320,4,2.0
s,4.0,100741184324.32356,1377239.04,23809392.64,2754478.08,704,384,4,2.0
s,4.0,92779685921.91031,1377239.04,28335144.96,2754478.08,768,384,4,2.0
s,4.0,131536814049.9838,956416.0,19923148.799999997,1912832.0,576,320,5,2.0
s,4.0,99217867928.34966,1377239.04,24596480.0,2754478.08,640,384,5,2.0
s,4.0,90486795942.32884,1377239.04,29761740.8,2754478.08,704,384,5,2.0
s,4.0,71485405185.10979,1874575.3599999999,35418931.2,3749150.7199999997,768,448,5,2.0
m,4.0,178713512962.77448,1874575.3599999999,35418931.2,3749150.7199999997,768,448,5,2.0
l,4.0,357427025925.54895,1874575.3599999999,35418931.2,3749150.7199999997,768,448,5,2.0
xl,4.0,714854051851.0979,1874575.3599999999,35418931.2,3749150.7199999997,768,448,5,2.0
s,4.0,134931841716.87534,956416.0,18890096.64,1912832.0,512,320,6,2.0
s,4.0,119663193868.46559,956416.0,23907778.56,1912832.0,576,320,6,2.0
s,4.0,100473085157.41817,1377239.04,23907778.56,2754478.08,576,384,6,2.0
s,4.0,90832809845.68364,1377239.04,29515776.0,2754478.08,640,384,6,2.0
s,4.0,71179263414.66037,1874575.3599999999,35714088.96,3749150.7199999997,704,448,6,2.0
m,4.0,177948158536.65094,1874575.3599999999,35714088.96,3749150.7199999997,704,448,6,2.0
l,4.0,355896317073.3019,1874575.3599999999,35714088.96,3749150.7199999997,704,448,6,2.0
xl,4.0,711792634146.6038,1874575.3599999999,35714088.96,3749150.7199999997,704,448,6,2.0
s,4.0,65245500654.61595,1874575.3599999999,42502717.44,3749150.7199999997,768,448,6,2.0
m,4.0,163113751636.53986,1874575.3599999999,42502717.44,3749150.7199999997,768,448,6,2.0
l,4.0,326227503273.0797,1874575.3599999999,42502717.44,3749150.7199999997,768,448,6,2.0
xl,4.0,652455006546.1594,1874575.3599999999,42502717.44,3749150.7199999997,768,448,6,2.0
s,4.0,57220736985.51417,2448424.96,42502717.44,4896849.92,768,512,6,2.0
m,4.0,143051842463.78543,2448424.96,42502717.44,4896849.92,768,512,6,2.0
l,4.0,286103684927.57086,2448424.96,42502717.44,4896849.92,768,512,6,2.0
xl,4.0,572207369855.1417,2448424.96,42502717.44,4896849.92,768,512,6,2.0
s,4.0,124876736670.76703,956416.0,22038446.08,1912832.0,512,320,7,2.0
s,4.0,93394502697.95798,1377239.04,27892408.32,2754478.08,576,384,7,2.0
s,4.0,72398526341.31766,1874575.3599999999,34435072.0,3749150.7199999997,640,448,7,2.0
m,4.0,180996315853.29416,1874575.3599999999,34435072.0,3749150.7199999997,640,448,7,2.0
l,4.0,361992631706.5883,1874575.3599999999,34435072.0,3749150.7199999997,640,448,7,2.0
xl,4.0,723985263413.1766,1874575.3599999999,34435072.0,3749150.7199999997,640,448,7,2.0
s,4.0,65902440873.5163,1874575.3599999999,41666437.120000005,3749150.7199999997,704,448,7,2.0
m,4.0,164756102183.79074,1874575.3599999999,41666437.120000005,3749150.7199999997,704,448,7,2.0
l,4.0,329512204367.5815,1874575.3599999999,41666437.120000005,3749150.7199999997,704,448,7,2.0
xl,4.0,659024408735.163,1874575.3599999999,41666437.120000005,3749150.7199999997,704,448,7,2.0
s,4.0,57725391446.26997,2448424.96,41666437.120000005,4896849.92,704,512,7,2.0
m,4.0,144313478615.67493,2448424.96,41666437.120000005,4896849.92,704,512,7,2.0
l,4.0,288626957231.34985,2448424.96,41666437.120000005,4896849.92,704,512,7,2.0
xl,4.0,577253914462.6997,2448424.96,41666437.120000005,4896849.92,704,512,7,2.0
s,4.0,53151796052.76563,2448424.96,49586503.68,4896849.92,768,512,7,2.0
m,4.0,132879490131.9141,2448424.96,49586503.68,4896849.92,768,512,7,2.0
l,4.0,265758980263.8282,2448424.96,49586503.68,4896849.92,768,512,7,2.0
xl,4.0,531517960527.6564,2448424.96,49586503.68,4896849.92,768,512,7,2.0
s,4.0,133486922318.25734,956416.0,19283640.32,1912832.0,448,320,8,2.0
s,4.0,98031816014.13869,1377239.04,25186795.52,2754478.08,512,384,8,2.0
s,4.0,87247683190.1215,1377239.04,31877038.08,2754478.08,576,384,8,2.0
s,4.0,74993930291.25795,1874575.3599999999,31877038.08,3749150.7199999997,576,448,8,2.0
s,4.0,67829518568.65087,1874575.3599999999,39354368.0,3749150.7199999997,640,448,8,2.0
m,4.0,169573796421.62717,1874575.3599999999,39354368.0,3749150.7199999997,640,448,8,2.0
l,4.0,339147592843.25433,1874575.3599999999,39354368.0,3749150.7199999997,640,448,8,2.0
xl,4.0,678295185686.5087,1874575.3599999999,39354368.0,3749150.7199999997,640,448,8,2.0
s,4.0,54205511637.23819,2448424.96,47618785.28,4896849.92,704,512,8,2.0
m,4.0,135513779093.09547,2448424.96,47618785.28,4896849.92,704,512,8,2.0
l,4.0,271027558186.19095,2448424.96,47618785.28,4896849.92,704,512,8,2.0
xl,4.0,542055116372.3819,2448424.96,47618785.28,4896849.92,704,512,8,2.0
s,4.0,49623118370.74837,2448424.96,56670289.92,4896849.92,768,512,8,2.0
m,4.0,124057795926.87091,2448424.96,56670289.92,4896849.92,768,512,8,2.0
l,4.0,248115591853.74182,2448424.96,56670289.92,4896849.92,768,512,8,2.0
xl,4.0,496231183707.48364,2448424.96,56670289.92,4896849.92,768,512,8,2.0
s,4.0,44290870633.9353,3098787.84,56670289.92,6197575.68,768,576,8,2.0
m,4.0,110727176584.83826,3098787.84,56670289.92,6197575.68,768,576,8,2.0
l,4.0,221454353169.6765,3098787.84,56670289.92,6197575.68,768,576,8,2.0
xl,4.0,442908706339.353,3098787.84,56670289.92,6197575.68,768,576,8,2.0
s,4.0,125802638445.65265,956416.0,21694095.36,1912832.0,448,320,9,2.0
s,4.0,92613881436.80553,1377239.04,28335144.96,2754478.08,512,384,9,2.0
s,4.0,70978534262.83188,1874575.3599999999,35861667.839999996,3749150.7199999997,576,448,9,2.0
m,4.0,177446335657.0797,1874575.3599999999,35861667.839999996,3749150.7199999997,576,448,9,2.0
l,4.0,354892671314.1594,1874575.3599999999,35861667.839999996,3749150.7199999997,576,448,9,2.0
xl,4.0,709785342628.3188,1874575.3599999999,35861667.839999996,3749150.7199999997,576,448,9,2.0
s,4.0,63802968918.54193,1874575.3599999999,44273664.0,3749150.7199999997,640,448,9,2.0
m,4.0,159507422296.35483,1874575.3599999999,44273664.0,3749150.7199999997,640,448,9,2.0
l,4.0,319014844592.70966,1874575.3599999999,44273664.0,3749150.7199999997,640,448,9,2.0
xl,4.0,638029689185.4193,1874575.3599999999,44273664.0,3749150.7199999997,640,448,9,2.0
s,4.0,56108201893.36184,2448424.96,44273664.0,4896849.92,640,512,9,2.0
m,4.0,140270504733.4046,2448424.96,44273664.0,4896849.92,640,512,9,2.0
l,4.0,280541009466.8092,2448424.96,44273664.0,4896849.92,640,512,9,2.0
xl,4.0,561082018933.6184,2448424.96,44273664.0,4896849.92,640,512,9,2.0
s,4.0,51090219925.086044,2448424.96,53571133.44,4896849.92,704,512,9,2.0
m,4.0,127725549812.71512,2448424.96,53571133.44,4896849.92,704,512,9,2.0
l,4.0,255451099625.43024,2448424.96,53571133.44,4896849.92,704,512,9,2.0
xl,4.0,510902199250.8605,2448424.96,53571133.44,4896849.92,704,512,9,2.0
s,4.0,45455916404.98424,3098787.84,53571133.44,6197575.68,704,576,9,2.0
m,4.0,113639791012.46059,3098787.84,53571133.44,6197575.68,704,576,9,2.0
l,4.0,227279582024.92117,3098787.84,53571133.44,6197575.68,704,576,9,2.0
xl,4.0,454559164049.84235,3098787.84,53571133.44,6197575.68,704,576,9,2.0
s,4.0,41813232080.28376,3098787.84,63754076.160000004,6197575.68,768,576,9,2.0
m,4.0,104533080200.70941,3098787.84,63754076.160000004,6197575.68,768,576,9,2.0
l,4.0,209066160401.41882,3098787.84,63754076.160000004,6197575.68,768,576,9,2.0
xl,4.0,418132320802.83765,3098787.84,63754076.160000004,6197575.68,768,576,9,2.0
s,4.0,136200206021.87965,956416.0,17315758.080000002,1912832.0,384,320,10,2.0
s,4.0,116644802764.83644,956416.0,23568670.72,1912832.0,448,320,10,2.0
s,4.0,98336529821.23708,1377239.04,23568670.72,2754478.08,448,384,10,2.0
s,4.0,86321965517.73097,1377239.04,30783569.92,2754478.08,512,384,10,2.0
s,4.0,66413513230.85761,1874575.3599999999,38960455.67999999,3749150.7199999997,576,448,10,2.0
m,4.0,166033783077.14404,1874575.3599999999,38960455.67999999,3749150.7199999997,576,448,10,2.0
l,4.0,332067566154.2881,1874575.3599999999,38960455.67999999,3749150.7199999997,576,448,10,2.0
xl,4.0,664135132308.5762,1874575.3599999999,38960455.67999999,3749150.7199999997,576,448,10,2.0
s,4.0,52656648389.67038,2448424.96,48099328.0,4896849.92,640,512,10,2.0
m,4.0,131641620974.17595,2448424.96,48099328.0,4896849.92,640,512,10,2.0
l,4.0,263283241948.3519,2448424.96,48099328.0,4896849.92,640,512,10,2.0
xl,4.0,526566483896.7038,2448424.96,48099328.0,4896849.92,640,512,10,2.0
s,4.0,47710490362.77103,2448424.96,58200186.879999995,4896849.92,704,512,10,2.0
m,4.0,119276225906.92757,2448424.96,58200186.879999995,4896849.92,704,512,10,2.0
l,4.0,238552451813.85513,2448424.96,58200186.879999995,4896849.92,704,512,10,2.0
xl,4.0,477104903627.71027,2448424.96,58200186.879999995,4896849.92,704,512,10,2.0
s,4.0,42760864156.97203,3098787.84,58200186.879999995,6197575.68,704,576,10,2.0
m,4.0,106902160392.43007,3098787.84,58200186.879999995,6197575.68,704,576,10,2.0
l,4.0,213804320784.86014,3098787.84,58200186.879999995,6197575.68,704,576,10,2.0
xl,4.0,427608641569.7203,3098787.84,58200186.879999995,6197575.68,704,576,10,2.0
s,4.0,39155586043.03459,3098787.84,69263032.32000001,6197575.68,768,576,10,2.0
m,4.0,97888965107.58647,3098787.84,69263032.32000001,6197575.68,768,576,10,2.0
l,4.0,195777930215.17294,3098787.84,69263032.32000001,6197575.68,768,576,10,2.0
xl,4.0,391555860430.3459,3098787.84,69263032.32000001,6197575.68,768,576,10,2.0
s,4.0,35408353493.43349,3825664.0,69263032.32000001,7651328.0,768,640,10,2.0
m,4.0,88520883733.58371,3825664.0,69263032.32000001,7651328.0,768,640,10,2.0
l,4.0,177041767467.16742,3825664.0,69263032.32000001,7651328.0,768,640,10,2.0
xl,4.0,354083534934.33484,3825664.0,69263032.32000001,7651328.0,768,640,10,2.0
s,4.0,130225132375.40977,956416.0,19086704.64,1912832.0,384,320,11,2.0
s,4.0,94102154257.28009,1377239.04,25979125.759999998,2754478.08,448,384,11,2.0
s,4.0,82093148849.93146,1377239.04,33931919.36,2754478.08,512,384,11,2.0
s,4.0,71153742335.06273,1874575.3599999999,33931919.36,3749150.7199999997,512,448,11,2.0
s,4.0,63244983531.86642,1874575.3599999999,42945085.44,3749150.7199999997,576,448,11,2.0
m,4.0,158112458829.66605,1874575.3599999999,42945085.44,3749150.7199999997,576,448,11,2.0
l,4.0,316224917659.3321,1874575.3599999999,42945085.44,3749150.7199999997,576,448,11,2.0
xl,4.0,632449835318.6642,1874575.3599999999,42945085.44,3749150.7199999997,576,448,11,2.0
s,4.0,55676233420.319214,2448424.96,42945085.44,4896849.92,576,512,11,2.0
m,4.0,139190583550.79803,2448424.96,42945085.44,4896849.92,576,512,11,2.0
l,4.0,278381167101.59607,2448424.96,42945085.44,4896849.92,576,512,11,2.0
xl,4.0,556762334203.1921,2448424.96,42945085.44,4896849.92,576,512,11,2.0
s,4.0,50197370438.45853,2448424.96,53018624.0,4896849.92,640,512,11,2.0
m,4.0,125493426096.14632,2448424.96,53018624.0,4896849.92,640,512,11,2.0
l,4.0,250986852192.29263,2448424.96,53018624.0,4896849.92,640,512,11,2.0
xl,4.0,501973704384.58527,2448424.96,53018624.0,4896849.92,640,512,11,2.0
s,4.0,44747772770.89579,3098787.84,53018624.0,6197575.68,640,576,11,2.0
m,4.0,111869431927.23947,3098787.84,53018624.0,6197575.68,640,576,11,2.0
l,4.0,223738863854.47894,3098787.84,53018624.0,6197575.68,640,576,11,2.0
xl,4.0,447477727708.9579,3098787.84,53018624.0,6197575.68,640,576,11,2.0
s,4.0,40798376843.431404,3098787.84,64152535.04,6197575.68,704,576,11,2.0
m,4.0,101995942108.57852,3098787.84,64152535.04,6197575.68,704,576,11,2.0
l,4.0,203991884217.15704,3098787.84,64152535.04,6197575.68,704,576,11,2.0
xl,4.0,407983768434.3141,3098787.84,64152535.04,6197575.68,704,576,11,2.0
s,4.0,37206536125.18322,3098787.84,76346818.56,6197575.68,768,576,11,2.0
m,4.0,93016340312.95805,3098787.84,76346818.56,6197575.68,768,576,11,2.0
l,4.0,186032680625.9161,3098787.84,76346818.56,6197575.68,768,576,11,2.0
xl,4.0,372065361251.8322,3098787.84,76346818.56,6197575.68,768,576,11,2.0
s,4.0,36746383919.175644,3825664.0,64152535.04,7651328.0,704,640,11,2.0
m,4.0,91865959797.9391,3825664.0,64152535.04,7651328.0,704,640,11,2.0
l,4.0,183731919595.8782,3825664.0,64152535.04,7651328.0,704,640,11,2.0
xl,4.0,367463839191.7564,3825664.0,64152535.04,7651328.0,704,640,11,2.0
s,4.0,33806876255.884888,3825664.0,76346818.56,7651328.0,768,640,11,2.0
m,4.0,84517190639.71222,3825664.0,76346818.56,7651328.0,768,640,11,2.0
l,4.0,169034381279.42444,3825664.0,76346818.56,7651328.0,768,640,11,2.0
xl,4.0,338068762558.8489,3825664.0,76346818.56,7651328.0,768,640,11,2.0
s,4.0,124752276908.69687,956416.0,20857651.2,1912832.0,384,320,12,2.0
s,4.0,90217389264.65031,1377239.04,28389580.8,2754478.08,448,384,12,2.0
s,4.0,68255555527.161255,1874575.3599999999,37080268.8,3749150.7199999997,512,448,12,2.0
m,4.0,170638888817.90314,1874575.3599999999,37080268.8,3749150.7199999997,512,448,12,2.0
l,4.0,341277777635.8063,1874575.3599999999,37080268.8,3749150.7199999997,512,448,12,2.0
xl,4.0,682555555271.6125,1874575.3599999999,37080268.8,3749150.7199999997,512,448,12,2.0
s,4.0,53432106643.30359,2448424.96,46929715.2,4896849.92,576,512,12,2.0
m,4.0,133580266608.25897,2448424.96,46929715.2,4896849.92,576,512,12,2.0
l,4.0,267160533216.51794,2448424.96,46929715.2,4896849.92,576,512,12,2.0
xl,4.0,534321066433.0359,2448424.96,46929715.2,4896849.92,576,512,12,2.0
s,4.0,47957558926.1816,2448424.96,57937920.0,4896849.92,640,512,12,2.0
m,4.0,119893897315.45401,2448424.96,57937920.0,4896849.92,640,512,12,2.0
l,4.0,239787794630.90802,2448424.96,57937920.0,4896849.92,640,512,12,2.0
xl,4.0,479575589261.81604,2448424.96,57937920.0,4896849.92,640,512,12,2.0
s,4.0,42959222020.44906,3098787.84,57937920.0,6197575.68,640,576,12,2.0
m,4.0,107398055051.12265,3098787.84,57937920.0,6197575.68,640,576,12,2.0
l,4.0,214796110102.2453,3098787.84,57937920.0,6197575.68,640,576,12,2.0
xl,4.0,429592220204.4906,3098787.84,57937920.0,6197575.68,640,576,12,2.0
s,4.0,39008119755.45191,3098787.84,70104883.2,6197575.68,704,576,12,2.0
m,4.0,97520299388.62978,3098787.84,70104883.2,6197575.68,704,576,12,2.0
l,4.0,195040598777.25955,3098787.84,70104883.2,6197575.68,704,576,12,2.0
xl,4.0,390081197554.5191,3098787.84,70104883.2,6197575.68,704,576,12,2.0
s,4.0,35287718497.45956,3825664.0,70104883.2,7651328.0,704,640,12,2.0
m,4.0,88219296243.6489,3825664.0,70104883.2,7651328.0,704,640,12,2.0
l,4.0,176438592487.2978,3825664.0,70104883.2,7651328.0,704,640,12,2.0
xl,4.0,352877184974.5956,3825664.0,70104883.2,7651328.0,704,640,12,2.0
s,4.0,32343996212.202366,3825664.0,83430604.8,7651328.0,768,640,12,2.0
m,4.0,80859990530.50592,3825664.0,83430604.8,7651328.0,768,640,12,2.0
l,4.0,161719981061.01184,3825664.0,83430604.8,7651328.0,768,640,12,2.0
xl,4.0,323439962122.0237,3825664.0,83430604.8,7651328.0,768,640,12,2.0
s,4.0,29501060598.529785,4629053.4399999995,83430604.8,9258106.879999999,768,704,12,2.0
m,4.0,73752651496.32446,4629053.4399999995,83430604.8,9258106.879999999,768,704,12,2.0
l,4.0,147505302992.64893,4629053.4399999995,83430604.8,9258106.879999999,768,704,12,2.0
xl,4.0,295010605985.29785,4629053.4399999995,83430604.8,9258106.879999999,768,704,12,2.0
s,4.0,119720874516.3564,956416.0,22628597.759999998,1912832.0,384,320,13,2.0
s,4.0,86640653122.473,1377239.04,30800035.84,2754478.08,448,384,13,2.0
s,4.0,65584222681.626595,1874575.3599999999,40228618.24,3749150.7199999997,512,448,13,2.0
m,4.0,163960556704.0665,1874575.3599999999,40228618.24,3749150.7199999997,512,448,13,2.0
l,4.0,327921113408.133,1874575.3599999999,40228618.24,3749150.7199999997,512,448,13,2.0
xl,4.0,655842226816.266,1874575.3599999999,40228618.24,3749150.7199999997,512,448,13,2.0
s,4.0,51361877437.85555,2448424.96,50914344.95999999,4896849.92,576,512,13,2.0
m,4.0,128404693594.63889,2448424.96,50914344.95999999,4896849.92,576,512,13,2.0
l,4.0,256809387189.27777,2448424.96,50914344.95999999,4896849.92,576,512,13,2.0
xl,4.0,513618774378.55554,2448424.96,50914344.95999999,4896849.92,576,512,13,2.0
s,4.0,41308151566.891556,3098787.84,62857216.0,6197575.68,640,576,13,2.0
m,4.0,103270378917.2289,3098787.84,62857216.0,6197575.68,640,576,13,2.0
l,4.0,206540757834.4578,3098787.84,62857216.0,6197575.68,640,576,13,2.0
xl,4.0,413081515668.9156,3098787.84,62857216.0,6197575.68,640,576,13,2.0
s,4.0,37368373268.315956,3098787.84,76057231.36,6197575.68,704,576,13,2.0
m,4.0,93420933170.78989,3098787.84,76057231.36,6197575.68,704,576,13,2.0
l,4.0,186841866341.57977,3098787.84,76057231.36,6197575.68,704,576,13,2.0
xl,4.0,373683732683.15955,3098787.84,76057231.36,6197575.68,704,576,13,2.0
s,4.0,33940436510.6149,3825664.0,76057231.36,7651328.0,704,640,13,2.0
m,4.0,84851091276.53725,3825664.0,76057231.36,7651328.0,704,640,13,2.0
l,4.0,169702182553.0745,3825664.0,76057231.36,7651328.0,704,640,13,2.0
xl,4.0,339404365106.149,3825664.0,76057231.36,7651328.0,704,640,13,2.0
s,4.0,31002467617.848167,3825664.0,90514391.03999999,7651328.0,768,640,13,2.0
m,4.0,77506169044.62042,3825664.0,90514391.03999999,7651328.0,768,640,13,2.0
l,4.0,155012338089.24084,3825664.0,90514391.03999999,7651328.0,768,640,13,2.0
xl,4.0,310024676178.4817,3825664.0,90514391.03999999,7651328.0,768,640,13,2.0
s,4.0,28380916141.603825,4629053.4399999995,90514391.03999999,9258106.879999999,768,704,13,2.0
m,4.0,70952290354.00957,4629053.4399999995,90514391.03999999,9258106.879999999,768,704,13,2.0
l,4.0,141904580708.01913,4629053.4399999995,90514391.03999999,9258106.879999999,768,704,13,2.0
xl,4.0,283809161416.03827,4629053.4399999995,90514391.03999999,9258106.879999999,768,704,13,2.0
s,4.0,97221747780.09305,1377239.04,24399544.32,2754478.08,384,384,14,2.0
s,4.0,83336706803.22473,1377239.04,33210490.88,2754478.08,448,384,14,2.0
s,4.0,72086077188.94102,1874575.3599999999,33210490.88,3749150.7199999997,448,448,14,2.0
s,4.0,63114111667.06061,1874575.3599999999,43376967.68,3749150.7199999997,512,448,14,2.0
m,4.0,157785279167.65152,1874575.3599999999,43376967.68,3749150.7199999997,512,448,14,2.0
l,4.0,315570558335.30304,1874575.3599999999,43376967.68,3749150.7199999997,512,448,14,2.0
xl,4.0,631141116670.6061,1874575.3599999999,43376967.68,3749150.7199999997,512,448,14,2.0
s,4.0,55574785913.475914,2448424.96,43376967.68,4896849.92,512,512,14,2.0
m,4.0,138936964783.6898,2448424.96,43376967.68,4896849.92,512,512,14,2.0
l,4.0,277873929567.3796,2448424.96,43376967.68,4896849.92,512,512,14,2.0
xl,4.0,555747859134.7592,2448424.96,43376967.68,4896849.92,512,512,14,2.0
s,4.0,49446086740.17662,2448424.96,54898974.72,4896849.92,576,512,14,2.0
m,4.0,123615216850.44156,2448424.96,54898974.72,4896849.92,576,512,14,2.0
l,4.0,247230433700.88312,2448424.96,54898974.72,4896849.92,576,512,14,2.0
xl,4.0,494460867401.76624,2448424.96,54898974.72,4896849.92,576,512,14,2.0
s,4.0,44149786649.1582,3098787.84,54898974.72,6197575.68,576,576,14,2.0
m,4.0,110374466622.89552,3098787.84,54898974.72,6197575.68,576,576,14,2.0
l,4.0,220748933245.79105,3098787.84,54898974.72,6197575.68,576,576,14,2.0
xl,4.0,441497866491.5821,3098787.84,54898974.72,6197575.68,576,576,14,2.0
s,4.0,39779296570.4149,3098787.84,67776512.0,6197575.68,640,576,14,2.0
m,4.0,99448241426.03726,3098787.84,67776512.0,6197575.68,640,576,14,2.0
l,4.0,198896482852.07452,3098787.84,67776512.0,6197575.68,640,576,14,2.0
xl,4.0,397792965704.14905,3098787.84,67776512.0,6197575.68,640,576,14,2.0
s,4.0,35917620494.99653,3825664.0,67776512.0,7651328.0,640,640,14,2.0
m,4.0,89794051237.49133,3825664.0,67776512.0,7651328.0,640,640,14,2.0
l,4.0,179588102474.98267,3825664.0,67776512.0,7651328.0,640,640,14,2.0
xl,4.0,359176204949.96533,3825664.0,67776512.0,7651328.0,640,640,14,2.0
s,4.0,32692249308.98,3825664.0,82009579.52,7651328.0,704,640,14,2.0
m,4.0,81730623272.45,3825664.0,82009579.52,7651328.0,704,640,14,2.0
l,4.0,163461246544.9,3825664.0,82009579.52,7651328.0,704,640,14,2.0
xl,4.0,326922493089.8,3825664.0,82009579.52,7651328.0,704,640,14,2.0
s,4.0,29790509609.231544,4629053.4399999995,82009579.52,9258106.879999999,704,704,14,2.0
m,4.0,74476274023.07886,4629053.4399999995,82009579.52,9258106.879999999,704,704,14,2.0
l,4.0,148952548046.1577,4629053.4399999995,82009579.52,9258106.879999999,704,704,14,2.0
xl,4.0,297905096092.3154,4629053.4399999995,82009579.52,9258106.879999999,704,704,14,2.0
s,4.0,27342722973.146725,4629053.4399999995,97598177.28,9258106.879999999,768,704,14,2.0
m,4.0,68356807432.866806,4629053.4399999995,97598177.28,9258106.879999999,768,704,14,2.0
l,4.0,136713614865.73361,4629053.4399999995,97598177.28,9258106.879999999,768,704,14,2.0
xl,4.0,273427229731.46722,4629053.4399999995,97598177.28,9258106.879999999,768,704,14,2.0
s,4.0,25107388115.292095,5508956.16,97598177.28,11017912.32,768,768,14,2.0
m,4.0,62768470288.23024,5508956.16,97598177.28,11017912.32,768,768,14,2.0
l,4.0,125536940576.46048,5508956.16,97598177.28,11017912.32,768,768,14,2.0
xl,4.0,251073881152.92096,5508956.16,97598177.28,11017912.32,768,768,14,2.0
s,4.0,133890962413.59346,956416.0,18173952.0,1912832.0,320,320,15,2.0
s,4.0,94138548385.99382,1377239.04,26170490.88,2754478.08,384,384,15,2.0
s,4.0,69784193442.4988,1874575.3599999999,35620945.92,3749150.7199999997,448,448,15,2.0
m,4.0,174460483606.247,1874575.3599999999,35620945.92,3749150.7199999997,448,448,15,2.0
l,4.0,348920967212.494,1874575.3599999999,35620945.92,3749150.7199999997,448,448,15,2.0
xl,4.0,697841934424.988,1874575.3599999999,35620945.92,3749150.7199999997,448,448,15,2.0
s,4.0,60823311743.879875,1874575.3599999999,46525317.12,3749150.7199999997,512,448,15,2.0
m,4.0,152058279359.6997,1874575.3599999999,46525317.12,3749150.7199999997,512,448,15,2.0
l,4.0,304116558719.3994,1874575.3599999999,46525317.12,3749150.7199999997,512,448,15,2.0
xl,4.0,608233117438.7988,1874575.3599999999,46525317.12,3749150.7199999997,512,448,15,2.0
s,4.0,53790859623.035034,2448424.96,46525317.12,4896849.92,512,512,15,2.0
m,4.0,134477149057.58759,2448424.96,46525317.12,4896849.92,512,512,15,2.0
l,4.0,268954298115.17517,2448424.96,46525317.12,4896849.92,512,512,15,2.0
xl,4.0,537908596230.35034,2448424.96,46525317.12,4896849.92,512,512,15,2.0
s,4.0,47668074369.73139,2448424.96,58883604.480000004,4896849.92,576,512,15,2.0
m,4.0,119170185924.32848,2448424.96,58883604.480000004,4896849.92,576,512,15,2.0
l,4.0,238340371848.65695,2448424.96,58883604.480000004,4896849.92,576,512,15,2.0
xl,4.0,476680743697.3139,2448424.96,58883604.480000004,4896849.92,576,512,15,2.0
s,4.0,42726789234.03316,3098787.84,58883604.480000004,6197575.68,576,576,15,2.0
m,4.0,106816973085.0829,3098787.84,58883604.480000004,6197575.68,576,576,15,2.0
l,4.0,213633946170.1658,3098787.84,58883604.480000004,6197575.68,576,576,15,2.0
xl,4.0,427267892340.3316,3098787.84,58883604.480000004,6197575.68,576,576,15,2.0
s,4.0,38359571402.92356,3098787.84,72695808.0,6197575.68,640,576,15,2.0
m,4.0,95898928507.3089,3098787.84,72695808.0,6197575.68,640,576,15,2.0
l,4.0,191797857014.6178,3098787.84,72695808.0,6197575.68,640,576,15,2.0
xl,4.0,383595714029.2356,3098787.84,72695808.0,6197575.68,640,576,15,2.0
s,4.0,34756138420.63102,3825664.0,72695808.0,7651328.0,640,640,15,2.0
m,4.0,86890346051.57756,3825664.0,72695808.0,7651328.0,640,640,15,2.0
l,4.0,173780692103.15512,3825664.0,72695808.0,7651328.0,640,640,15,2.0
xl,4.0,347561384206.31024,3825664.0,72695808.0,7651328.0,640,640,15,2.0
s,4.0,31532611821.767895,3825664.0,87961927.68,7651328.0,704,640,15,2.0
m,4.0,78831529554.41974,3825664.0,87961927.68,7651328.0,704,640,15,2.0
l,4.0,157663059108.83948,3825664.0,87961927.68,7651328.0,704,640,15,2.0
xl,4.0,315326118217.67896,3825664.0,87961927.68,7651328.0,704,640,15,2.0
s,4.0,28824552150.28138,4629053.4399999995,87961927.68,9258106.879999999,704,704,15,2.0
m,4.0,72061380375.70345,4629053.4399999995,87961927.68,9258106.879999999,704,704,15,2.0
l,4.0,144122760751.4069,4629053.4399999995,87961927.68,9258106.879999999,704,704,15,2.0
xl,4.0,288245521502.8138,4629053.4399999995,87961927.68,9258106.879999999,704,704,15,2.0
s,4.0,26377804970.410732,4629053.4399999995,104681963.52,9258106.879999999,768,704,15,2.0
m,4.0,65944512426.026825,4629053.4399999995,104681963.52,9258106.879999999,768,704,15,2.0
l,4.0,131889024852.05365,4629053.4399999995,104681963.52,9258106.879999999,768,704,15,2.0
xl,4.0,263778049704.1073,4629053.4399999995,104681963.52,9258106.879999999,768,704,15,2.0
s,4.0,24291435915.5153,5508956.16,104681963.52,11017912.32,768,768,15,2.0
m,4.0,60728589788.78825,5508956.16,104681963.52,11017912.32,768,768,15,2.0
l,4.0,121457179577.5765,5508956.16,104681963.52,11017912.32,768,768,15,2.0
xl,4.0,242914359155.153,5508956.16,104681963.52,11017912.32,768,768,15,2.0
s,4.0,129813214362.11864,956416.0,19403776.0,1912832.0,320,320,16,2.0
s,4.0,91244893351.80074,1377239.04,27941437.44,2754478.08,384,384,16,2.0
s,4.0,67624770081.1917,1874575.3599999999,38031400.96,3749150.7199999997,448,448,16,2.0
m,4.0,169061925202.97925,1874575.3599999999,38031400.96,3749150.7199999997,448,448,16,2.0
l,4.0,338123850405.9585,1874575.3599999999,38031400.96,3749150.7199999997,448,448,16,2.0
xl,4.0,676247700811.917,1874575.3599999999,38031400.96,3749150.7199999997,448,448,16,2.0
s,4.0,52117897923.23603,2448424.96,49673666.56,4896849.92,512,512,16,2.0
m,4.0,130294744808.09007,2448424.96,49673666.56,4896849.92,512,512,16,2.0
l,4.0,260589489616.18015,2448424.96,49673666.56,4896849.92,512,512,16,2.0
xl,4.0,521178979232.3603,2448424.96,49673666.56,4896849.92,512,512,16,2.0
s,4.0,41392657210.17306,3098787.84,62868234.239999995,6197575.68,576,576,16,2.0
m,4.0,103481643025.43263,3098787.84,62868234.239999995,6197575.68,576,576,16,2.0
l,4.0,206963286050.86526,3098787.84,62868234.239999995,6197575.68,576,576,16,2.0
xl,4.0,413926572101.7305,3098787.84,62868234.239999995,6197575.68,576,576,16,2.0
s,4.0,33667421894.274597,3825664.0,77615104.0,7651328.0,640,640,16,2.0
m,4.0,84168554735.6865,3825664.0,77615104.0,7651328.0,640,640,16,2.0
l,4.0,168337109471.373,3825664.0,77615104.0,7651328.0,640,640,16,2.0
xl,4.0,336674218942.746,3825664.0,77615104.0,7651328.0,640,640,16,2.0
s,4.0,30452423915.00864,3825664.0,93914275.84,7651328.0,704,640,16,2.0
m,4.0,76131059787.52159,3825664.0,93914275.84,7651328.0,704,640,16,2.0
l,4.0,152262119575.04318,3825664.0,93914275.84,7651328.0,704,640,16,2.0
xl,4.0,304524239150.08636,3825664.0,93914275.84,7651328.0,704,640,16,2.0
s,4.0,30598115412.62518,4629053.4399999995,77615104.0,9258106.879999999,640,704,16,2.0
m,4.0,76495288531.56294,4629053.4399999995,77615104.0,9258106.879999999,640,704,16,2.0
l,4.0,152990577063.1259,4629053.4399999995,77615104.0,9258106.879999999,640,704,16,2.0
xl,4.0,305981154126.2518,4629053.4399999995,77615104.0,9258106.879999999,640,704,16,2.0
s,4.0,27919269658.350872,4629053.4399999995,93914275.84,9258106.879999999,704,704,16,2.0
m,4.0,69798174145.87718,4629053.4399999995,93914275.84,9258106.879999999,704,704,16,2.0
l,4.0,139596348291.75436,4629053.4399999995,93914275.84,9258106.879999999,704,704,16,2.0
xl,4.0,279192696583.5087,4629053.4399999995,93914275.84,9258106.879999999,704,704,16,2.0
s,4.0,25478668977.047913,4629053.4399999995,111765749.76,9258106.879999999,768,704,16,2.0
m,4.0,63696672442.61978,4629053.4399999995,111765749.76,9258106.879999999,768,704,16,2.0
l,4.0,127393344885.23956,4629053.4399999995,111765749.76,9258106.879999999,768,704,16,2.0
xl,4.0,254786689770.47913,4629053.4399999995,111765749.76,9258106.879999999,768,704,16,2.0
s,4.0,25592683345.84017,5508956.16,93914275.84,11017912.32,704,768,16,2.0
m,4.0,63981708364.60043,5508956.16,93914275.84,11017912.32,704,768,16,2.0
l,4.0,127963416729.20087,5508956.16,93914275.84,11017912.32,704,768,16,2.0
xl,4.0,255926833458.40173,5508956.16,93914275.84,11017912.32,704,768,16,2.0
s,4.0,23526848854.97048,5508956.16,111765749.76,11017912.32,768,768,16,2.0
m,4.0,58817122137.4262,5508956.16,111765749.76,11017912.32,768,768,16,2.0
l,4.0,117634244274.8524,5508956.16,111765749.76,11017912.32,768,768,16,2.0
xl,4.0,235268488549.7048,5508956.16,111765749.76,11017912.32,768,768,16,2.0
s,4.0,132410064436.03375,956416.0,19677184.0,1912832.0,640,320,4,2.0
s,4.0,120043679765.5641,956416.0,23809392.64,1912832.0,704,320,4,2.0
s,4.0,100741184324.32356,1377239.04,23809392.64,2754478.08,704,384,4,2.0
s,4.0,92779685921.91031,1377239.04,28335144.96,2754478.08,768,384,4,2.0
s,4.0,131536814049.9838,956416.0,19923148.799999997,1912832.0,576,320,5,2.0
s,4.0,99217867928.34966,1377239.04,24596480.0,2754478.08,640,384,5,2.0
s,4.0,90486795942.32884,1377239.04,29761740.8,2754478.08,704,384,5,2.0
s,4.0,71485405185.10979,1874575.3599999999,35418931.2,3749150.7199999997,768,448,5,2.0
m,4.0,178713512962.77448,1874575.3599999999,35418931.2,3749150.7199999997,768,448,5,2.0
l,4.0,357427025925.54895,1874575.3599999999,35418931.2,3749150.7199999997,768,448,5,2.0
xl,4.0,714854051851.0979,1874575.3599999999,35418931.2,3749150.7199999997,768,448,5,2.0
s,4.0,134931841716.87534,956416.0,18890096.64,1912832.0,512,320,6,2.0
s,4.0,119663193868.46559,956416.0,23907778.56,1912832.0,576,320,6,2.0
s,4.0,100473085157.41817,1377239.04,23907778.56,2754478.08,576,384,6,2.0
s,4.0,90832809845.68364,1377239.04,29515776.0,2754478.08,640,384,6,2.0
s,4.0,71179263414.66037,1874575.3599999999,35714088.96,3749150.7199999997,704,448,6,2.0
m,4.0,177948158536.65094,1874575.3599999999,35714088.96,3749150.7199999997,704,448,6,2.0
l,4.0,355896317073.3019,1874575.3599999999,35714088.96,3749150.7199999997,704,448,6,2.0
xl,4.0,711792634146.6038,1874575.3599999999,35714088.96,3749150.7199999997,704,448,6,2.0
s,4.0,65245500654.61595,1874575.3599999999,42502717.44,3749150.7199999997,768,448,6,2.0
m,4.0,163113751636.53986,1874575.3599999999,42502717.44,3749150.7199999997,768,448,6,2.0
l,4.0,326227503273.0797,1874575.3599999999,42502717.44,3749150.7199999997,768,448,6,2.0
xl,4.0,652455006546.1594,1874575.3599999999,42502717.44,3749150.7199999997,768,448,6,2.0
s,4.0,57220736985.51417,2448424.96,42502717.44,4896849.92,768,512,6,2.0
m,4.0,143051842463.78543,2448424.96,42502717.44,4896849.92,768,512,6,2.0
l,4.0,286103684927.57086,2448424.96,42502717.44,4896849.92,768,512,6,2.0
xl,4.0,572207369855.1417,2448424.96,42502717.44,4896849.92,768,512,6,2.0
s,4.0,124876736670.76703,956416.0,22038446.08,1912832.0,512,320,7,2.0
s,4.0,93394502697.95798,1377239.04,27892408.32,2754478.08,576,384,7,2.0
s,4.0,72398526341.31766,1874575.3599999999,34435072.0,3749150.7199999997,640,448,7,2.0
m,4.0,180996315853.29416,1874575.3599999999,34435072.0,3749150.7199999997,640,448,7,2.0
l,4.0,361992631706.5883,1874575.3599999999,34435072.0,3749150.7199999997,640,448,7,2.0
xl,4.0,723985263413.1766,1874575.3599999999,34435072.0,3749150.7199999997,640,448,7,2.0
s,4.0,65902440873.5163,1874575.3599999999,41666437.120000005,3749150.7199999997,704,448,7,2.0
m,4.0,164756102183.79074,1874575.3599999999,41666437.120000005,3749150.7199999997,704,448,7,2.0
l,4.0,329512204367.5815,1874575.3599999999,41666437.120000005,3749150.7199999997,704,448,7,2.0
xl,4.0,659024408735.163,1874575.3599999999,41666437.120000005,3749150.7199999997,704,448,7,2.0
s,4.0,57725391446.26997,2448424.96,41666437.120000005,4896849.92,704,512,7,2.0
m,4.0,144313478615.67493,2448424.96,41666437.120000005,4896849.92,704,512,7,2.0
l,4.0,288626957231.34985,2448424.96,41666437.120000005,4896849.92,704,512,7,2.0
xl,4.0,577253914462.6997,2448424.96,41666437.120000005,4896849.92,704,512,7,2.0
s,4.0,53151796052.76563,2448424.96,49586503.68,4896849.92,768,512,7,2.0
m,4.0,132879490131.9141,2448424.96,49586503.68,4896849.92,768,512,7,2.0
l,4.0,265758980263.8282,2448424.96,49586503.68,4896849.92,768,512,7,2.0
xl,4.0,531517960527.6564,2448424.96,49586503.68,4896849.92,768,512,7,2.0
s,4.0,133486922318.25734,956416.0,19283640.32,1912832.0,448,320,8,2.0
s,4.0,98031816014.13869,1377239.04,25186795.52,2754478.08,512,384,8,2.0
s,4.0,87247683190.1215,1377239.04,31877038.08,2754478.08,576,384,8,2.0
s,4.0,74993930291.25795,1874575.3599999999,31877038.08,3749150.7199999997,576,448,8,2.0
s,4.0,67829518568.65087,1874575.3599999999,39354368.0,3749150.7199999997,640,448,8,2.0
m,4.0,169573796421.62717,1874575.3599999999,39354368.0,3749150.7199999997,640,448,8,2.0
l,4.0,339147592843.25433,1874575.3599999999,39354368.0,3749150.7199999997,640,448,8,2.0
xl,4.0,678295185686.5087,1874575.3599999999,39354368.0,3749150.7199999997,640,448,8,2.0
s,4.0,54205511637.23819,2448424.96,47618785.28,4896849.92,704,512,8,2.0
m,4.0,135513779093.09547,2448424.96,47618785.28,4896849.92,704,512,8,2.0
l,4.0,271027558186.19095,2448424.96,47618785.28,4896849.92,704,512,8,2.0
xl,4.0,542055116372.3819,2448424.96,47618785.28,4896849.92,704,512,8,2.0
s,4.0,49623118370.74837,2448424.96,56670289.92,4896849.92,768,512,8,2.0
m,4.0,124057795926.87091,2448424.96,56670289.92,4896849.92,768,512,8,2.0
l,4.0,248115591853.74182,2448424.96,56670289.92,4896849.92,768,512,8,2.0
xl,4.0,496231183707.48364,2448424.96,56670289.92,4896849.92,768,512,8,2.0
s,4.0,44290870633.9353,3098787.84,56670289.92,6197575.68,768,576,8,2.0
m,4.0,110727176584.83826,3098787.84,56670289.92,6197575.68,768,576,8,2.0
l,4.0,221454353169.6765,3098787.84,56670289.92,6197575.68,768,576,8,2.0
xl,4.0,442908706339.353,3098787.84,56670289.92,6197575.68,768,576,8,2.0
s,4.0,125802638445.65265,956416.0,21694095.36,1912832.0,448,320,9,2.0
s,4.0,92613881436.80553,1377239.04,28335144.96,2754478.08,512,384,9,2.0
s,4.0,70978534262.83188,1874575.3599999999,35861667.839999996,3749150.7199999997,576,448,9,2.0
m,4.0,177446335657.0797,1874575.3599999999,35861667.839999996,3749150.7199999997,576,448,9,2.0
l,4.0,354892671314.1594,1874575.3599999999,35861667.839999996,3749150.7199999997,576,448,9,2.0
xl,4.0,709785342628.3188,1874575.3599999999,35861667.839999996,3749150.7199999997,576,448,9,2.0
s,4.0,63802968918.54193,1874575.3599999999,44273664.0,3749150.7199999997,640,448,9,2.0
m,4.0,159507422296.35483,1874575.3599999999,44273664.0,3749150.7199999997,640,448,9,2.0
l,4.0,319014844592.70966,1874575.3599999999,44273664.0,3749150.7199999997,640,448,9,2.0
xl,4.0,638029689185.4193,1874575.3599999999,44273664.0,3749150.7199999997,640,448,9,2.0
s,4.0,56108201893.36184,2448424.96,44273664.0,4896849.92,640,512,9,2.0
m,4.0,140270504733.4046,2448424.96,44273664.0,4896849.92,640,512,9,2.0
l,4.0,280541009466.8092,2448424.96,44273664.0,4896849.92,640,512,9,2.0
xl,4.0,561082018933.6184,2448424.96,44273664.0,4896849.92,640,512,9,2.0
s,4.0,51090219925.086044,2448424.96,53571133.44,4896849.92,704,512,9,2.0
m,4.0,127725549812.71512,2448424.96,53571133.44,4896849.92,704,512,9,2.0
l,4.0,255451099625.43024,2448424.96,53571133.44,4896849.92,704,512,9,2.0
xl,4.0,510902199250.8605,2448424.96,53571133.44,4896849.92,704,512,9,2.0
s,4.0,45455916404.98424,3098787.84,53571133.44,6197575.68,704,576,9,2.0
m,4.0,113639791012.46059,3098787.84,53571133.44,6197575.68,704,576,9,2.0
l,4.0,227279582024.92117,3098787.84,53571133.44,6197575.68,704,576,9,2.0
xl,4.0,454559164049.84235,3098787.84,53571133.44,6197575.68,704,576,9,2.0
s,4.0,41813232080.28376,3098787.84,63754076.160000004,6197575.68,768,576,9,2.0
m,4.0,104533080200.70941,3098787.84,63754076.160000004,6197575.68,768,576,9,2.0
l,4.0,209066160401.41882,3098787.84,63754076.160000004,6197575.68,768,576,9,2.0
xl,4.0,418132320802.83765,3098787.84,63754076.160000004,6197575.68,768,576,9,2.0
s,4.0,136200206021.87965,956416.0,17315758.080000002,1912832.0,384,320,10,2.0
s,4.0,116644802764.83644,956416.0,23568670.72,1912832.0,448,320,10,2.0
s,4.0,98336529821.23708,1377239.04,23568670.72,2754478.08,448,384,10,2.0
s,4.0,86321965517.73097,1377239.04,30783569.92,2754478.08,512,384,10,2.0
s,4.0,66413513230.85761,1874575.3599999999,38960455.67999999,3749150.7199999997,576,448,10,2.0
m,4.0,166033783077.14404,1874575.3599999999,38960455.67999999,3749150.7199999997,576,448,10,2.0
l,4.0,332067566154.2881,1874575.3599999999,38960455.67999999,3749150.7199999997,576,448,10,2.0
xl,4.0,664135132308.5762,1874575.3599999999,38960455.67999999,3749150.7199999997,576,448,10,2.0
s,4.0,52656648389.67038,2448424.96,48099328.0,4896849.92,640,512,10,2.0
m,4.0,131641620974.17595,2448424.96,48099328.0,4896849.92,640,512,10,2.0
l,4.0,263283241948.3519,2448424.96,48099328.0,4896849.92,640,512,10,2.0
xl,4.0,526566483896.7038,2448424.96,48099328.0,4896849.92,640,512,10,2.0
s,4.0,47710490362.77103,2448424.96,58200186.879999995,4896849.92,704,512,10,2.0
m,4.0,119276225906.92757,2448424.96,58200186.879999995,4896849.92,704,512,10,2.0
l,4.0,238552451813.85513,2448424.96,58200186.879999995,4896849.92,704,512,10,2.0
xl,4.0,477104903627.71027,2448424.96,58200186.879999995,4896849.92,704,512,10,2.0
s,4.0,42760864156.97203,3098787.84,58200186.879999995,6197575.68,704,576,10,2.0
m,4.0,106902160392.43007,3098787.84,58200186.879999995,6197575.68,704,576,10,2.0
l,4.0,213804320784.86014,3098787.84,58200186.879999995,6197575.68,704,576,10,2.0
xl,4.0,427608641569.7203,3098787.84,58200186.879999995,6197575.68,704,576,10,2.0
s,4.0,39155586043.03459,3098787.84,69263032.32000001,6197575.68,768,576,10,2.0
m,4.0,97888965107.58647,3098787.84,69263032.32000001,6197575.68,768,576,10,2.0
l,4.0,195777930215.17294,3098787.84,69263032.32000001,6197575.68,768,576,10,2.0
xl,4.0,391555860430.3459,3098787.84,69263032.32000001,6197575.68,768,576,10,2.0
s,4.0,35408353493.43349,3825664.0,69263032.32000001,7651328.0,768,640,10,2.0
m,4.0,88520883733.58371,3825664.0,69263032.32000001,7651328.0,768,640,10,2.0
l,4.0,177041767467.16742,3825664.0,69263032.32000001,7651328.0,768,640,10,2.0
xl,4.0,354083534934.33484,3825664.0,69263032.32000001,7651328.0,768,640,10,2.0
s,4.0,130225132375.40977,956416.0,19086704.64,1912832.0,384,320,11,2.0
s,4.0,94102154257.28009,1377239.04,25979125.759999998,2754478.08,448,384,11,2.0
s,4.0,82093148849.93146,1377239.04,33931919.36,2754478.08,512,384,11,2.0
s,4.0,71153742335.06273,1874575.3599999999,33931919.36,3749150.7199999997,512,448,11,2.0
s,4.0,63244983531.86642,1874575.3599999999,42945085.44,3749150.7199999997,576,448,11,2.0
m,4.0,158112458829.66605,1874575.3599999999,42945085.44,3749150.7199999997,576,448,11,2.0
l,4.0,316224917659.3321,1874575.3599999999,42945085.44,3749150.7199999997,576,448,11,2.0
xl,4.0,632449835318.6642,1874575.3599999999,42945085.44,3749150.7199999997,576,448,11,2.0
s,4.0,55676233420.319214,2448424.96,42945085.44,4896849.92,576,512,11,2.0
m,4.0,139190583550.79803,2448424.96,42945085.44,4896849.92,576,512,11,2.0
l,4.0,278381167101.59607,2448424.96,42945085.44,4896849.92,576,512,11,2.0
xl,4.0,556762334203.1921,2448424.96,42945085.44,4896849.92,576,512,11,2.0
s,4.0,50197370438.45853,2448424.96,53018624.0,4896849.92,640,512,11,2.0
m,4.0,125493426096.14632,2448424.96,53018624.0,4896849.92,640,512,11,2.0
l,4.0,250986852192.29263,2448424.96,53018624.0,4896849.92,640,512,11,2.0
xl,4.0,501973704384.58527,2448424.96,53018624.0,4896849.92,640,512,11,2.0
s,4.0,44747772770.89579,3098787.84,53018624.0,6197575.68,640,576,11,2.0
m,4.0,111869431927.23947,3098787.84,53018624.0,6197575.68,640,576,11,2.0
l,4.0,223738863854.47894,3098787.84,53018624.0,6197575.68,640,576,11,2.0
xl,4.0,447477727708.9579,3098787.84,53018624.0,6197575.68,640,576,11,2.0
s,4.0,40798376843.431404,3098787.84,64152535.04,6197575.68,704,576,11,2.0
m,4.0,101995942108.57852,3098787.84,64152535.04,6197575.68,704,576,11,2.0
l,4.0,203991884217.15704,3098787.84,64152535.04,6197575.68,704,576,11,2.0
xl,4.0,407983768434.3141,3098787.84,64152535.04,6197575.68,704,576,11,2.0
s,4.0,37206536125.18322,3098787.84,76346818.56,6197575.68,768,576,11,2.0
m,4.0,93016340312.95805,3098787.84,76346818.56,6197575.68,768,576,11,2.0
l,4.0,186032680625.9161,3098787.84,76346818.56,6197575.68,768,576,11,2.0
xl,4.0,372065361251.8322,3098787.84,76346818.56,6197575.68,768,576,11,2.0
s,4.0,36746383919.175644,3825664.0,64152535.04,7651328.0,704,640,11,2.0
m,4.0,91865959797.9391,3825664.0,64152535.04,7651328.0,704,640,11,2.0
l,4.0,183731919595.8782,3825664.0,64152535.04,7651328.0,704,640,11,2.0
xl,4.0,367463839191.7564,3825664.0,64152535.04,7651328.0,704,640,11,2.0
s,4.0,33806876255.884888,3825664.0,76346818.56,7651328.0,768,640,11,2.0
m,4.0,84517190639.71222,3825664.0,76346818.56,7651328.0,768,640,11,2.0
l,4.0,169034381279.42444,3825664.0,76346818.56,7651328.0,768,640,11,2.0
xl,4.0,338068762558.8489,3825664.0,76346818.56,7651328.0,768,640,11,2.0
s,4.0,124752276908.69687,956416.0,20857651.2,1912832.0,384,320,12,2.0
s,4.0,90217389264.65031,1377239.04,28389580.8,2754478.08,448,384,12,2.0
s,4.0,68255555527.161255,1874575.3599999999,37080268.8,3749150.7199999997,512,448,12,2.0
m,4.0,170638888817.90314,1874575.3599999999,37080268.8,3749150.7199999997,512,448,12,2.0
l,4.0,341277777635.8063,1874575.3599999999,37080268.8,3749150.7199999997,512,448,12,2.0
xl,4.0,682555555271.6125,1874575.3599999999,37080268.8,3749150.7199999997,512,448,12,2.0
s,4.0,53432106643.30359,2448424.96,46929715.2,4896849.92,576,512,12,2.0
m,4.0,133580266608.25897,2448424.96,46929715.2,4896849.92,576,512,12,2.0
l,4.0,267160533216.51794,2448424.96,46929715.2,4896849.92,576,512,12,2.0
xl,4.0,534321066433.0359,2448424.96,46929715.2,4896849.92,576,512,12,2.0
s,4.0,47957558926.1816,2448424.96,57937920.0,4896849.92,640,512,12,2.0
m,4.0,119893897315.45401,2448424.96,57937920.0,4896849.92,640,512,12,2.0
l,4.0,239787794630.90802,2448424.96,57937920.0,4896849.92,640,512,12,2.0
xl,4.0,479575589261.81604,2448424.96,57937920.0,4896849.92,640,512,12,2.0
s,4.0,42959222020.44906,3098787.84,57937920.0,6197575.68,640,576,12,2.0
m,4.0,107398055051.12265,3098787.84,57937920.0,6197575.68,640,576,12,2.0
l,4.0,214796110102.2453,3098787.84,57937920.0,6197575.68,640,576,12,2.0
xl,4.0,429592220204.4906,3098787.84,57937920.0,6197575.68,640,576,12,2.0
s,4.0,39008119755.45191,3098787.84,70104883.2,6197575.68,704,576,12,2.0
m,4.0,97520299388.62978,3098787.84,70104883.2,6197575.68,704,576,12,2.0
l,4.0,195040598777.25955,3098787.84,70104883.2,6197575.68,704,576,12,2.0
xl,4.0,390081197554.5191,3098787.84,70104883.2,6197575.68,704,576,12,2.0
s,4.0,35287718497.45956,3825664.0,70104883.2,7651328.0,704,640,12,2.0
m,4.0,88219296243.6489,3825664.0,70104883.2,7651328.0,704,640,12,2.0
l,4.0,176438592487.2978,3825664.0,70104883.2,7651328.0,704,640,12,2.0
xl,4.0,352877184974.5956,3825664.0,70104883.2,7651328.0,704,640,12,2.0
s,4.0,32343996212.202366,3825664.0,83430604.8,7651328.0,768,640,12,2.0
m,4.0,80859990530.50592,3825664.0,83430604.8,7651328.0,768,640,12,2.0
l,4.0,161719981061.01184,3825664.0,83430604.8,7651328.0,768,640,12,2.0
xl,4.0,323439962122.0237,3825664.0,83430604.8,7651328.0,768,640,12,2.0
s,4.0,29501060598.529785,4629053.4399999995,83430604.8,9258106.879999999,768,704,12,2.0
m,4.0,73752651496.32446,4629053.4399999995,83430604.8,9258106.879999999,768,704,12,2.0
l,4.0,147505302992.64893,4629053.4399999995,83430604.8,9258106.879999999,768,704,12,2.0
xl,4.0,295010605985.29785,4629053.4399999995,83430604.8,9258106.879999999,768,704,12,2.0
s,4.0,119720874516.3564,956416.0,22628597.759999998,1912832.0,384,320,13,2.0
s,4.0,86640653122.473,1377239.04,30800035.84,2754478.08,448,384,13,2.0
s,4.0,65584222681.626595,1874575.3599999999,40228618.24,3749150.7199999997,512,448,13,2.0
m,4.0,163960556704.0665,1874575.3599999999,40228618.24,3749150.7199999997,512,448,13,2.0
l,4.0,327921113408.133,1874575.3599999999,40228618.24,3749150.7199999997,512,448,13,2.0
xl,4.0,655842226816.266,1874575.3599999999,40228618.24,3749150.7199999997,512,448,13,2.0
s,4.0,51361877437.85555,2448424.96,50914344.95999999,4896849.92,576,512,13,2.0
m,4.0,128404693594.63889,2448424.96,50914344.95999999,4896849.92,576,512,13,2.0
l,4.0,256809387189.27777,2448424.96,50914344.95999999,4896849.92,576,512,13,2.0
xl,4.0,513618774378.55554,2448424.96,50914344.95999999,4896849.92,576,512,13,2.0
s,4.0,41308151566.891556,3098787.84,62857216.0,6197575.68,640,576,13,2.0
m,4.0,103270378917.2289,3098787.84,62857216.0,6197575.68,640,576,13,2.0
l,4.0,206540757834.4578,3098787.84,62857216.0,6197575.68,640,576,13,2.0
xl,4.0,413081515668.9156,3098787.84,62857216.0,6197575.68,640,576,13,2.0
s,4.0,37368373268.315956,3098787.84,76057231.36,6197575.68,704,576,13,2.0
m,4.0,93420933170.78989,3098787.84,76057231.36,6197575.68,704,576,13,2.0
l,4.0,186841866341.57977,3098787.84,76057231.36,6197575.68,704,576,13,2.0
xl,4.0,373683732683.15955,3098787.84,76057231.36,6197575.68,704,576,13,2.0
s,4.0,33940436510.6149,3825664.0,76057231.36,7651328.0,704,640,13,2.0
m,4.0,84851091276.53725,3825664.0,76057231.36,7651328.0,704,640,13,2.0
l,4.0,169702182553.0745,3825664.0,76057231.36,7651328.0,704,640,13,2.0
xl,4.0,339404365106.149,3825664.0,76057231.36,7651328.0,704,640,13,2.0
s,4.0,31002467617.848167,3825664.0,90514391.03999999,7651328.0,768,640,13,2.0
m,4.0,77506169044.62042,3825664.0,90514391.03999999,7651328.0,768,640,13,2.0
l,4.0,155012338089.24084,3825664.0,90514391.03999999,7651328.0,768,640,13,2.0
xl,4.0,310024676178.4817,3825664.0,90514391.03999999,7651328.0,768,640,13,2.0
s,4.0,28380916141.603825,4629053.4399999995,90514391.03999999,9258106.879999999,768,704,13,2.0
m,4.0,70952290354.00957,4629053.4399999995,90514391.03999999,9258106.879999999,768,704,13,2.0
l,4.0,141904580708.01913,4629053.4399999995,90514391.03999999,9258106.879999999,768,704,13,2.0
xl,4.0,283809161416.03827,4629053.4399999995,90514391.03999999,9258106.879999999,768,704,13,2.0
s,4.0,97221747780.09305,1377239.04,24399544.32,2754478.08,384,384,14,2.0
s,4.0,83336706803.22473,1377239.04,33210490.88,2754478.08,448,384,14,2.0
s,4.0,72086077188.94102,1874575.3599999999,33210490.88,3749150.7199999997,448,448,14,2.0
s,4.0,63114111667.06061,1874575.3599999999,43376967.68,3749150.7199999997,512,448,14,2.0
m,4.0,157785279167.65152,1874575.3599999999,43376967.68,3749150.7199999997,512,448,14,2.0
l,4.0,315570558335.30304,1874575.3599999999,43376967.68,3749150.7199999997,512,448,14,2.0
xl,4.0,631141116670.6061,1874575.3599999999,43376967.68,3749150.7199999997,512,448,14,2.0
s,4.0,55574785913.475914,2448424.96,43376967.68,4896849.92,512,512,14,2.0
m,4.0,138936964783.6898,2448424.96,43376967.68,4896849.92,512,512,14,2.0
l,4.0,277873929567.3796,2448424.96,43376967.68,4896849.92,512,512,14,2.0
xl,4.0,555747859134.7592,2448424.96,43376967.68,4896849.92,512,512,14,2.0
s,4.0,49446086740.17662,2448424.96,54898974.72,4896849.92,576,512,14,2.0
m,4.0,123615216850.44156,2448424.96,54898974.72,4896849.92,576,512,14,2.0
l,4.0,247230433700.88312,2448424.96,54898974.72,4896849.92,576,512,14,2.0
xl,4.0,494460867401.76624,2448424.96,54898974.72,4896849.92,576,512,14,2.0
s,4.0,44149786649.1582,3098787.84,54898974.72,6197575.68,576,576,14,2.0
m,4.0,110374466622.89552,3098787.84,54898974.72,6197575.68,576,576,14,2.0
l,4.0,220748933245.79105,3098787.84,54898974.72,6197575.68,576,576,14,2.0
xl,4.0,441497866491.5821,3098787.84,54898974.72,6197575.68,576,576,14,2.0
s,4.0,39779296570.4149,3098787.84,67776512.0,6197575.68,640,576,14,2.0
m,4.0,99448241426.03726,3098787.84,67776512.0,6197575.68,640,576,14,2.0
l,4.0,198896482852.07452,3098787.84,67776512.0,6197575.68,640,576,14,2.0
xl,4.0,397792965704.14905,3098787.84,67776512.0,6197575.68,640,576,14,2.0
s,4.0,35917620494.99653,3825664.0,67776512.0,7651328.0,640,640,14,2.0
m,4.0,89794051237.49133,3825664.0,67776512.0,7651328.0,640,640,14,2.0
l,4.0,179588102474.98267,3825664.0,67776512.0,7651328.0,640,640,14,2.0
xl,4.0,359176204949.96533,3825664.0,67776512.0,7651328.0,640,640,14,2.0
s,4.0,32692249308.98,3825664.0,82009579.52,7651328.0,704,640,14,2.0
m,4.0,81730623272.45,3825664.0,82009579.52,7651328.0,704,640,14,2.0
l,4.0,163461246544.9,3825664.0,82009579.52,7651328.0,704,640,14,2.0
xl,4.0,326922493089.8,3825664.0,82009579.52,7651328.0,704,640,14,2.0
s,4.0,29790509609.231544,4629053.4399999995,82009579.52,9258106.879999999,704,704,14,2.0
m,4.0,74476274023.07886,4629053.4399999995,82009579.52,9258106.879999999,704,704,14,2.0
l,4.0,148952548046.1577,4629053.4399999995,82009579.52,9258106.879999999,704,704,14,2.0
xl,4.0,297905096092.3154,4629053.4399999995,82009579.52,9258106.879999999,704,704,14,2.0
s,4.0,27342722973.146725,4629053.4399999995,97598177.28,9258106.879999999,768,704,14,2.0
m,4.0,68356807432.866806,4629053.4399999995,97598177.28,9258106.879999999,768,704,14,2.0
l,4.0,136713614865.73361,4629053.4399999995,97598177.28,9258106.879999999,768,704,14,2.0
xl,4.0,273427229731.46722,4629053.4399999995,97598177.28,9258106.879999999,768,704,14,2.0
s,4.0,25107388115.292095,5508956.16,97598177.28,11017912.32,768,768,14,2.0
m,4.0,62768470288.23024,5508956.16,97598177.28,11017912.32,768,768,14,2.0
l,4.0,125536940576.46048,5508956.16,97598177.28,11017912.32,768,768,14,2.0
xl,4.0,251073881152.92096,5508956.16,97598177.28,11017912.32,768,768,14,2.0
s,4.0,133890962413.59346,956416.0,18173952.0,1912832.0,320,320,15,2.0
s,4.0,94138548385.99382,1377239.04,26170490.88,2754478.08,384,384,15,2.0
s,4.0,69784193442.4988,1874575.3599999999,35620945.92,3749150.7199999997,448,448,15,2.0
m,4.0,174460483606.247,1874575.3599999999,35620945.92,3749150.7199999997,448,448,15,2.0
l,4.0,348920967212.494,1874575.3599999999,35620945.92,3749150.7199999997,448,448,15,2.0
xl,4.0,697841934424.988,1874575.3599999999,35620945.92,3749150.7199999997,448,448,15,2.0
s,4.0,60823311743.879875,1874575.3599999999,46525317.12,3749150.7199999997,512,448,15,2.0
m,4.0,152058279359.6997,1874575.3599999999,46525317.12,3749150.7199999997,512,448,15,2.0
l,4.0,304116558719.3994,1874575.3599999999,46525317.12,3749150.7199999997,512,448,15,2.0
xl,4.0,608233117438.7988,1874575.3599999999,46525317.12,3749150.7199999997,512,448,15,2.0
s,4.0,53790859623.035034,2448424.96,46525317.12,4896849.92,512,512,15,2.0
m,4.0,134477149057.58759,2448424.96,46525317.12,4896849.92,512,512,15,2.0
l,4.0,268954298115.17517,2448424.96,46525317.12,4896849.92,512,512,15,2.0
xl,4.0,537908596230.35034,2448424.96,46525317.12,4896849.92,512,512,15,2.0
s,4.0,47668074369.73139,2448424.96,58883604.480000004,4896849.92,576,512,15,2.0
m,4.0,119170185924.32848,2448424.96,58883604.480000004,4896849.92,576,512,15,2.0
l,4.0,238340371848.65695,2448424.96,58883604.480000004,4896849.92,576,512,15,2.0
xl,4.0,476680743697.3139,2448424.96,58883604.480000004,4896849.92,576,512,15,2.0
s,4.0,42726789234.03316,3098787.84,58883604.480000004,6197575.68,576,576,15,2.0
m,4.0,106816973085.0829,3098787.84,58883604.480000004,6197575.68,576,576,15,2.0
l,4.0,213633946170.1658,3098787.84,58883604.480000004,6197575.68,576,576,15,2.0
xl,4.0,427267892340.3316,3098787.84,58883604.480000004,6197575.68,576,576,15,2.0
s,4.0,38359571402.92356,3098787.84,72695808.0,6197575.68,640,576,15,2.0
m,4.0,95898928507.3089,3098787.84,72695808.0,6197575.68,640,576,15,2.0
l,4.0,191797857014.6178,3098787.84,72695808.0,6197575.68,640,576,15,2.0
xl,4.0,383595714029.2356,3098787.84,72695808.0,6197575.68,640,576,15,2.0
s,4.0,34756138420.63102,3825664.0,72695808.0,7651328.0,640,640,15,2.0
m,4.0,86890346051.57756,3825664.0,72695808.0,7651328.0,640,640,15,2.0
l,4.0,173780692103.15512,3825664.0,72695808.0,7651328.0,640,640,15,2.0
xl,4.0,347561384206.31024,3825664.0,72695808.0,7651328.0,640,640,15,2.0
s,4.0,31532611821.767895,3825664.0,87961927.68,7651328.0,704,640,15,2.0
m,4.0,78831529554.41974,3825664.0,87961927.68,7651328.0,704,640,15,2.0
l,4.0,157663059108.83948,3825664.0,87961927.68,7651328.0,704,640,15,2.0
xl,4.0,315326118217.67896,3825664.0,87961927.68,7651328.0,704,640,15,2.0
s,4.0,28824552150.28138,4629053.4399999995,87961927.68,9258106.879999999,704,704,15,2.0
m,4.0,72061380375.70345,4629053.4399999995,87961927.68,9258106.879999999,704,704,15,2.0
l,4.0,144122760751.4069,4629053.4399999995,87961927.68,9258106.879999999,704,704,15,2.0
xl,4.0,288245521502.8138,4629053.4399999995,87961927.68,9258106.879999999,704,704,15,2.0
s,4.0,26377804970.410732,4629053.4399999995,104681963.52,9258106.879999999,768,704,15,2.0
m,4.0,65944512426.026825,4629053.4399999995,104681963.52,9258106.879999999,768,704,15,2.0
l,4.0,131889024852.05365,4629053.4399999995,104681963.52,9258106.879999999,768,704,15,2.0
xl,4.0,263778049704.1073,4629053.4399999995,104681963.52,9258106.879999999,768,704,15,2.0
s,4.0,24291435915.5153,5508956.16,104681963.52,11017912.32,768,768,15,2.0
m,4.0,60728589788.78825,5508956.16,104681963.52,11017912.32,768,768,15,2.0
l,4.0,121457179577.5765,5508956.16,104681963.52,11017912.32,768,768,15,2.0
xl,4.0,242914359155.153,5508956.16,104681963.52,11017912.32,768,768,15,2.0
s,4.0,129813214362.11864,956416.0,19403776.0,1912832.0,320,320,16,2.0
s,4.0,91244893351.80074,1377239.04,27941437.44,2754478.08,384,384,16,2.0
s,4.0,67624770081.1917,1874575.3599999999,38031400.96,3749150.7199999997,448,448,16,2.0
m,4.0,169061925202.97925,1874575.3599999999,38031400.96,3749150.7199999997,448,448,16,2.0
l,4.0,338123850405.9585,1874575.3599999999,38031400.96,3749150.7199999997,448,448,16,2.0
xl,4.0,676247700811.917,1874575.3599999999,38031400.96,3749150.7199999997,448,448,16,2.0
s,4.0,52117897923.23603,2448424.96,49673666.56,4896849.92,512,512,16,2.0
m,4.0,130294744808.09007,2448424.96,49673666.56,4896849.92,512,512,16,2.0
l,4.0,260589489616.18015,2448424.96,49673666.56,4896849.92,512,512,16,2.0
xl,4.0,521178979232.3603,2448424.96,49673666.56,4896849.92,512,512,16,2.0
s,4.0,41392657210.17306,3098787.84,62868234.239999995,6197575.68,576,576,16,2.0
m,4.0,103481643025.43263,3098787.84,62868234.239999995,6197575.68,576,576,16,2.0
l,4.0,206963286050.86526,3098787.84,62868234.239999995,6197575.68,576,576,16,2.0
xl,4.0,413926572101.7305,3098787.84,62868234.239999995,6197575.68,576,576,16,2.0
s,4.0,33667421894.274597,3825664.0,77615104.0,7651328.0,640,640,16,2.0
m,4.0,84168554735.6865,3825664.0,77615104.0,7651328.0,640,640,16,2.0
l,4.0,168337109471.373,3825664.0,77615104.0,7651328.0,640,640,16,2.0
xl,4.0,336674218942.746,3825664.0,77615104.0,7651328.0,640,640,16,2.0
s,4.0,30452423915.00864,3825664.0,93914275.84,7651328.0,704,640,16,2.0
m,4.0,76131059787.52159,3825664.0,93914275.84,7651328.0,704,640,16,2.0
l,4.0,152262119575.04318,3825664.0,93914275.84,7651328.0,704,640,16,2.0
xl,4.0,304524239150.08636,3825664.0,93914275.84,7651328.0,704,640,16,2.0
s,4.0,30598115412.62518,4629053.4399999995,77615104.0,9258106.879999999,640,704,16,2.0
m,4.0,76495288531.56294,4629053.4399999995,77615104.0,9258106.879999999,640,704,16,2.0
l,4.0,152990577063.1259,4629053.4399999995,77615104.0,9258106.879999999,640,704,16,2.0
xl,4.0,305981154126.2518,4629053.4399999995,77615104.0,9258106.879999999,640,704,16,2.0
s,4.0,27919269658.350872,4629053.4399999995,93914275.84,9258106.879999999,704,704,16,2.0
m,4.0,69798174145.87718,4629053.4399999995,93914275.84,9258106.879999999,704,704,16,2.0
l,4.0,139596348291.75436,4629053.4399999995,93914275.84,9258106.879999999,704,704,16,2.0
xl,4.0,279192696583.5087,4629053.4399999995,93914275.84,9258106.879999999,704,704,16,2.0
s,4.0,25478668977.047913,4629053.4399999995,111765749.76,9258106.879999999,768,704,16,2.0
m,4.0,63696672442.61978,4629053.4399999995,111765749.76,9258106.879999999,768,704,16,2.0
l,4.0,127393344885.23956,4629053.4399999995,111765749.76,9258106.879999999,768,704,16,2.0
xl,4.0,254786689770.47913,4629053.4399999995,111765749.76,9258106.879999999,768,704,16,2.0
s,4.0,25592683345.84017,5508956.16,93914275.84,11017912.32,704,768,16,2.0
m,4.0,63981708364.60043,5508956.16,93914275.84,11017912.32,704,768,16,2.0
l,4.0,127963416729.20087,5508956.16,93914275.84,11017912.32,704,768,16,2.0
xl,4.0,255926833458.40173,5508956.16,93914275.84,11017912.32,704,768,16,2.0
s,4.0,23526848854.97048,5508956.16,111765749.76,11017912.32,768,768,16,2.0
m,4.0,58817122137.4262,5508956.16,111765749.76,11017912.32,768,768,16,2.0
l,4.0,117634244274.8524,5508956.16,111765749.76,11017912.32,768,768,16,2.0
xl,4.0,235268488549.7048,5508956.16,111765749.76,11017912.32,768,768,16,2.0
s,4.0,132410064436.03375,956416.0,19677184.0,1912832.0,640,320,4,2.0
s,4.0,120043679765.5641,956416.0,23809392.64,1912832.0,704,320,4,2.0
s,4.0,100741184324.32356,1377239.04,23809392.64,2754478.08,704,384,4,2.0
s,4.0,92779685921.91031,1377239.04,28335144.96,2754478.08,768,384,4,2.0
s,4.0,131536814049.9838,956416.0,19923148.799999997,1912832.0,576,320,5,2.0
s,4.0,99217867928.34966,1377239.04,24596480.0,2754478.08,640,384,5,2.0
s,4.0,90486795942.32884,1377239.04,29761740.8,2754478.08,704,384,5,2.0
s,4.0,71485405185.10979,1874575.3599999999,35418931.2,3749150.7199999997,768,448,5,2.0
m,4.0,178713512962.77448,1874575.3599999999,35418931.2,3749150.7199999997,768,448,5,2.0
l,4.0,357427025925.54895,1874575.3599999999,35418931.2,3749150.7199999997,768,448,5,2.0
xl,4.0,714854051851.0979,1874575.3599999999,35418931.2,3749150.7199999997,768,448,5,2.0
s,4.0,134931841716.87534,956416.0,18890096.64,1912832.0,512,320,6,2.0
s,4.0,119663193868.46559,956416.0,23907778.56,1912832.0,576,320,6,2.0
s,4.0,100473085157.41817,1377239.04,23907778.56,2754478.08,576,384,6,2.0
s,4.0,90832809845.68364,1377239.04,29515776.0,2754478.08,640,384,6,2.0
s,4.0,71179263414.66037,1874575.3599999999,35714088.96,3749150.7199999997,704,448,6,2.0
m,4.0,177948158536.65094,1874575.3599999999,35714088.96,3749150.7199999997,704,448,6,2.0
l,4.0,355896317073.3019,1874575.3599999999,35714088.96,3749150.7199999997,704,448,6,2.0
xl,4.0,711792634146.6038,1874575.3599999999,35714088.96,3749150.7199999997,704,448,6,2.0
s,4.0,65245500654.61595,1874575.3599999999,42502717.44,3749150.7199999997,768,448,6,2.0
m,4.0,163113751636.53986,1874575.3599999999,42502717.44,3749150.7199999997,768,448,6,2.0
l,4.0,326227503273.0797,1874575.3599999999,42502717.44,3749150.7199999997,768,448,6,2.0
xl,4.0,652455006546.1594,1874575.3599999999,42502717.44,3749150.7199999997,768,448,6,2.0
s,4.0,57220736985.51417,2448424.96,42502717.44,4896849.92,768,512,6,2.0
m,4.0,143051842463.78543,2448424.96,42502717.44,4896849.92,768,512,6,2.0
l,4.0,286103684927.57086,2448424.96,42502717.44,4896849.92,768,512,6,2.0
xl,4.0,572207369855.1417,2448424.96,42502717.44,4896849.92,768,512,6,2.0
s,4.0,124876736670.76703,956416.0,22038446.08,1912832.0,512,320,7,2.0
s,4.0,93394502697.95798,1377239.04,27892408.32,2754478.08,576,384,7,2.0
s,4.0,72398526341.31766,1874575.3599999999,34435072.0,3749150.7199999997,640,448,7,2.0
m,4.0,180996315853.29416,1874575.3599999999,34435072.0,3749150.7199999997,640,448,7,2.0
l,4.0,361992631706.5883,1874575.3599999999,34435072.0,3749150.7199999997,640,448,7,2.0
xl,4.0,723985263413.1766,1874575.3599999999,34435072.0,3749150.7199999997,640,448,7,2.0
s,4.0,65902440873.5163,1874575.3599999999,41666437.120000005,3749150.7199999997,704,448,7,2.0
m,4.0,164756102183.79074,1874575.3599999999,41666437.120000005,3749150.7199999997,704,448,7,2.0
l,4.0,329512204367.5815,1874575.3599999999,41666437.120000005,3749150.7199999997,704,448,7,2.0
xl,4.0,659024408735.163,1874575.3599999999,41666437.120000005,3749150.7199999997,704,448,7,2.0
s,4.0,57725391446.26997,2448424.96,41666437.120000005,4896849.92,704,512,7,2.0
m,4.0,144313478615.67493,2448424.96,41666437.120000005,4896849.92,704,512,7,2.0
l,4.0,288626957231.34985,2448424.96,41666437.120000005,4896849.92,704,512,7,2.0
xl,4.0,577253914462.6997,2448424.96,41666437.120000005,4896849.92,704,512,7,2.0
s,4.0,53151796052.76563,2448424.96,49586503.68,4896849.92,768,512,7,2.0
m,4.0,132879490131.9141,2448424.96,49586503.68,4896849.92,768,512,7,2.0
l,4.0,265758980263.8282,2448424.96,49586503.68,4896849.92,768,512,7,2.0
xl,4.0,531517960527.6564,2448424.96,49586503.68,4896849.92,768,512,7,2.0
s,4.0,133486922318.25734,956416.0,19283640.32,1912832.0,448,320,8,2.0
s,4.0,98031816014.13869,1377239.04,25186795.52,2754478.08,512,384,8,2.0
s,4.0,87247683190.1215,1377239.04,31877038.08,2754478.08,576,384,8,2.0
s,4.0,74993930291.25795,1874575.3599999999,31877038.08,3749150.7199999997,576,448,8,2.0
s,4.0,67829518568.65087,1874575.3599999999,39354368.0,3749150.7199999997,640,448,8,2.0
m,4.0,169573796421.62717,1874575.3599999999,39354368.0,3749150.7199999997,640,448,8,2.0
l,4.0,339147592843.25433,1874575.3599999999,39354368.0,3749150.7199999997,640,448,8,2.0
xl,4.0,678295185686.5087,1874575.3599999999,39354368.0,3749150.7199999997,640,448,8,2.0
s,4.0,54205511637.23819,2448424.96,47618785.28,4896849.92,704,512,8,2.0
m,4.0,135513779093.09547,2448424.96,47618785.28,4896849.92,704,512,8,2.0
l,4.0,271027558186.19095,2448424.96,47618785.28,4896849.92,704,512,8,2.0
xl,4.0,542055116372.3819,2448424.96,47618785.28,4896849.92,704,512,8,2.0
s,4.0,49623118370.74837,2448424.96,56670289.92,4896849.92,768,512,8,2.0
m,4.0,124057795926.87091,2448424.96,56670289.92,4896849.92,768,512,8,2.0
l,4.0,248115591853.74182,2448424.96,56670289.92,4896849.92,768,512,8,2.0
xl,4.0,496231183707.48364,2448424.96,56670289.92,4896849.92,768,512,8,2.0
s,4.0,44290870633.9353,3098787.84,56670289.92,6197575.68,768,576,8,2.0
m,4.0,110727176584.83826,3098787.84,56670289.92,6197575.68,768,576,8,2.0
l,4.0,221454353169.6765,3098787.84,56670289.92,6197575.68,768,576,8,2.0
xl,4.0,442908706339.353,3098787.84,56670289.92,6197575.68,768,576,8,2.0
s,4.0,125802638445.65265,956416.0,21694095.36,1912832.0,448,320,9,2.0
s,4.0,92613881436.80553,1377239.04,28335144.96,2754478.08,512,384,9,2.0
s,4.0,70978534262.83188,1874575.3599999999,35861667.839999996,3749150.7199999997,576,448,9,2.0
m,4.0,177446335657.0797,1874575.3599999999,35861667.839999996,3749150.7199999997,576,448,9,2.0
l,4.0,354892671314.1594,1874575.3599999999,35861667.839999996,3749150.7199999997,576,448,9,2.0
xl,4.0,709785342628.3188,1874575.3599999999,35861667.839999996,3749150.7199999997,576,448,9,2.0
s,4.0,63802968918.54193,1874575.3599999999,44273664.0,3749150.7199999997,640,448,9,2.0
m,4.0,159507422296.35483,1874575.3599999999,44273664.0,3749150.7199999997,640,448,9,2.0
l,4.0,319014844592.70966,1874575.3599999999,44273664.0,3749150.7199999997,640,448,9,2.0
xl,4.0,638029689185.4193,1874575.3599999999,44273664.0,3749150.7199999997,640,448,9,2.0
s,4.0,56108201893.36184,2448424.96,44273664.0,4896849.92,640,512,9,2.0
m,4.0,140270504733.4046,2448424.96,44273664.0,4896849.92,640,512,9,2.0
l,4.0,280541009466.8092,2448424.96,44273664.0,4896849.92,640,512,9,2.0
xl,4.0,561082018933.6184,2448424.96,44273664.0,4896849.92,640,512,9,2.0
s,4.0,51090219925.086044,2448424.96,53571133.44,4896849.92,704,512,9,2.0
m,4.0,127725549812.71512,2448424.96,53571133.44,4896849.92,704,512,9,2.0
l,4.0,255451099625.43024,2448424.96,53571133.44,4896849.92,704,512,9,2.0
xl,4.0,510902199250.8605,2448424.96,53571133.44,4896849.92,704,512,9,2.0
s,4.0,45455916404.98424,3098787.84,53571133.44,6197575.68,704,576,9,2.0
m,4.0,113639791012.46059,3098787.84,53571133.44,6197575.68,704,576,9,2.0
l,4.0,227279582024.92117,3098787.84,53571133.44,6197575.68,704,576,9,2.0
xl,4.0,454559164049.84235,3098787.84,53571133.44,6197575.68,704,576,9,2.0
s,4.0,41813232080.28376,3098787.84,63754076.160000004,6197575.68,768,576,9,2.0
m,4.0,104533080200.70941,3098787.84,63754076.160000004,6197575.68,768,576,9,2.0
l,4.0,209066160401.41882,3098787.84,63754076.160000004,6197575.68,768,576,9,2.0
xl,4.0,418132320802.83765,3098787.84,63754076.160000004,6197575.68,768,576,9,2.0
s,4.0,136200206021.87965,956416.0,17315758.080000002,1912832.0,384,320,10,2.0
s,4.0,116644802764.83644,956416.0,23568670.72,1912832.0,448,320,10,2.0
s,4.0,98336529821.23708,1377239.04,23568670.72,2754478.08,448,384,10,2.0
s,4.0,86321965517.73097,1377239.04,30783569.92,2754478.08,512,384,10,2.0
s,4.0,66413513230.85761,1874575.3599999999,38960455.67999999,3749150.7199999997,576,448,10,2.0
m,4.0,166033783077.14404,1874575.3599999999,38960455.67999999,3749150.7199999997,576,448,10,2.0
l,4.0,332067566154.2881,1874575.3599999999,38960455.67999999,3749150.7199999997,576,448,10,2.0
xl,4.0,664135132308.5762,1874575.3599999999,38960455.67999999,3749150.7199999997,576,448,10,2.0
s,4.0,52656648389.67038,2448424.96,48099328.0,4896849.92,640,512,10,2.0
m,4.0,131641620974.17595,2448424.96,48099328.0,4896849.92,640,512,10,2.0
l,4.0,263283241948.3519,2448424.96,48099328.0,4896849.92,640,512,10,2.0
xl,4.0,526566483896.7038,2448424.96,48099328.0,4896849.92,640,512,10,2.0
s,4.0,47710490362.77103,2448424.96,58200186.879999995,4896849.92,704,512,10,2.0
m,4.0,119276225906.92757,2448424.96,58200186.879999995,4896849.92,704,512,10,2.0
l,4.0,238552451813.85513,2448424.96,58200186.879999995,4896849.92,704,512,10,2.0
xl,4.0,477104903627.71027,2448424.96,58200186.879999995,4896849.92,704,512,10,2.0
s,4.0,42760864156.97203,3098787.84,58200186.879999995,6197575.68,704,576,10,2.0
m,4.0,106902160392.43007,3098787.84,58200186.879999995,6197575.68,704,576,10,2.0
l,4.0,213804320784.86014,3098787.84,58200186.879999995,6197575.68,704,576,10,2.0
xl,4.0,427608641569.7203,3098787.84,58200186.879999995,6197575.68,704,576,10,2.0
s,4.0,39155586043.03459,3098787.84,69263032.32000001,6197575.68,768,576,10,2.0
m,4.0,97888965107.58647,3098787.84,69263032.32000001,6197575.68,768,576,10,2.0
l,4.0,195777930215.17294,3098787.84,69263032.32000001,6197575.68,768,576,10,2.0
xl,4.0,391555860430.3459,3098787.84,69263032.32000001,6197575.68,768,576,10,2.0
s,4.0,35408353493.43349,3825664.0,69263032.32000001,7651328.0,768,640,10,2.0
m,4.0,88520883733.58371,3825664.0,69263032.32000001,7651328.0,768,640,10,2.0
l,4.0,177041767467.16742,3825664.0,69263032.32000001,7651328.0,768,640,10,2.0
xl,4.0,354083534934.33484,3825664.0,69263032.32000001,7651328.0,768,640,10,2.0
s,4.0,130225132375.40977,956416.0,19086704.64,1912832.0,384,320,11,2.0
s,4.0,94102154257.28009,1377239.04,25979125.759999998,2754478.08,448,384,11,2.0
s,4.0,82093148849.93146,1377239.04,33931919.36,2754478.08,512,384,11,2.0
s,4.0,71153742335.06273,1874575.3599999999,33931919.36,3749150.7199999997,512,448,11,2.0
s,4.0,63244983531.86642,1874575.3599999999,42945085.44,3749150.7199999997,576,448,11,2.0
m,4.0,158112458829.66605,1874575.3599999999,42945085.44,3749150.7199999997,576,448,11,2.0
l,4.0,316224917659.3321,1874575.3599999999,42945085.44,3749150.7199999997,576,448,11,2.0
xl,4.0,632449835318.6642,1874575.3599999999,42945085.44,3749150.7199999997,576,448,11,2.0
s,4.0,55676233420.319214,2448424.96,42945085.44,4896849.92,576,512,11,2.0
m,4.0,139190583550.79803,2448424.96,42945085.44,4896849.92,576,512,11,2.0
l,4.0,278381167101.59607,2448424.96,42945085.44,4896849.92,576,512,11,2.0
xl,4.0,556762334203.1921,2448424.96,42945085.44,4896849.92,576,512,11,2.0
s,4.0,50197370438.45853,2448424.96,53018624.0,4896849.92,640,512,11,2.0
m,4.0,125493426096.14632,2448424.96,53018624.0,4896849.92,640,512,11,2.0
l,4.0,250986852192.29263,2448424.96,53018624.0,4896849.92,640,512,11,2.0
xl,4.0,501973704384.58527,2448424.96,53018624.0,4896849.92,640,512,11,2.0
s,4.0,44747772770.89579,3098787.84,53018624.0,6197575.68,640,576,11,2.0
m,4.0,111869431927.23947,3098787.84,53018624.0,6197575.68,640,576,11,2.0
l,4.0,223738863854.47894,3098787.84,53018624.0,6197575.68,640,576,11,2.0
xl,4.0,447477727708.9579,3098787.84,53018624.0,6197575.68,640,576,11,2.0
s,4.0,40798376843.431404,3098787.84,64152535.04,6197575.68,704,576,11,2.0
m,4.0,101995942108.57852,3098787.84,64152535.04,6197575.68,704,576,11,2.0
l,4.0,203991884217.15704,3098787.84,64152535.04,6197575.68,704,576,11,2.0
xl,4.0,407983768434.3141,3098787.84,64152535.04,6197575.68,704,576,11,2.0
s,4.0,37206536125.18322,3098787.84,76346818.56,6197575.68,768,576,11,2.0
m,4.0,93016340312.95805,3098787.84,76346818.56,6197575.68,768,576,11,2.0
l,4.0,186032680625.9161,3098787.84,76346818.56,6197575.68,768,576,11,2.0
xl,4.0,372065361251.8322,3098787.84,76346818.56,6197575.68,768,576,11,2.0
s,4.0,36746383919.175644,3825664.0,64152535.04,7651328.0,704,640,11,2.0
m,4.0,91865959797.9391,3825664.0,64152535.04,7651328.0,704,640,11,2.0
l,4.0,183731919595.8782,3825664.0,64152535.04,7651328.0,704,640,11,2.0
xl,4.0,367463839191.7564,3825664.0,64152535.04,7651328.0,704,640,11,2.0
s,4.0,33806876255.884888,3825664.0,76346818.56,7651328.0,768,640,11,2.0
m,4.0,84517190639.71222,3825664.0,76346818.56,7651328.0,768,640,11,2.0
l,4.0,169034381279.42444,3825664.0,76346818.56,7651328.0,768,640,11,2.0
xl,4.0,338068762558.8489,3825664.0,76346818.56,7651328.0,768,640,11,2.0
s,4.0,124752276908.69687,956416.0,20857651.2,1912832.0,384,320,12,2.0
s,4.0,90217389264.65031,1377239.04,28389580.8,2754478.08,448,384,12,2.0
s,4.0,68255555527.161255,1874575.3599999999,37080268.8,3749150.7199999997,512,448,12,2.0
m,4.0,170638888817.90314,1874575.3599999999,37080268.8,3749150.7199999997,512,448,12,2.0
l,4.0,341277777635.8063,1874575.3599999999,37080268.8,3749150.7199999997,512,448,12,2.0
xl,4.0,682555555271.6125,1874575.3599999999,37080268.8,3749150.7199999997,512,448,12,2.0
s,4.0,53432106643.30359,2448424.96,46929715.2,4896849.92,576,512,12,2.0
m,4.0,133580266608.25897,2448424.96,46929715.2,4896849.92,576,512,12,2.0
l,4.0,267160533216.51794,2448424.96,46929715.2,4896849.92,576,512,12,2.0
xl,4.0,534321066433.0359,2448424.96,46929715.2,4896849.92,576,512,12,2.0
s,4.0,47957558926.1816,2448424.96,57937920.0,4896849.92,640,512,12,2.0
m,4.0,119893897315.45401,2448424.96,57937920.0,4896849.92,640,512,12,2.0
l,4.0,239787794630.90802,2448424.96,57937920.0,4896849.92,640,512,12,2.0
xl,4.0,479575589261.81604,2448424.96,57937920.0,4896849.92,640,512,12,2.0
s,4.0,42959222020.44906,3098787.84,57937920.0,6197575.68,640,576,12,2.0
m,4.0,107398055051.12265,3098787.84,57937920.0,6197575.68,640,576,12,2.0
l,4.0,214796110102.2453,3098787.84,57937920.0,6197575.68,640,576,12,2.0
xl,4.0,429592220204.4906,3098787.84,57937920.0,6197575.68,640,576,12,2.0
s,4.0,39008119755.45191,3098787.84,70104883.2,6197575.68,704,576,12,2.0
m,4.0,97520299388.62978,3098787.84,70104883.2,6197575.68,704,576,12,2.0
l,4.0,195040598777.25955,3098787.84,70104883.2,6197575.68,704,576,12,2.0
xl,4.0,390081197554.5191,3098787.84,70104883.2,6197575.68,704,576,12,2.0
s,4.0,35287718497.45956,3825664.0,70104883.2,7651328.0,704,640,12,2.0
m,4.0,88219296243.6489,3825664.0,70104883.2,7651328.0,704,640,12,2.0
l,4.0,176438592487.2978,3825664.0,70104883.2,7651328.0,704,640,12,2.0
xl,4.0,352877184974.5956,3825664.0,70104883.2,7651328.0,704,640,12,2.0
s,4.0,32343996212.202366,3825664.0,83430604.8,7651328.0,768,640,12,2.0
m,4.0,80859990530.50592,3825664.0,83430604.8,7651328.0,768,640,12,2.0
l,4.0,161719981061.01184,3825664.0,83430604.8,7651328.0,768,640,12,2.0
xl,4.0,323439962122.0237,3825664.0,83430604.8,7651328.0,768,640,12,2.0
s,4.0,29501060598.529785,4629053.4399999995,83430604.8,9258106.879999999,768,704,12,2.0
m,4.0,73752651496.32446,4629053.4399999995,83430604.8,9258106.879999999,768,704,12,2.0
l,4.0,147505302992.64893,4629053.4399999995,83430604.8,9258106.879999999,768,704,12,2.0
xl,4.0,295010605985.29785,4629053.4399999995,83430604.8,9258106.879999999,768,704,12,2.0
s,4.0,119720874516.3564,956416.0,22628597.759999998,1912832.0,384,320,13,2.0
s,4.0,86640653122.473,1377239.04,30800035.84,2754478.08,448,384,13,2.0
s,4.0,65584222681.626595,1874575.3599999999,40228618.24,3749150.7199999997,512,448,13,2.0
m,4.0,163960556704.0665,1874575.3599999999,40228618.24,3749150.7199999997,512,448,13,2.0
l,4.0,327921113408.133,1874575.3599999999,40228618.24,3749150.7199999997,512,448,13,2.0
xl,4.0,655842226816.266,1874575.3599999999,40228618.24,3749150.7199999997,512,448,13,2.0
s,4.0,51361877437.85555,2448424.96,50914344.95999999,4896849.92,576,512,13,2.0
m,4.0,128404693594.63889,2448424.96,50914344.95999999,4896849.92,576,512,13,2.0
l,4.0,256809387189.27777,2448424.96,50914344.95999999,4896849.92,576,512,13,2.0
xl,4.0,513618774378.55554,2448424.96,50914344.95999999,4896849.92,576,512,13,2.0
s,4.0,41308151566.891556,3098787.84,62857216.0,6197575.68,640,576,13,2.0
m,4.0,103270378917.2289,3098787.84,62857216.0,6197575.68,640,576,13,2.0
l,4.0,206540757834.4578,3098787.84,62857216.0,6197575.68,640,576,13,2.0
xl,4.0,413081515668.9156,3098787.84,62857216.0,6197575.68,640,576,13,2.0
s,4.0,37368373268.315956,3098787.84,76057231.36,6197575.68,704,576,13,2.0
m,4.0,93420933170.78989,3098787.84,76057231.36,6197575.68,704,576,13,2.0
l,4.0,186841866341.57977,3098787.84,76057231.36,6197575.68,704,576,13,2.0
xl,4.0,373683732683.15955,3098787.84,76057231.36,6197575.68,704,576,13,2.0
s,4.0,33940436510.6149,3825664.0,76057231.36,7651328.0,704,640,13,2.0
m,4.0,84851091276.53725,3825664.0,76057231.36,7651328.0,704,640,13,2.0
l,4.0,169702182553.0745,3825664.0,76057231.36,7651328.0,704,640,13,2.0
xl,4.0,339404365106.149,3825664.0,76057231.36,7651328.0,704,640,13,2.0
s,4.0,31002467617.848167,3825664.0,90514391.03999999,7651328.0,768,640,13,2.0
m,4.0,77506169044.62042,3825664.0,90514391.03999999,7651328.0,768,640,13,2.0
l,4.0,155012338089.24084,3825664.0,90514391.03999999,7651328.0,768,640,13,2.0
xl,4.0,310024676178.4817,3825664.0,90514391.03999999,7651328.0,768,640,13,2.0
s,4.0,28380916141.603825,4629053.4399999995,90514391.03999999,9258106.879999999,768,704,13,2.0
m,4.0,70952290354.00957,4629053.4399999995,90514391.03999999,9258106.879999999,768,704,13,2.0
l,4.0,141904580708.01913,4629053.4399999995,90514391.03999999,9258106.879999999,768,704,13,2.0
xl,4.0,283809161416.03827,4629053.4399999995,90514391.03999999,9258106.879999999,768,704,13,2.0
s,4.0,97221747780.09305,1377239.04,24399544.32,2754478.08,384,384,14,2.0
s,4.0,83336706803.22473,1377239.04,33210490.88,2754478.08,448,384,14,2.0
s,4.0,72086077188.94102,1874575.3599999999,33210490.88,3749150.7199999997,448,448,14,2.0
s,4.0,63114111667.06061,1874575.3599999999,43376967.68,3749150.7199999997,512,448,14,2.0
m,4.0,157785279167.65152,1874575.3599999999,43376967.68,3749150.7199999997,512,448,14,2.0
l,4.0,315570558335.30304,1874575.3599999999,43376967.68,3749150.7199999997,512,448,14,2.0
xl,4.0,631141116670.6061,1874575.3599999999,43376967.68,3749150.7199999997,512,448,14,2.0
s,4.0,55574785913.475914,2448424.96,43376967.68,4896849.92,512,512,14,2.0
m,4.0,138936964783.6898,2448424.96,43376967.68,4896849.92,512,512,14,2.0
l,4.0,277873929567.3796,2448424.96,43376967.68,4896849.92,512,512,14,2.0
xl,4.0,555747859134.7592,2448424.96,43376967.68,4896849.92,512,512,14,2.0
s,4.0,49446086740.17662,2448424.96,54898974.72,4896849.92,576,512,14,2.0
m,4.0,123615216850.44156,2448424.96,54898974.72,4896849.92,576,512,14,2.0
l,4.0,247230433700.88312,2448424.96,54898974.72,4896849.92,576,512,14,2.0
xl,4.0,494460867401.76624,2448424.96,54898974.72,4896849.92,576,512,14,2.0
s,4.0,44149786649.1582,3098787.84,54898974.72,6197575.68,576,576,14,2.0
m,4.0,110374466622.89552,3098787.84,54898974.72,6197575.68,576,576,14,2.0
l,4.0,220748933245.79105,3098787.84,54898974.72,6197575.68,576,576,14,2.0
xl,4.0,441497866491.5821,3098787.84,54898974.72,6197575.68,576,576,14,2.0
s,4.0,39779296570.4149,3098787.84,67776512.0,6197575.68,640,576,14,2.0
m,4.0,99448241426.03726,3098787.84,67776512.0,6197575.68,640,576,14,2.0
l,4.0,198896482852.07452,3098787.84,67776512.0,6197575.68,640,576,14,2.0
xl,4.0,397792965704.14905,3098787.84,67776512.0,6197575.68,640,576,14,2.0
s,4.0,35917620494.99653,3825664.0,67776512.0,7651328.0,640,640,14,2.0
m,4.0,89794051237.49133,3825664.0,67776512.0,7651328.0,640,640,14,2.0
l,4.0,179588102474.98267,3825664.0,67776512.0,7651328.0,640,640,14,2.0
xl,4.0,359176204949.96533,3825664.0,67776512.0,7651328.0,640,640,14,2.0
s,4.0,32692249308.98,3825664.0,82009579.52,7651328.0,704,640,14,2.0
m,4.0,81730623272.45,3825664.0,82009579.52,7651328.0,704,640,14,2.0
l,4.0,163461246544.9,3825664.0,82009579.52,7651328.0,704,640,14,2.0
xl,4.0,326922493089.8,3825664.0,82009579.52,7651328.0,704,640,14,2.0
s,4.0,29790509609.231544,4629053.4399999995,82009579.52,9258106.879999999,704,704,14,2.0
m,4.0,74476274023.07886,4629053.4399999995,82009579.52,9258106.879999999,704,704,14,2.0
l,4.0,148952548046.1577,4629053.4399999995,82009579.52,9258106.879999999,704,704,14,2.0
xl,4.0,297905096092.3154,4629053.4399999995,82009579.52,9258106.879999999,704,704,14,2.0
s,4.0,27342722973.146725,4629053.4399999995,97598177.28,9258106.879999999,768,704,14,2.0
m,4.0,68356807432.866806,4629053.4399999995,97598177.28,9258106.879999999,768,704,14,2.0
l,4.0,136713614865.73361,4629053.4399999995,97598177.28,9258106.879999999,768,704,14,2.0
xl,4.0,273427229731.46722,4629053.4399999995,97598177.28,9258106.879999999,768,704,14,2.0
s,4.0,25107388115.292095,5508956.16,97598177.28,11017912.32,768,768,14,2.0
m,4.0,62768470288.23024,5508956.16,97598177.28,11017912.32,768,768,14,2.0
l,4.0,125536940576.46048,5508956.16,97598177.28,11017912.32,768,768,14,2.0
xl,4.0,251073881152.92096,5508956.16,97598177.28,11017912.32,768,768,14,2.0
s,4.0,133890962413.59346,956416.0,18173952.0,1912832.0,320,320,15,2.0
s,4.0,94138548385.99382,1377239.04,26170490.88,2754478.08,384,384,15,2.0
s,4.0,69784193442.4988,1874575.3599999999,35620945.92,3749150.7199999997,448,448,15,2.0
m,4.0,174460483606.247,1874575.3599999999,35620945.92,3749150.7199999997,448,448,15,2.0
l,4.0,348920967212.494,1874575.3599999999,35620945.92,3749150.7199999997,448,448,15,2.0
xl,4.0,697841934424.988,1874575.3599999999,35620945.92,3749150.7199999997,448,448,15,2.0
s,4.0,60823311743.879875,1874575.3599999999,46525317.12,3749150.7199999997,512,448,15,2.0
m,4.0,152058279359.6997,1874575.3599999999,46525317.12,3749150.7199999997,512,448,15,2.0
l,4.0,304116558719.3994,1874575.3599999999,46525317.12,3749150.7199999997,512,448,15,2.0
xl,4.0,608233117438.7988,1874575.3599999999,46525317.12,3749150.7199999997,512,448,15,2.0
s,4.0,53790859623.035034,2448424.96,46525317.12,4896849.92,512,512,15,2.0
m,4.0,134477149057.58759,2448424.96,46525317.12,4896849.92,512,512,15,2.0
l,4.0,268954298115.17517,2448424.96,46525317.12,4896849.92,512,512,15,2.0
xl,4.0,537908596230.35034,2448424.96,46525317.12,4896849.92,512,512,15,2.0
s,4.0,47668074369.73139,2448424.96,58883604.480000004,4896849.92,576,512,15,2.0
m,4.0,119170185924.32848,2448424.96,58883604.480000004,4896849.92,576,512,15,2.0
l,4.0,238340371848.65695,2448424.96,58883604.480000004,4896849.92,576,512,15,2.0
xl,4.0,476680743697.3139,2448424.96,58883604.480000004,4896849.92,576,512,15,2.0
s,4.0,42726789234.03316,3098787.84,58883604.480000004,6197575.68,576,576,15,2.0
m,4.0,106816973085.0829,3098787.84,58883604.480000004,6197575.68,576,576,15,2.0
l,4.0,213633946170.1658,3098787.84,58883604.480000004,6197575.68,576,576,15,2.0
xl,4.0,427267892340.3316,3098787.84,58883604.480000004,6197575.68,576,576,15,2.0
s,4.0,38359571402.92356,3098787.84,72695808.0,6197575.68,640,576,15,2.0
m,4.0,95898928507.3089,3098787.84,72695808.0,6197575.68,640,576,15,2.0
l,4.0,191797857014.6178,3098787.84,72695808.0,6197575.68,640,576,15,2.0
xl,4.0,383595714029.2356,3098787.84,72695808.0,6197575.68,640,576,15,2.0
s,4.0,34756138420.63102,3825664.0,72695808.0,7651328.0,640,640,15,2.0
m,4.0,86890346051.57756,3825664.0,72695808.0,7651328.0,640,640,15,2.0
l,4.0,173780692103.15512,3825664.0,72695808.0,7651328.0,640,640,15,2.0
xl,4.0,347561384206.31024,3825664.0,72695808.0,7651328.0,640,640,15,2.0
s,4.0,31532611821.767895,3825664.0,87961927.68,7651328.0,704,640,15,2.0
m,4.0,78831529554.41974,3825664.0,87961927.68,7651328.0,704,640,15,2.0
l,4.0,157663059108.83948,3825664.0,87961927.68,7651328.0,704,640,15,2.0
xl,4.0,315326118217.67896,3825664.0,87961927.68,7651328.0,704,640,15,2.0
s,4.0,28824552150.28138,4629053.4399999995,87961927.68,9258106.879999999,704,704,15,2.0
m,4.0,72061380375.70345,4629053.4399999995,87961927.68,9258106.879999999,704,704,15,2.0
l,4.0,144122760751.4069,4629053.4399999995,87961927.68,9258106.879999999,704,704,15,2.0
xl,4.0,288245521502.8138,4629053.4399999995,87961927.68,9258106.879999999,704,704,15,2.0
s,4.0,26377804970.410732,4629053.4399999995,104681963.52,9258106.879999999,768,704,15,2.0
m,4.0,65944512426.026825,4629053.4399999995,104681963.52,9258106.879999999,768,704,15,2.0
l,4.0,131889024852.05365,4629053.4399999995,104681963.52,9258106.879999999,768,704,15,2.0
xl,4.0,263778049704.1073,4629053.4399999995,104681963.52,9258106.879999999,768,704,15,2.0
s,4.0,24291435915.5153,5508956.16,104681963.52,11017912.32,768,768,15,2.0
m,4.0,60728589788.78825,5508956.16,104681963.52,11017912.32,768,768,15,2.0
l,4.0,121457179577.5765,5508956.16,104681963.52,11017912.32,768,768,15,2.0
xl,4.0,242914359155.153,5508956.16,104681963.52,11017912.32,768,768,15,2.0
s,4.0,129813214362.11864,956416.0,19403776.0,1912832.0,320,320,16,2.0
s,4.0,91244893351.80074,1377239.04,27941437.44,2754478.08,384,384,16,2.0
s,4.0,67624770081.1917,1874575.3599999999,38031400.96,3749150.7199999997,448,448,16,2.0
m,4.0,169061925202.97925,1874575.3599999999,38031400.96,3749150.7199999997,448,448,16,2.0
l,4.0,338123850405.9585,1874575.3599999999,38031400.96,3749150.7199999997,448,448,16,2.0
xl,4.0,676247700811.917,1874575.3599999999,38031400.96,3749150.7199999997,448,448,16,2.0
s,4.0,52117897923.23603,2448424.96,49673666.56,4896849.92,512,512,16,2.0
m,4.0,130294744808.09007,2448424.96,49673666.56,4896849.92,512,512,16,2.0
l,4.0,260589489616.18015,2448424.96,49673666.56,4896849.92,512,512,16,2.0
xl,4.0,521178979232.3603,2448424.96,49673666.56,4896849.92,512,512,16,2.0
s,4.0,41392657210.17306,3098787.84,62868234.239999995,6197575.68,576,576,16,2.0
m,4.0,103481643025.43263,3098787.84,62868234.239999995,6197575.68,576,576,16,2.0
l,4.0,206963286050.86526,3098787.84,62868234.239999995,6197575.68,576,576,16,2.0
xl,4.0,413926572101.7305,3098787.84,62868234.239999995,6197575.68,576,576,16,2.0
s,4.0,33667421894.274597,3825664.0,77615104.0,7651328.0,640,640,16,2.0
m,4.0,84168554735.6865,3825664.0,77615104.0,7651328.0,640,640,16,2.0
l,4.0,168337109471.373,3825664.0,77615104.0,7651328.0,640,640,16,2.0
xl,4.0,336674218942.746,3825664.0,77615104.0,7651328.0,640,640,16,2.0
s,4.0,30452423915.00864,3825664.0,93914275.84,7651328.0,704,640,16,2.0
m,4.0,76131059787.52159,3825664.0,93914275.84,7651328.0,704,640,16,2.0
l,4.0,152262119575.04318,3825664.0,93914275.84,7651328.0,704,640,16,2.0
xl,4.0,304524239150.08636,3825664.0,93914275.84,7651328.0,704,640,16,2.0
s,4.0,30598115412.62518,4629053.4399999995,77615104.0,9258106.879999999,640,704,16,2.0
m,4.0,76495288531.56294,4629053.4399999995,77615104.0,9258106.879999999,640,704,16,2.0
l,4.0,152990577063.1259,4629053.4399999995,77615104.0,9258106.879999999,640,704,16,2.0
xl,4.0,305981154126.2518,4629053.4399999995,77615104.0,9258106.879999999,640,704,16,2.0
s,4.0,27919269658.350872,4629053.4399999995,93914275.84,9258106.879999999,704,704,16,2.0
m,4.0,69798174145.87718,4629053.4399999995,93914275.84,9258106.879999999,704,704,16,2.0
l,4.0,139596348291.75436,4629053.4399999995,93914275.84,9258106.879999999,704,704,16,2.0
xl,4.0,279192696583.5087,4629053.4399999995,93914275.84,9258106.879999999,704,704,16,2.0
s,4.0,25478668977.047913,4629053.4399999995,111765749.76,9258106.879999999,768,704,16,2.0
m,4.0,63696672442.61978,4629053.4399999995,111765749.76,9258106.879999999,768,704,16,2.0
l,4.0,127393344885.23956,4629053.4399999995,111765749.76,9258106.879999999,768,704,16,2.0
xl,4.0,254786689770.47913,4629053.4399999995,111765749.76,9258106.879999999,768,704,16,2.0
s,4.0,25592683345.84017,5508956.16,93914275.84,11017912.32,704,768,16,2.0
m,4.0,63981708364.60043,5508956.16,93914275.84,11017912.32,704,768,16,2.0
l,4.0,127963416729.20087,5508956.16,93914275.84,11017912.32,704,768,16,2.0
xl,4.0,255926833458.40173,5508956.16,93914275.84,11017912.32,704,768,16,2.0
s,4.0,23526848854.97048,5508956.16,111765749.76,11017912.32,768,768,16,2.0
m,4.0,58817122137.4262,5508956.16,111765749.76,11017912.32,768,768,16,2.0
l,4.0,117634244274.8524,5508956.16,111765749.76,11017912.32,768,768,16,2.0
xl,4.0,235268488549.7048,5508956.16,111765749.76,11017912.32,768,768,16,2.0
s,4.0,141449156338.38873,612106.24,19677184.0,1836318.72,640,256,4,3.0
s,4.0,95614144027.45561,956416.0,28335144.96,2869248.0,768,320,4,3.0
s,4.0,140453058419.28104,612106.24,19923148.799999997,1836318.72,576,256,5,3.0
s,4.0,102466239423.43477,956416.0,24596480.0,2869248.0,640,320,5,3.0
s,4.0,93180853675.27278,956416.0,29761740.8,2869248.0,704,320,5,3.0
s,4.0,84770463962.99069,956416.0,35418931.2,2869248.0,768,320,5,3.0
s,4.0,71814970440.72836,1377239.04,35418931.2,4131717.12,768,384,5,3.0
m,4.0,179537426101.8209,1377239.04,35418931.2,4131717.12,768,384,5,3.0
l,4.0,359074852203.6418,1377239.04,35418931.2,4131717.12,768,384,5,3.0
xl,4.0,718149704407.2836,1377239.04,35418931.2,4131717.12,768,384,5,3.0
s,4.0,144330734918.24643,612106.24,18890096.64,1836318.72,512,256,6,3.0
s,4.0,93547819774.51233,956416.0,29515776.0,2869248.0,640,320,6,3.0
s,4.0,84340302568.20404,956416.0,35714088.96,2869248.0,704,320,6,3.0
s,4.0,71506005486.21533,1377239.04,35714088.96,4131717.12,704,384,6,3.0
m,4.0,178765013715.53833,1377239.04,35714088.96,4131717.12,704,384,6,3.0
l,4.0,357530027431.07666,1377239.04,35714088.96,4131717.12,704,384,6,3.0
xl,4.0,715060054862.1533,1377239.04,35714088.96,4131717.12,704,384,6,3.0
s,4.0,65519931582.51496,1377239.04,42502717.44,4131717.12,768,384,6,3.0
m,4.0,163799828956.28738,1377239.04,42502717.44,4131717.12,768,384,6,3.0
l,4.0,327599657912.57477,1377239.04,42502717.44,4131717.12,768,384,6,3.0
xl,4.0,655199315825.1495,1377239.04,42502717.44,4131717.12,768,384,6,3.0
s,4.0,132885443477.63373,612106.24,22038446.08,1836318.72,512,256,7,3.0
s,4.0,96267232662.54478,956416.0,27892408.32,2869248.0,576,320,7,3.0
s,4.0,86057571827.09175,956416.0,34435072.0,2869248.0,640,320,7,3.0
s,4.0,72736584702.89339,1377239.04,34435072.0,4131717.12,640,384,7,3.0
s,4.0,66182437830.41515,1377239.04,41666437.120000005,4131717.12,704,384,7,3.0
m,4.0,165456094576.0379,1377239.04,41666437.120000005,4131717.12,704,384,7,3.0
l,4.0,330912189152.0758,1377239.04,41666437.120000005,4131717.12,704,384,7,3.0
xl,4.0,661824378304.1516,1377239.04,41666437.120000005,4131717.12,704,384,7,3.0
s,4.0,60239551782.265686,1377239.04,49586503.68,4131717.12,768,384,7,3.0
m,4.0,150598879455.6642,1377239.04,49586503.68,4131717.12,768,384,7,3.0
l,4.0,301197758911.3284,1377239.04,49586503.68,4131717.12,768,384,7,3.0
xl,4.0,602395517822.6569,1377239.04,49586503.68,4131717.12,768,384,7,3.0
s,4.0,52363185761.47625,1874575.3599999999,49586503.68,5623726.08,768,448,7,3.0
m,4.0,130907964403.69063,1874575.3599999999,49586503.68,5623726.08,768,448,7,3.0
l,4.0,261815928807.38126,1874575.3599999999,49586503.68,5623726.08,768,448,7,3.0
xl,4.0,523631857614.7625,1874575.3599999999,49586503.68,5623726.08,768,448,7,3.0
s,4.0,142678740621.0986,612106.24,19283640.32,1836318.72,448,256,8,3.0
s,4.0,101201748908.71321,956416.0,25186795.52,2869248.0,512,320,8,3.0
s,4.0,89749650744.6191,956416.0,31877038.08,2869248.0,576,320,8,3.0
s,4.0,68126166783.23325,1377239.04,39354368.0,4131717.12,640,384,8,3.0
m,4.0,170315416958.08313,1377239.04,39354368.0,4131717.12,640,384,8,3.0
l,4.0,340630833916.16626,1377239.04,39354368.0,4131717.12,640,384,8,3.0
xl,4.0,681261667832.3325,1377239.04,39354368.0,4131717.12,640,384,8,3.0
s,4.0,61596616628.92616,1377239.04,47618785.28,4131717.12,704,384,8,3.0
m,4.0,153991541572.31543,1377239.04,47618785.28,4131717.12,704,384,8,3.0
l,4.0,307983083144.63086,1377239.04,47618785.28,4131717.12,704,384,8,3.0
xl,4.0,615966166289.2617,1377239.04,47618785.28,4131717.12,704,384,8,3.0
s,4.0,53385564744.87688,1874575.3599999999,47618785.28,5623726.08,704,448,8,3.0
m,4.0,133463911862.1922,1874575.3599999999,47618785.28,5623726.08,704,448,8,3.0
l,4.0,266927823724.3844,1874575.3599999999,47618785.28,5623726.08,704,448,8,3.0
xl,4.0,533855647448.7688,1874575.3599999999,47618785.28,5623726.08,704,448,8,3.0
s,4.0,48935064172.03382,1874575.3599999999,56670289.92,5623726.08,768,448,8,3.0
m,4.0,122337660430.08456,1874575.3599999999,56670289.92,5623726.08,768,448,8,3.0
l,4.0,244675320860.16913,1874575.3599999999,56670289.92,5623726.08,768,448,8,3.0
xl,4.0,489350641720.33826,1874575.3599999999,56670289.92,5623726.08,768,448,8,3.0
s,4.0,133934413839.03795,612106.24,21694095.36,1836318.72,448,256,9,3.0
s,4.0,95438063613.3022,956416.0,28335144.96,2869248.0,512,320,9,3.0
s,4.0,84058628162.9194,956416.0,35861667.839999996,2869248.0,576,320,9,3.0
s,4.0,71303431868.40147,1377239.04,35861667.839999996,4131717.12,576,384,9,3.0
m,4.0,178258579671.0037,1377239.04,35861667.839999996,4131717.12,576,384,9,3.0
l,4.0,356517159342.0074,1377239.04,35861667.839999996,4131717.12,576,384,9,3.0
xl,4.0,713034318684.0148,1377239.04,35861667.839999996,4131717.12,576,384,9,3.0
s,4.0,64065374645.39302,1377239.04,44273664.0,4131717.12,640,384,9,3.0
m,4.0,160163436613.48254,1377239.04,44273664.0,4131717.12,640,384,9,3.0
l,4.0,320326873226.9651,1377239.04,44273664.0,4131717.12,640,384,9,3.0
xl,4.0,640653746453.9302,1377239.04,44273664.0,4131717.12,640,384,9,3.0
s,4.0,50361178689.76957,1874575.3599999999,53571133.44,5623726.08,704,448,9,3.0
m,4.0,125902946724.42392,1874575.3599999999,53571133.44,5623726.08,704,448,9,3.0
l,4.0,251805893448.84784,1874575.3599999999,53571133.44,5623726.08,704,448,9,3.0
xl,4.0,503611786897.6957,1874575.3599999999,53571133.44,5623726.08,704,448,9,3.0
s,4.0,45928227481.26147,1874575.3599999999,63754076.160000004,5623726.08,768,448,9,3.0
m,4.0,114820568703.15367,1874575.3599999999,63754076.160000004,5623726.08,768,448,9,3.0
l,4.0,229641137406.30734,1874575.3599999999,63754076.160000004,5623726.08,768,448,9,3.0
xl,4.0,459282274812.6147,1874575.3599999999,63754076.160000004,5623726.08,768,448,9,3.0
s,4.0,40586086466.15711,2448424.96,63754076.160000004,7345274.88,768,512,9,3.0
m,4.0,101465216165.39278,2448424.96,63754076.160000004,7345274.88,768,512,9,3.0
l,4.0,202930432330.78555,2448424.96,63754076.160000004,7345274.88,768,512,9,3.0
xl,4.0,405860864661.5711,2448424.96,63754076.160000004,7345274.88,768,512,9,3.0
s,4.0,88770376884.93243,956416.0,30783569.92,2869248.0,512,320,10,3.0
s,4.0,66697879139.77194,1377239.04,38960455.67999999,4131717.12,576,384,10,3.0
m,4.0,166744697849.42987,1377239.04,38960455.67999999,4131717.12,576,384,10,3.0
l,4.0,333489395698.85974,1377239.04,38960455.67999999,4131717.12,576,384,10,3.0
xl,4.0,666978791397.7195,1377239.04,38960455.67999999,4131717.12,576,384,10,3.0
s,4.0,59604333275.08321,1377239.04,48099328.0,4131717.12,640,384,10,3.0
m,4.0,149010833187.70804,1377239.04,48099328.0,4131717.12,640,384,10,3.0
l,4.0,298021666375.4161,1377239.04,48099328.0,4131717.12,640,384,10,3.0
xl,4.0,596043332750.8322,1377239.04,48099328.0,4131717.12,640,384,10,3.0
s,4.0,51882555625.4462,1874575.3599999999,48099328.0,5623726.08,640,448,10,3.0
m,4.0,129706389063.6155,1874575.3599999999,48099328.0,5623726.08,640,448,10,3.0
l,4.0,259412778127.231,1874575.3599999999,48099328.0,5623726.08,640,448,10,3.0
xl,4.0,518825556254.462,1874575.3599999999,48099328.0,5623726.08,640,448,10,3.0
s,4.0,47074113378.65735,1874575.3599999999,58200186.879999995,5623726.08,704,448,10,3.0
m,4.0,117685283446.64337,1874575.3599999999,58200186.879999995,5623726.08,704,448,10,3.0
l,4.0,235370566893.28674,1874575.3599999999,58200186.879999995,5623726.08,704,448,10,3.0
xl,4.0,470741133786.5735,1874575.3599999999,58200186.879999995,5623726.08,704,448,10,3.0
s,4.0,42741676243.19568,1874575.3599999999,69263032.32000001,5623726.08,768,448,10,3.0
m,4.0,106854190607.9892,1874575.3599999999,69263032.32000001,5623726.08,768,448,10,3.0
l,4.0,213708381215.9784,1874575.3599999999,69263032.32000001,5623726.08,768,448,10,3.0
xl,4.0,427416762431.9568,1874575.3599999999,69263032.32000001,5623726.08,768,448,10,3.0
s,4.0,38077466406.048645,2448424.96,69263032.32000001,7345274.88,768,512,10,3.0
m,4.0,95193666015.12161,2448424.96,69263032.32000001,7345274.88,768,512,10,3.0
l,4.0,190387332030.24323,2448424.96,69263032.32000001,7345274.88,768,512,10,3.0
xl,4.0,380774664060.48645,2448424.96,69263032.32000001,7345274.88,768,512,10,3.0
s,4.0,138958534906.58408,612106.24,19086704.64,1836318.72,384,256,11,3.0
s,4.0,97019262452.73668,956416.0,25979125.759999998,2869248.0,448,320,11,3.0
s,4.0,84304473659.3842,956416.0,33931919.36,2869248.0,512,320,11,3.0
s,4.0,63502810344.81305,1377239.04,42945085.44,4131717.12,576,384,11,3.0
m,4.0,158757025862.03262,1377239.04,42945085.44,4131717.12,576,384,11,3.0
l,4.0,317514051724.06525,1377239.04,42945085.44,4131717.12,576,384,11,3.0
xl,4.0,635028103448.1305,1377239.04,42945085.44,4131717.12,576,384,11,3.0
s,4.0,49493412355.54496,1874575.3599999999,53018624.0,5623726.08,640,448,11,3.0
m,4.0,123733530888.8624,1874575.3599999999,53018624.0,5623726.08,640,448,11,3.0
l,4.0,247467061777.7248,1874575.3599999999,53018624.0,5623726.08,640,448,11,3.0
xl,4.0,494934123555.4496,1874575.3599999999,53018624.0,5623726.08,640,448,11,3.0
s,4.0,44706709500.701515,1874575.3599999999,64152535.04,5623726.08,704,448,11,3.0
m,4.0,111766773751.75378,1874575.3599999999,64152535.04,5623726.08,704,448,11,3.0
l,4.0,223533547503.50757,1874575.3599999999,64152535.04,5623726.08,704,448,11,3.0
xl,4.0,447067095007.01514,1874575.3599999999,64152535.04,5623726.08,704,448,11,3.0
s,4.0,39629244010.66591,2448424.96,64152535.04,7345274.88,704,512,11,3.0
m,4.0,99073110026.66476,2448424.96,64152535.04,7345274.88,704,512,11,3.0
l,4.0,198146220053.32953,2448424.96,64152535.04,7345274.88,704,512,11,3.0
xl,4.0,396292440106.65906,2448424.96,64152535.04,7345274.88,704,512,11,3.0
s,4.0,36231740391.2439,2448424.96,76346818.56,7345274.88,768,512,11,3.0
m,4.0,90579350978.10974,2448424.96,76346818.56,7345274.88,768,512,11,3.0
l,4.0,181158701956.21948,2448424.96,76346818.56,7345274.88,768,512,11,3.0
xl,4.0,362317403912.43896,2448424.96,76346818.56,7345274.88,768,512,11,3.0
s,4.0,132744516886.84415,612106.24,20857651.2,1836318.72,384,256,12,3.0
s,4.0,92895191453.57104,956416.0,28389580.8,2869248.0,448,320,12,3.0
s,4.0,68555950189.19906,1377239.04,37080268.8,4131717.12,512,384,12,3.0
m,4.0,171389875472.99765,1377239.04,37080268.8,4131717.12,512,384,12,3.0
l,4.0,342779750945.9953,1377239.04,37080268.8,4131717.12,512,384,12,3.0
xl,4.0,685559501891.9906,1377239.04,37080268.8,4131717.12,512,384,12,3.0
s,4.0,60599858706.339035,1377239.04,46929715.2,4131717.12,576,384,12,3.0
m,4.0,151499646765.8476,1377239.04,46929715.2,4131717.12,576,384,12,3.0
l,4.0,302999293531.6952,1377239.04,46929715.2,4131717.12,576,384,12,3.0
xl,4.0,605998587063.3904,1377239.04,46929715.2,4131717.12,576,384,12,3.0
s,4.0,52635218866.67227,1874575.3599999999,46929715.2,5623726.08,576,448,12,3.0
m,4.0,131588047166.68068,1874575.3599999999,46929715.2,5623726.08,576,448,12,3.0
l,4.0,263176094333.36136,1874575.3599999999,46929715.2,5623726.08,576,448,12,3.0
xl,4.0,526352188666.7227,1874575.3599999999,46929715.2,5623726.08,576,448,12,3.0
s,4.0,47314618335.07928,1874575.3599999999,57937920.0,5623726.08,640,448,12,3.0
m,4.0,118286545837.6982,1874575.3599999999,57937920.0,5623726.08,640,448,12,3.0
l,4.0,236573091675.3964,1874575.3599999999,57937920.0,5623726.08,640,448,12,3.0
xl,4.0,473146183350.7928,1874575.3599999999,57937920.0,5623726.08,640,448,12,3.0
s,4.0,42566022011.4144,1874575.3599999999,70104883.2,5623726.08,704,448,12,3.0
m,4.0,106415055028.53598,1874575.3599999999,70104883.2,5623726.08,704,448,12,3.0
l,4.0,212830110057.07196,1874575.3599999999,70104883.2,5623726.08,704,448,12,3.0
xl,4.0,425660220114.1439,1874575.3599999999,70104883.2,5623726.08,704,448,12,3.0
s,4.0,37937994602.94696,2448424.96,70104883.2,7345274.88,704,512,12,3.0
m,4.0,94844986507.3674,2448424.96,70104883.2,7345274.88,704,512,12,3.0
l,4.0,189689973014.7348,2448424.96,70104883.2,7345274.88,704,512,12,3.0
xl,4.0,379379946029.4696,2448424.96,70104883.2,7345274.88,704,512,12,3.0
s,4.0,34556677307.69048,2448424.96,83430604.8,7345274.88,768,512,12,3.0
m,4.0,86391693269.22621,2448424.96,83430604.8,7345274.88,768,512,12,3.0
l,4.0,172783386538.45242,2448424.96,83430604.8,7345274.88,768,512,12,3.0
xl,4.0,345566773076.90485,2448424.96,83430604.8,7345274.88,768,512,12,3.0
s,4.0,31082217877.07736,3098787.84,83430604.8,9296363.52,768,576,12,3.0
m,4.0,77705544692.69339,3098787.84,83430604.8,9296363.52,768,576,12,3.0
l,4.0,155411089385.38678,3098787.84,83430604.8,9296363.52,768,576,12,3.0
xl,4.0,310822178770.77356,3098787.84,83430604.8,9296363.52,768,576,12,3.0
s,4.0,127062472978.89449,612106.24,22628597.759999998,1836318.72,384,256,13,3.0
s,4.0,89107434495.59225,956416.0,30800035.84,2869248.0,448,320,13,3.0
s,4.0,65861516477.329025,1377239.04,40228618.24,4131717.12,512,384,13,3.0
m,4.0,164653791193.32257,1377239.04,40228618.24,4131717.12,512,384,13,3.0
l,4.0,329307582386.64514,1377239.04,40228618.24,4131717.12,512,384,13,3.0
xl,4.0,658615164773.2903,1377239.04,40228618.24,4131717.12,512,384,13,3.0
s,4.0,57950714206.39135,1377239.04,50914344.95999999,4131717.12,576,384,13,3.0
m,4.0,144876785515.9784,1377239.04,50914344.95999999,4131717.12,576,384,13,3.0
l,4.0,289753571031.9568,1377239.04,50914344.95999999,4131717.12,576,384,13,3.0
xl,4.0,579507142063.9136,1377239.04,50914344.95999999,4131717.12,576,384,13,3.0
s,4.0,50625118558.96516,1874575.3599999999,50914344.95999999,5623726.08,576,448,13,3.0
m,4.0,126562796397.41289,1874575.3599999999,50914344.95999999,5623726.08,576,448,13,3.0
l,4.0,253125592794.82578,1874575.3599999999,50914344.95999999,5623726.08,576,448,13,3.0
xl,4.0,506251185589.65155,1874575.3599999999,50914344.95999999,5623726.08,576,448,13,3.0
s,4.0,45319565002.947,1874575.3599999999,62857216.0,5623726.08,640,448,13,3.0
m,4.0,113298912507.36751,1874575.3599999999,62857216.0,5623726.08,640,448,13,3.0
l,4.0,226597825014.73502,1874575.3599999999,62857216.0,5623726.08,640,448,13,3.0
xl,4.0,453195650029.47003,1874575.3599999999,62857216.0,5623726.08,640,448,13,3.0
s,4.0,40110048624.80228,2448424.96,62857216.0,7345274.88,640,512,13,3.0
m,4.0,100275121562.00569,2448424.96,62857216.0,7345274.88,640,512,13,3.0
l,4.0,200550243124.01138,2448424.96,62857216.0,7345274.88,640,512,13,3.0
xl,4.0,401100486248.02277,2448424.96,62857216.0,7345274.88,640,512,13,3.0
s,4.0,36385191003.71088,2448424.96,76057231.36,7345274.88,704,512,13,3.0
m,4.0,90962977509.27719,2448424.96,76057231.36,7345274.88,704,512,13,3.0
l,4.0,181925955018.55438,2448424.96,76057231.36,7345274.88,704,512,13,3.0
xl,4.0,363851910037.10876,2448424.96,76057231.36,7345274.88,704,512,13,3.0
s,4.0,33029652891.43061,2448424.96,90514391.03999999,7345274.88,768,512,13,3.0
m,4.0,82574132228.57652,2448424.96,90514391.03999999,7345274.88,768,512,13,3.0
l,4.0,165148264457.15305,2448424.96,90514391.03999999,7345274.88,768,512,13,3.0
xl,4.0,330296528914.3061,2448424.96,90514391.03999999,7345274.88,768,512,13,3.0
s,4.0,29841309074.917793,3098787.84,90514391.03999999,9296363.52,768,576,13,3.0
m,4.0,74603272687.29448,3098787.84,90514391.03999999,9296363.52,768,576,13,3.0
l,4.0,149206545374.58896,3098787.84,90514391.03999999,9296363.52,768,576,13,3.0
xl,4.0,298413090749.1779,3098787.84,90514391.03999999,9296363.52,768,576,13,3.0
s,4.0,100338675942.39127,956416.0,24399544.32,2869248.0,384,320,14,3.0
s,4.0,85616464158.38646,956416.0,33210490.88,2869248.0,448,320,14,3.0
s,4.0,63370870383.99989,1377239.04,43376967.68,4131717.12,512,384,14,3.0
m,4.0,158427175959.99973,1377239.04,43376967.68,4131717.12,512,384,14,3.0
l,4.0,316854351919.99945,1377239.04,43376967.68,4131717.12,512,384,14,3.0
xl,4.0,633708703839.9989,1377239.04,43376967.68,4131717.12,512,384,14,3.0
s,4.0,48762899288.75917,1874575.3599999999,54898974.72,5623726.08,576,448,14,3.0
m,4.0,121907248221.89792,1874575.3599999999,54898974.72,5623726.08,576,448,14,3.0
l,4.0,243814496443.79584,1874575.3599999999,54898974.72,5623726.08,576,448,14,3.0
xl,4.0,487628992887.5917,1874575.3599999999,54898974.72,5623726.08,576,448,14,3.0
s,4.0,43485950093.07454,1874575.3599999999,67776512.0,5623726.08,640,448,14,3.0
m,4.0,108714875232.68636,1874575.3599999999,67776512.0,5623726.08,640,448,14,3.0
l,4.0,217429750465.3727,1874575.3599999999,67776512.0,5623726.08,640,448,14,3.0
xl,4.0,434859500930.7454,1874575.3599999999,67776512.0,5623726.08,640,448,14,3.0
s,4.0,38667044403.47675,2448424.96,67776512.0,7345274.88,640,512,14,3.0
m,4.0,96667611008.6919,2448424.96,67776512.0,7345274.88,640,512,14,3.0
l,4.0,193335222017.3838,2448424.96,67776512.0,7345274.88,640,512,14,3.0
xl,4.0,386670444034.7676,2448424.96,67776512.0,7345274.88,640,512,14,3.0
s,4.0,34954501878.102585,2448424.96,82009579.52,7345274.88,704,512,14,3.0
m,4.0,87386254695.25645,2448424.96,82009579.52,7345274.88,704,512,14,3.0
l,4.0,174772509390.5129,2448424.96,82009579.52,7345274.88,704,512,14,3.0
xl,4.0,349545018781.0258,2448424.96,82009579.52,7345274.88,704,512,14,3.0
s,4.0,31403694390.903236,3098787.84,82009579.52,9296363.52,704,576,14,3.0
m,4.0,78509235977.25809,3098787.84,82009579.52,9296363.52,704,576,14,3.0
l,4.0,157018471954.51617,3098787.84,82009579.52,9296363.52,704,576,14,3.0
xl,4.0,314036943909.03235,3098787.84,82009579.52,9296363.52,704,576,14,3.0
s,4.0,28695679090.959084,3098787.84,97598177.28,9296363.52,768,576,14,3.0
m,4.0,71739197727.3977,3098787.84,97598177.28,9296363.52,768,576,14,3.0
l,4.0,143478395454.7954,3098787.84,97598177.28,9296363.52,768,576,14,3.0
xl,4.0,286956790909.5908,3098787.84,97598177.28,9296363.52,768,576,14,3.0
s,4.0,26006377312.97183,3825664.0,97598177.28,11476992.0,768,640,14,3.0
m,4.0,65015943282.42957,3825664.0,97598177.28,11476992.0,768,640,14,3.0
l,4.0,130031886564.85915,3825664.0,97598177.28,11476992.0,768,640,14,3.0
xl,4.0,260063773129.7183,3825664.0,97598177.28,11476992.0,768,640,14,3.0
s,4.0,143140436593.90527,612106.24,18173952.0,1836318.72,320,256,15,3.0
s,4.0,97057948409.27458,956416.0,26170490.88,2869248.0,384,320,15,3.0
s,4.0,82388713774.42404,956416.0,35620945.92,2869248.0,448,320,15,3.0
s,4.0,70098224885.26686,1377239.04,35620945.92,4131717.12,448,384,15,3.0
m,4.0,175245562213.16718,1377239.04,35620945.92,4131717.12,448,384,15,3.0
l,4.0,350491124426.33435,1377239.04,35620945.92,4131717.12,448,384,15,3.0
xl,4.0,700982248852.6687,1377239.04,35620945.92,4131717.12,448,384,15,3.0
s,4.0,61061734801.206635,1377239.04,46525317.12,4131717.12,512,384,15,3.0
m,4.0,152654337003.01657,1377239.04,46525317.12,4131717.12,512,384,15,3.0
l,4.0,305308674006.03314,1377239.04,46525317.12,4131717.12,512,384,15,3.0
xl,4.0,610617348012.0663,1377239.04,46525317.12,4131717.12,512,384,15,3.0
s,4.0,47032820864.46972,1874575.3599999999,58883604.480000004,5623726.08,576,448,15,3.0
m,4.0,117582052161.1743,1874575.3599999999,58883604.480000004,5623726.08,576,448,15,3.0
l,4.0,235164104322.3486,1874575.3599999999,58883604.480000004,5623726.08,576,448,15,3.0
xl,4.0,470328208644.6972,1874575.3599999999,58883604.480000004,5623726.08,576,448,15,3.0
s,4.0,37324261996.92254,2448424.96,72695808.0,7345274.88,640,512,15,3.0
m,4.0,93310654992.30635,2448424.96,72695808.0,7345274.88,640,512,15,3.0
l,4.0,186621309984.6127,2448424.96,72695808.0,7345274.88,640,512,15,3.0
xl,4.0,373242619969.2254,2448424.96,72695808.0,7345274.88,640,512,15,3.0
s,4.0,33632067346.44447,2448424.96,87961927.68,7345274.88,704,512,15,3.0
m,4.0,84080168366.11118,2448424.96,87961927.68,7345274.88,704,512,15,3.0
l,4.0,168160336732.22235,2448424.96,87961927.68,7345274.88,704,512,15,3.0
xl,4.0,336320673464.4447,2448424.96,87961927.68,7345274.88,704,512,15,3.0
s,4.0,30332170805.569023,3098787.84,87961927.68,9296363.52,704,576,15,3.0
m,4.0,75830427013.92256,3098787.84,87961927.68,9296363.52,704,576,15,3.0
l,4.0,151660854027.84512,3098787.84,87961927.68,9296363.52,704,576,15,3.0
xl,4.0,303321708055.69025,3098787.84,87961927.68,9296363.52,704,576,15,3.0
s,4.0,27634760156.236412,3098787.84,104681963.52,9296363.52,768,576,15,3.0
m,4.0,69086900390.59103,3098787.84,104681963.52,9296363.52,768,576,15,3.0
l,4.0,138173800781.18207,3098787.84,104681963.52,9296363.52,768,576,15,3.0
xl,4.0,276347601562.36414,3098787.84,104681963.52,9296363.52,768,576,15,3.0
s,4.0,25131964932.02226,3825664.0,104681963.52,11476992.0,768,640,15,3.0
m,4.0,62829912330.05565,3825664.0,104681963.52,11476992.0,768,640,15,3.0
l,4.0,125659824660.1113,3825664.0,104681963.52,11476992.0,768,640,15,3.0
xl,4.0,251319649320.2226,3825664.0,104681963.52,11476992.0,768,640,15,3.0
s,4.0,138489614098.8011,612106.24,19403776.0,1836318.72,320,256,16,3.0
s,4.0,93984965232.63054,956416.0,27941437.44,2869248.0,384,320,16,3.0
s,4.0,67919626196.45856,1377239.04,38031400.96,4131717.12,448,384,16,3.0
m,4.0,169799065491.1464,1377239.04,38031400.96,4131717.12,448,384,16,3.0
l,4.0,339598130982.2928,1377239.04,38031400.96,4131717.12,448,384,16,3.0
xl,4.0,679196261964.5856,1377239.04,38031400.96,4131717.12,448,384,16,3.0
s,4.0,58914965438.12467,1377239.04,49673666.56,4131717.12,512,384,16,3.0
m,4.0,147287413595.31168,1377239.04,49673666.56,4131717.12,512,384,16,3.0
l,4.0,294574827190.62335,1377239.04,49673666.56,4131717.12,512,384,16,3.0
xl,4.0,589149654381.2467,1377239.04,49673666.56,4131717.12,512,384,16,3.0
s,4.0,51359450131.42843,1874575.3599999999,49673666.56,5623726.08,512,448,16,3.0
m,4.0,128398625328.57108,1874575.3599999999,49673666.56,5623726.08,512,448,16,3.0
l,4.0,256797250657.14215,1874575.3599999999,49673666.56,5623726.08,512,448,16,3.0
xl,4.0,513594501314.2843,1874575.3599999999,49673666.56,5623726.08,512,448,16,3.0
s,4.0,45421300366.044815,1874575.3599999999,62868234.239999995,5623726.08,576,448,16,3.0
m,4.0,113553250915.11203,1874575.3599999999,62868234.239999995,5623726.08,576,448,16,3.0
l,4.0,227106501830.22406,1874575.3599999999,62868234.239999995,5623726.08,576,448,16,3.0
xl,4.0,454213003660.4481,1874575.3599999999,62868234.239999995,5623726.08,576,448,16,3.0
s,4.0,40189718621.169846,2448424.96,62868234.239999995,7345274.88,576,512,16,3.0
m,4.0,100474296552.9246,2448424.96,62868234.239999995,7345274.88,576,512,16,3.0
l,4.0,200948593105.8492,2448424.96,62868234.239999995,7345274.88,576,512,16,3.0
xl,4.0,401897186211.6984,2448424.96,62868234.239999995,7345274.88,576,512,16,3.0
s,4.0,36071610677.40914,2448424.96,77615104.0,7345274.88,640,512,16,3.0
m,4.0,90179026693.52286,2448424.96,77615104.0,7345274.88,640,512,16,3.0
l,4.0,180358053387.04572,2448424.96,77615104.0,7345274.88,640,512,16,3.0
xl,4.0,360716106774.09143,2448424.96,77615104.0,7345274.88,640,512,16,3.0
s,4.0,32302453004.86669,3098787.84,77615104.0,9296363.52,640,576,16,3.0
m,4.0,80756132512.16673,3098787.84,77615104.0,9296363.52,640,576,16,3.0
l,4.0,161512265024.33347,3098787.84,77615104.0,9296363.52,640,576,16,3.0
xl,4.0,323024530048.66693,3098787.84,77615104.0,9296363.52,640,576,16,3.0
s,4.0,29331357310.29595,3098787.84,93914275.84,9296363.52,704,576,16,3.0
m,4.0,73328393275.73988,3098787.84,93914275.84,9296363.52,704,576,16,3.0
l,4.0,146656786551.47977,3098787.84,93914275.84,9296363.52,704,576,16,3.0
xl,4.0,293313573102.95953,3098787.84,93914275.84,9296363.52,704,576,16,3.0
s,4.0,26649491602.318806,3098787.84,111765749.76,9296363.52,768,576,16,3.0
m,4.0,66623729005.79701,3098787.84,111765749.76,9296363.52,768,576,16,3.0
l,4.0,133247458011.59402,3098787.84,111765749.76,9296363.52,768,576,16,3.0
xl,4.0,266494916023.18805,3098787.84,111765749.76,9296363.52,768,576,16,3.0
s,4.0,24314440538.417103,3825664.0,111765749.76,11476992.0,768,640,16,3.0
m,4.0,60786101346.04276,3825664.0,111765749.76,11476992.0,768,640,16,3.0
l,4.0,121572202692.08553,3825664.0,111765749.76,11476992.0,768,640,16,3.0
xl,4.0,243144405384.17105,3825664.0,111765749.76,11476992.0,768,640,16,3.0
s,4.0,141449156338.38873,612106.24,19677184.0,1836318.72,640,256,4,3.0
s,4.0,95614144027.45561,956416.0,28335144.96,2869248.0,768,320,4,3.0
s,4.0,140453058419.28104,612106.24,19923148.799999997,1836318.72,576,256,5,3.0
s,4.0,102466239423.43477,956416.0,24596480.0,2869248.0,640,320,5,3.0
s,4.0,93180853675.27278,956416.0,29761740.8,2869248.0,704,320,5,3.0
s,4.0,84770463962.99069,956416.0,35418931.2,2869248.0,768,320,5,3.0
s,4.0,71814970440.72836,1377239.04,35418931.2,4131717.12,768,384,5,3.0
m,4.0,179537426101.8209,1377239.04,35418931.2,4131717.12,768,384,5,3.0
l,4.0,359074852203.6418,1377239.04,35418931.2,4131717.12,768,384,5,3.0
xl,4.0,718149704407.2836,1377239.04,35418931.2,4131717.12,768,384,5,3.0
s,4.0,144330734918.24643,612106.24,18890096.64,1836318.72,512,256,6,3.0
s,4.0,93547819774.51233,956416.0,29515776.0,2869248.0,640,320,6,3.0
s,4.0,84340302568.20404,956416.0,35714088.96,2869248.0,704,320,6,3.0
s,4.0,71506005486.21533,1377239.04,35714088.96,4131717.12,704,384,6,3.0
m,4.0,178765013715.53833,1377239.04,35714088.96,4131717.12,704,384,6,3.0
l,4.0,357530027431.07666,1377239.04,35714088.96,4131717.12,704,384,6,3.0
xl,4.0,715060054862.1533,1377239.04,35714088.96,4131717.12,704,384,6,3.0
s,4.0,65519931582.51496,1377239.04,42502717.44,4131717.12,768,384,6,3.0
m,4.0,163799828956.28738,1377239.04,42502717.44,4131717.12,768,384,6,3.0
l,4.0,327599657912.57477,1377239.04,42502717.44,4131717.12,768,384,6,3.0
xl,4.0,655199315825.1495,1377239.04,42502717.44,4131717.12,768,384,6,3.0
s,4.0,132885443477.63373,612106.24,22038446.08,1836318.72,512,256,7,3.0
s,4.0,96267232662.54478,956416.0,27892408.32,2869248.0,576,320,7,3.0
s,4.0,86057571827.09175,956416.0,34435072.0,2869248.0,640,320,7,3.0
s,4.0,72736584702.89339,1377239.04,34435072.0,4131717.12,640,384,7,3.0
s,4.0,66182437830.41515,1377239.04,41666437.120000005,4131717.12,704,384,7,3.0
m,4.0,165456094576.0379,1377239.04,41666437.120000005,4131717.12,704,384,7,3.0
l,4.0,330912189152.0758,1377239.04,41666437.120000005,4131717.12,704,384,7,3.0
xl,4.0,661824378304.1516,1377239.04,41666437.120000005,4131717.12,704,384,7,3.0
s,4.0,60239551782.265686,1377239.04,49586503.68,4131717.12,768,384,7,3.0
m,4.0,150598879455.6642,1377239.04,49586503.68,4131717.12,768,384,7,3.0
l,4.0,301197758911.3284,1377239.04,49586503.68,4131717.12,768,384,7,3.0
xl,4.0,602395517822.6569,1377239.04,49586503.68,4131717.12,768,384,7,3.0
s,4.0,52363185761.47625,1874575.3599999999,49586503.68,5623726.08,768,448,7,3.0
m,4.0,130907964403.69063,1874575.3599999999,49586503.68,5623726.08,768,448,7,3.0
l,4.0,261815928807.38126,1874575.3599999999,49586503.68,5623726.08,768,448,7,3.0
xl,4.0,523631857614.7625,1874575.3599999999,49586503.68,5623726.08,768,448,7,3.0
s,4.0,142678740621.0986,612106.24,19283640.32,1836318.72,448,256,8,3.0
s,4.0,101201748908.71321,956416.0,25186795.52,2869248.0,512,320,8,3.0
s,4.0,89749650744.6191,956416.0,31877038.08,2869248.0,576,320,8,3.0
s,4.0,68126166783.23325,1377239.04,39354368.0,4131717.12,640,384,8,3.0
m,4.0,170315416958.08313,1377239.04,39354368.0,4131717.12,640,384,8,3.0
l,4.0,340630833916.16626,1377239.04,39354368.0,4131717.12,640,384,8,3.0
xl,4.0,681261667832.3325,1377239.04,39354368.0,4131717.12,640,384,8,3.0
s,4.0,61596616628.92616,1377239.04,47618785.28,4131717.12,704,384,8,3.0
m,4.0,153991541572.31543,1377239.04,47618785.28,4131717.12,704,384,8,3.0
l,4.0,307983083144.63086,1377239.04,47618785.28,4131717.12,704,384,8,3.0
xl,4.0,615966166289.2617,1377239.04,47618785.28,4131717.12,704,384,8,3.0
s,4.0,53385564744.87688,1874575.3599999999,47618785.28,5623726.08,704,448,8,3.0
m,4.0,133463911862.1922,1874575.3599999999,47618785.28,5623726.08,704,448,8,3.0
l,4.0,266927823724.3844,1874575.3599999999,47618785.28,5623726.08,704,448,8,3.0
xl,4.0,533855647448.7688,1874575.3599999999,47618785.28,5623726.08,704,448,8,3.0
s,4.0,48935064172.03382,1874575.3599999999,56670289.92,5623726.08,768,448,8,3.0
m,4.0,122337660430.08456,1874575.3599999999,56670289.92,5623726.08,768,448,8,3.0
l,4.0,244675320860.16913,1874575.3599999999,56670289.92,5623726.08,768,448,8,3.0
xl,4.0,489350641720.33826,1874575.3599999999,56670289.92,5623726.08,768,448,8,3.0
s,4.0,133934413839.03795,612106.24,21694095.36,1836318.72,448,256,9,3.0
s,4.0,95438063613.3022,956416.0,28335144.96,2869248.0,512,320,9,3.0
s,4.0,84058628162.9194,956416.0,35861667.839999996,2869248.0,576,320,9,3.0
s,4.0,71303431868.40147,1377239.04,35861667.839999996,4131717.12,576,384,9,3.0
m,4.0,178258579671.0037,1377239.04,35861667.839999996,4131717.12,576,384,9,3.0
l,4.0,356517159342.0074,1377239.04,35861667.839999996,4131717.12,576,384,9,3.0
xl,4.0,713034318684.0148,1377239.04,35861667.839999996,4131717.12,576,384,9,3.0
s,4.0,64065374645.39302,1377239.04,44273664.0,4131717.12,640,384,9,3.0
m,4.0,160163436613.48254,1377239.04,44273664.0,4131717.12,640,384,9,3.0
l,4.0,320326873226.9651,1377239.04,44273664.0,4131717.12,640,384,9,3.0
xl,4.0,640653746453.9302,1377239.04,44273664.0,4131717.12,640,384,9,3.0
s,4.0,50361178689.76957,1874575.3599999999,53571133.44,5623726.08,704,448,9,3.0
m,4.0,125902946724.42392,1874575.3599999999,53571133.44,5623726.08,704,448,9,3.0
l,4.0,251805893448.84784,1874575.3599999999,53571133.44,5623726.08,704,448,9,3.0
xl,4.0,503611786897.6957,1874575.3599999999,53571133.44,5623726.08,704,448,9,3.0
s,4.0,45928227481.26147,1874575.3599999999,63754076.160000004,5623726.08,768,448,9,3.0
m,4.0,114820568703.15367,1874575.3599999999,63754076.160000004,5623726.08,768,448,9,3.0
l,4.0,229641137406.30734,1874575.3599999999,63754076.160000004,5623726.08,768,448,9,3.0
xl,4.0,459282274812.6147,1874575.3599999999,63754076.160000004,5623726.08,768,448,9,3.0
s,4.0,40586086466.15711,2448424.96,63754076.160000004,7345274.88,768,512,9,3.0
m,4.0,101465216165.39278,2448424.96,63754076.160000004,7345274.88,768,512,9,3.0
l,4.0,202930432330.78555,2448424.96,63754076.160000004,7345274.88,768,512,9,3.0
xl,4.0,405860864661.5711,2448424.96,63754076.160000004,7345274.88,768,512,9,3.0
s,4.0,88770376884.93243,956416.0,30783569.92,2869248.0,512,320,10,3.0
s,4.0,66697879139.77194,1377239.04,38960455.67999999,4131717.12,576,384,10,3.0
m,4.0,166744697849.42987,1377239.04,38960455.67999999,4131717.12,576,384,10,3.0
l,4.0,333489395698.85974,1377239.04,38960455.67999999,4131717.12,576,384,10,3.0
xl,4.0,666978791397.7195,1377239.04,38960455.67999999,4131717.12,576,384,10,3.0
s,4.0,59604333275.08321,1377239.04,48099328.0,4131717.12,640,384,10,3.0
m,4.0,149010833187.70804,1377239.04,48099328.0,4131717.12,640,384,10,3.0
l,4.0,298021666375.4161,1377239.04,48099328.0,4131717.12,640,384,10,3.0
xl,4.0,596043332750.8322,1377239.04,48099328.0,4131717.12,640,384,10,3.0
s,4.0,51882555625.4462,1874575.3599999999,48099328.0,5623726.08,640,448,10,3.0
m,4.0,129706389063.6155,1874575.3599999999,48099328.0,5623726.08,640,448,10,3.0
l,4.0,259412778127.231,1874575.3599999999,48099328.0,5623726.08,640,448,10,3.0
xl,4.0,518825556254.462,1874575.3599999999,48099328.0,5623726.08,640,448,10,3.0
s,4.0,47074113378.65735,1874575.3599999999,58200186.879999995,5623726.08,704,448,10,3.0
m,4.0,117685283446.64337,1874575.3599999999,58200186.879999995,5623726.08,704,448,10,3.0
l,4.0,235370566893.28674,1874575.3599999999,58200186.879999995,5623726.08,704,448,10,3.0
xl,4.0,470741133786.5735,1874575.3599999999,58200186.879999995,5623726.08,704,448,10,3.0
s,4.0,42741676243.19568,1874575.3599999999,69263032.32000001,5623726.08,768,448,10,3.0
m,4.0,106854190607.9892,1874575.3599999999,69263032.32000001,5623726.08,768,448,10,3.0
l,4.0,213708381215.9784,1874575.3599999999,69263032.32000001,5623726.08,768,448,10,3.0
xl,4.0,427416762431.9568,1874575.3599999999,69263032.32000001,5623726.08,768,448,10,3.0
s,4.0,38077466406.048645,2448424.96,69263032.32000001,7345274.88,768,512,10,3.0
m,4.0,95193666015.12161,2448424.96,69263032.32000001,7345274.88,768,512,10,3.0
l,4.0,190387332030.24323,2448424.96,69263032.32000001,7345274.88,768,512,10,3.0
xl,4.0,380774664060.48645,2448424.96,69263032.32000001,7345274.88,768,512,10,3.0
s,4.0,138958534906.58408,612106.24,19086704.64,1836318.72,384,256,11,3.0
s,4.0,97019262452.73668,956416.0,25979125.759999998,2869248.0,448,320,11,3.0
s,4.0,84304473659.3842,956416.0,33931919.36,2869248.0,512,320,11,3.0
s,4.0,63502810344.81305,1377239.04,42945085.44,4131717.12,576,384,11,3.0
m,4.0,158757025862.03262,1377239.04,42945085.44,4131717.12,576,384,11,3.0
l,4.0,317514051724.06525,1377239.04,42945085.44,4131717.12,576,384,11,3.0
xl,4.0,635028103448.1305,1377239.04,42945085.44,4131717.12,576,384,11,3.0
s,4.0,49493412355.54496,1874575.3599999999,53018624.0,5623726.08,640,448,11,3.0
m,4.0,123733530888.8624,1874575.3599999999,53018624.0,5623726.08,640,448,11,3.0
l,4.0,247467061777.7248,1874575.3599999999,53018624.0,5623726.08,640,448,11,3.0
xl,4.0,494934123555.4496,1874575.3599999999,53018624.0,5623726.08,640,448,11,3.0
s,4.0,44706709500.701515,1874575.3599999999,64152535.04,5623726.08,704,448,11,3.0
m,4.0,111766773751.75378,1874575.3599999999,64152535.04,5623726.08,704,448,11,3.0
l,4.0,223533547503.50757,1874575.3599999999,64152535.04,5623726.08,704,448,11,3.0
xl,4.0,447067095007.01514,1874575.3599999999,64152535.04,5623726.08,704,448,11,3.0
s,4.0,39629244010.66591,2448424.96,64152535.04,7345274.88,704,512,11,3.0
m,4.0,99073110026.66476,2448424.96,64152535.04,7345274.88,704,512,11,3.0
l,4.0,198146220053.32953,2448424.96,64152535.04,7345274.88,704,512,11,3.0
xl,4.0,396292440106.65906,2448424.96,64152535.04,7345274.88,704,512,11,3.0
s,4.0,36231740391.2439,2448424.96,76346818.56,7345274.88,768,512,11,3.0
m,4.0,90579350978.10974,2448424.96,76346818.56,7345274.88,768,512,11,3.0
l,4.0,181158701956.21948,2448424.96,76346818.56,7345274.88,768,512,11,3.0
xl,4.0,362317403912.43896,2448424.96,76346818.56,7345274.88,768,512,11,3.0
s,4.0,132744516886.84415,612106.24,20857651.2,1836318.72,384,256,12,3.0
s,4.0,92895191453.57104,956416.0,28389580.8,2869248.0,448,320,12,3.0
s,4.0,68555950189.19906,1377239.04,37080268.8,4131717.12,512,384,12,3.0
m,4.0,171389875472.99765,1377239.04,37080268.8,4131717.12,512,384,12,3.0
l,4.0,342779750945.9953,1377239.04,37080268.8,4131717.12,512,384,12,3.0
xl,4.0,685559501891.9906,1377239.04,37080268.8,4131717.12,512,384,12,3.0
s,4.0,60599858706.339035,1377239.04,46929715.2,4131717.12,576,384,12,3.0
m,4.0,151499646765.8476,1377239.04,46929715.2,4131717.12,576,384,12,3.0
l,4.0,302999293531.6952,1377239.04,46929715.2,4131717.12,576,384,12,3.0
xl,4.0,605998587063.3904,1377239.04,46929715.2,4131717.12,576,384,12,3.0
s,4.0,52635218866.67227,1874575.3599999999,46929715.2,5623726.08,576,448,12,3.0
m,4.0,131588047166.68068,1874575.3599999999,46929715.2,5623726.08,576,448,12,3.0
l,4.0,263176094333.36136,1874575.3599999999,46929715.2,5623726.08,576,448,12,3.0
xl,4.0,526352188666.7227,1874575.3599999999,46929715.2,5623726.08,576,448,12,3.0
s,4.0,47314618335.07928,1874575.3599999999,57937920.0,5623726.08,640,448,12,3.0
m,4.0,118286545837.6982,1874575.3599999999,57937920.0,5623726.08,640,448,12,3.0
l,4.0,236573091675.3964,1874575.3599999999,57937920.0,5623726.08,640,448,12,3.0
xl,4.0,473146183350.7928,1874575.3599999999,57937920.0,5623726.08,640,448,12,3.0
s,4.0,42566022011.4144,1874575.3599999999,70104883.2,5623726.08,704,448,12,3.0
m,4.0,106415055028.53598,1874575.3599999999,70104883.2,5623726.08,704,448,12,3.0
l,4.0,212830110057.07196,1874575.3599999999,70104883.2,5623726.08,704,448,12,3.0
xl,4.0,425660220114.1439,1874575.3599999999,70104883.2,5623726.08,704,448,12,3.0
s,4.0,37937994602.94696,2448424.96,70104883.2,7345274.88,704,512,12,3.0
m,4.0,94844986507.3674,2448424.96,70104883.2,7345274.88,704,512,12,3.0
l,4.0,189689973014.7348,2448424.96,70104883.2,7345274.88,704,512,12,3.0
xl,4.0,379379946029.4696,2448424.96,70104883.2,7345274.88,704,512,12,3.0
s,4.0,34556677307.69048,2448424.96,83430604.8,7345274.88,768,512,12,3.0
m,4.0,86391693269.22621,2448424.96,83430604.8,7345274.88,768,512,12,3.0
l,4.0,172783386538.45242,2448424.96,83430604.8,7345274.88,768,512,12,3.0
xl,4.0,345566773076.90485,2448424.96,83430604.8,7345274.88,768,512,12,3.0
s,4.0,31082217877.07736,3098787.84,83430604.8,9296363.52,768,576,12,3.0
m,4.0,77705544692.69339,3098787.84,83430604.8,9296363.52,768,576,12,3.0
l,4.0,155411089385.38678,3098787.84,83430604.8,9296363.52,768,576,12,3.0
xl,4.0,310822178770.77356,3098787.84,83430604.8,9296363.52,768,576,12,3.0
s,4.0,127062472978.89449,612106.24,22628597.759999998,1836318.72,384,256,13,3.0
s,4.0,89107434495.59225,956416.0,30800035.84,2869248.0,448,320,13,3.0
s,4.0,65861516477.329025,1377239.04,40228618.24,4131717.12,512,384,13,3.0
m,4.0,164653791193.32257,1377239.04,40228618.24,4131717.12,512,384,13,3.0
l,4.0,329307582386.64514,1377239.04,40228618.24,4131717.12,512,384,13,3.0
xl,4.0,658615164773.2903,1377239.04,40228618.24,4131717.12,512,384,13,3.0
s,4.0,57950714206.39135,1377239.04,50914344.95999999,4131717.12,576,384,13,3.0
m,4.0,144876785515.9784,1377239.04,50914344.95999999,4131717.12,576,384,13,3.0
l,4.0,289753571031.9568,1377239.04,50914344.95999999,4131717.12,576,384,13,3.0
xl,4.0,579507142063.9136,1377239.04,50914344.95999999,4131717.12,576,384,13,3.0
s,4.0,50625118558.96516,1874575.3599999999,50914344.95999999,5623726.08,576,448,13,3.0
m,4.0,126562796397.41289,1874575.3599999999,50914344.95999999,5623726.08,576,448,13,3.0
l,4.0,253125592794.82578,1874575.3599999999,50914344.95999999,5623726.08,576,448,13,3.0
xl,4.0,506251185589.65155,1874575.3599999999,50914344.95999999,5623726.08,576,448,13,3.0
s,4.0,45319565002.947,1874575.3599999999,62857216.0,5623726.08,640,448,13,3.0
m,4.0,113298912507.36751,1874575.3599999999,62857216.0,5623726.08,640,448,13,3.0
l,4.0,226597825014.73502,1874575.3599999999,62857216.0,5623726.08,640,448,13,3.0
xl,4.0,453195650029.47003,1874575.3599999999,62857216.0,5623726.08,640,448,13,3.0
s,4.0,40110048624.80228,2448424.96,62857216.0,7345274.88,640,512,13,3.0
m,4.0,100275121562.00569,2448424.96,62857216.0,7345274.88,640,512,13,3.0
l,4.0,200550243124.01138,2448424.96,62857216.0,7345274.88,640,512,13,3.0
xl,4.0,401100486248.02277,2448424.96,62857216.0,7345274.88,640,512,13,3.0
s,4.0,36385191003.71088,2448424.96,76057231.36,7345274.88,704,512,13,3.0
m,4.0,90962977509.27719,2448424.96,76057231.36,7345274.88,704,512,13,3.0
l,4.0,181925955018.55438,2448424.96,76057231.36,7345274.88,704,512,13,3.0
xl,4.0,363851910037.10876,2448424.96,76057231.36,7345274.88,704,512,13,3.0
s,4.0,33029652891.43061,2448424.96,90514391.03999999,7345274.88,768,512,13,3.0
m,4.0,82574132228.57652,2448424.96,90514391.03999999,7345274.88,768,512,13,3.0
l,4.0,165148264457.15305,2448424.96,90514391.03999999,7345274.88,768,512,13,3.0
xl,4.0,330296528914.3061,2448424.96,90514391.03999999,7345274.88,768,512,13,3.0
s,4.0,29841309074.917793,3098787.84,90514391.03999999,9296363.52,768,576,13,3.0
m,4.0,74603272687.29448,3098787.84,90514391.03999999,9296363.52,768,576,13,3.0
l,4.0,149206545374.58896,3098787.84,90514391.03999999,9296363.52,768,576,13,3.0
xl,4.0,298413090749.1779,3098787.84,90514391.03999999,9296363.52,768,576,13,3.0
s,4.0,100338675942.39127,956416.0,24399544.32,2869248.0,384,320,14,3.0
s,4.0,85616464158.38646,956416.0,33210490.88,2869248.0,448,320,14,3.0
s,4.0,63370870383.99989,1377239.04,43376967.68,4131717.12,512,384,14,3.0
m,4.0,158427175959.99973,1377239.04,43376967.68,4131717.12,512,384,14,3.0
l,4.0,316854351919.99945,1377239.04,43376967.68,4131717.12,512,384,14,3.0
xl,4.0,633708703839.9989,1377239.04,43376967.68,4131717.12,512,384,14,3.0
s,4.0,48762899288.75917,1874575.3599999999,54898974.72,5623726.08,576,448,14,3.0
m,4.0,121907248221.89792,1874575.3599999999,54898974.72,5623726.08,576,448,14,3.0
l,4.0,243814496443.79584,1874575.3599999999,54898974.72,5623726.08,576,448,14,3.0
xl,4.0,487628992887.5917,1874575.3599999999,54898974.72,5623726.08,576,448,14,3.0
s,4.0,43485950093.07454,1874575.3599999999,67776512.0,5623726.08,640,448,14,3.0
m,4.0,108714875232.68636,1874575.3599999999,67776512.0,5623726.08,640,448,14,3.0
l,4.0,217429750465.3727,1874575.3599999999,67776512.0,5623726.08,640,448,14,3.0
xl,4.0,434859500930.7454,1874575.3599999999,67776512.0,5623726.08,640,448,14,3.0
s,4.0,38667044403.47675,2448424.96,67776512.0,7345274.88,640,512,14,3.0
m,4.0,96667611008.6919,2448424.96,67776512.0,7345274.88,640,512,14,3.0
l,4.0,193335222017.3838,2448424.96,67776512.0,7345274.88,640,512,14,3.0
xl,4.0,386670444034.7676,2448424.96,67776512.0,7345274.88,640,512,14,3.0
s,4.0,34954501878.102585,2448424.96,82009579.52,7345274.88,704,512,14,3.0
m,4.0,87386254695.25645,2448424.96,82009579.52,7345274.88,704,512,14,3.0
l,4.0,174772509390.5129,2448424.96,82009579.52,7345274.88,704,512,14,3.0
xl,4.0,349545018781.0258,2448424.96,82009579.52,7345274.88,704,512,14,3.0
s,4.0,31403694390.903236,3098787.84,82009579.52,9296363.52,704,576,14,3.0
m,4.0,78509235977.25809,3098787.84,82009579.52,9296363.52,704,576,14,3.0
l,4.0,157018471954.51617,3098787.84,82009579.52,9296363.52,704,576,14,3.0
xl,4.0,314036943909.03235,3098787.84,82009579.52,9296363.52,704,576,14,3.0
s,4.0,28695679090.959084,3098787.84,97598177.28,9296363.52,768,576,14,3.0
m,4.0,71739197727.3977,3098787.84,97598177.28,9296363.52,768,576,14,3.0
l,4.0,143478395454.7954,3098787.84,97598177.28,9296363.52,768,576,14,3.0
xl,4.0,286956790909.5908,3098787.84,97598177.28,9296363.52,768,576,14,3.0
s,4.0,26006377312.97183,3825664.0,97598177.28,11476992.0,768,640,14,3.0
m,4.0,65015943282.42957,3825664.0,97598177.28,11476992.0,768,640,14,3.0
l,4.0,130031886564.85915,3825664.0,97598177.28,11476992.0,768,640,14,3.0
xl,4.0,260063773129.7183,3825664.0,97598177.28,11476992.0,768,640,14,3.0
s,4.0,143140436593.90527,612106.24,18173952.0,1836318.72,320,256,15,3.0
s,4.0,97057948409.27458,956416.0,26170490.88,2869248.0,384,320,15,3.0
s,4.0,82388713774.42404,956416.0,35620945.92,2869248.0,448,320,15,3.0
s,4.0,70098224885.26686,1377239.04,35620945.92,4131717.12,448,384,15,3.0
m,4.0,175245562213.16718,1377239.04,35620945.92,4131717.12,448,384,15,3.0
l,4.0,350491124426.33435,1377239.04,35620945.92,4131717.12,448,384,15,3.0
xl,4.0,700982248852.6687,1377239.04,35620945.92,4131717.12,448,384,15,3.0
s,4.0,61061734801.206635,1377239.04,46525317.12,4131717.12,512,384,15,3.0
m,4.0,152654337003.01657,1377239.04,46525317.12,4131717.12,512,384,15,3.0
l,4.0,305308674006.03314,1377239.04,46525317.12,4131717.12,512,384,15,3.0
xl,4.0,610617348012.0663,1377239.04,46525317.12,4131717.12,512,384,15,3.0
s,4.0,47032820864.46972,1874575.3599999999,58883604.480000004,5623726.08,576,448,15,3.0
m,4.0,117582052161.1743,1874575.3599999999,58883604.480000004,5623726.08,576,448,15,3.0
l,4.0,235164104322.3486,1874575.3599999999,58883604.480000004,5623726.08,576,448,15,3.0
xl,4.0,470328208644.6972,1874575.3599999999,58883604.480000004,5623726.08,576,448,15,3.0
s,4.0,37324261996.92254,2448424.96,72695808.0,7345274.88,640,512,15,3.0
m,4.0,93310654992.30635,2448424.96,72695808.0,7345274.88,640,512,15,3.0
l,4.0,186621309984.6127,2448424.96,72695808.0,7345274.88,640,512,15,3.0
xl,4.0,373242619969.2254,2448424.96,72695808.0,7345274.88,640,512,15,3.0
s,4.0,33632067346.44447,2448424.96,87961927.68,7345274.88,704,512,15,3.0
m,4.0,84080168366.11118,2448424.96,87961927.68,7345274.88,704,512,15,3.0
l,4.0,168160336732.22235,2448424.96,87961927.68,7345274.88,704,512,15,3.0
xl,4.0,336320673464.4447,2448424.96,87961927.68,7345274.88,704,512,15,3.0
s,4.0,30332170805.569023,3098787.84,87961927.68,9296363.52,704,576,15,3.0
m,4.0,75830427013.92256,3098787.84,87961927.68,9296363.52,704,576,15,3.0
l,4.0,151660854027.84512,3098787.84,87961927.68,9296363.52,704,576,15,3.0
xl,4.0,303321708055.69025,3098787.84,87961927.68,9296363.52,704,576,15,3.0
s,4.0,27634760156.236412,3098787.84,104681963.52,9296363.52,768,576,15,3.0
m,4.0,69086900390.59103,3098787.84,104681963.52,9296363.52,768,576,15,3.0
l,4.0,138173800781.18207,3098787.84,104681963.52,9296363.52,768,576,15,3.0
xl,4.0,276347601562.36414,3098787.84,104681963.52,9296363.52,768,576,15,3.0
s,4.0,25131964932.02226,3825664.0,104681963.52,11476992.0,768,640,15,3.0
m,4.0,62829912330.05565,3825664.0,104681963.52,11476992.0,768,640,15,3.0
l,4.0,125659824660.1113,3825664.0,104681963.52,11476992.0,768,640,15,3.0
xl,4.0,251319649320.2226,3825664.0,104681963.52,11476992.0,768,640,15,3.0
s,4.0,138489614098.8011,612106.24,19403776.0,1836318.72,320,256,16,3.0
s,4.0,93984965232.63054,956416.0,27941437.44,2869248.0,384,320,16,3.0
s,4.0,67919626196.45856,1377239.04,38031400.96,4131717.12,448,384,16,3.0
m,4.0,169799065491.1464,1377239.04,38031400.96,4131717.12,448,384,16,3.0
l,4.0,339598130982.2928,1377239.04,38031400.96,4131717.12,448,384,16,3.0
xl,4.0,679196261964.5856,1377239.04,38031400.96,4131717.12,448,384,16,3.0
s,4.0,58914965438.12467,1377239.04,49673666.56,4131717.12,512,384,16,3.0
m,4.0,147287413595.31168,1377239.04,49673666.56,4131717.12,512,384,16,3.0
l,4.0,294574827190.62335,1377239.04,49673666.56,4131717.12,512,384,16,3.0
xl,4.0,589149654381.2467,1377239.04,49673666.56,4131717.12,512,384,16,3.0
s,4.0,51359450131.42843,1874575.3599999999,49673666.56,5623726.08,512,448,16,3.0
m,4.0,128398625328.57108,1874575.3599999999,49673666.56,5623726.08,512,448,16,3.0
l,4.0,256797250657.14215,1874575.3599999999,49673666.56,5623726.08,512,448,16,3.0
xl,4.0,513594501314.2843,1874575.3599999999,49673666.56,5623726.08,512,448,16,3.0
s,4.0,45421300366.044815,1874575.3599999999,62868234.239999995,5623726.08,576,448,16,3.0
m,4.0,113553250915.11203,1874575.3599999999,62868234.239999995,5623726.08,576,448,16,3.0
l,4.0,227106501830.22406,1874575.3599999999,62868234.239999995,5623726.08,576,448,16,3.0
xl,4.0,454213003660.4481,1874575.3599999999,62868234.239999995,5623726.08,576,448,16,3.0
s,4.0,40189718621.169846,2448424.96,62868234.239999995,7345274.88,576,512,16,3.0
m,4.0,100474296552.9246,2448424.96,62868234.239999995,7345274.88,576,512,16,3.0
l,4.0,200948593105.8492,2448424.96,62868234.239999995,7345274.88,576,512,16,3.0
xl,4.0,401897186211.6984,2448424.96,62868234.239999995,7345274.88,576,512,16,3.0
s,4.0,36071610677.40914,2448424.96,77615104.0,7345274.88,640,512,16,3.0
m,4.0,90179026693.52286,2448424.96,77615104.0,7345274.88,640,512,16,3.0
l,4.0,180358053387.04572,2448424.96,77615104.0,7345274.88,640,512,16,3.0
xl,4.0,360716106774.09143,2448424.96,77615104.0,7345274.88,640,512,16,3.0
s,4.0,32302453004.86669,3098787.84,77615104.0,9296363.52,640,576,16,3.0
m,4.0,80756132512.16673,3098787.84,77615104.0,9296363.52,640,576,16,3.0
l,4.0,161512265024.33347,3098787.84,77615104.0,9296363.52,640,576,16,3.0
xl,4.0,323024530048.66693,3098787.84,77615104.0,9296363.52,640,576,16,3.0
s,4.0,29331357310.29595,3098787.84,93914275.84,9296363.52,704,576,16,3.0
m,4.0,73328393275.73988,3098787.84,93914275.84,9296363.52,704,576,16,3.0
l,4.0,146656786551.47977,3098787.84,93914275.84,9296363.52,704,576,16,3.0
xl,4.0,293313573102.95953,3098787.84,93914275.84,9296363.52,704,576,16,3.0
s,4.0,26649491602.318806,3098787.84,111765749.76,9296363.52,768,576,16,3.0
m,4.0,66623729005.79701,3098787.84,111765749.76,9296363.52,768,576,16,3.0
l,4.0,133247458011.59402,3098787.84,111765749.76,9296363.52,768,576,16,3.0
xl,4.0,266494916023.18805,3098787.84,111765749.76,9296363.52,768,576,16,3.0
s,4.0,24314440538.417103,3825664.0,111765749.76,11476992.0,768,640,16,3.0
m,4.0,60786101346.04276,3825664.0,111765749.76,11476992.0,768,640,16,3.0
l,4.0,121572202692.08553,3825664.0,111765749.76,11476992.0,768,640,16,3.0
xl,4.0,243144405384.17105,3825664.0,111765749.76,11476992.0,768,640,16,3.0
s,4.0,141449156338.38873,612106.24,19677184.0,1836318.72,640,256,4,3.0
s,4.0,95614144027.45561,956416.0,28335144.96,2869248.0,768,320,4,3.0
s,4.0,140453058419.28104,612106.24,19923148.799999997,1836318.72,576,256,5,3.0
s,4.0,102466239423.43477,956416.0,24596480.0,2869248.0,640,320,5,3.0
s,4.0,93180853675.27278,956416.0,29761740.8,2869248.0,704,320,5,3.0
s,4.0,84770463962.99069,956416.0,35418931.2,2869248.0,768,320,5,3.0
s,4.0,71814970440.72836,1377239.04,35418931.2,4131717.12,768,384,5,3.0
m,4.0,179537426101.8209,1377239.04,35418931.2,4131717.12,768,384,5,3.0
l,4.0,359074852203.6418,1377239.04,35418931.2,4131717.12,768,384,5,3.0
xl,4.0,718149704407.2836,1377239.04,35418931.2,4131717.12,768,384,5,3.0
s,4.0,144330734918.24643,612106.24,18890096.64,1836318.72,512,256,6,3.0
s,4.0,93547819774.51233,956416.0,29515776.0,2869248.0,640,320,6,3.0
s,4.0,84340302568.20404,956416.0,35714088.96,2869248.0,704,320,6,3.0
s,4.0,71506005486.21533,1377239.04,35714088.96,4131717.12,704,384,6,3.0
m,4.0,178765013715.53833,1377239.04,35714088.96,4131717.12,704,384,6,3.0
l,4.0,357530027431.07666,1377239.04,35714088.96,4131717.12,704,384,6,3.0
xl,4.0,715060054862.1533,1377239.04,35714088.96,4131717.12,704,384,6,3.0
s,4.0,65519931582.51496,1377239.04,42502717.44,4131717.12,768,384,6,3.0
m,4.0,163799828956.28738,1377239.04,42502717.44,4131717.12,768,384,6,3.0
l,4.0,327599657912.57477,1377239.04,42502717.44,4131717.12,768,384,6,3.0
xl,4.0,655199315825.1495,1377239.04,42502717.44,4131717.12,768,384,6,3.0
s,4.0,132885443477.63373,612106.24,22038446.08,1836318.72,512,256,7,3.0
s,4.0,96267232662.54478,956416.0,27892408.32,2869248.0,576,320,7,3.0
s,4.0,86057571827.09175,956416.0,34435072.0,2869248.0,640,320,7,3.0
s,4.0,72736584702.89339,1377239.04,34435072.0,4131717.12,640,384,7,3.0
s,4.0,66182437830.41515,1377239.04,41666437.120000005,4131717.12,704,384,7,3.0
m,4.0,165456094576.0379,1377239.04,41666437.120000005,4131717.12,704,384,7,3.0
l,4.0,330912189152.0758,1377239.04,41666437.120000005,4131717.12,704,384,7,3.0
xl,4.0,661824378304.1516,1377239.04,41666437.120000005,4131717.12,704,384,7,3.0
s,4.0,60239551782.265686,1377239.04,49586503.68,4131717.12,768,384,7,3.0
m,4.0,150598879455.6642,1377239.04,49586503.68,4131717.12,768,384,7,3.0
l,4.0,301197758911.3284,1377239.04,49586503.68,4131717.12,768,384,7,3.0
xl,4.0,602395517822.6569,1377239.04,49586503.68,4131717.12,768,384,7,3.0
s,4.0,52363185761.47625,1874575.3599999999,49586503.68,5623726.08,768,448,7,3.0
m,4.0,130907964403.69063,1874575.3599999999,49586503.68,5623726.08,768,448,7,3.0
l,4.0,261815928807.38126,1874575.3599999999,49586503.68,5623726.08,768,448,7,3.0
xl,4.0,523631857614.7625,1874575.3599999999,49586503.68,5623726.08,768,448,7,3.0
s,4.0,142678740621.0986,612106.24,19283640.32,1836318.72,448,256,8,3.0
s,4.0,101201748908.71321,956416.0,25186795.52,2869248.0,512,320,8,3.0
s,4.0,89749650744.6191,956416.0,31877038.08,2869248.0,576,320,8,3.0
s,4.0,68126166783.23325,1377239.04,39354368.0,4131717.12,640,384,8,3.0
m,4.0,170315416958.08313,1377239.04,39354368.0,4131717.12,640,384,8,3.0
l,4.0,340630833916.16626,1377239.04,39354368.0,4131717.12,640,384,8,3.0
xl,4.0,681261667832.3325,1377239.04,39354368.0,4131717.12,640,384,8,3.0
s,4.0,61596616628.92616,1377239.04,47618785.28,4131717.12,704,384,8,3.0
m,4.0,153991541572.31543,1377239.04,47618785.28,4131717.12,704,384,8,3.0
l,4.0,307983083144.63086,1377239.04,47618785.28,4131717.12,704,384,8,3.0
xl,4.0,615966166289.2617,1377239.04,47618785.28,4131717.12,704,384,8,3.0
s,4.0,53385564744.87688,1874575.3599999999,47618785.28,5623726.08,704,448,8,3.0
m,4.0,133463911862.1922,1874575.3599999999,47618785.28,5623726.08,704,448,8,3.0
l,4.0,266927823724.3844,1874575.3599999999,47618785.28,5623726.08,704,448,8,3.0
xl,4.0,533855647448.7688,1874575.3599999999,47618785.28,5623726.08,704,448,8,3.0
s,4.0,48935064172.03382,1874575.3599999999,56670289.92,5623726.08,768,448,8,3.0
m,4.0,122337660430.08456,1874575.3599999999,56670289.92,5623726.08,768,448,8,3.0
l,4.0,244675320860.16913,1874575.3599999999,56670289.92,5623726.08,768,448,8,3.0
xl,4.0,489350641720.33826,1874575.3599999999,56670289.92,5623726.08,768,448,8,3.0
s,4.0,133934413839.03795,612106.24,21694095.36,1836318.72,448,256,9,3.0
s,4.0,95438063613.3022,956416.0,28335144.96,2869248.0,512,320,9,3.0
s,4.0,84058628162.9194,956416.0,35861667.839999996,2869248.0,576,320,9,3.0
s,4.0,71303431868.40147,1377239.04,35861667.839999996,4131717.12,576,384,9,3.0
m,4.0,178258579671.0037,1377239.04,35861667.839999996,4131717.12,576,384,9,3.0
l,4.0,356517159342.0074,1377239.04,35861667.839999996,4131717.12,576,384,9,3.0
xl,4.0,713034318684.0148,1377239.04,35861667.839999996,4131717.12,576,384,9,3.0
s,4.0,64065374645.39302,1377239.04,44273664.0,4131717.12,640,384,9,3.0
m,4.0,160163436613.48254,1377239.04,44273664.0,4131717.12,640,384,9,3.0
l,4.0,320326873226.9651,1377239.04,44273664.0,4131717.12,640,384,9,3.0
xl,4.0,640653746453.9302,1377239.04,44273664.0,4131717.12,640,384,9,3.0
s,4.0,50361178689.76957,1874575.3599999999,53571133.44,5623726.08,704,448,9,3.0
m,4.0,125902946724.42392,1874575.3599999999,53571133.44,5623726.08,704,448,9,3.0
l,4.0,251805893448.84784,1874575.3599999999,53571133.44,5623726.08,704,448,9,3.0
xl,4.0,503611786897.6957,1874575.3599999999,53571133.44,5623726.08,704,448,9,3.0
s,4.0,45928227481.26147,1874575.3599999999,63754076.160000004,5623726.08,768,448,9,3.0
m,4.0,114820568703.15367,1874575.3599999999,63754076.160000004,5623726.08,768,448,9,3.0
l,4.0,229641137406.30734,1874575.3599999999,63754076.160000004,5623726.08,768,448,9,3.0
xl,4.0,459282274812.6147,1874575.3599999999,63754076.160000004,5623726.08,768,448,9,3.0
s,4.0,40586086466.15711,2448424.96,63754076.160000004,7345274.88,768,512,9,3.0
m,4.0,101465216165.39278,2448424.96,63754076.160000004,7345274.88,768,512,9,3.0
l,4.0,202930432330.78555,2448424.96,63754076.160000004,7345274.88,768,512,9,3.0
xl,4.0,405860864661.5711,2448424.96,63754076.160000004,7345274.88,768,512,9,3.0
s,4.0,88770376884.93243,956416.0,30783569.92,2869248.0,512,320,10,3.0
s,4.0,66697879139.77194,1377239.04,38960455.67999999,4131717.12,576,384,10,3.0
m,4.0,166744697849.42987,1377239.04,38960455.67999999,4131717.12,576,384,10,3.0
l,4.0,333489395698.85974,1377239.04,38960455.67999999,4131717.12,576,384,10,3.0
xl,4.0,666978791397.7195,1377239.04,38960455.67999999,4131717.12,576,384,10,3.0
s,4.0,59604333275.08321,1377239.04,48099328.0,4131717.12,640,384,10,3.0
m,4.0,149010833187.70804,1377239.04,48099328.0,4131717.12,640,384,10,3.0
l,4.0,298021666375.4161,1377239.04,48099328.0,4131717.12,640,384,10,3.0
xl,4.0,596043332750.8322,1377239.04,48099328.0,4131717.12,640,384,10,3.0
s,4.0,51882555625.4462,1874575.3599999999,48099328.0,5623726.08,640,448,10,3.0
m,4.0,129706389063.6155,1874575.3599999999,48099328.0,5623726.08,640,448,10,3.0
l,4.0,259412778127.231,1874575.3599999999,48099328.0,5623726.08,640,448,10,3.0
xl,4.0,518825556254.462,1874575.3599999999,48099328.0,5623726.08,640,448,10,3.0
s,4.0,47074113378.65735,1874575.3599999999,58200186.879999995,5623726.08,704,448,10,3.0
m,4.0,117685283446.64337,1874575.3599999999,58200186.879999995,5623726.08,704,448,10,3.0
l,4.0,235370566893.28674,1874575.3599999999,58200186.879999995,5623726.08,704,448,10,3.0
xl,4.0,470741133786.5735,1874575.3599999999,58200186.879999995,5623726.08,704,448,10,3.0
s,4.0,42741676243.19568,1874575.3599999999,69263032.32000001,5623726.08,768,448,10,3.0
m,4.0,106854190607.9892,1874575.3599999999,69263032.32000001,5623726.08,768,448,10,3.0
l,4.0,213708381215.9784,1874575.3599999999,69263032.32000001,5623726.08,768,448,10,3.0
xl,4.0,427416762431.9568,1874575.3599999999,69263032.32000001,5623726.08,768,448,10,3.0
s,4.0,38077466406.048645,2448424.96,69263032.32000001,7345274.88,768,512,10,3.0
m,4.0,95193666015.12161,2448424.96,69263032.32000001,7345274.88,768,512,10,3.0
l,4.0,190387332030.24323,2448424.96,69263032.32000001,7345274.88,768,512,10,3.0
xl,4.0,380774664060.48645,2448424.96,69263032.32000001,7345274.88,768,512,10,3.0
s,4.0,138958534906.58408,612106.24,19086704.64,1836318.72,384,256,11,3.0
s,4.0,97019262452.73668,956416.0,25979125.759999998,2869248.0,448,320,11,3.0
s,4.0,84304473659.3842,956416.0,33931919.36,2869248.0,512,320,11,3.0
s,4.0,63502810344.81305,1377239.04,42945085.44,4131717.12,576,384,11,3.0
m,4.0,158757025862.03262,1377239.04,42945085.44,4131717.12,576,384,11,3.0
l,4.0,317514051724.06525,1377239.04,42945085.44,4131717.12,576,384,11,3.0
xl,4.0,635028103448.1305,1377239.04,42945085.44,4131717.12,576,384,11,3.0
s,4.0,49493412355.54496,1874575.3599999999,53018624.0,5623726.08,640,448,11,3.0
m,4.0,123733530888.8624,1874575.3599999999,53018624.0,5623726.08,640,448,11,3.0
l,4.0,247467061777.7248,1874575.3599999999,53018624.0,5623726.08,640,448,11,3.0
xl,4.0,494934123555.4496,1874575.3599999999,53018624.0,5623726.08,640,448,11,3.0
s,4.0,44706709500.701515,1874575.3599999999,64152535.04,5623726.08,704,448,11,3.0
m,4.0,111766773751.75378,1874575.3599999999,64152535.04,5623726.08,704,448,11,3.0
l,4.0,223533547503.50757,1874575.3599999999,64152535.04,5623726.08,704,448,11,3.0
xl,4.0,447067095007.01514,1874575.3599999999,64152535.04,5623726.08,704,448,11,3.0
s,4.0,39629244010.66591,2448424.96,64152535.04,7345274.88,704,512,11,3.0
m,4.0,99073110026.66476,2448424.96,64152535.04,7345274.88,704,512,11,3.0
l,4.0,198146220053.32953,2448424.96,64152535.04,7345274.88,704,512,11,3.0
xl,4.0,396292440106.65906,2448424.96,64152535.04,7345274.88,704,512,11,3.0
s,4.0,36231740391.2439,2448424.96,76346818.56,7345274.88,768,512,11,3.0
m,4.0,90579350978.10974,2448424.96,76346818.56,7345274.88,768,512,11,3.0
l,4.0,181158701956.21948,2448424.96,76346818.56,7345274.88,768,512,11,3.0
xl,4.0,362317403912.43896,2448424.96,76346818.56,7345274.88,768,512,11,3.0
s,4.0,132744516886.84415,612106.24,20857651.2,1836318.72,384,256,12,3.0
s,4.0,92895191453.57104,956416.0,28389580.8,2869248.0,448,320,12,3.0
s,4.0,68555950189.19906,1377239.04,37080268.8,4131717.12,512,384,12,3.0
m,4.0,171389875472.99765,1377239.04,37080268.8,4131717.12,512,384,12,3.0
l,4.0,342779750945.9953,1377239.04,37080268.8,4131717.12,512,384,12,3.0
xl,4.0,685559501891.9906,1377239.04,37080268.8,4131717.12,512,384,12,3.0
s,4.0,60599858706.339035,1377239.04,46929715.2,4131717.12,576,384,12,3.0
m,4.0,151499646765.8476,1377239.04,46929715.2,4131717.12,576,384,12,3.0
l,4.0,302999293531.6952,1377239.04,46929715.2,4131717.12,576,384,12,3.0
xl,4.0,605998587063.3904,1377239.04,46929715.2,4131717.12,576,384,12,3.0
s,4.0,52635218866.67227,1874575.3599999999,46929715.2,5623726.08,576,448,12,3.0
m,4.0,131588047166.68068,1874575.3599999999,46929715.2,5623726.08,576,448,12,3.0
l,4.0,263176094333.36136,1874575.3599999999,46929715.2,5623726.08,576,448,12,3.0
xl,4.0,526352188666.7227,1874575.3599999999,46929715.2,5623726.08,576,448,12,3.0
s,4.0,47314618335.07928,1874575.3599999999,57937920.0,5623726.08,640,448,12,3.0
m,4.0,118286545837.6982,1874575.3599999999,57937920.0,5623726.08,640,448,12,3.0
l,4.0,236573091675.3964,1874575.3599999999,57937920.0,5623726.08,640,448,12,3.0
xl,4.0,473146183350.7928,1874575.3599999999,57937920.0,5623726.08,640,448,12,3.0
s,4.0,42566022011.4144,1874575.3599999999,70104883.2,5623726.08,704,448,12,3.0
m,4.0,106415055028.53598,1874575.3599999999,70104883.2,5623726.08,704,448,12,3.0
l,4.0,212830110057.07196,1874575.3599999999,70104883.2,5623726.08,704,448,12,3.0
xl,4.0,425660220114.1439,1874575.3599999999,70104883.2,5623726.08,704,448,12,3.0
s,4.0,37937994602.94696,2448424.96,70104883.2,7345274.88,704,512,12,3.0
m,4.0,94844986507.3674,2448424.96,70104883.2,7345274.88,704,512,12,3.0
l,4.0,189689973014.7348,2448424.96,70104883.2,7345274.88,704,512,12,3.0
xl,4.0,379379946029.4696,2448424.96,70104883.2,7345274.88,704,512,12,3.0
s,4.0,34556677307.69048,2448424.96,83430604.8,7345274.88,768,512,12,3.0
m,4.0,86391693269.22621,2448424.96,83430604.8,7345274.88,768,512,12,3.0
l,4.0,172783386538.45242,2448424.96,83430604.8,7345274.88,768,512,12,3.0
xl,4.0,345566773076.90485,2448424.96,83430604.8,7345274.88,768,512,12,3.0
s,4.0,31082217877.07736,3098787.84,83430604.8,9296363.52,768,576,12,3.0
m,4.0,77705544692.69339,3098787.84,83430604.8,9296363.52,768,576,12,3.0
l,4.0,155411089385.38678,3098787.84,83430604.8,9296363.52,768,576,12,3.0
xl,4.0,310822178770.77356,3098787.84,83430604.8,9296363.52,768,576,12,3.0
s,4.0,127062472978.89449,612106.24,22628597.759999998,1836318.72,384,256,13,3.0
s,4.0,89107434495.59225,956416.0,30800035.84,2869248.0,448,320,13,3.0
s,4.0,65861516477.329025,1377239.04,40228618.24,4131717.12,512,384,13,3.0
m,4.0,164653791193.32257,1377239.04,40228618.24,4131717.12,512,384,13,3.0
l,4.0,329307582386.64514,1377239.04,40228618.24,4131717.12,512,384,13,3.0
xl,4.0,658615164773.2903,1377239.04,40228618.24,4131717.12,512,384,13,3.0
s,4.0,57950714206.39135,1377239.04,50914344.95999999,4131717.12,576,384,13,3.0
m,4.0,144876785515.9784,1377239.04,50914344.95999999,4131717.12,576,384,13,3.0
l,4.0,289753571031.9568,1377239.04,50914344.95999999,4131717.12,576,384,13,3.0
xl,4.0,579507142063.9136,1377239.04,50914344.95999999,4131717.12,576,384,13,3.0
s,4.0,50625118558.96516,1874575.3599999999,50914344.95999999,5623726.08,576,448,13,3.0
m,4.0,126562796397.41289,1874575.3599999999,50914344.95999999,5623726.08,576,448,13,3.0
l,4.0,253125592794.82578,1874575.3599999999,50914344.95999999,5623726.08,576,448,13,3.0
xl,4.0,506251185589.65155,1874575.3599999999,50914344.95999999,5623726.08,576,448,13,3.0
s,4.0,45319565002.947,1874575.3599999999,62857216.0,5623726.08,640,448,13,3.0
m,4.0,113298912507.36751,1874575.3599999999,62857216.0,5623726.08,640,448,13,3.0
l,4.0,226597825014.73502,1874575.3599999999,62857216.0,5623726.08,640,448,13,3.0
xl,4.0,453195650029.47003,1874575.3599999999,62857216.0,5623726.08,640,448,13,3.0
s,4.0,40110048624.80228,2448424.96,62857216.0,7345274.88,640,512,13,3.0
m,4.0,100275121562.00569,2448424.96,62857216.0,7345274.88,640,512,13,3.0
l,4.0,200550243124.01138,2448424.96,62857216.0,7345274.88,640,512,13,3.0
xl,4.0,401100486248.02277,2448424.96,62857216.0,7345274.88,640,512,13,3.0
s,4.0,36385191003.71088,2448424.96,76057231.36,7345274.88,704,512,13,3.0
m,4.0,90962977509.27719,2448424.96,76057231.36,7345274.88,704,512,13,3.0
l,4.0,181925955018.55438,2448424.96,76057231.36,7345274.88,704,512,13,3.0
xl,4.0,363851910037.10876,2448424.96,76057231.36,7345274.88,704,512,13,3.0
s,4.0,33029652891.43061,2448424.96,90514391.03999999,7345274.88,768,512,13,3.0
m,4.0,82574132228.57652,2448424.96,90514391.03999999,7345274.88,768,512,13,3.0
l,4.0,165148264457.15305,2448424.96,90514391.03999999,7345274.88,768,512,13,3.0
xl,4.0,330296528914.3061,2448424.96,90514391.03999999,7345274.88,768,512,13,3.0
s,4.0,29841309074.917793,3098787.84,90514391.03999999,9296363.52,768,576,13,3.0
m,4.0,74603272687.29448,3098787.84,90514391.03999999,9296363.52,768,576,13,3.0
l,4.0,149206545374.58896,3098787.84,90514391.03999999,9296363.52,768,576,13,3.0
xl,4.0,298413090749.1779,3098787.84,90514391.03999999,9296363.52,768,576,13,3.0
s,4.0,100338675942.39127,956416.0,24399544.32,2869248.0,384,320,14,3.0
s,4.0,85616464158.38646,956416.0,33210490.88,2869248.0,448,320,14,3.0
s,4.0,63370870383.99989,1377239.04,43376967.68,4131717.12,512,384,14,3.0
m,4.0,158427175959.99973,1377239.04,43376967.68,4131717.12,512,384,14,3.0
l,4.0,316854351919.99945,1377239.04,43376967.68,4131717.12,512,384,14,3.0
xl,4.0,633708703839.9989,1377239.04,43376967.68,4131717.12,512,384,14,3.0
s,4.0,48762899288.75917,1874575.3599999999,54898974.72,5623726.08,576,448,14,3.0
m,4.0,121907248221.89792,1874575.3599999999,54898974.72,5623726.08,576,448,14,3.0
l,4.0,243814496443.79584,1874575.3599999999,54898974.72,5623726.08,576,448,14,3.0
xl,4.0,487628992887.5917,1874575.3599999999,54898974.72,5623726.08,576,448,14,3.0
s,4.0,43485950093.07454,1874575.3599999999,67776512.0,5623726.08,640,448,14,3.0
m,4.0,108714875232.68636,1874575.3599999999,67776512.0,5623726.08,640,448,14,3.0
l,4.0,217429750465.3727,1874575.3599999999,67776512.0,5623726.08,640,448,14,3.0
xl,4.0,434859500930.7454,1874575.3599999999,67776512.0,5623726.08,640,448,14,3.0
s,4.0,38667044403.47675,2448424.96,67776512.0,7345274.88,640,512,14,3.0
m,4.0,96667611008.6919,2448424.96,67776512.0,7345274.88,640,512,14,3.0
l,4.0,193335222017.3838,2448424.96,67776512.0,7345274.88,640,512,14,3.0
xl,4.0,386670444034.7676,2448424.96,67776512.0,7345274.88,640,512,14,3.0
s,4.0,34954501878.102585,2448424.96,82009579.52,7345274.88,704,512,14,3.0
m,4.0,87386254695.25645,2448424.96,82009579.52,7345274.88,704,512,14,3.0
l,4.0,174772509390.5129,2448424.96,82009579.52,7345274.88,704,512,14,3.0
xl,4.0,349545018781.0258,2448424.96,82009579.52,7345274.88,704,512,14,3.0
s,4.0,31403694390.903236,3098787.84,82009579.52,9296363.52,704,576,14,3.0
m,4.0,78509235977.25809,3098787.84,82009579.52,9296363.52,704,576,14,3.0
l,4.0,157018471954.51617,3098787.84,82009579.52,9296363.52,704,576,14,3.0
xl,4.0,314036943909.03235,3098787.84,82009579.52,9296363.52,704,576,14,3.0
s,4.0,28695679090.959084,3098787.84,97598177.28,9296363.52,768,576,14,3.0
m,4.0,71739197727.3977,3098787.84,97598177.28,9296363.52,768,576,14,3.0
l,4.0,143478395454.7954,3098787.84,97598177.28,9296363.52,768,576,14,3.0
xl,4.0,286956790909.5908,3098787.84,97598177.28,9296363.52,768,576,14,3.0
s,4.0,26006377312.97183,3825664.0,97598177.28,11476992.0,768,640,14,3.0
m,4.0,65015943282.42957,3825664.0,97598177.28,11476992.0,768,640,14,3.0
l,4.0,130031886564.85915,3825664.0,97598177.28,11476992.0,768,640,14,3.0
xl,4.0,260063773129.7183,3825664.0,97598177.28,11476992.0,768,640,14,3.0
s,4.0,143140436593.90527,612106.24,18173952.0,1836318.72,320,256,15,3.0
s,4.0,97057948409.27458,956416.0,26170490.88,2869248.0,384,320,15,3.0
s,4.0,82388713774.42404,956416.0,35620945.92,2869248.0,448,320,15,3.0
s,4.0,70098224885.26686,1377239.04,35620945.92,4131717.12,448,384,15,3.0
m,4.0,175245562213.16718,1377239.04,35620945.92,4131717.12,448,384,15,3.0
l,4.0,350491124426.33435,1377239.04,35620945.92,4131717.12,448,384,15,3.0
xl,4.0,700982248852.6687,1377239.04,35620945.92,4131717.12,448,384,15,3.0
s,4.0,61061734801.206635,1377239.04,46525317.12,4131717.12,512,384,15,3.0
m,4.0,152654337003.01657,1377239.04,46525317.12,4131717.12,512,384,15,3.0
l,4.0,305308674006.03314,1377239.04,46525317.12,4131717.12,512,384,15,3.0
xl,4.0,610617348012.0663,1377239.04,46525317.12,4131717.12,512,384,15,3.0
s,4.0,47032820864.46972,1874575.3599999999,58883604.480000004,5623726.08,576,448,15,3.0
m,4.0,117582052161.1743,1874575.3599999999,58883604.480000004,5623726.08,576,448,15,3.0
l,4.0,235164104322.3486,1874575.3599999999,58883604.480000004,5623726.08,576,448,15,3.0
xl,4.0,470328208644.6972,1874575.3599999999,58883604.480000004,5623726.08,576,448,15,3.0
s,4.0,37324261996.92254,2448424.96,72695808.0,7345274.88,640,512,15,3.0
m,4.0,93310654992.30635,2448424.96,72695808.0,7345274.88,640,512,15,3.0
l,4.0,186621309984.6127,2448424.96,72695808.0,7345274.88,640,512,15,3.0
xl,4.0,373242619969.2254,2448424.96,72695808.0,7345274.88,640,512,15,3.0
s,4.0,33632067346.44447,2448424.96,87961927.68,7345274.88,704,512,15,3.0
m,4.0,84080168366.11118,2448424.96,87961927.68,7345274.88,704,512,15,3.0
l,4.0,168160336732.22235,2448424.96,87961927.68,7345274.88,704,512,15,3.0
xl,4.0,336320673464.4447,2448424.96,87961927.68,7345274.88,704,512,15,3.0
s,4.0,30332170805.569023,3098787.84,87961927.68,9296363.52,704,576,15,3.0
m,4.0,75830427013.92256,3098787.84,87961927.68,9296363.52,704,576,15,3.0
l,4.0,151660854027.84512,3098787.84,87961927.68,9296363.52,704,576,15,3.0
xl,4.0,303321708055.69025,3098787.84,87961927.68,9296363.52,704,576,15,3.0
s,4.0,27634760156.236412,3098787.84,104681963.52,9296363.52,768,576,15,3.0
m,4.0,69086900390.59103,3098787.84,104681963.52,9296363.52,768,576,15,3.0
l,4.0,138173800781.18207,3098787.84,104681963.52,9296363.52,768,576,15,3.0
xl,4.0,276347601562.36414,3098787.84,104681963.52,9296363.52,768,576,15,3.0
s,4.0,25131964932.02226,3825664.0,104681963.52,11476992.0,768,640,15,3.0
m,4.0,62829912330.05565,3825664.0,104681963.52,11476992.0,768,640,15,3.0
l,4.0,125659824660.1113,3825664.0,104681963.52,11476992.0,768,640,15,3.0
xl,4.0,251319649320.2226,3825664.0,104681963.52,11476992.0,768,640,15,3.0
s,4.0,138489614098.8011,612106.24,19403776.0,1836318.72,320,256,16,3.0
s,4.0,93984965232.63054,956416.0,27941437.44,2869248.0,384,320,16,3.0
s,4.0,67919626196.45856,1377239.04,38031400.96,4131717.12,448,384,16,3.0
m,4.0,169799065491.1464,1377239.04,38031400.96,4131717.12,448,384,16,3.0
l,4.0,339598130982.2928,1377239.04,38031400.96,4131717.12,448,384,16,3.0
xl,4.0,679196261964.5856,1377239.04,38031400.96,4131717.12,448,384,16,3.0
s,4.0,58914965438.12467,1377239.04,49673666.56,4131717.12,512,384,16,3.0
m,4.0,147287413595.31168,1377239.04,49673666.56,4131717.12,512,384,16,3.0
l,4.0,294574827190.62335,1377239.04,49673666.56,4131717.12,512,384,16,3.0
xl,4.0,589149654381.2467,1377239.04,49673666.56,4131717.12,512,384,16,3.0
s,4.0,51359450131.42843,1874575.3599999999,49673666.56,5623726.08,512,448,16,3.0
m,4.0,128398625328.57108,1874575.3599999999,49673666.56,5623726.08,512,448,16,3.0
l,4.0,256797250657.14215,1874575.3599999999,49673666.56,5623726.08,512,448,16,3.0
xl,4.0,513594501314.2843,1874575.3599999999,49673666.56,5623726.08,512,448,16,3.0
s,4.0,45421300366.044815,1874575.3599999999,62868234.239999995,5623726.08,576,448,16,3.0
m,4.0,113553250915.11203,1874575.3599999999,62868234.239999995,5623726.08,576,448,16,3.0
l,4.0,227106501830.22406,1874575.3599999999,62868234.239999995,5623726.08,576,448,16,3.0
xl,4.0,454213003660.4481,1874575.3599999999,62868234.239999995,5623726.08,576,448,16,3.0
s,4.0,40189718621.169846,2448424.96,62868234.239999995,7345274.88,576,512,16,3.0
m,4.0,100474296552.9246,2448424.96,62868234.239999995,7345274.88,576,512,16,3.0
l,4.0,200948593105.8492,2448424.96,62868234.239999995,7345274.88,576,512,16,3.0
xl,4.0,401897186211.6984,2448424.96,62868234.239999995,7345274.88,576,512,16,3.0
s,4.0,36071610677.40914,2448424.96,77615104.0,7345274.88,640,512,16,3.0
m,4.0,90179026693.52286,2448424.96,77615104.0,7345274.88,640,512,16,3.0
l,4.0,180358053387.04572,2448424.96,77615104.0,7345274.88,640,512,16,3.0
xl,4.0,360716106774.09143,2448424.96,77615104.0,7345274.88,640,512,16,3.0
s,4.0,32302453004.86669,3098787.84,77615104.0,9296363.52,640,576,16,3.0
m,4.0,80756132512.16673,3098787.84,77615104.0,9296363.52,640,576,16,3.0
l,4.0,161512265024.33347,3098787.84,77615104.0,9296363.52,640,576,16,3.0
xl,4.0,323024530048.66693,3098787.84,77615104.0,9296363.52,640,576,16,3.0
s,4.0,29331357310.29595,3098787.84,93914275.84,9296363.52,704,576,16,3.0
m,4.0,73328393275.73988,3098787.84,93914275.84,9296363.52,704,576,16,3.0
l,4.0,146656786551.47977,3098787.84,93914275.84,9296363.52,704,576,16,3.0
xl,4.0,293313573102.95953,3098787.84,93914275.84,9296363.52,704,576,16,3.0
s,4.0,26649491602.318806,3098787.84,111765749.76,9296363.52,768,576,16,3.0
m,4.0,66623729005.79701,3098787.84,111765749.76,9296363.52,768,576,16,3.0
l,4.0,133247458011.59402,3098787.84,111765749.76,9296363.52,768,576,16,3.0
xl,4.0,266494916023.18805,3098787.84,111765749.76,9296363.52,768,576,16,3.0
s,4.0,24314440538.417103,3825664.0,111765749.76,11476992.0,768,640,16,3.0
m,4.0,60786101346.04276,3825664.0,111765749.76,11476992.0,768,640,16,3.0
l,4.0,121572202692.08553,3825664.0,111765749.76,11476992.0,768,640,16,3.0
xl,4.0,243144405384.17105,3825664.0,111765749.76,11476992.0,768,640,16,3.0
s,4.0,115147322616.56279,612106.24,23809392.64,2448424.96,704,256,4,4.0
s,4.0,104862238869.53606,612106.24,28335144.96,2448424.96,768,256,4,4.0
s,4.0,113161476357.12746,612106.24,24596480.0,2448424.96,640,256,5,4.0
s,4.0,101942660108.08368,612106.24,29761740.8,2448424.96,704,256,5,4.0
s,4.0,76492543935.17543,956416.0,35418931.2,3825664.0,768,320,5,4.0
m,4.0,191231359837.9386,956416.0,35418931.2,3825664.0,768,320,5,4.0
l,4.0,382462719675.8772,956416.0,35418931.2,3825664.0,768,320,5,4.0
xl,4.0,764925439351.7544,956416.0,35418931.2,3825664.0,768,320,5,4.0
s,4.0,114797197067.55428,612106.24,23907778.56,2448424.96,576,256,6,4.0
s,4.0,102382045236.15523,612106.24,29515776.0,2448424.96,640,256,6,4.0
s,4.0,76142118374.60626,956416.0,35714088.96,3825664.0,704,320,6,4.0
m,4.0,190355295936.51566,956416.0,35714088.96,3825664.0,704,320,6,4.0
l,4.0,380710591873.0313,956416.0,35714088.96,3825664.0,704,320,6,4.0
xl,4.0,761421183746.0626,956416.0,35714088.96,3825664.0,704,320,6,4.0
s,4.0,69391304583.39449,956416.0,42502717.44,3825664.0,768,320,6,4.0
m,4.0,173478261458.4862,956416.0,42502717.44,3825664.0,768,320,6,4.0
l,4.0,346956522916.9724,956416.0,42502717.44,3825664.0,768,320,6,4.0
xl,4.0,693913045833.9448,956416.0,42502717.44,3825664.0,768,320,6,4.0
s,4.0,119586866981.7484,612106.24,22038446.08,2448424.96,512,256,7,4.0
s,4.0,105648294191.65456,612106.24,27892408.32,2448424.96,576,256,7,4.0
s,4.0,77538999014.94455,956416.0,34435072.0,3825664.0,640,320,7,4.0
s,4.0,70134859010.02502,956416.0,41666437.120000005,3825664.0,704,320,7,4.0
m,4.0,175337147525.06256,956416.0,41666437.120000005,3825664.0,704,320,7,4.0
l,4.0,350674295050.1251,956416.0,41666437.120000005,3825664.0,704,320,7,4.0
xl,4.0,701348590100.2502,956416.0,41666437.120000005,3825664.0,704,320,7,4.0
s,4.0,54321305953.031075,1377239.04,49586503.68,5508956.16,768,384,7,4.0
m,4.0,135803264882.57768,1377239.04,49586503.68,5508956.16,768,384,7,4.0
l,4.0,271606529765.15536,1377239.04,49586503.68,5508956.16,768,384,7,4.0
xl,4.0,543213059530.3107,1377239.04,49586503.68,5508956.16,768,384,7,4.0
s,4.0,111621223077.13959,612106.24,25186795.52,2448424.96,512,256,8,4.0
s,4.0,72321514840.66414,956416.0,39354368.0,3825664.0,640,320,8,4.0
m,4.0,180803787101.66034,956416.0,39354368.0,3825664.0,640,320,8,4.0
l,4.0,361607574203.3207,956416.0,39354368.0,3825664.0,640,320,8,4.0
xl,4.0,723215148406.6414,956416.0,39354368.0,3825664.0,640,320,8,4.0
s,4.0,65006173922.36457,956416.0,47618785.28,3825664.0,704,320,8,4.0
m,4.0,162515434805.91144,956416.0,47618785.28,3825664.0,704,320,8,4.0
l,4.0,325030869611.8229,956416.0,47618785.28,3825664.0,704,320,8,4.0
xl,4.0,650061739223.6458,956416.0,47618785.28,3825664.0,704,320,8,4.0
s,4.0,55422382221.76253,1377239.04,47618785.28,5508956.16,704,384,8,4.0
m,4.0,138555955554.4063,1377239.04,47618785.28,5508956.16,704,384,8,4.0
l,4.0,277111911108.8126,1377239.04,47618785.28,5508956.16,704,384,8,4.0
xl,4.0,554223822217.6252,1377239.04,47618785.28,5508956.16,704,384,8,4.0
s,4.0,50641011492.70612,1377239.04,56670289.92,5508956.16,768,384,8,4.0
m,4.0,126602528731.7653,1377239.04,56670289.92,5508956.16,768,384,8,4.0
l,4.0,253205057463.5306,1377239.04,56670289.92,5508956.16,768,384,8,4.0
xl,4.0,506410114927.0612,1377239.04,56670289.92,5508956.16,768,384,8,4.0
s,4.0,120435719862.50749,612106.24,21694095.36,2448424.96,448,256,9,4.0
s,4.0,104650486797.2276,612106.24,28335144.96,2448424.96,512,256,9,4.0
s,4.0,75912467556.37779,956416.0,35861667.839999996,3825664.0,576,320,9,4.0
m,4.0,189781168890.94446,956416.0,35861667.839999996,3825664.0,576,320,9,4.0
l,4.0,379562337781.8889,956416.0,35861667.839999996,3825664.0,576,320,9,4.0
xl,4.0,759124675563.7778,956416.0,35861667.839999996,3825664.0,576,320,9,4.0
s,4.0,67761916068.46447,956416.0,44273664.0,3825664.0,640,320,9,4.0
m,4.0,169404790171.1612,956416.0,44273664.0,3825664.0,640,320,9,4.0
l,4.0,338809580342.3224,956416.0,44273664.0,3825664.0,640,320,9,4.0
xl,4.0,677619160684.6448,956416.0,44273664.0,3825664.0,640,320,9,4.0
s,4.0,52169845283.52086,1377239.04,53571133.44,5508956.16,704,384,9,4.0
m,4.0,130424613208.80215,1377239.04,53571133.44,5508956.16,704,384,9,4.0
l,4.0,260849226417.6043,1377239.04,53571133.44,5508956.16,704,384,9,4.0
xl,4.0,521698452835.2086,1377239.04,53571133.44,5508956.16,704,384,9,4.0
s,4.0,47427758190.49308,1377239.04,63754076.160000004,5508956.16,768,384,9,4.0
m,4.0,118569395476.2327,1377239.04,63754076.160000004,5508956.16,768,384,9,4.0
l,4.0,237138790952.4654,1377239.04,63754076.160000004,5508956.16,768,384,9,4.0
xl,4.0,474277581904.9308,1377239.04,63754076.160000004,5508956.16,768,384,9,4.0
s,4.0,41312235776.02867,1874575.3599999999,63754076.160000004,7498301.4399999995,768,448,9,4.0
m,4.0,103280589440.07167,1874575.3599999999,63754076.160000004,7498301.4399999995,768,448,9,4.0
l,4.0,206561178880.14334,1874575.3599999999,63754076.160000004,7498301.4399999995,768,448,9,4.0
xl,4.0,413122357760.2867,1874575.3599999999,63754076.160000004,7498301.4399999995,768,448,9,4.0
s,4.0,112016442938.4655,612106.24,23568670.72,2448424.96,448,256,10,4.0
s,4.0,70713972390.77605,956416.0,38960455.67999999,3825664.0,576,320,10,4.0
m,4.0,176784930976.94012,956416.0,38960455.67999999,3825664.0,576,320,10,4.0
l,4.0,353569861953.88025,956416.0,38960455.67999999,3825664.0,576,320,10,4.0
xl,4.0,707139723907.7605,956416.0,38960455.67999999,3825664.0,576,320,10,4.0
s,4.0,53804234883.97999,1377239.04,48099328.0,5508956.16,640,384,10,4.0
m,4.0,134510587209.94997,1377239.04,48099328.0,5508956.16,640,384,10,4.0
l,4.0,269021174419.89993,1377239.04,48099328.0,5508956.16,640,384,10,4.0
xl,4.0,538042348839.79987,1377239.04,48099328.0,5508956.16,640,384,10,4.0
s,4.0,48650686823.15219,1377239.04,58200186.879999995,5508956.16,704,384,10,4.0
m,4.0,121626717057.88048,1377239.04,58200186.879999995,5508956.16,704,384,10,4.0
l,4.0,243253434115.76096,1377239.04,58200186.879999995,5508956.16,704,384,10,4.0
xl,4.0,486506868231.5219,1377239.04,58200186.879999995,5508956.16,704,384,10,4.0
s,4.0,38715917526.051636,1874575.3599999999,69263032.32000001,7498301.4399999995,768,448,10,4.0
m,4.0,96789793815.12909,1874575.3599999999,69263032.32000001,7498301.4399999995,768,448,10,4.0
l,4.0,193579587630.25818,1874575.3599999999,69263032.32000001,7498301.4399999995,768,448,10,4.0
xl,4.0,387159175260.51636,1874575.3599999999,69263032.32000001,7498301.4399999995,768,448,10,4.0
s,4.0,106554723172.7898,612106.24,25979125.759999998,2448424.96,448,256,11,4.0
s,4.0,76112915129.27711,956416.0,33931919.36,3825664.0,512,320,11,4.0
s,4.0,67132878189.60524,956416.0,42945085.44,3825664.0,576,320,11,4.0
m,4.0,167832195474.0131,956416.0,42945085.44,3825664.0,576,320,11,4.0
l,4.0,335664390948.0262,956416.0,42945085.44,3825664.0,576,320,11,4.0
xl,4.0,671328781896.0524,956416.0,42945085.44,3825664.0,576,320,11,4.0
s,4.0,51239205846.41798,1377239.04,53018624.0,5508956.16,640,384,11,4.0
m,4.0,128098014616.04495,1377239.04,53018624.0,5508956.16,640,384,11,4.0
l,4.0,256196029232.0899,1377239.04,53018624.0,5508956.16,640,384,11,4.0
xl,4.0,512392058464.1798,1377239.04,53018624.0,5508956.16,640,384,11,4.0
s,4.0,46126304463.88308,1377239.04,64152535.04,5508956.16,704,384,11,4.0
m,4.0,115315761159.7077,1377239.04,64152535.04,5508956.16,704,384,11,4.0
l,4.0,230631522319.4154,1377239.04,64152535.04,5508956.16,704,384,11,4.0
xl,4.0,461263044638.8308,1377239.04,64152535.04,5508956.16,704,384,11,4.0
s,4.0,40321266171.88409,1874575.3599999999,64152535.04,7498301.4399999995,704,448,11,4.0
m,4.0,100803165429.71022,1874575.3599999999,64152535.04,7498301.4399999995,704,448,11,4.0
l,4.0,201606330859.42044,1874575.3599999999,64152535.04,7498301.4399999995,704,448,11,4.0
xl,4.0,403212661718.8409,1874575.3599999999,64152535.04,7498301.4399999995,704,448,11,4.0
s,4.0,36809327014.66193,1874575.3599999999,76346818.56,7498301.4399999995,768,448,11,4.0
m,4.0,92023317536.65482,1874575.3599999999,76346818.56,7498301.4399999995,768,448,11,4.0
l,4.0,184046635073.30963,1874575.3599999999,76346818.56,7498301.4399999995,768,448,11,4.0
xl,4.0,368093270146.61926,1874575.3599999999,76346818.56,7498301.4399999995,768,448,11,4.0
s,4.0,119472723478.7949,612106.24,20857651.2,2448424.96,384,256,12,4.0
s,4.0,101600848986.44783,612106.24,28389580.8,2448424.96,448,256,12,4.0
s,4.0,72806050250.33981,956416.0,37080268.8,3825664.0,512,320,12,4.0
m,4.0,182015125625.84955,956416.0,37080268.8,3825664.0,512,320,12,4.0
l,4.0,364030251251.6991,956416.0,37080268.8,3825664.0,512,320,12,4.0
xl,4.0,728060502503.3982,956416.0,37080268.8,3825664.0,512,320,12,4.0
s,4.0,63897008409.541504,956416.0,46929715.2,3825664.0,576,320,12,4.0
m,4.0,159742521023.85376,956416.0,46929715.2,3825664.0,576,320,12,4.0
l,4.0,319485042047.7075,956416.0,46929715.2,3825664.0,576,320,12,4.0
xl,4.0,638970084095.415,956416.0,46929715.2,3825664.0,576,320,12,4.0
s,4.0,54614121694.90846,1377239.04,46929715.2,5508956.16,576,384,12,4.0
m,4.0,136535304237.27116,1377239.04,46929715.2,5508956.16,576,384,12,4.0
l,4.0,273070608474.54233,1377239.04,46929715.2,5508956.16,576,384,12,4.0
xl,4.0,546141216949.08466,1377239.04,46929715.2,5508956.16,576,384,12,4.0
s,4.0,48907615158.26192,1377239.04,57937920.0,5508956.16,640,384,12,4.0
m,4.0,122269037895.6548,1377239.04,57937920.0,5508956.16,640,384,12,4.0
l,4.0,244538075791.3096,1377239.04,57937920.0,5508956.16,640,384,12,4.0
xl,4.0,489076151582.6192,1377239.04,57937920.0,5508956.16,640,384,12,4.0
s,4.0,38571738273.833626,1874575.3599999999,70104883.2,7498301.4399999995,704,448,12,4.0
m,4.0,96429345684.58406,1874575.3599999999,70104883.2,7498301.4399999995,704,448,12,4.0
l,4.0,192858691369.16812,1874575.3599999999,70104883.2,7498301.4399999995,704,448,12,4.0
xl,4.0,385717382738.33624,1874575.3599999999,70104883.2,7498301.4399999995,704,448,12,4.0
s,4.0,35081705629.19477,1874575.3599999999,83430604.8,7498301.4399999995,768,448,12,4.0
m,4.0,87704264072.98692,1874575.3599999999,83430604.8,7498301.4399999995,768,448,12,4.0
l,4.0,175408528145.97385,1874575.3599999999,83430604.8,7498301.4399999995,768,448,12,4.0
xl,4.0,350817056291.9477,1874575.3599999999,83430604.8,7498301.4399999995,768,448,12,4.0
s,4.0,31165077656.592,2448424.96,83430604.8,9793699.84,768,512,12,4.0
m,4.0,77912694141.48,2448424.96,83430604.8,9793699.84,768,512,12,4.0
l,4.0,155825388282.96,2448424.96,83430604.8,9793699.84,768,512,12,4.0
xl,4.0,311650776565.92,2448424.96,83430604.8,9793699.84,768,512,12,4.0
s,4.0,114850280989.94107,612106.24,22628597.759999998,2448424.96,384,256,13,4.0
s,4.0,69774566525.22636,956416.0,40228618.24,3825664.0,512,320,13,4.0
m,4.0,174436416313.06592,956416.0,40228618.24,3825664.0,512,320,13,4.0
l,4.0,348872832626.13184,956416.0,40228618.24,3825664.0,512,320,13,4.0
xl,4.0,697745665252.2637,956416.0,40228618.24,3825664.0,512,320,13,4.0
s,4.0,52453137129.39456,1377239.04,50914344.95999999,5508956.16,576,384,13,4.0
m,4.0,131132842823.4864,1377239.04,50914344.95999999,5508956.16,576,384,13,4.0
l,4.0,262265685646.9728,1377239.04,50914344.95999999,5508956.16,576,384,13,4.0
xl,4.0,524531371293.9456,1377239.04,50914344.95999999,5508956.16,576,384,13,4.0
s,4.0,46778982629.72879,1377239.04,62857216.0,5508956.16,640,384,13,4.0
m,4.0,116947456574.32198,1377239.04,62857216.0,5508956.16,640,384,13,4.0
l,4.0,233894913148.64395,1377239.04,62857216.0,5508956.16,640,384,13,4.0
xl,4.0,467789826297.2879,1377239.04,62857216.0,5508956.16,640,384,13,4.0
s,4.0,40819114892.681,1874575.3599999999,62857216.0,7498301.4399999995,640,448,13,4.0
m,4.0,102047787231.7025,1874575.3599999999,62857216.0,7498301.4399999995,640,448,13,4.0
l,4.0,204095574463.405,1874575.3599999999,62857216.0,7498301.4399999995,640,448,13,4.0
xl,4.0,408191148926.81,1874575.3599999999,62857216.0,7498301.4399999995,640,448,13,4.0
s,4.0,36967719769.3529,1874575.3599999999,76057231.36,7498301.4399999995,704,448,13,4.0
m,4.0,92419299423.38225,1874575.3599999999,76057231.36,7498301.4399999995,704,448,13,4.0
l,4.0,184838598846.7645,1874575.3599999999,76057231.36,7498301.4399999995,704,448,13,4.0
xl,4.0,369677197693.529,1874575.3599999999,76057231.36,7498301.4399999995,704,448,13,4.0
s,4.0,33508983672.739662,1874575.3599999999,90514391.03999999,7498301.4399999995,768,448,13,4.0
m,4.0,83772459181.84917,1874575.3599999999,90514391.03999999,7498301.4399999995,768,448,13,4.0
l,4.0,167544918363.69833,1874575.3599999999,90514391.03999999,7498301.4399999995,768,448,13,4.0
xl,4.0,335089836727.39667,1874575.3599999999,90514391.03999999,7498301.4399999995,768,448,13,4.0
s,4.0,29917676701.792606,2448424.96,90514391.03999999,9793699.84,768,512,13,4.0
m,4.0,74794191754.4815,2448424.96,90514391.03999999,9793699.84,768,512,13,4.0
l,4.0,149588383508.963,2448424.96,90514391.03999999,9793699.84,768,512,13,4.0
xl,4.0,299176767017.926,2448424.96,90514391.03999999,9793699.84,768,512,13,4.0
s,4.0,110572202834.6396,612106.24,24399544.32,2448424.96,384,256,14,4.0
s,4.0,77180715174.53622,956416.0,33210490.88,3825664.0,448,320,14,4.0
s,4.0,66985440194.766655,956416.0,43376967.68,3825664.0,512,320,14,4.0
m,4.0,167463600486.91663,956416.0,43376967.68,3825664.0,512,320,14,4.0
l,4.0,334927200973.83325,956416.0,43376967.68,3825664.0,512,320,14,4.0
xl,4.0,669854401947.6665,956416.0,43376967.68,3825664.0,512,320,14,4.0
s,4.0,50456656150.04638,1377239.04,54898974.72,5508956.16,576,384,14,4.0
m,4.0,126141640375.11594,1377239.04,54898974.72,5508956.16,576,384,14,4.0
l,4.0,252283280750.23187,1377239.04,54898974.72,5508956.16,576,384,14,4.0
xl,4.0,504566561500.46375,1377239.04,54898974.72,5508956.16,576,384,14,4.0
s,4.0,44827913172.420494,1377239.04,67776512.0,5508956.16,640,384,14,4.0
m,4.0,112069782931.05124,1377239.04,67776512.0,5508956.16,640,384,14,4.0
l,4.0,224139565862.10248,1377239.04,67776512.0,5508956.16,640,384,14,4.0
xl,4.0,448279131724.20496,1377239.04,67776512.0,5508956.16,640,384,14,4.0
s,4.0,39325590659.360535,1874575.3599999999,67776512.0,7498301.4399999995,640,448,14,4.0
m,4.0,98313976648.40134,1874575.3599999999,67776512.0,7498301.4399999995,640,448,14,4.0
l,4.0,196627953296.80267,1874575.3599999999,67776512.0,7498301.4399999995,640,448,14,4.0
xl,4.0,393255906593.60535,1874575.3599999999,67776512.0,7498301.4399999995,640,448,14,4.0
s,4.0,35491782255.45131,1874575.3599999999,82009579.52,7498301.4399999995,704,448,14,4.0
m,4.0,88729455638.62827,1874575.3599999999,82009579.52,7498301.4399999995,704,448,14,4.0
l,4.0,177458911277.25653,1874575.3599999999,82009579.52,7498301.4399999995,704,448,14,4.0
xl,4.0,354917822554.51306,1874575.3599999999,82009579.52,7498301.4399999995,704,448,14,4.0
s,4.0,31488279367.158333,2448424.96,82009579.52,9793699.84,704,512,14,4.0
m,4.0,78720698417.89583,2448424.96,82009579.52,9793699.84,704,512,14,4.0
l,4.0,157441396835.79166,2448424.96,82009579.52,9793699.84,704,512,14,4.0
xl,4.0,314882793671.5833,2448424.96,82009579.52,9793699.84,704,512,14,4.0
s,4.0,28766288715.374317,2448424.96,97598177.28,9793699.84,768,512,14,4.0
m,4.0,71915721788.43579,2448424.96,97598177.28,9793699.84,768,512,14,4.0
l,4.0,143831443576.87158,2448424.96,97598177.28,9793699.84,768,512,14,4.0
xl,4.0,287662887153.74316,2448424.96,97598177.28,9793699.84,768,512,14,4.0
s,4.0,106601389092.85287,612106.24,26170490.88,2448424.96,384,256,15,4.0
s,4.0,74547907198.70972,956416.0,35620945.92,3825664.0,448,320,15,4.0
m,4.0,186369767996.7743,956416.0,35620945.92,3825664.0,448,320,15,4.0
l,4.0,372739535993.5486,956416.0,35620945.92,3825664.0,448,320,15,4.0
xl,4.0,745479071987.0972,956416.0,35620945.92,3825664.0,448,320,15,4.0
s,4.0,64410724828.82979,956416.0,46525317.12,3825664.0,512,320,15,4.0
m,4.0,161026812072.0745,956416.0,46525317.12,3825664.0,512,320,15,4.0
l,4.0,322053624144.149,956416.0,46525317.12,3825664.0,512,320,15,4.0
xl,4.0,644107248288.298,956416.0,46525317.12,3825664.0,512,320,15,4.0
s,4.0,54988978449.0715,1377239.04,46525317.12,5508956.16,512,384,15,4.0
m,4.0,137472446122.67874,1377239.04,46525317.12,5508956.16,512,384,15,4.0
l,4.0,274944892245.3575,1377239.04,46525317.12,5508956.16,512,384,15,4.0
xl,4.0,549889784490.715,1377239.04,46525317.12,5508956.16,512,384,15,4.0
s,4.0,48606583407.86668,1377239.04,58883604.480000004,5508956.16,576,384,15,4.0
m,4.0,121516458519.66669,1377239.04,58883604.480000004,5508956.16,576,384,15,4.0
l,4.0,243032917039.33337,1377239.04,58883604.480000004,5508956.16,576,384,15,4.0
xl,4.0,486065834078.66675,1377239.04,58883604.480000004,5508956.16,576,384,15,4.0
s,4.0,37937501335.40005,1874575.3599999999,72695808.0,7498301.4399999995,640,448,15,4.0
m,4.0,94843753338.5001,1874575.3599999999,72695808.0,7498301.4399999995,640,448,15,4.0
l,4.0,189687506677.0002,1874575.3599999999,72695808.0,7498301.4399999995,640,448,15,4.0
xl,4.0,379375013354.0004,1874575.3599999999,72695808.0,7498301.4399999995,640,448,15,4.0
s,4.0,34129173789.76653,1874575.3599999999,87961927.68,7498301.4399999995,704,448,15,4.0
m,4.0,85322934474.41632,1874575.3599999999,87961927.68,7498301.4399999995,704,448,15,4.0
l,4.0,170645868948.83264,1874575.3599999999,87961927.68,7498301.4399999995,704,448,15,4.0
xl,4.0,341291737897.6653,1874575.3599999999,87961927.68,7498301.4399999995,704,448,15,4.0
s,4.0,30411074769.471283,2448424.96,87961927.68,9793699.84,704,512,15,4.0
m,4.0,76027686923.6782,2448424.96,87961927.68,9793699.84,704,512,15,4.0
l,4.0,152055373847.3564,2448424.96,87961927.68,9793699.84,704,512,15,4.0
xl,4.0,304110747694.7128,2448424.96,87961927.68,9793699.84,704,512,15,4.0
s,4.0,27700239268.018738,2448424.96,104681963.52,9793699.84,768,512,15,4.0
m,4.0,69250598170.04684,2448424.96,104681963.52,9793699.84,768,512,15,4.0
l,4.0,138501196340.0937,2448424.96,104681963.52,9793699.84,768,512,15,4.0
xl,4.0,277002392680.1874,2448424.96,104681963.52,9793699.84,768,512,15,4.0
s,4.0,24910204690.53973,3098787.84,104681963.52,12395151.36,768,576,15,4.0
m,4.0,62275511726.34933,3098787.84,104681963.52,12395151.36,768,576,15,4.0
l,4.0,124551023452.69865,3098787.84,104681963.52,12395151.36,768,576,15,4.0
xl,4.0,249102046905.3973,3098787.84,104681963.52,12395151.36,768,576,15,4.0
s,4.0,102905884352.7536,612106.24,27941437.44,2448424.96,384,256,16,4.0
s,4.0,72088796049.28485,956416.0,38031400.96,3825664.0,448,320,16,4.0
m,4.0,180221990123.21213,956416.0,38031400.96,3825664.0,448,320,16,4.0
l,4.0,360443980246.42426,956416.0,38031400.96,3825664.0,448,320,16,4.0
xl,4.0,720887960492.8485,956416.0,38031400.96,3825664.0,448,320,16,4.0
s,4.0,53241871124.82236,1377239.04,49673666.56,5508956.16,512,384,16,4.0
m,4.0,133104677812.05591,1377239.04,49673666.56,5508956.16,512,384,16,4.0
l,4.0,266209355624.11182,1377239.04,49673666.56,5508956.16,512,384,16,4.0
xl,4.0,532418711248.22363,1377239.04,49673666.56,5508956.16,512,384,16,4.0
s,4.0,46887383661.335724,1377239.04,62868234.239999995,5508956.16,576,384,16,4.0
m,4.0,117218459153.33931,1377239.04,62868234.239999995,5508956.16,576,384,16,4.0
l,4.0,234436918306.67862,1377239.04,62868234.239999995,5508956.16,576,384,16,4.0
xl,4.0,468873836613.35724,1377239.04,62868234.239999995,5508956.16,576,384,16,4.0
s,4.0,40901629499.977646,1874575.3599999999,62868234.239999995,7498301.4399999995,576,448,16,4.0
m,4.0,102254073749.9441,1874575.3599999999,62868234.239999995,7498301.4399999995,576,448,16,4.0
l,4.0,204508147499.8882,1874575.3599999999,62868234.239999995,7498301.4399999995,576,448,16,4.0
xl,4.0,409016294999.7764,1874575.3599999999,62868234.239999995,7498301.4399999995,576,448,16,4.0
s,4.0,36644062849.7859,1874575.3599999999,77615104.0,7498301.4399999995,640,448,16,4.0
m,4.0,91610157124.46475,1874575.3599999999,77615104.0,7498301.4399999995,640,448,16,4.0
l,4.0,183220314248.9295,1874575.3599999999,77615104.0,7498301.4399999995,640,448,16,4.0
xl,4.0,366440628497.859,1874575.3599999999,77615104.0,7498301.4399999995,640,448,16,4.0
s,4.0,29405133951.959015,2448424.96,93914275.84,9793699.84,704,512,16,4.0
m,4.0,73512834879.89754,2448424.96,93914275.84,9793699.84,704,512,16,4.0
l,4.0,147025669759.79507,2448424.96,93914275.84,9793699.84,704,512,16,4.0
xl,4.0,294051339519.59015,2448424.96,93914275.84,9793699.84,704,512,16,4.0
s,4.0,26710379720.22839,2448424.96,111765749.76,9793699.84,768,512,16,4.0
m,4.0,66775949300.57098,2448424.96,111765749.76,9793699.84,768,512,16,4.0
l,4.0,133551898601.14195,2448424.96,111765749.76,9793699.84,768,512,16,4.0
xl,4.0,267103797202.2839,2448424.96,111765749.76,9793699.84,768,512,16,4.0
s,4.0,24106813440.981018,3098787.84,111765749.76,12395151.36,768,576,16,4.0
m,4.0,60267033602.45254,3098787.84,111765749.76,12395151.36,768,576,16,4.0
l,4.0,120534067204.90508,3098787.84,111765749.76,12395151.36,768,576,16,4.0
xl,4.0,241068134409.81015,3098787.84,111765749.76,12395151.36,768,576,16,4.0
s,4.0,115147322616.56279,612106.24,23809392.64,2448424.96,704,256,4,4.0
s,4.0,104862238869.53606,612106.24,28335144.96,2448424.96,768,256,4,4.0
s,4.0,113161476357.12746,612106.24,24596480.0,2448424.96,640,256,5,4.0
s,4.0,101942660108.08368,612106.24,29761740.8,2448424.96,704,256,5,4.0
s,4.0,76492543935.17543,956416.0,35418931.2,3825664.0,768,320,5,4.0
m,4.0,191231359837.9386,956416.0,35418931.2,3825664.0,768,320,5,4.0
l,4.0,382462719675.8772,956416.0,35418931.2,3825664.0,768,320,5,4.0
xl,4.0,764925439351.7544,956416.0,35418931.2,3825664.0,768,320,5,4.0
s,4.0,114797197067.55428,612106.24,23907778.56,2448424.96,576,256,6,4.0
s,4.0,102382045236.15523,612106.24,29515776.0,2448424.96,640,256,6,4.0
s,4.0,76142118374.60626,956416.0,35714088.96,3825664.0,704,320,6,4.0
m,4.0,190355295936.51566,956416.0,35714088.96,3825664.0,704,320,6,4.0
l,4.0,380710591873.0313,956416.0,35714088.96,3825664.0,704,320,6,4.0
xl,4.0,761421183746.0626,956416.0,35714088.96,3825664.0,704,320,6,4.0
s,4.0,69391304583.39449,956416.0,42502717.44,3825664.0,768,320,6,4.0
m,4.0,173478261458.4862,956416.0,42502717.44,3825664.0,768,320,6,4.0
l,4.0,346956522916.9724,956416.0,42502717.44,3825664.0,768,320,6,4.0
xl,4.0,693913045833.9448,956416.0,42502717.44,3825664.0,768,320,6,4.0
s,4.0,119586866981.7484,612106.24,22038446.08,2448424.96,512,256,7,4.0
s,4.0,105648294191.65456,612106.24,27892408.32,2448424.96,576,256,7,4.0
s,4.0,77538999014.94455,956416.0,34435072.0,3825664.0,640,320,7,4.0
s,4.0,70134859010.02502,956416.0,41666437.120000005,3825664.0,704,320,7,4.0
m,4.0,175337147525.06256,956416.0,41666437.120000005,3825664.0,704,320,7,4.0
l,4.0,350674295050.1251,956416.0,41666437.120000005,3825664.0,704,320,7,4.0
xl,4.0,701348590100.2502,956416.0,41666437.120000005,3825664.0,704,320,7,4.0
s,4.0,54321305953.031075,1377239.04,49586503.68,5508956.16,768,384,7,4.0
m,4.0,135803264882.57768,1377239.04,49586503.68,5508956.16,768,384,7,4.0
l,4.0,271606529765.15536,1377239.04,49586503.68,5508956.16,768,384,7,4.0
xl,4.0,543213059530.3107,1377239.04,49586503.68,5508956.16,768,384,7,4.0
s,4.0,111621223077.13959,612106.24,25186795.52,2448424.96,512,256,8,4.0
s,4.0,72321514840.66414,956416.0,39354368.0,3825664.0,640,320,8,4.0
m,4.0,180803787101.66034,956416.0,39354368.0,3825664.0,640,320,8,4.0
l,4.0,361607574203.3207,956416.0,39354368.0,3825664.0,640,320,8,4.0
xl,4.0,723215148406.6414,956416.0,39354368.0,3825664.0,640,320,8,4.0
s,4.0,65006173922.36457,956416.0,47618785.28,3825664.0,704,320,8,4.0
m,4.0,162515434805.91144,956416.0,47618785.28,3825664.0,704,320,8,4.0
l,4.0,325030869611.8229,956416.0,47618785.28,3825664.0,704,320,8,4.0
xl,4.0,650061739223.6458,956416.0,47618785.28,3825664.0,704,320,8,4.0
s,4.0,55422382221.76253,1377239.04,47618785.28,5508956.16,704,384,8,4.0
m,4.0,138555955554.4063,1377239.04,47618785.28,5508956.16,704,384,8,4.0
l,4.0,277111911108.8126,1377239.04,47618785.28,5508956.16,704,384,8,4.0
xl,4.0,554223822217.6252,1377239.04,47618785.28,5508956.16,704,384,8,4.0
s,4.0,50641011492.70612,1377239.04,56670289.92,5508956.16,768,384,8,4.0
m,4.0,126602528731.7653,1377239.04,56670289.92,5508956.16,768,384,8,4.0
l,4.0,253205057463.5306,1377239.04,56670289.92,5508956.16,768,384,8,4.0
xl,4.0,506410114927.0612,1377239.04,56670289.92,5508956.16,768,384,8,4.0
s,4.0,120435719862.50749,612106.24,21694095.36,2448424.96,448,256,9,4.0
s,4.0,104650486797.2276,612106.24,28335144.96,2448424.96,512,256,9,4.0
s,4.0,75912467556.37779,956416.0,35861667.839999996,3825664.0,576,320,9,4.0
m,4.0,189781168890.94446,956416.0,35861667.839999996,3825664.0,576,320,9,4.0
l,4.0,379562337781.8889,956416.0,35861667.839999996,3825664.0,576,320,9,4.0
xl,4.0,759124675563.7778,956416.0,35861667.839999996,3825664.0,576,320,9,4.0
s,4.0,67761916068.46447,956416.0,44273664.0,3825664.0,640,320,9,4.0
m,4.0,169404790171.1612,956416.0,44273664.0,3825664.0,640,320,9,4.0
l,4.0,338809580342.3224,956416.0,44273664.0,3825664.0,640,320,9,4.0
xl,4.0,677619160684.6448,956416.0,44273664.0,3825664.0,640,320,9,4.0
s,4.0,52169845283.52086,1377239.04,53571133.44,5508956.16,704,384,9,4.0
m,4.0,130424613208.80215,1377239.04,53571133.44,5508956.16,704,384,9,4.0
l,4.0,260849226417.6043,1377239.04,53571133.44,5508956.16,704,384,9,4.0
xl,4.0,521698452835.2086,1377239.04,53571133.44,5508956.16,704,384,9,4.0
s,4.0,47427758190.49308,1377239.04,63754076.160000004,5508956.16,768,384,9,4.0
m,4.0,118569395476.2327,1377239.04,63754076.160000004,5508956.16,768,384,9,4.0
l,4.0,237138790952.4654,1377239.04,63754076.160000004,5508956.16,768,384,9,4.0
xl,4.0,474277581904.9308,1377239.04,63754076.160000004,5508956.16,768,384,9,4.0
s,4.0,41312235776.02867,1874575.3599999999,63754076.160000004,7498301.4399999995,768,448,9,4.0
m,4.0,103280589440.07167,1874575.3599999999,63754076.160000004,7498301.4399999995,768,448,9,4.0
l,4.0,206561178880.14334,1874575.3599999999,63754076.160000004,7498301.4399999995,768,448,9,4.0
xl,4.0,413122357760.2867,1874575.3599999999,63754076.160000004,7498301.4399999995,768,448,9,4.0
s,4.0,112016442938.4655,612106.24,23568670.72,2448424.96,448,256,10,4.0
s,4.0,70713972390.77605,956416.0,38960455.67999999,3825664.0,576,320,10,4.0
m,4.0,176784930976.94012,956416.0,38960455.67999999,3825664.0,576,320,10,4.0
l,4.0,353569861953.88025,956416.0,38960455.67999999,3825664.0,576,320,10,4.0
xl,4.0,707139723907.7605,956416.0,38960455.67999999,3825664.0,576,320,10,4.0
s,4.0,53804234883.97999,1377239.04,48099328.0,5508956.16,640,384,10,4.0
m,4.0,134510587209.94997,1377239.04,48099328.0,5508956.16,640,384,10,4.0
l,4.0,269021174419.89993,1377239.04,48099328.0,5508956.16,640,384,10,4.0
xl,4.0,538042348839.79987,1377239.04,48099328.0,5508956.16,640,384,10,4.0
s,4.0,48650686823.15219,1377239.04,58200186.879999995,5508956.16,704,384,10,4.0
m,4.0,121626717057.88048,1377239.04,58200186.879999995,5508956.16,704,384,10,4.0
l,4.0,243253434115.76096,1377239.04,58200186.879999995,5508956.16,704,384,10,4.0
xl,4.0,486506868231.5219,1377239.04,58200186.879999995,5508956.16,704,384,10,4.0
s,4.0,38715917526.051636,1874575.3599999999,69263032.32000001,7498301.4399999995,768,448,10,4.0
m,4.0,96789793815.12909,1874575.3599999999,69263032.32000001,7498301.4399999995,768,448,10,4.0
l,4.0,193579587630.25818,1874575.3599999999,69263032.32000001,7498301.4399999995,768,448,10,4.0
xl,4.0,387159175260.51636,1874575.3599999999,69263032.32000001,7498301.4399999995,768,448,10,4.0
s,4.0,106554723172.7898,612106.24,25979125.759999998,2448424.96,448,256,11,4.0
s,4.0,76112915129.27711,956416.0,33931919.36,3825664.0,512,320,11,4.0
s,4.0,67132878189.60524,956416.0,42945085.44,3825664.0,576,320,11,4.0
m,4.0,167832195474.0131,956416.0,42945085.44,3825664.0,576,320,11,4.0
l,4.0,335664390948.0262,956416.0,42945085.44,3825664.0,576,320,11,4.0
xl,4.0,671328781896.0524,956416.0,42945085.44,3825664.0,576,320,11,4.0
s,4.0,51239205846.41798,1377239.04,53018624.0,5508956.16,640,384,11,4.0
m,4.0,128098014616.04495,1377239.04,53018624.0,5508956.16,640,384,11,4.0
l,4.0,256196029232.0899,1377239.04,53018624.0,5508956.16,640,384,11,4.0
xl,4.0,512392058464.1798,1377239.04,53018624.0,5508956.16,640,384,11,4.0
s,4.0,46126304463.88308,1377239.04,64152535.04,5508956.16,704,384,11,4.0
m,4.0,115315761159.7077,1377239.04,64152535.04,5508956.16,704,384,11,4.0
l,4.0,230631522319.4154,1377239.04,64152535.04,5508956.16,704,384,11,4.0
xl,4.0,461263044638.8308,1377239.04,64152535.04,5508956.16,704,384,11,4.0
s,4.0,40321266171.88409,1874575.3599999999,64152535.04,7498301.4399999995,704,448,11,4.0
m,4.0,100803165429.71022,1874575.3599999999,64152535.04,7498301.4399999995,704,448,11,4.0
l,4.0,201606330859.42044,1874575.3599999999,64152535.04,7498301.4399999995,704,448,11,4.0
xl,4.0,403212661718.8409,1874575.3599999999,64152535.04,7498301.4399999995,704,448,11,4.0
s,4.0,36809327014.66193,1874575.3599999999,76346818.56,7498301.4399999995,768,448,11,4.0
m,4.0,92023317536.65482,1874575.3599999999,76346818.56,7498301.4399999995,768,448,11,4.0
l,4.0,184046635073.30963,1874575.3599999999,76346818.56,7498301.4399999995,768,448,11,4.0
xl,4.0,368093270146.61926,1874575.3599999999,76346818.56,7498301.4399999995,768,448,11,4.0
s,4.0,119472723478.7949,612106.24,20857651.2,2448424.96,384,256,12,4.0
s,4.0,101600848986.44783,612106.24,28389580.8,2448424.96,448,256,12,4.0
s,4.0,72806050250.33981,956416.0,37080268.8,3825664.0,512,320,12,4.0
m,4.0,182015125625.84955,956416.0,37080268.8,3825664.0,512,320,12,4.0
l,4.0,364030251251.6991,956416.0,37080268.8,3825664.0,512,320,12,4.0
xl,4.0,728060502503.3982,956416.0,37080268.8,3825664.0,512,320,12,4.0
s,4.0,63897008409.541504,956416.0,46929715.2,3825664.0,576,320,12,4.0
m,4.0,159742521023.85376,956416.0,46929715.2,3825664.0,576,320,12,4.0
l,4.0,319485042047.7075,956416.0,46929715.2,3825664.0,576,320,12,4.0
xl,4.0,638970084095.415,956416.0,46929715.2,3825664.0,576,320,12,4.0
s,4.0,54614121694.90846,1377239.04,46929715.2,5508956.16,576,384,12,4.0
m,4.0,136535304237.27116,1377239.04,46929715.2,5508956.16,576,384,12,4.0
l,4.0,273070608474.54233,1377239.04,46929715.2,5508956.16,576,384,12,4.0
xl,4.0,546141216949.08466,1377239.04,46929715.2,5508956.16,576,384,12,4.0
s,4.0,48907615158.26192,1377239.04,57937920.0,5508956.16,640,384,12,4.0
m,4.0,122269037895.6548,1377239.04,57937920.0,5508956.16,640,384,12,4.0
l,4.0,244538075791.3096,1377239.04,57937920.0,5508956.16,640,384,12,4.0
xl,4.0,489076151582.6192,1377239.04,57937920.0,5508956.16,640,384,12,4.0
s,4.0,38571738273.833626,1874575.3599999999,70104883.2,7498301.4399999995,704,448,12,4.0
m,4.0,96429345684.58406,1874575.3599999999,70104883.2,7498301.4399999995,704,448,12,4.0
l,4.0,192858691369.16812,1874575.3599999999,70104883.2,7498301.4399999995,704,448,12,4.0
xl,4.0,385717382738.33624,1874575.3599999999,70104883.2,7498301.4399999995,704,448,12,4.0
s,4.0,35081705629.19477,1874575.3599999999,83430604.8,7498301.4399999995,768,448,12,4.0
m,4.0,87704264072.98692,1874575.3599999999,83430604.8,7498301.4399999995,768,448,12,4.0
l,4.0,175408528145.97385,1874575.3599999999,83430604.8,7498301.4399999995,768,448,12,4.0
xl,4.0,350817056291.9477,1874575.3599999999,83430604.8,7498301.4399999995,768,448,12,4.0
s,4.0,31165077656.592,2448424.96,83430604.8,9793699.84,768,512,12,4.0
m,4.0,77912694141.48,2448424.96,83430604.8,9793699.84,768,512,12,4.0
l,4.0,155825388282.96,2448424.96,83430604.8,9793699.84,768,512,12,4.0
xl,4.0,311650776565.92,2448424.96,83430604.8,9793699.84,768,512,12,4.0
s,4.0,114850280989.94107,612106.24,22628597.759999998,2448424.96,384,256,13,4.0
s,4.0,69774566525.22636,956416.0,40228618.24,3825664.0,512,320,13,4.0
m,4.0,174436416313.06592,956416.0,40228618.24,3825664.0,512,320,13,4.0
l,4.0,348872832626.13184,956416.0,40228618.24,3825664.0,512,320,13,4.0
xl,4.0,697745665252.2637,956416.0,40228618.24,3825664.0,512,320,13,4.0
s,4.0,52453137129.39456,1377239.04,50914344.95999999,5508956.16,576,384,13,4.0
m,4.0,131132842823.4864,1377239.04,50914344.95999999,5508956.16,576,384,13,4.0
l,4.0,262265685646.9728,1377239.04,50914344.95999999,5508956.16,576,384,13,4.0
xl,4.0,524531371293.9456,1377239.04,50914344.95999999,5508956.16,576,384,13,4.0
s,4.0,46778982629.72879,1377239.04,62857216.0,5508956.16,640,384,13,4.0
m,4.0,116947456574.32198,1377239.04,62857216.0,5508956.16,640,384,13,4.0
l,4.0,233894913148.64395,1377239.04,62857216.0,5508956.16,640,384,13,4.0
xl,4.0,467789826297.2879,1377239.04,62857216.0,5508956.16,640,384,13,4.0
s,4.0,40819114892.681,1874575.3599999999,62857216.0,7498301.4399999995,640,448,13,4.0
m,4.0,102047787231.7025,1874575.3599999999,62857216.0,7498301.4399999995,640,448,13,4.0
l,4.0,204095574463.405,1874575.3599999999,62857216.0,7498301.4399999995,640,448,13,4.0
xl,4.0,408191148926.81,1874575.3599999999,62857216.0,7498301.4399999995,640,448,13,4.0
s,4.0,36967719769.3529,1874575.3599999999,76057231.36,7498301.4399999995,704,448,13,4.0
m,4.0,92419299423.38225,1874575.3599999999,76057231.36,7498301.4399999995,704,448,13,4.0
l,4.0,184838598846.7645,1874575.3599999999,76057231.36,7498301.4399999995,704,448,13,4.0
xl,4.0,369677197693.529,1874575.3599999999,76057231.36,7498301.4399999995,704,448,13,4.0
s,4.0,33508983672.739662,1874575.3599999999,90514391.03999999,7498301.4399999995,768,448,13,4.0
m,4.0,83772459181.84917,1874575.3599999999,90514391.03999999,7498301.4399999995,768,448,13,4.0
l,4.0,167544918363.69833,1874575.3599999999,90514391.03999999,7498301.4399999995,768,448,13,4.0
xl,4.0,335089836727.39667,1874575.3599999999,90514391.03999999,7498301.4399999995,768,448,13,4.0
s,4.0,29917676701.792606,2448424.96,90514391.03999999,9793699.84,768,512,13,4.0
m,4.0,74794191754.4815,2448424.96,90514391.03999999,9793699.84,768,512,13,4.0
l,4.0,149588383508.963,2448424.96,90514391.03999999,9793699.84,768,512,13,4.0
xl,4.0,299176767017.926,2448424.96,90514391.03999999,9793699.84,768,512,13,4.0
s,4.0,110572202834.6396,612106.24,24399544.32,2448424.96,384,256,14,4.0
s,4.0,77180715174.53622,956416.0,33210490.88,3825664.0,448,320,14,4.0
s,4.0,66985440194.766655,956416.0,43376967.68,3825664.0,512,320,14,4.0
m,4.0,167463600486.91663,956416.0,43376967.68,3825664.0,512,320,14,4.0
l,4.0,334927200973.83325,956416.0,43376967.68,3825664.0,512,320,14,4.0
xl,4.0,669854401947.6665,956416.0,43376967.68,3825664.0,512,320,14,4.0
s,4.0,50456656150.04638,1377239.04,54898974.72,5508956.16,576,384,14,4.0
m,4.0,126141640375.11594,1377239.04,54898974.72,5508956.16,576,384,14,4.0
l,4.0,252283280750.23187,1377239.04,54898974.72,5508956.16,576,384,14,4.0
xl,4.0,504566561500.46375,1377239.04,54898974.72,5508956.16,576,384,14,4.0
s,4.0,44827913172.420494,1377239.04,67776512.0,5508956.16,640,384,14,4.0
m,4.0,112069782931.05124,1377239.04,67776512.0,5508956.16,640,384,14,4.0
l,4.0,224139565862.10248,1377239.04,67776512.0,5508956.16,640,384,14,4.0
xl,4.0,448279131724.20496,1377239.04,67776512.0,5508956.16,640,384,14,4.0
s,4.0,39325590659.360535,1874575.3599999999,67776512.0,7498301.4399999995,640,448,14,4.0
m,4.0,98313976648.40134,1874575.3599999999,67776512.0,7498301.4399999995,640,448,14,4.0
l,4.0,196627953296.80267,1874575.3599999999,67776512.0,7498301.4399999995,640,448,14,4.0
xl,4.0,393255906593.60535,1874575.3599999999,67776512.0,7498301.4399999995,640,448,14,4.0
s,4.0,35491782255.45131,1874575.3599999999,82009579.52,7498301.4399999995,704,448,14,4.0
m,4.0,88729455638.62827,1874575.3599999999,82009579.52,7498301.4399999995,704,448,14,4.0
l,4.0,177458911277.25653,1874575.3599999999,82009579.52,7498301.4399999995,704,448,14,4.0
xl,4.0,354917822554.51306,1874575.3599999999,82009579.52,7498301.4399999995,704,448,14,4.0
s,4.0,31488279367.158333,2448424.96,82009579.52,9793699.84,704,512,14,4.0
m,4.0,78720698417.89583,2448424.96,82009579.52,9793699.84,704,512,14,4.0
l,4.0,157441396835.79166,2448424.96,82009579.52,9793699.84,704,512,14,4.0
xl,4.0,314882793671.5833,2448424.96,82009579.52,9793699.84,704,512,14,4.0
s,4.0,28766288715.374317,2448424.96,97598177.28,9793699.84,768,512,14,4.0
m,4.0,71915721788.43579,2448424.96,97598177.28,9793699.84,768,512,14,4.0
l,4.0,143831443576.87158,2448424.96,97598177.28,9793699.84,768,512,14,4.0
xl,4.0,287662887153.74316,2448424.96,97598177.28,9793699.84,768,512,14,4.0
s,4.0,106601389092.85287,612106.24,26170490.88,2448424.96,384,256,15,4.0
s,4.0,74547907198.70972,956416.0,35620945.92,3825664.0,448,320,15,4.0
m,4.0,186369767996.7743,956416.0,35620945.92,3825664.0,448,320,15,4.0
l,4.0,372739535993.5486,956416.0,35620945.92,3825664.0,448,320,15,4.0
xl,4.0,745479071987.0972,956416.0,35620945.92,3825664.0,448,320,15,4.0
s,4.0,64410724828.82979,956416.0,46525317.12,3825664.0,512,320,15,4.0
m,4.0,161026812072.0745,956416.0,46525317.12,3825664.0,512,320,15,4.0
l,4.0,322053624144.149,956416.0,46525317.12,3825664.0,512,320,15,4.0
xl,4.0,644107248288.298,956416.0,46525317.12,3825664.0,512,320,15,4.0
s,4.0,54988978449.0715,1377239.04,46525317.12,5508956.16,512,384,15,4.0
m,4.0,137472446122.67874,1377239.04,46525317.12,5508956.16,512,384,15,4.0
l,4.0,274944892245.3575,1377239.04,46525317.12,5508956.16,512,384,15,4.0
xl,4.0,549889784490.715,1377239.04,46525317.12,5508956.16,512,384,15,4.0
s,4.0,48606583407.86668,1377239.04,58883604.480000004,5508956.16,576,384,15,4.0
m,4.0,121516458519.66669,1377239.04,58883604.480000004,5508956.16,576,384,15,4.0
l,4.0,243032917039.33337,1377239.04,58883604.480000004,5508956.16,576,384,15,4.0
xl,4.0,486065834078.66675,1377239.04,58883604.480000004,5508956.16,576,384,15,4.0
s,4.0,37937501335.40005,1874575.3599999999,72695808.0,7498301.4399999995,640,448,15,4.0
m,4.0,94843753338.5001,1874575.3599999999,72695808.0,7498301.4399999995,640,448,15,4.0
l,4.0,189687506677.0002,1874575.3599999999,72695808.0,7498301.4399999995,640,448,15,4.0
xl,4.0,379375013354.0004,1874575.3599999999,72695808.0,7498301.4399999995,640,448,15,4.0
s,4.0,34129173789.76653,1874575.3599999999,87961927.68,7498301.4399999995,704,448,15,4.0
m,4.0,85322934474.41632,1874575.3599999999,87961927.68,7498301.4399999995,704,448,15,4.0
l,4.0,170645868948.83264,1874575.3599999999,87961927.68,7498301.4399999995,704,448,15,4.0
xl,4.0,341291737897.6653,1874575.3599999999,87961927.68,7498301.4399999995,704,448,15,4.0
s,4.0,30411074769.471283,2448424.96,87961927.68,9793699.84,704,512,15,4.0
m,4.0,76027686923.6782,2448424.96,87961927.68,9793699.84,704,512,15,4.0
l,4.0,152055373847.3564,2448424.96,87961927.68,9793699.84,704,512,15,4.0
xl,4.0,304110747694.7128,2448424.96,87961927.68,9793699.84,704,512,15,4.0
s,4.0,27700239268.018738,2448424.96,104681963.52,9793699.84,768,512,15,4.0
m,4.0,69250598170.04684,2448424.96,104681963.52,9793699.84,768,512,15,4.0
l,4.0,138501196340.0937,2448424.96,104681963.52,9793699.84,768,512,15,4.0
xl,4.0,277002392680.1874,2448424.96,104681963.52,9793699.84,768,512,15,4.0
s,4.0,24910204690.53973,3098787.84,104681963.52,12395151.36,768,576,15,4.0
m,4.0,62275511726.34933,3098787.84,104681963.52,12395151.36,768,576,15,4.0
l,4.0,124551023452.69865,3098787.84,104681963.52,12395151.36,768,576,15,4.0
xl,4.0,249102046905.3973,3098787.84,104681963.52,12395151.36,768,576,15,4.0
s,4.0,102905884352.7536,612106.24,27941437.44,2448424.96,384,256,16,4.0
s,4.0,72088796049.28485,956416.0,38031400.96,3825664.0,448,320,16,4.0
m,4.0,180221990123.21213,956416.0,38031400.96,3825664.0,448,320,16,4.0
l,4.0,360443980246.42426,956416.0,38031400.96,3825664.0,448,320,16,4.0
xl,4.0,720887960492.8485,956416.0,38031400.96,3825664.0,448,320,16,4.0
s,4.0,53241871124.82236,1377239.04,49673666.56,5508956.16,512,384,16,4.0
m,4.0,133104677812.05591,1377239.04,49673666.56,5508956.16,512,384,16,4.0
l,4.0,266209355624.11182,1377239.04,49673666.56,5508956.16,512,384,16,4.0
xl,4.0,532418711248.22363,1377239.04,49673666.56,5508956.16,512,384,16,4.0
s,4.0,46887383661.335724,1377239.04,62868234.239999995,5508956.16,576,384,16,4.0
m,4.0,117218459153.33931,1377239.04,62868234.239999995,5508956.16,576,384,16,4.0
l,4.0,234436918306.67862,1377239.04,62868234.239999995,5508956.16,576,384,16,4.0
xl,4.0,468873836613.35724,1377239.04,62868234.239999995,5508956.16,576,384,16,4.0
s,4.0,40901629499.977646,1874575.3599999999,62868234.239999995,7498301.4399999995,576,448,16,4.0
m,4.0,102254073749.9441,1874575.3599999999,62868234.239999995,7498301.4399999995,576,448,16,4.0
l,4.0,204508147499.8882,1874575.3599999999,62868234.239999995,7498301.4399999995,576,448,16,4.0
xl,4.0,409016294999.7764,1874575.3599999999,62868234.239999995,7498301.4399999995,576,448,16,4.0
s,4.0,36644062849.7859,1874575.3599999999,77615104.0,7498301.4399999995,640,448,16,4.0
m,4.0,91610157124.46475,1874575.3599999999,77615104.0,7498301.4399999995,640,448,16,4.0
l,4.0,183220314248.9295,1874575.3599999999,77615104.0,7498301.4399999995,640,448,16,4.0
xl,4.0,366440628497.859,1874575.3599999999,77615104.0,7498301.4399999995,640,448,16,4.0
s,4.0,29405133951.959015,2448424.96,93914275.84,9793699.84,704,512,16,4.0
m,4.0,73512834879.89754,2448424.96,93914275.84,9793699.84,704,512,16,4.0
l,4.0,147025669759.79507,2448424.96,93914275.84,9793699.84,704,512,16,4.0
xl,4.0,294051339519.59015,2448424.96,93914275.84,9793699.84,704,512,16,4.0
s,4.0,26710379720.22839,2448424.96,111765749.76,9793699.84,768,512,16,4.0
m,4.0,66775949300.57098,2448424.96,111765749.76,9793699.84,768,512,16,4.0
l,4.0,133551898601.14195,2448424.96,111765749.76,9793699.84,768,512,16,4.0
xl,4.0,267103797202.2839,2448424.96,111765749.76,9793699.84,768,512,16,4.0
s,4.0,24106813440.981018,3098787.84,111765749.76,12395151.36,768,576,16,4.0
m,4.0,60267033602.45254,3098787.84,111765749.76,12395151.36,768,576,16,4.0
l,4.0,120534067204.90508,3098787.84,111765749.76,12395151.36,768,576,16,4.0
xl,4.0,241068134409.81015,3098787.84,111765749.76,12395151.36,768,576,16,4.0
s,4.0,115147322616.56279,612106.24,23809392.64,2448424.96,704,256,4,4.0
s,4.0,104862238869.53606,612106.24,28335144.96,2448424.96,768,256,4,4.0
s,4.0,113161476357.12746,612106.24,24596480.0,2448424.96,640,256,5,4.0
s,4.0,101942660108.08368,612106.24,29761740.8,2448424.96,704,256,5,4.0
s,4.0,76492543935.17543,956416.0,35418931.2,3825664.0,768,320,5,4.0
m,4.0,191231359837.9386,956416.0,35418931.2,3825664.0,768,320,5,4.0
l,4.0,382462719675.8772,956416.0,35418931.2,3825664.0,768,320,5,4.0
xl,4.0,764925439351.7544,956416.0,35418931.2,3825664.0,768,320,5,4.0
s,4.0,114797197067.55428,612106.24,23907778.56,2448424.96,576,256,6,4.0
s,4.0,102382045236.15523,612106.24,29515776.0,2448424.96,640,256,6,4.0
s,4.0,76142118374.60626,956416.0,35714088.96,3825664.0,704,320,6,4.0
m,4.0,190355295936.51566,956416.0,35714088.96,3825664.0,704,320,6,4.0
l,4.0,380710591873.0313,956416.0,35714088.96,3825664.0,704,320,6,4.0
xl,4.0,761421183746.0626,956416.0,35714088.96,3825664.0,704,320,6,4.0
s,4.0,69391304583.39449,956416.0,42502717.44,3825664.0,768,320,6,4.0
m,4.0,173478261458.4862,956416.0,42502717.44,3825664.0,768,320,6,4.0
l,4.0,346956522916.9724,956416.0,42502717.44,3825664.0,768,320,6,4.0
xl,4.0,693913045833.9448,956416.0,42502717.44,3825664.0,768,320,6,4.0
s,4.0,119586866981.7484,612106.24,22038446.08,2448424.96,512,256,7,4.0
s,4.0,105648294191.65456,612106.24,27892408.32,2448424.96,576,256,7,4.0
s,4.0,77538999014.94455,956416.0,34435072.0,3825664.0,640,320,7,4.0
s,4.0,70134859010.02502,956416.0,41666437.120000005,3825664.0,704,320,7,4.0
m,4.0,175337147525.06256,956416.0,41666437.120000005,3825664.0,704,320,7,4.0
l,4.0,350674295050.1251,956416.0,41666437.120000005,3825664.0,704,320,7,4.0
xl,4.0,701348590100.2502,956416.0,41666437.120000005,3825664.0,704,320,7,4.0
s,4.0,54321305953.031075,1377239.04,49586503.68,5508956.16,768,384,7,4.0
m,4.0,135803264882.57768,1377239.04,49586503.68,5508956.16,768,384,7,4.0
l,4.0,271606529765.15536,1377239.04,49586503.68,5508956.16,768,384,7,4.0
xl,4.0,543213059530.3107,1377239.04,49586503.68,5508956.16,768,384,7,4.0
s,4.0,111621223077.13959,612106.24,25186795.52,2448424.96,512,256,8,4.0
s,4.0,72321514840.66414,956416.0,39354368.0,3825664.0,640,320,8,4.0
m,4.0,180803787101.66034,956416.0,39354368.0,3825664.0,640,320,8,4.0
l,4.0,361607574203.3207,956416.0,39354368.0,3825664.0,640,320,8,4.0
xl,4.0,723215148406.6414,956416.0,39354368.0,3825664.0,640,320,8,4.0
s,4.0,65006173922.36457,956416.0,47618785.28,3825664.0,704,320,8,4.0
m,4.0,162515434805.91144,956416.0,47618785.28,3825664.0,704,320,8,4.0
l,4.0,325030869611.8229,956416.0,47618785.28,3825664.0,704,320,8,4.0
xl,4.0,650061739223.6458,956416.0,47618785.28,3825664.0,704,320,8,4.0
s,4.0,55422382221.76253,1377239.04,47618785.28,5508956.16,704,384,8,4.0
m,4.0,138555955554.4063,1377239.04,47618785.28,5508956.16,704,384,8,4.0
l,4.0,277111911108.8126,1377239.04,47618785.28,5508956.16,704,384,8,4.0
xl,4.0,554223822217.6252,1377239.04,47618785.28,5508956.16,704,384,8,4.0
s,4.0,50641011492.70612,1377239.04,56670289.92,5508956.16,768,384,8,4.0
m,4.0,126602528731.7653,1377239.04,56670289.92,5508956.16,768,384,8,4.0
l,4.0,253205057463.5306,1377239.04,56670289.92,5508956.16,768,384,8,4.0
xl,4.0,506410114927.0612,1377239.04,56670289.92,5508956.16,768,384,8,4.0
s,4.0,120435719862.50749,612106.24,21694095.36,2448424.96,448,256,9,4.0
s,4.0,104650486797.2276,612106.24,28335144.96,2448424.96,512,256,9,4.0
s,4.0,75912467556.37779,956416.0,35861667.839999996,3825664.0,576,320,9,4.0
m,4.0,189781168890.94446,956416.0,35861667.839999996,3825664.0,576,320,9,4.0
l,4.0,379562337781.8889,956416.0,35861667.839999996,3825664.0,576,320,9,4.0
xl,4.0,759124675563.7778,956416.0,35861667.839999996,3825664.0,576,320,9,4.0
s,4.0,67761916068.46447,956416.0,44273664.0,3825664.0,640,320,9,4.0
m,4.0,169404790171.1612,956416.0,44273664.0,3825664.0,640,320,9,4.0
l,4.0,338809580342.3224,956416.0,44273664.0,3825664.0,640,320,9,4.0
xl,4.0,677619160684.6448,956416.0,44273664.0,3825664.0,640,320,9,4.0
s,4.0,52169845283.52086,1377239.04,53571133.44,5508956.16,704,384,9,4.0
m,4.0,130424613208.80215,1377239.04,53571133.44,5508956.16,704,384,9,4.0
l,4.0,260849226417.6043,1377239.04,53571133.44,5508956.16,704,384,9,4.0
xl,4.0,521698452835.2086,1377239.04,53571133.44,5508956.16,704,384,9,4.0
s,4.0,47427758190.49308,1377239.04,63754076.160000004,5508956.16,768,384,9,4.0
m,4.0,118569395476.2327,1377239.04,63754076.160000004,5508956.16,768,384,9,4.0
l,4.0,237138790952.4654,1377239.04,63754076.160000004,5508956.16,768,384,9,4.0
xl,4.0,474277581904.9308,1377239.04,63754076.160000004,5508956.16,768,384,9,4.0
s,4.0,41312235776.02867,1874575.3599999999,63754076.160000004,7498301.4399999995,768,448,9,4.0
m,4.0,103280589440.07167,1874575.3599999999,63754076.160000004,7498301.4399999995,768,448,9,4.0
l,4.0,206561178880.14334,1874575.3599999999,63754076.160000004,7498301.4399999995,768,448,9,4.0
xl,4.0,413122357760.2867,1874575.3599999999,63754076.160000004,7498301.4399999995,768,448,9,4.0
s,4.0,112016442938.4655,612106.24,23568670.72,2448424.96,448,256,10,4.0
s,4.0,70713972390.77605,956416.0,38960455.67999999,3825664.0,576,320,10,4.0
m,4.0,176784930976.94012,956416.0,38960455.67999999,3825664.0,576,320,10,4.0
l,4.0,353569861953.88025,956416.0,38960455.67999999,3825664.0,576,320,10,4.0
xl,4.0,707139723907.7605,956416.0,38960455.67999999,3825664.0,576,320,10,4.0
s,4.0,53804234883.97999,1377239.04,48099328.0,5508956.16,640,384,10,4.0
m,4.0,134510587209.94997,1377239.04,48099328.0,5508956.16,640,384,10,4.0
l,4.0,269021174419.89993,1377239.04,48099328.0,5508956.16,640,384,10,4.0
xl,4.0,538042348839.79987,1377239.04,48099328.0,5508956.16,640,384,10,4.0
s,4.0,48650686823.15219,1377239.04,58200186.879999995,5508956.16,704,384,10,4.0
m,4.0,121626717057.88048,1377239.04,58200186.879999995,5508956.16,704,384,10,4.0
l,4.0,243253434115.76096,1377239.04,58200186.879999995,5508956.16,704,384,10,4.0
xl,4.0,486506868231.5219,1377239.04,58200186.879999995,5508956.16,704,384,10,4.0
s,4.0,38715917526.051636,1874575.3599999999,69263032.32000001,7498301.4399999995,768,448,10,4.0
m,4.0,96789793815.12909,1874575.3599999999,69263032.32000001,7498301.4399999995,768,448,10,4.0
l,4.0,193579587630.25818,1874575.3599999999,69263032.32000001,7498301.4399999995,768,448,10,4.0
xl,4.0,387159175260.51636,1874575.3599999999,69263032.32000001,7498301.4399999995,768,448,10,4.0
s,4.0,106554723172.7898,612106.24,25979125.759999998,2448424.96,448,256,11,4.0
s,4.0,76112915129.27711,956416.0,33931919.36,3825664.0,512,320,11,4.0
s,4.0,67132878189.60524,956416.0,42945085.44,3825664.0,576,320,11,4.0
m,4.0,167832195474.0131,956416.0,42945085.44,3825664.0,576,320,11,4.0
l,4.0,335664390948.0262,956416.0,42945085.44,3825664.0,576,320,11,4.0
xl,4.0,671328781896.0524,956416.0,42945085.44,3825664.0,576,320,11,4.0
s,4.0,51239205846.41798,1377239.04,53018624.0,5508956.16,640,384,11,4.0
m,4.0,128098014616.04495,1377239.04,53018624.0,5508956.16,640,384,11,4.0
l,4.0,256196029232.0899,1377239.04,53018624.0,5508956.16,640,384,11,4.0
xl,4.0,512392058464.1798,1377239.04,53018624.0,5508956.16,640,384,11,4.0
s,4.0,46126304463.88308,1377239.04,64152535.04,5508956.16,704,384,11,4.0
m,4.0,115315761159.7077,1377239.04,64152535.04,5508956.16,704,384,11,4.0
l,4.0,230631522319.4154,1377239.04,64152535.04,5508956.16,704,384,11,4.0
xl,4.0,461263044638.8308,1377239.04,64152535.04,5508956.16,704,384,11,4.0
s,4.0,40321266171.88409,1874575.3599999999,64152535.04,7498301.4399999995,704,448,11,4.0
m,4.0,100803165429.71022,1874575.3599999999,64152535.04,7498301.4399999995,704,448,11,4.0
l,4.0,201606330859.42044,1874575.3599999999,64152535.04,7498301.4399999995,704,448,11,4.0
xl,4.0,403212661718.8409,1874575.3599999999,64152535.04,7498301.4399999995,704,448,11,4.0
s,4.0,36809327014.66193,1874575.3599999999,76346818.56,7498301.4399999995,768,448,11,4.0
m,4.0,92023317536.65482,1874575.3599999999,76346818.56,7498301.4399999995,768,448,11,4.0
l,4.0,184046635073.30963,1874575.3599999999,76346818.56,7498301.4399999995,768,448,11,4.0
xl,4.0,368093270146.61926,1874575.3599999999,76346818.56,7498301.4399999995,768,448,11,4.0
s,4.0,119472723478.7949,612106.24,20857651.2,2448424.96,384,256,12,4.0
s,4.0,101600848986.44783,612106.24,28389580.8,2448424.96,448,256,12,4.0
s,4.0,72806050250.33981,956416.0,37080268.8,3825664.0,512,320,12,4.0
m,4.0,182015125625.84955,956416.0,37080268.8,3825664.0,512,320,12,4.0
l,4.0,364030251251.6991,956416.0,37080268.8,3825664.0,512,320,12,4.0
xl,4.0,728060502503.3982,956416.0,37080268.8,3825664.0,512,320,12,4.0
s,4.0,63897008409.541504,956416.0,46929715.2,3825664.0,576,320,12,4.0
m,4.0,159742521023.85376,956416.0,46929715.2,3825664.0,576,320,12,4.0
l,4.0,319485042047.7075,956416.0,46929715.2,3825664.0,576,320,12,4.0
xl,4.0,638970084095.415,956416.0,46929715.2,3825664.0,576,320,12,4.0
s,4.0,54614121694.90846,1377239.04,46929715.2,5508956.16,576,384,12,4.0
m,4.0,136535304237.27116,1377239.04,46929715.2,5508956.16,576,384,12,4.0
l,4.0,273070608474.54233,1377239.04,46929715.2,5508956.16,576,384,12,4.0
xl,4.0,546141216949.08466,1377239.04,46929715.2,5508956.16,576,384,12,4.0
s,4.0,48907615158.26192,1377239.04,57937920.0,5508956.16,640,384,12,4.0
m,4.0,122269037895.6548,1377239.04,57937920.0,5508956.16,640,384,12,4.0
l,4.0,244538075791.3096,1377239.04,57937920.0,5508956.16,640,384,12,4.0
xl,4.0,489076151582.6192,1377239.04,57937920.0,5508956.16,640,384,12,4.0
s,4.0,38571738273.833626,1874575.3599999999,70104883.2,7498301.4399999995,704,448,12,4.0
m,4.0,96429345684.58406,1874575.3599999999,70104883.2,7498301.4399999995,704,448,12,4.0
l,4.0,192858691369.16812,1874575.3599999999,70104883.2,7498301.4399999995,704,448,12,4.0
xl,4.0,385717382738.33624,1874575.3599999999,70104883.2,7498301.4399999995,704,448,12,4.0
s,4.0,35081705629.19477,1874575.3599999999,83430604.8,7498301.4399999995,768,448,12,4.0
m,4.0,87704264072.98692,1874575.3599999999,83430604.8,7498301.4399999995,768,448,12,4.0
l,4.0,175408528145.97385,1874575.3599999999,83430604.8,7498301.4399999995,768,448,12,4.0
xl,4.0,350817056291.9477,1874575.3599999999,83430604.8,7498301.4399999995,768,448,12,4.0
s,4.0,31165077656.592,2448424.96,83430604.8,9793699.84,768,512,12,4.0
m,4.0,77912694141.48,2448424.96,83430604.8,9793699.84,768,512,12,4.0
l,4.0,155825388282.96,2448424.96,83430604.8,9793699.84,768,512,12,4.0
xl,4.0,311650776565.92,2448424.96,83430604.8,9793699.84,768,512,12,4.0
s,4.0,114850280989.94107,612106.24,22628597.759999998,2448424.96,384,256,13,4.0
s,4.0,69774566525.22636,956416.0,40228618.24,3825664.0,512,320,13,4.0
m,4.0,174436416313.06592,956416.0,40228618.24,3825664.0,512,320,13,4.0
l,4.0,348872832626.13184,956416.0,40228618.24,3825664.0,512,320,13,4.0
xl,4.0,697745665252.2637,956416.0,40228618.24,3825664.0,512,320,13,4.0
s,4.0,52453137129.39456,1377239.04,50914344.95999999,5508956.16,576,384,13,4.0
m,4.0,131132842823.4864,1377239.04,50914344.95999999,5508956.16,576,384,13,4.0
l,4.0,262265685646.9728,1377239.04,50914344.95999999,5508956.16,576,384,13,4.0
xl,4.0,524531371293.9456,1377239.04,50914344.95999999,5508956.16,576,384,13,4.0
s,4.0,46778982629.72879,1377239.04,62857216.0,5508956.16,640,384,13,4.0
m,4.0,116947456574.32198,1377239.04,62857216.0,5508956.16,640,384,13,4.0
l,4.0,233894913148.64395,1377239.04,62857216.0,5508956.16,640,384,13,4.0
xl,4.0,467789826297.2879,1377239.04,62857216.0,5508956.16,640,384,13,4.0
s,4.0,40819114892.681,1874575.3599999999,62857216.0,7498301.4399999995,640,448,13,4.0
m,4.0,102047787231.7025,1874575.3599999999,62857216.0,7498301.4399999995,640,448,13,4.0
l,4.0,204095574463.405,1874575.3599999999,62857216.0,7498301.4399999995,640,448,13,4.0
xl,4.0,408191148926.81,1874575.3599999999,62857216.0,7498301.4399999995,640,448,13,4.0
s,4.0,36967719769.3529,1874575.3599999999,76057231.36,7498301.4399999995,704,448,13,4.0
m,4.0,92419299423.38225,1874575.3599999999,76057231.36,7498301.4399999995,704,448,13,4.0
l,4.0,184838598846.7645,1874575.3599999999,76057231.36,7498301.4399999995,704,448,13,4.0
xl,4.0,369677197693.529,1874575.3599999999,76057231.36,7498301.4399999995,704,448,13,4.0
s,4.0,33508983672.739662,1874575.3599999999,90514391.03999999,7498301.4399999995,768,448,13,4.0
m,4.0,83772459181.84917,1874575.3599999999,90514391.03999999,7498301.4399999995,768,448,13,4.0
l,4.0,167544918363.69833,1874575.3599999999,90514391.03999999,7498301.4399999995,768,448,13,4.0
xl,4.0,335089836727.39667,1874575.3599999999,90514391.03999999,7498301.4399999995,768,448,13,4.0
s,4.0,29917676701.792606,2448424.96,90514391.03999999,9793699.84,768,512,13,4.0
m,4.0,74794191754.4815,2448424.96,90514391.03999999,9793699.84,768,512,13,4.0
l,4.0,149588383508.963,2448424.96,90514391.03999999,9793699.84,768,512,13,4.0
xl,4.0,299176767017.926,2448424.96,90514391.03999999,9793699.84,768,512,13,4.0
s,4.0,110572202834.6396,612106.24,24399544.32,2448424.96,384,256,14,4.0
s,4.0,77180715174.53622,956416.0,33210490.88,3825664.0,448,320,14,4.0
s,4.0,66985440194.766655,956416.0,43376967.68,3825664.0,512,320,14,4.0
m,4.0,167463600486.91663,956416.0,43376967.68,3825664.0,512,320,14,4.0
l,4.0,334927200973.83325,956416.0,43376967.68,3825664.0,512,320,14,4.0
xl,4.0,669854401947.6665,956416.0,43376967.68,3825664.0,512,320,14,4.0
s,4.0,50456656150.04638,1377239.04,54898974.72,5508956.16,576,384,14,4.0
m,4.0,126141640375.11594,1377239.04,54898974.72,5508956.16,576,384,14,4.0
l,4.0,252283280750.23187,1377239.04,54898974.72,5508956.16,576,384,14,4.0
xl,4.0,504566561500.46375,1377239.04,54898974.72,5508956.16,576,384,14,4.0
s,4.0,44827913172.420494,1377239.04,67776512.0,5508956.16,640,384,14,4.0
m,4.0,112069782931.05124,1377239.04,67776512.0,5508956.16,640,384,14,4.0
l,4.0,224139565862.10248,1377239.04,67776512.0,5508956.16,640,384,14,4.0
xl,4.0,448279131724.20496,1377239.04,67776512.0,5508956.16,640,384,14,4.0
s,4.0,39325590659.360535,1874575.3599999999,67776512.0,7498301.4399999995,640,448,14,4.0
m,4.0,98313976648.40134,1874575.3599999999,67776512.0,7498301.4399999995,640,448,14,4.0
l,4.0,196627953296.80267,1874575.3599999999,67776512.0,7498301.4399999995,640,448,14,4.0
xl,4.0,393255906593.60535,1874575.3599999999,67776512.0,7498301.4399999995,640,448,14,4.0
s,4.0,35491782255.45131,1874575.3599999999,82009579.52,7498301.4399999995,704,448,14,4.0
m,4.0,88729455638.62827,1874575.3599999999,82009579.52,7498301.4399999995,704,448,14,4.0
l,4.0,177458911277.25653,1874575.3599999999,82009579.52,7498301.4399999995,704,448,14,4.0
xl,4.0,354917822554.51306,1874575.3599999999,82009579.52,7498301.4399999995,704,448,14,4.0
s,4.0,31488279367.158333,2448424.96,82009579.52,9793699.84,704,512,14,4.0
m,4.0,78720698417.89583,2448424.96,82009579.52,9793699.84,704,512,14,4.0
l,4.0,157441396835.79166,2448424.96,82009579.52,9793699.84,704,512,14,4.0
xl,4.0,314882793671.5833,2448424.96,82009579.52,9793699.84,704,512,14,4.0
s,4.0,28766288715.374317,2448424.96,97598177.28,9793699.84,768,512,14,4.0
m,4.0,71915721788.43579,2448424.96,97598177.28,9793699.84,768,512,14,4.0
l,4.0,143831443576.87158,2448424.96,97598177.28,9793699.84,768,512,14,4.0
xl,4.0,287662887153.74316,2448424.96,97598177.28,9793699.84,768,512,14,4.0
s,4.0,106601389092.85287,612106.24,26170490.88,2448424.96,384,256,15,4.0
s,4.0,74547907198.70972,956416.0,35620945.92,3825664.0,448,320,15,4.0
m,4.0,186369767996.7743,956416.0,35620945.92,3825664.0,448,320,15,4.0
l,4.0,372739535993.5486,956416.0,35620945.92,3825664.0,448,320,15,4.0
xl,4.0,745479071987.0972,956416.0,35620945.92,3825664.0,448,320,15,4.0
s,4.0,64410724828.82979,956416.0,46525317.12,3825664.0,512,320,15,4.0
m,4.0,161026812072.0745,956416.0,46525317.12,3825664.0,512,320,15,4.0
l,4.0,322053624144.149,956416.0,46525317.12,3825664.0,512,320,15,4.0
xl,4.0,644107248288.298,956416.0,46525317.12,3825664.0,512,320,15,4.0
s,4.0,54988978449.0715,1377239.04,46525317.12,5508956.16,512,384,15,4.0
m,4.0,137472446122.67874,1377239.04,46525317.12,5508956.16,512,384,15,4.0
l,4.0,274944892245.3575,1377239.04,46525317.12,5508956.16,512,384,15,4.0
xl,4.0,549889784490.715,1377239.04,46525317.12,5508956.16,512,384,15,4.0
s,4.0,48606583407.86668,1377239.04,58883604.480000004,5508956.16,576,384,15,4.0
m,4.0,121516458519.66669,1377239.04,58883604.480000004,5508956.16,576,384,15,4.0
l,4.0,243032917039.33337,1377239.04,58883604.480000004,5508956.16,576,384,15,4.0
xl,4.0,486065834078.66675,1377239.04,58883604.480000004,5508956.16,576,384,15,4.0
s,4.0,37937501335.40005,1874575.3599999999,72695808.0,7498301.4399999995,640,448,15,4.0
m,4.0,94843753338.5001,1874575.3599999999,72695808.0,7498301.4399999995,640,448,15,4.0
l,4.0,189687506677.0002,1874575.3599999999,72695808.0,7498301.4399999995,640,448,15,4.0
xl,4.0,379375013354.0004,1874575.3599999999,72695808.0,7498301.4399999995,640,448,15,4.0
s,4.0,34129173789.76653,1874575.3599999999,87961927.68,7498301.4399999995,704,448,15,4.0
m,4.0,85322934474.41632,1874575.3599999999,87961927.68,7498301.4399999995,704,448,15,4.0
l,4.0,170645868948.83264,1874575.3599999999,87961927.68,7498301.4399999995,704,448,15,4.0
xl,4.0,341291737897.6653,1874575.3599999999,87961927.68,7498301.4399999995,704,448,15,4.0
s,4.0,30411074769.471283,2448424.96,87961927.68,9793699.84,704,512,15,4.0
m,4.0,76027686923.6782,2448424.96,87961927.68,9793699.84,704,512,15,4.0
l,4.0,152055373847.3564,2448424.96,87961927.68,9793699.84,704,512,15,4.0
xl,4.0,304110747694.7128,2448424.96,87961927.68,9793699.84,704,512,15,4.0
s,4.0,27700239268.018738,2448424.96,104681963.52,9793699.84,768,512,15,4.0
m,4.0,69250598170.04684,2448424.96,104681963.52,9793699.84,768,512,15,4.0
l,4.0,138501196340.0937,2448424.96,104681963.52,9793699.84,768,512,15,4.0
xl,4.0,277002392680.1874,2448424.96,104681963.52,9793699.84,768,512,15,4.0
s,4.0,24910204690.53973,3098787.84,104681963.52,12395151.36,768,576,15,4.0
m,4.0,62275511726.34933,3098787.84,104681963.52,12395151.36,768,576,15,4.0
l,4.0,124551023452.69865,3098787.84,104681963.52,12395151.36,768,576,15,4.0
xl,4.0,249102046905.3973,3098787.84,104681963.52,12395151.36,768,576,15,4.0
s,4.0,102905884352.7536,612106.24,27941437.44,2448424.96,384,256,16,4.0
s,4.0,72088796049.28485,956416.0,38031400.96,3825664.0,448,320,16,4.0
m,4.0,180221990123.21213,956416.0,38031400.96,3825664.0,448,320,16,4.0
l,4.0,360443980246.42426,956416.0,38031400.96,3825664.0,448,320,16,4.0
xl,4.0,720887960492.8485,956416.0,38031400.96,3825664.0,448,320,16,4.0
s,4.0,53241871124.82236,1377239.04,49673666.56,5508956.16,512,384,16,4.0
m,4.0,133104677812.05591,1377239.04,49673666.56,5508956.16,512,384,16,4.0
l,4.0,266209355624.11182,1377239.04,49673666.56,5508956.16,512,384,16,4.0
xl,4.0,532418711248.22363,1377239.04,49673666.56,5508956.16,512,384,16,4.0
s,4.0,46887383661.335724,1377239.04,62868234.239999995,5508956.16,576,384,16,4.0
m,4.0,117218459153.33931,1377239.04,62868234.239999995,5508956.16,576,384,16,4.0
l,4.0,234436918306.67862,1377239.04,62868234.239999995,5508956.16,576,384,16,4.0
xl,4.0,468873836613.35724,1377239.04,62868234.239999995,5508956.16,576,384,16,4.0
s,4.0,40901629499.977646,1874575.3599999999,62868234.239999995,7498301.4399999995,576,448,16,4.0
m,4.0,102254073749.9441,1874575.3599999999,62868234.239999995,7498301.4399999995,576,448,16,4.0
l,4.0,204508147499.8882,1874575.3599999999,62868234.239999995,7498301.4399999995,576,448,16,4.0
xl,4.0,409016294999.7764,1874575.3599999999,62868234.239999995,7498301.4399999995,576,448,16,4.0
s,4.0,36644062849.7859,1874575.3599999999,77615104.0,7498301.4399999995,640,448,16,4.0
m,4.0,91610157124.46475,1874575.3599999999,77615104.0,7498301.4399999995,640,448,16,4.0
l,4.0,183220314248.9295,1874575.3599999999,77615104.0,7498301.4399999995,640,448,16,4.0
xl,4.0,366440628497.859,1874575.3599999999,77615104.0,7498301.4399999995,640,448,16,4.0
s,4.0,29405133951.959015,2448424.96,93914275.84,9793699.84,704,512,16,4.0
m,4.0,73512834879.89754,2448424.96,93914275.84,9793699.84,704,512,16,4.0
l,4.0,147025669759.79507,2448424.96,93914275.84,9793699.84,704,512,16,4.0
xl,4.0,294051339519.59015,2448424.96,93914275.84,9793699.84,704,512,16,4.0
s,4.0,26710379720.22839,2448424.96,111765749.76,9793699.84,768,512,16,4.0
m,4.0,66775949300.57098,2448424.96,111765749.76,9793699.84,768,512,16,4.0
l,4.0,133551898601.14195,2448424.96,111765749.76,9793699.84,768,512,16,4.0
xl,4.0,267103797202.2839,2448424.96,111765749.76,9793699.84,768,512,16,4.0
s,4.0,24106813440.981018,3098787.84,111765749.76,12395151.36,768,576,16,4.0
m,4.0,60267033602.45254,3098787.84,111765749.76,12395151.36,768,576,16,4.0
l,4.0,120534067204.90508,3098787.84,111765749.76,12395151.36,768,576,16,4.0
xl,4.0,241068134409.81015,3098787.84,111765749.76,12395151.36,768,576,16,4.0
