FLOPs,Patch size,Tokens,Encoder parameters,Global transformer parameters,Decoder parameters,Global transformer dimension,Encoder/Decoder dimension,Global transformer layers,Decoder layers
s,1,15102177709.862278,198272,25192448,991360,1024,128,2,5
m,1,30204355419.724556,198272,25192448,991360,1024,128,2,5
l,1,75510888549.31139,198272,25192448,991360,1024,128,2,5
xl,1,151021777098.62277,198272,25192448,991360,1024,128,2,5
s,1,10667633410.27684,198272,39354880,991360,1280,128,2,5
m,1,21335266820.55368,198272,39354880,991360,1280,128,2,5
l,1,53338167051.3842,198272,39354880,991360,1280,128,2,5
xl,1,106676334102.7684,198272,39354880,991360,1280,128,2,5
s,1,7937390876.750226,198272,56663040,991360,1536,128,2,5
m,1,15874781753.500452,198272,56663040,991360,1536,128,2,5
l,1,39686954383.75113,198272,56663040,991360,1536,128,2,5
xl,1,79373908767.50226,198272,56663040,991360,1536,128,2,5
s,1,6136887347.171867,198272,77116928,991360,1792,128,2,5
m,1,12273774694.343735,198272,77116928,991360,1792,128,2,5
l,1,30684436735.859337,198272,77116928,991360,1792,128,2,5
xl,1,61368873471.71867,198272,77116928,991360,1792,128,2,5
s,1,4886851788.4313755,198272,100716544,991360,2048,128,2,5
m,1,9773703576.862751,198272,100716544,991360,2048,128,2,5
l,1,24434258942.156876,198272,100716544,991360,2048,128,2,5
xl,1,48868517884.31375,198272,100716544,991360,2048,128,2,5
s,1,4689615016.372384,789760,100716544,3948800,2048,256,2,5
m,1,9379230032.744768,789760,100716544,3948800,2048,256,2,5
l,1,23448075081.86192,789760,100716544,3948800,2048,256,2,5
xl,1,46896150163.72384,789760,100716544,3948800,2048,256,2,5
s,1,11973372751.59217,198272,28351488,991360,768,128,4,5
m,1,23946745503.18434,198272,28351488,991360,768,128,4,5
l,1,59866863757.96085,198272,28351488,991360,768,128,4,5
xl,1,119733727515.9217,198272,28351488,991360,768,128,4,5
s,1,7743939035.747014,198272,50384896,991360,1024,128,4,5
m,1,15487878071.494028,198272,50384896,991360,1024,128,4,5
l,1,38719695178.73507,198272,50384896,991360,1024,128,4,5
xl,1,77439390357.47014,198272,50384896,991360,1024,128,4,5
s,1,5429323070.262217,198272,78709760,991360,1280,128,4,5
m,1,10858646140.524433,198272,78709760,991360,1280,128,4,5
l,1,27146615351.31108,198272,78709760,991360,1280,128,4,5
xl,1,54293230702.62216,198272,78709760,991360,1280,128,4,5
s,1,4021329388.441374,198272,113326080,991360,1536,128,4,5
m,1,8042658776.882748,198272,113326080,991360,1536,128,4,5
l,1,20106646942.20687,198272,113326080,991360,1536,128,4,5
xl,1,40213293884.41374,198272,113326080,991360,1536,128,4,5
l,1,15499063906.137074,198272,154233856,991360,1792,128,4,5
xl,1,30998127812.274147,198272,154233856,991360,1792,128,4,5
xl,1,24632759062.924126,198272,201433088,991360,2048,128,4,5
m,1,7773620238.377753,789760,113326080,3948800,1536,256,4,5
l,1,19434050595.944386,789760,113326080,3948800,1536,256,4,5
xl,1,38868101191.88877,789760,113326080,3948800,1536,256,4,5
l,1,15096320806.816948,789760,154233856,3948800,1792,256,4,5
xl,1,30192641613.633896,789760,154233856,3948800,1792,256,4,5
xl,1,24121387156.523026,789760,201433088,3948800,2048,256,4,5
xl,1,23338057703.030273,1774464,201433088,8872320,2048,384,4,5
s,1,8088717572.007705,198272,42527232,991360,768,128,6,5
m,1,16177435144.01541,198272,42527232,991360,768,128,6,5
l,1,40443587860.03853,198272,42527232,991360,768,128,6,5
xl,1,80887175720.07706,198272,42527232,991360,768,128,6,5
s,1,5206953490.658309,198272,75577344,991360,1024,128,6,5
m,1,10413906981.316618,198272,75577344,991360,1024,128,6,5
l,1,26034767453.291546,198272,75577344,991360,1024,128,6,5
xl,1,52069534906.58309,198272,75577344,991360,1024,128,6,5
m,1,7282564189.685978,198272,118064640,991360,1280,128,6,5
l,1,18206410474.214947,198272,118064640,991360,1280,128,6,5
xl,1,36412820948.42989,198272,118064640,991360,1280,128,6,5
l,1,13463952196.033075,198272,169989120,991360,1536,128,6,5
xl,1,26927904392.06615,198272,169989120,991360,1536,128,6,5
xl,1,20736081112.91377,198272,231350784,991360,1792,128,6,5
xl,1,16466429613.311325,198272,302149632,991360,2048,128,6,5
m,1,7061275603.055532,789760,118064640,3948800,1280,256,6,5
l,1,17653189007.638832,789760,118064640,3948800,1280,256,6,5
xl,1,35306378015.277664,789760,118064640,3948800,1280,256,6,5
l,1,13158989564.773895,789760,169989120,3948800,1536,256,6,5
xl,1,26317979129.54779,789760,169989120,3948800,1536,256,6,5
xl,1,20372507220.01656,789760,231350784,3948800,1792,256,6,5
xl,1,16236333683.102928,789760,302149632,3948800,2048,256,6,5
xl,1,19810908209.374104,1774464,231350784,8872320,1792,384,6,5
xl,1,15877617660.260035,1774464,302149632,8872320,2048,384,6,5
s,1,10942773322.464096,198272,25219072,991360,512,128,8,5
m,1,21885546644.928192,198272,25219072,991360,512,128,8,5
l,1,54713866612.32048,198272,25219072,991360,512,128,8,5
xl,1,109427733224.64096,198272,25219072,991360,512,128,8,5
s,1,6107268255.064538,198272,56702976,991360,768,128,8,5
m,1,12214536510.129076,198272,56702976,991360,768,128,8,5
l,1,30536341275.32269,198272,56702976,991360,768,128,8,5
xl,1,61072682550.64538,198272,56702976,991360,768,128,8,5
m,1,7844105863.550712,198272,100769792,991360,1024,128,8,5
l,1,19610264658.876778,198272,100769792,991360,1024,128,8,5
xl,1,39220529317.753555,198272,100769792,991360,1024,128,8,5
l,1,13695926073.379309,198272,157419520,991360,1280,128,8,5
xl,1,27391852146.758617,198272,157419520,991360,1280,128,8,5
xl,1,20240866964.58632,198272,226652160,991360,1536,128,8,5
xl,1,15578695443.533186,198272,308467712,991360,1792,128,8,5
m,1,7587975596.099222,789760,100769792,3948800,1024,256,8,5
l,1,18969938990.248055,789760,100769792,3948800,1024,256,8,5
xl,1,37939877980.49611,789760,100769792,3948800,1024,256,8,5
l,1,13380487455.653852,789760,157419520,3948800,1280,256,8,5
xl,1,26760974911.307705,789760,157419520,3948800,1280,256,8,5
xl,1,19894306166.814743,789760,226652160,3948800,1536,256,8,5
xl,1,15372585225.120565,789760,308467712,3948800,1792,256,8,5
xl,1,19358415645.316658,1774464,226652160,8872320,1536,384,8,5
xl,1,15050641918.306175,1774464,308467712,8872320,1792,384,8,5
s,1,8817864400.71536,198272,31523840,991360,512,128,10,5
m,1,17635728801.43072,198272,31523840,991360,512,128,10,5
l,1,44089322003.576805,198272,31523840,991360,512,128,10,5
xl,1,88178644007.15361,198272,31523840,991360,512,128,10,5
s,1,4905575905.192564,198272,70878720,991360,768,128,10,5
m,1,9811151810.385128,198272,70878720,991360,768,128,10,5
l,1,24527879525.96282,198272,70878720,991360,768,128,10,5
xl,1,49055759051.92564,198272,70878720,991360,768,128,10,5
l,1,15728901980.704136,198272,125962240,991360,1024,128,10,5
xl,1,31457803961.40827,198272,125962240,991360,1024,128,10,5
xl,1,21953145734.746147,198272,196774400,991360,1280,128,10,5
xl,1,16214341032.058113,198272,283315200,991360,1536,128,10,5
l,1,15314285400.649149,789760,125962240,3948800,1024,256,10,5
xl,1,30628570801.298298,789760,125962240,3948800,1024,256,10,5
xl,1,21546059753.1187,789760,196774400,3948800,1280,256,10,5
xl,1,15991188624.794622,789760,283315200,3948800,1536,256,10,5
xl,1,20918891599.97724,1774464,196774400,8872320,1280,384,10,5
xl,1,15643106896.23239,1774464,283315200,8872320,1536,384,10,5
s,1,7384009614.098661,198272,37828608,991360,512,128,12,5
m,1,14768019228.197323,198272,37828608,991360,512,128,12,5
l,1,36920048070.49331,198272,37828608,991360,512,128,12,5
xl,1,73840096140.98662,198272,37828608,991360,512,128,12,5
s,1,4099032628.2997212,198272,85054464,991360,768,128,12,5
m,1,8198065256.5994425,198272,85054464,991360,768,128,12,5
l,1,20495163141.498608,198272,85054464,991360,768,128,12,5
xl,1,40990326282.997215,198272,85054464,991360,768,128,12,5
l,1,13130121902.992895,198272,151154688,991360,1024,128,12,5
xl,1,26260243805.98579,198272,151154688,991360,1024,128,12,5
xl,1,18316390232.77465,198272,236129280,991360,1280,128,12,5
xl,1,13524004046.901333,198272,339978240,991360,1536,128,12,5
m,1,7918709693.767659,789760,85054464,3948800,768,256,12,5
l,1,19796774234.419147,789760,85054464,3948800,768,256,12,5
xl,1,39593548468.838295,789760,85054464,3948800,768,256,12,5
xl,1,25679863075.791836,789760,151154688,3948800,1024,256,12,5
xl,1,18032134937.841354,789760,236129280,3948800,1280,256,12,5
xl,1,13368405183.912466,789760,339978240,3948800,1536,256,12,5
xl,1,17590758462.843533,1774464,236129280,8872320,1280,384,12,5
xl,1,13124268978.217913,1774464,339978240,8872320,1536,384,12,5
s,1,6351246490.555239,198272,44133376,991360,512,128,14,5
m,1,12702492981.110477,198272,44133376,991360,512,128,14,5
l,1,31756232452.776196,198272,44133376,991360,512,128,14,5
xl,1,63512464905.55239,198272,44133376,991360,512,128,14,5
m,1,7040509854.573482,198272,99230208,991360,768,128,14,5
l,1,17601274636.433704,198272,99230208,991360,768,128,14,5
xl,1,35202549272.86741,198272,99230208,991360,768,128,14,5
xl,1,22536663365.13563,198272,176347136,991360,1024,128,14,5
xl,1,15713323017.348213,198272,275484160,991360,1280,128,14,5
m,1,6833477875.057346,789760,99230208,3948800,768,256,14,5
l,1,17083694687.643366,789760,99230208,3948800,768,256,14,5
xl,1,34167389375.28673,789760,99230208,3948800,768,256,14,5
xl,1,22107860324.16561,789760,176347136,3948800,1024,256,14,5
xl,1,15503659061.985464,789760,275484160,3948800,1280,256,14,5
xl,1,15176260734.472742,1774464,275484160,8872320,1280,384,14,5
s,1,5571929599.338144,198272,50438144,991360,512,128,16,5
m,1,11143859198.676289,198272,50438144,991360,512,128,16,5
l,1,27859647996.69072,198272,50438144,991360,512,128,16,5
xl,1,55719295993.38144,198272,50438144,991360,512,128,16,5
l,1,15423498165.862276,198272,113405952,991360,768,128,16,5
xl,1,30846996331.724552,198272,113405952,991360,768,128,16,5
xl,1,19737918341.23166,198272,201539584,991360,1024,128,16,5
xl,1,13758069823.371038,198272,314839040,991360,1280,128,16,5
l,1,15024622110.32044,789760,113405952,3948800,768,256,16,5
xl,1,30049244220.64088,789760,113405952,3948800,768,256,16,5
xl,1,19408226106.76574,789760,201539584,3948800,1024,256,16,5
xl,1,13597070377.39202,789760,314839040,3948800,1280,256,16,5
xl,1,18897866736.235004,1774464,201539584,8872320,1024,384,16,5
xl,1,13344589761.689114,1774464,314839040,8872320,1280,384,16,5
s,1,4962959645.50016,198272,56742912,991360,512,128,18,5
m,1,9925919291.00032,198272,56742912,991360,512,128,18,5
l,1,24814798227.5008,198272,56742912,991360,512,128,18,5
xl,1,49629596455.0016,198272,56742912,991360,512,128,18,5
l,1,13725290743.382828,198272,127581696,991360,768,128,18,5
xl,1,27450581486.765656,198272,127581696,991360,768,128,18,5
xl,1,17557515330.098705,198272,226732032,991360,1024,128,18,5
l,1,13408513689.64195,789760,127581696,3948800,768,256,18,5
xl,1,26817027379.2839,789760,127581696,3948800,768,256,18,5
xl,1,17296158271.415855,789760,226732032,3948800,1024,256,18,5
xl,1,16889669759.124664,1774464,226732032,8872320,1024,384,18,5
s,1,4473986595.506658,198272,63047680,991360,512,128,20,5
m,1,8947973191.013315,198272,63047680,991360,512,128,20,5
l,1,22369932977.533287,198272,63047680,991360,512,128,20,5
xl,1,44739865955.066574,198272,63047680,991360,512,128,20,5
xl,1,24727909905.264805,198272,141757440,991360,768,128,20,5
xl,1,15810919015.612688,198272,251924480,991360,1024,128,20,5
xl,1,24212621059.231277,789760,141757440,3948800,768,256,20,5
xl,1,15598660102.550833,789760,251924480,3948800,1024,256,20,5
xl,1,15267279996.052492,1774464,251924480,8872320,1024,384,20,5
s,1,4072723595.131916,198272,69352448,991360,512,128,22,5
m,1,8145447190.263832,198272,69352448,991360,512,128,22,5
l,1,20363617975.65958,198272,69352448,991360,512,128,22,5
xl,1,40727235951.31916,198272,69352448,991360,512,128,22,5
xl,1,22496596714.848976,198272,155933184,991360,768,128,22,5
xl,1,14380379584.959696,198272,277116928,991360,1024,128,22,5
xl,1,22069302553.541893,789760,155933184,3948800,768,256,22,5
xl,1,14204579029.004978,789760,277116928,3948800,1024,256,22,5
xl,1,13929261460.305439,1774464,277116928,8872320,1024,384,22,5
m,1,7475026832.3563175,198272,75657216,991360,512,128,24,5
l,1,18687567080.890793,198272,75657216,991360,512,128,24,5
xl,1,37375134161.781586,198272,75657216,991360,512,128,24,5
xl,1,20634638274.460896,198272,170108928,991360,768,128,24,5
xl,1,13187226459.998985,198272,302309376,991360,1024,128,24,5
xl,1,20274582071.118954,789760,170108928,3948800,768,256,24,5
xl,1,13039238218.07815,789760,302309376,3948800,1024,256,24,5
s,1,14979689937.195553,198272,25192448,1189632,1024,128,2,6
m,1,29959379874.391106,198272,25192448,1189632,1024,128,2,6
l,1,74898449685.97777,198272,25192448,1189632,1024,128,2,6
xl,1,149796899371.95554,198272,25192448,1189632,1024,128,2,6
s,1,10606372240.561346,198272,39354880,1189632,1280,128,2,6
m,1,21212744481.122692,198272,39354880,1189632,1280,128,2,6
l,1,53031861202.80673,198272,39354880,1189632,1280,128,2,6
xl,1,106063722405.61346,198272,39354880,1189632,1280,128,2,6
s,1,7903424952.364477,198272,56663040,1189632,1536,128,2,6
m,1,15806849904.728954,198272,56663040,1189632,1536,128,2,6
l,1,39517124761.82239,198272,56663040,1189632,1536,128,2,6
xl,1,79034249523.64478,198272,56663040,1189632,1536,128,2,6
s,1,6116563497.366844,198272,77116928,1189632,1792,128,2,6
m,1,12233126994.733688,198272,77116928,1189632,1792,128,2,6
l,1,30582817486.83422,198272,77116928,1189632,1792,128,2,6
xl,1,61165634973.66844,198272,77116928,1189632,1792,128,2,6
s,1,4873955608.792148,198272,100716544,1189632,2048,128,2,6
m,1,9747911217.584295,198272,100716544,1189632,2048,128,2,6
l,1,24369778043.96074,198272,100716544,1189632,2048,128,2,6
xl,1,48739556087.92148,198272,100716544,1189632,2048,128,2,6
s,1,4646737885.917157,789760,100716544,4738560,2048,256,2,6
m,1,9293475771.834314,789760,100716544,4738560,2048,256,2,6
l,1,23233689429.58579,789760,100716544,4738560,2048,256,2,6
xl,1,46467378859.17158,789760,100716544,4738560,2048,256,2,6
s,1,11896250986.912981,198272,28351488,1189632,768,128,4,6
m,1,23792501973.825962,198272,28351488,1189632,768,128,4,6
l,1,59481254934.56491,198272,28351488,1189632,768,128,4,6
xl,1,118962509869.12982,198272,28351488,1189632,768,128,4,6
s,1,7711605213.193187,198272,50384896,1189632,1024,128,4,6
m,1,15423210426.386374,198272,50384896,1189632,1024,128,4,6
l,1,38558026065.965935,198272,50384896,1189632,1024,128,4,6
xl,1,77116052131.93187,198272,50384896,1189632,1024,128,4,6
s,1,5413409526.422809,198272,78709760,1189632,1280,128,4,6
m,1,10826819052.845617,198272,78709760,1189632,1280,128,4,6
l,1,27067047632.114044,198272,78709760,1189632,1280,128,4,6
xl,1,54134095264.22809,198272,78709760,1189632,1280,128,4,6
s,1,4012592735.833236,198272,113326080,1189632,1536,128,4,6
m,1,8025185471.666472,198272,113326080,1189632,1536,128,4,6
l,1,20062963679.166183,198272,113326080,1189632,1536,128,4,6
xl,1,40125927358.33237,198272,113326080,1189632,1536,128,4,6
l,1,15473094442.619032,198272,154233856,1189632,1792,128,4,6
xl,1,30946188885.238064,198272,154233856,1189632,1792,128,4,6
xl,1,24599949713.766792,198272,201433088,1189632,2048,128,4,6
m,1,7714620749.243967,789760,113326080,4738560,1536,256,4,6
l,1,19286551873.109917,789760,113326080,4738560,1536,256,4,6
xl,1,38573103746.21983,789760,113326080,4738560,1536,256,4,6
l,1,15007166942.702492,789760,154233856,4738560,1792,256,4,6
xl,1,30014333885.404984,789760,154233856,4738560,1792,256,4,6
xl,1,24007443920.915714,789760,201433088,4738560,2048,256,4,6
xl,1,23107325206.949203,1774464,201433088,10646784,2048,384,4,6
s,1,8053447055.737069,198272,42527232,1189632,768,128,6,6
m,1,16106894111.474138,198272,42527232,1189632,768,128,6,6
l,1,40267235278.68535,198272,42527232,1189632,768,128,6,6
xl,1,80534470557.3707,198272,42527232,1189632,768,128,6,6
s,1,5192315041.43052,198272,75577344,1189632,1024,128,6,6
m,1,10384630082.86104,198272,75577344,1189632,1024,128,6,6
l,1,25961575207.1526,198272,75577344,1189632,1024,128,6,6
xl,1,51923150414.3052,198272,75577344,1189632,1024,128,6,6
m,1,7268234605.12321,198272,118064640,1189632,1280,128,6,6
l,1,18170586512.808025,198272,118064640,1189632,1280,128,6,6
xl,1,36341173025.61605,198272,118064640,1189632,1280,128,6,6
l,1,13444350541.92994,198272,169989120,1189632,1536,128,6,6
xl,1,26888701083.85988,198272,169989120,1189632,1536,128,6,6
xl,1,20712826111.01942,198272,231350784,1189632,1792,128,6,6
xl,1,16451761907.364103,198272,302149632,1189632,2048,128,6,6
m,1,7012559775.059523,789760,118064640,4738560,1280,256,6,6
l,1,17531399437.648808,789760,118064640,4738560,1280,256,6,6
xl,1,35062798875.297615,789760,118064640,4738560,1280,256,6,6
l,1,13091198525.407398,789760,169989120,4738560,1536,256,6,6
xl,1,26182397050.814796,789760,169989120,4738560,1536,256,6,6
xl,1,20291169516.78057,789760,231350784,4738560,1792,256,6,6
xl,1,16184628859.787977,789760,302149632,4738560,2048,256,6,6
xl,1,19644399284.327816,1774464,231350784,10646784,1792,384,6,6
xl,1,15770484294.66673,1774464,302149632,10646784,2048,384,6,6
s,1,10878320846.761532,198272,25219072,1189632,512,128,8,6
m,1,21756641693.523064,198272,25219072,1189632,512,128,8,6
l,1,54391604233.80766,198272,25219072,1189632,512,128,8,6
xl,1,108783208467.61533,198272,25219072,1189632,512,128,8,6
s,1,6087139792.285363,198272,56702976,1189632,768,128,8,6
m,1,12174279584.570726,198272,56702976,1189632,768,128,8,6
l,1,30435698961.42682,198272,56702976,1189632,768,128,8,6
xl,1,60871397922.85364,198272,56702976,1189632,768,128,8,6
m,1,7827483760.78909,198272,100769792,1189632,1024,128,8,6
l,1,19568709401.972725,198272,100769792,1189632,1024,128,8,6
xl,1,39137418803.94545,198272,100769792,1189632,1024,128,8,6
l,1,13675643665.50312,198272,157419520,1189632,1280,128,8,6
xl,1,27351287331.00624,198272,157419520,1189632,1280,128,8,6
xl,1,20218708846.84001,198272,226652160,1189632,1536,128,8,6
xl,1,15565565999.344702,198272,308467712,1189632,1792,128,8,6
m,1,7531750243.787692,789760,100769792,4738560,1024,256,8,6
l,1,18829375609.46923,789760,100769792,4738560,1024,256,8,6
xl,1,37658751218.93846,789760,100769792,4738560,1024,256,8,6
l,1,13310401109.46985,789760,157419520,4738560,1280,256,8,6
xl,1,26620802218.9397,789760,157419520,4738560,1280,256,8,6
xl,1,19816734836.234505,789760,226652160,4738560,1536,256,8,6
xl,1,15326227456.713339,789760,308467712,4738560,1792,256,8,6
xl,1,19199395646.031708,1774464,226652160,10646784,1536,384,8,6
xl,1,14954344028.77589,1774464,308467712,10646784,1792,384,8,6
s,1,8775964920.853434,198272,31523840,1189632,512,128,10,6
m,1,17551929841.706867,198272,31523840,1189632,512,128,10,6
l,1,43879824604.267166,198272,31523840,1189632,512,128,10,6
xl,1,87759649208.53433,198272,31523840,1189632,512,128,10,6
s,1,4892580843.440231,198272,70878720,1189632,768,128,10,6
m,1,9785161686.880463,198272,70878720,1189632,768,128,10,6
l,1,24462904217.201157,198272,70878720,1189632,768,128,10,6
xl,1,48925808434.40231,198272,70878720,1189632,768,128,10,6
l,1,15702157260.345888,198272,125962240,1189632,1024,128,10,6
xl,1,31404314520.691776,198272,125962240,1189632,1024,128,10,6
xl,1,21927082522.03128,198272,196774400,1189632,1280,128,10,6
xl,1,16200118797.415155,198272,283315200,1189632,1536,128,10,6
l,1,15222546320.381748,789760,125962240,4738560,1024,256,10,6
xl,1,30445092640.763496,789760,125962240,4738560,1024,256,10,6
xl,1,21455102194.942776,789760,196774400,4738560,1280,256,10,6
xl,1,15941030938.352844,789760,283315200,4738560,1536,256,10,6
xl,1,20733324071.342804,1774464,196774400,10646784,1280,384,10,6
xl,1,15539104492.099024,1774464,283315200,10646784,1536,384,10,6
s,1,7354605913.150224,198272,37828608,1189632,512,128,12,6
m,1,14709211826.300447,198272,37828608,1189632,512,128,12,6
l,1,36773029565.75112,198272,37828608,1189632,512,128,12,6
xl,1,73546059131.50224,198272,37828608,1189632,512,128,12,6
s,1,4089955462.021001,198272,85054464,1189632,768,128,12,6
m,1,8179910924.042002,198272,85054464,1189632,768,128,12,6
l,1,20449777310.105003,198272,85054464,1189632,768,128,12,6
xl,1,40899554620.21001,198272,85054464,1189632,768,128,12,6
l,1,13111479547.182781,198272,151154688,1189632,1024,128,12,6
xl,1,26222959094.365562,198272,151154688,1189632,1024,128,12,6
xl,1,18298243450.604874,198272,236129280,1189632,1280,128,12,6
xl,1,13514108426.481218,198272,339978240,1189632,1536,128,12,6
m,1,7857495950.560887,789760,85054464,4738560,768,256,12,6
l,1,19643739876.402218,789760,85054464,4738560,768,256,12,6
xl,1,39287479752.804436,789760,85054464,4738560,768,256,12,6
xl,1,25550759916.39301,789760,151154688,4738560,1024,256,12,6
xl,1,17968382546.576923,789760,236129280,4738560,1280,256,12,6
xl,1,13333333333.333334,789760,339978240,4738560,1536,256,12,6
xl,1,17459354901.139824,1774464,236129280,10646784,1280,384,12,6
xl,1,13050984369.974066,1774464,339978240,10646784,1536,384,12,6
s,1,6329480553.202677,198272,44133376,1189632,512,128,14,6
m,1,12658961106.405354,198272,44133376,1189632,512,128,14,6
l,1,31647402766.013382,198272,44133376,1189632,512,128,14,6
xl,1,63294805532.026764,198272,44133376,1189632,512,128,14,6
m,1,7027116123.262588,198272,99230208,1189632,768,128,14,6
l,1,17567790308.156467,198272,99230208,1189632,768,128,14,6
xl,1,35135580616.312935,198272,99230208,1189632,768,128,14,6
xl,1,22509197077.852432,198272,176347136,1189632,1024,128,14,6
xl,1,15699965766.538645,198272,275484160,1189632,1280,128,14,6
m,1,6787844350.059016,789760,99230208,4738560,768,256,14,6
l,1,16969610875.147541,789760,99230208,4738560,768,256,14,6
xl,1,33939221750.295082,789760,99230208,4738560,768,256,14,6
xl,1,22012108138.689945,789760,176347136,4738560,1024,256,14,6
xl,1,15456508599.75408,789760,275484160,4738560,1280,256,14,6
xl,1,15078353881.87275,1774464,275484160,10646784,1280,384,14,6
s,1,5555170397.074692,198272,50438144,1189632,512,128,16,6
m,1,11110340794.149384,198272,50438144,1189632,512,128,16,6
l,1,27775851985.37346,198272,50438144,1189632,512,128,16,6
xl,1,55551703970.74692,198272,50438144,1189632,512,128,16,6
l,1,15397781103.37001,198272,113405952,1189632,768,128,16,6
xl,1,30795562206.74002,198272,113405952,1189632,768,128,16,6
xl,1,19716847146.79871,198272,201539584,1189632,1024,128,16,6
xl,1,13747828832.88808,198272,314839040,1189632,1280,128,16,6
l,1,14936310615.611155,789760,113405952,4738560,768,256,16,6
xl,1,29872621231.22231,789760,113405952,4738560,768,256,16,6
xl,1,19334392053.70717,789760,201539584,4738560,1024,256,16,6
xl,1,13560790092.855612,789760,314839040,4738560,1280,256,16,6
xl,1,18746293482.85257,1774464,201539584,10646784,1024,384,16,6
xl,1,13268831103.872486,1774464,314839040,10646784,1280,384,16,6
s,1,4949659194.18598,198272,56742912,1189632,512,128,18,6
m,1,9899318388.37196,198272,56742912,1189632,512,128,18,6
l,1,24748295970.929897,198272,56742912,1189632,512,128,18,6
xl,1,49496591941.859795,198272,56742912,1189632,512,128,18,6
l,1,13704921334.1901,198272,127581696,1189632,768,128,18,6
xl,1,27409842668.3802,198272,127581696,1189632,768,128,18,6
xl,1,17540840408.887375,198272,226732032,1189632,1024,128,18,6
l,1,13338134208.007627,789760,127581696,4738560,768,256,18,6
xl,1,26676268416.015255,789760,127581696,4738560,768,256,18,6
xl,1,17237495286.57929,789760,226732032,4738560,1024,256,18,6
xl,1,16768495704.421164,1774464,226732032,10646784,1024,384,18,6
s,1,4463175021.301842,198272,63047680,1189632,512,128,20,6
m,1,8926350042.603683,198272,63047680,1189632,512,128,20,6
l,1,22315875106.50921,198272,63047680,1189632,512,128,20,6
xl,1,44631750213.01842,198272,63047680,1189632,512,128,20,6
xl,1,24694846766.30267,198272,141757440,1189632,768,128,20,6
xl,1,15797395396.219402,198272,251924480,1189632,1024,128,20,6
xl,1,24097816313.72041,789760,141757440,4738560,768,256,20,6
xl,1,15550930916.04687,789760,251924480,4738560,1024,256,20,6
xl,1,15168199067.347483,1774464,251924480,10646784,1024,384,20,6
s,1,4063762448.442233,198272,69352448,1189632,512,128,22,6
m,1,8127524896.884466,198272,69352448,1189632,512,128,22,6
l,1,20318812242.211166,198272,69352448,1189632,512,128,22,6
xl,1,40637624484.42233,198272,69352448,1189632,512,128,22,6
xl,1,22469227942.947575,198272,155933184,1189632,768,128,22,6
xl,1,14369191570.429869,198272,277116928,1189632,1024,128,22,6
xl,1,21973883354.048553,789760,155933184,4738560,768,256,22,6
xl,1,14164989078.6801,789760,277116928,4738560,1024,256,22,6
xl,1,13846739414.112331,1774464,277116928,10646784,1024,384,22,6
m,1,7459930623.838787,198272,75657216,1189632,512,128,24,6
l,1,18649826559.59697,198272,75657216,1189632,512,128,24,6
xl,1,37299653119.19394,198272,75657216,1189632,512,128,24,6
xl,1,20611610120.940353,198272,170108928,1189632,768,128,24,6
xl,1,13177817377.2947,198272,302309376,1189632,1024,128,24,6
xl,1,20194022879.407887,789760,170108928,4738560,768,256,24,6
xl,1,13005870079.806517,789760,302309376,4738560,1024,256,24,6
s,1,14859173078.697033,198272,25192448,1387904,1024,128,2,7
m,1,29718346157.394066,198272,25192448,1387904,1024,128,2,7
l,1,74295865393.48517,198272,25192448,1387904,1024,128,2,7
xl,1,148591730786.97034,198272,25192448,1387904,1024,128,2,7
s,1,10545810664.05873,198272,39354880,1387904,1280,128,2,7
m,1,21091621328.11746,198272,39354880,1387904,1280,128,2,7
l,1,52729053320.29365,198272,39354880,1387904,1280,128,2,7
xl,1,105458106640.5873,198272,39354880,1387904,1280,128,2,7
s,1,7869748485.356728,198272,56663040,1387904,1536,128,2,7
m,1,15739496970.713455,198272,56663040,1387904,1536,128,2,7
l,1,39348742426.78364,198272,56663040,1387904,1536,128,2,7
xl,1,78697484853.56728,198272,56663040,1387904,1536,128,2,7
s,1,6096373818.32767,198272,77116928,1387904,1792,128,2,7
m,1,12192747636.65534,198272,77116928,1387904,1792,128,2,7
l,1,30481869091.63835,198272,77116928,1387904,1792,128,2,7
xl,1,60963738183.2767,198272,77116928,1387904,1792,128,2,7
s,1,4861127314.868827,198272,100716544,1387904,2048,128,2,7
m,1,9722254629.737654,198272,100716544,1387904,2048,128,2,7
l,1,24305636574.344135,198272,100716544,1387904,2048,128,2,7
xl,1,48611273148.68827,198272,100716544,1387904,2048,128,2,7
s,1,4604637702.685101,789760,100716544,5528320,2048,256,2,7
m,1,9209275405.370201,789760,100716544,5528320,2048,256,2,7
l,1,23023188513.425503,789760,100716544,5528320,2048,256,2,7
xl,1,46046377026.851006,789760,100716544,5528320,2048,256,2,7
s,1,11820116362.899132,198272,28351488,1387904,768,128,4,7
m,1,23640232725.798264,198272,28351488,1387904,768,128,4,7
l,1,59100581814.49566,198272,28351488,1387904,768,128,4,7
xl,1,118201163628.99132,198272,28351488,1387904,768,128,4,7
s,1,7679540279.373075,198272,50384896,1387904,1024,128,4,7
m,1,15359080558.74615,198272,50384896,1387904,1024,128,4,7
l,1,38397701396.86537,198272,50384896,1387904,1024,128,4,7
xl,1,76795402793.73074,198272,50384896,1387904,1024,128,4,7
s,1,5397588996.310986,198272,78709760,1387904,1280,128,4,7
m,1,10795177992.621971,198272,78709760,1387904,1280,128,4,7
l,1,26987944981.554928,198272,78709760,1387904,1280,128,4,7
xl,1,53975889963.109856,198272,78709760,1387904,1280,128,4,7
s,1,4003893963.0504007,198272,113326080,1387904,1536,128,4,7
m,1,8007787926.100801,198272,113326080,1387904,1536,128,4,7
l,1,20019469815.252003,198272,113326080,1387904,1536,128,4,7
xl,1,40038939630.504005,198272,113326080,1387904,1536,128,4,7
l,1,15447211859.820581,198272,154233856,1387904,1792,128,4,7
xl,1,30894423719.641163,198272,154233856,1387904,1792,128,4,7
xl,1,24567227648.50044,198272,201433088,1387904,2048,128,4,7
m,1,7656510091.647813,789760,113326080,5528320,1536,256,4,7
l,1,19141275229.119534,789760,113326080,5528320,1536,256,4,7
xl,1,38282550458.23907,789760,113326080,5528320,1536,256,4,7
l,1,14919059922.583208,789760,154233856,5528320,1792,256,4,7
xl,1,29838119845.166416,789760,154233856,5528320,1792,256,4,7
xl,1,23894572101.355194,789760,201433088,5528320,2048,256,4,7
xl,1,22881110336.44824,1774464,201433088,12421248,2048,384,4,7
s,1,8018482795.286723,198272,42527232,1387904,768,128,6,7
m,1,16036965590.573446,198272,42527232,1387904,768,128,6,7
l,1,40092413976.43362,198272,42527232,1387904,768,128,6,7
xl,1,80184827952.86723,198272,42527232,1387904,768,128,6,7
s,1,5177758668.396452,198272,75577344,1387904,1024,128,6,7
m,1,10355517336.792904,198272,75577344,1387904,1024,128,6,7
l,1,25888793341.98226,198272,75577344,1387904,1024,128,6,7
xl,1,51777586683.96452,198272,75577344,1387904,1024,128,6,7
m,1,7253961301.21906,198272,118064640,1387904,1280,128,6,7
l,1,18134903253.04765,198272,118064640,1387904,1280,128,6,7
xl,1,36269806506.0953,198272,118064640,1387904,1280,128,6,7
l,1,13424805879.454952,198272,169989120,1387904,1536,128,6,7
xl,1,26849611758.909904,198272,169989120,1387904,1536,128,6,7
xl,1,20689623210.51311,198272,231350784,1387904,1792,128,6,7
xl,1,16437120309.095709,198272,302149632,1387904,2048,128,6,7
m,1,6964511523.647915,789760,118064640,5528320,1280,256,6,7
l,1,17411278809.11979,789760,118064640,5528320,1280,256,6,7
xl,1,34822557618.23958,789760,118064640,5528320,1280,256,6,7
l,1,13024102383.031475,789760,169989120,5528320,1536,256,6,7
xl,1,26048204766.06295,789760,169989120,5528320,1536,256,6,7
xl,1,20210478716.07,789760,231350784,5528320,1792,256,6,7
xl,1,16133252300.524338,789760,302149632,5528320,2048,256,6,7
xl,1,19480666015.607224,1774464,231350784,12421248,1792,384,6,7
xl,1,15664786992.482206,1774464,302149632,12421248,2048,384,6,7
s,1,10814623170.079243,198272,25219072,1387904,512,128,8,7
m,1,21629246340.158485,198272,25219072,1387904,512,128,8,7
l,1,54073115850.39621,198272,25219072,1387904,512,128,8,7
xl,1,108146231700.79242,198272,25219072,1387904,512,128,8,7
s,1,6067143573.273815,198272,56702976,1387904,768,128,8,7
m,1,12134287146.54763,198272,56702976,1387904,768,128,8,7
l,1,30335717866.369076,198272,56702976,1387904,768,128,8,7
xl,1,60671435732.73815,198272,56702976,1387904,768,128,8,7
m,1,7810931955.409951,198272,100769792,1387904,1024,128,8,7
l,1,19527329888.52488,198272,100769792,1387904,1024,128,8,7
xl,1,39054659777.04976,198272,100769792,1387904,1024,128,8,7
l,1,13655421241.560513,198272,157419520,1387904,1280,128,8,7
xl,1,27310842483.121025,198272,157419520,1387904,1280,128,8,7
xl,1,20196599189.990345,198272,226652160,1387904,1536,128,8,7
xl,1,15552458667.039328,198272,308467712,1387904,1792,128,8,7
m,1,7476351999.571276,789760,100769792,5528320,1024,256,8,7
l,1,18690879998.92819,789760,100769792,5528320,1024,256,8,7
xl,1,37381759997.85638,789760,100769792,5528320,1024,256,8,7
l,1,13241045155.311316,789760,157419520,5528320,1280,256,8,7
xl,1,26482090310.62263,789760,157419520,5528320,1280,256,8,7
xl,1,19739766084.087738,789760,226652160,5528320,1536,256,8,7
xl,1,15280148441.874706,789760,308467712,5528320,1792,256,8,7
xl,1,19042966905.21258,1774464,226652160,12421248,1536,384,8,7
xl,1,14859270582.419691,1774464,308467712,12421248,1792,384,8,7
s,1,8734461741.93956,198272,31523840,1387904,512,128,10,7
m,1,17468923483.87912,198272,31523840,1387904,512,128,10,7
l,1,43672308709.6978,198272,31523840,1387904,512,128,10,7
xl,1,87344617419.3956,198272,31523840,1387904,512,128,10,7
s,1,4879654448.636523,198272,70878720,1387904,768,128,10,7
m,1,9759308897.273046,198272,70878720,1387904,768,128,10,7
l,1,24398272243.182613,198272,70878720,1387904,768,128,10,7
xl,1,48796544486.36523,198272,70878720,1387904,768,128,10,7
l,1,15675503336.650019,198272,125962240,1387904,1024,128,10,7
xl,1,31351006673.300037,198272,125962240,1387904,1024,128,10,7
xl,1,21901081121.464306,198272,196774400,1387904,1280,128,10,7
xl,1,16185921490.666912,198272,283315200,1387904,1536,128,10,7
l,1,15131899807.3576,789760,125962240,5528320,1024,256,10,7
xl,1,30263799614.7152,789760,125962240,5528320,1024,256,10,7
xl,1,21364909370.39629,789760,196774400,5528320,1280,256,10,7
xl,1,15891186915.547571,789760,283315200,5528320,1536,256,10,7
xl,1,20551019863.267654,1774464,196774400,12421248,1280,384,10,7
xl,1,15436475863.921513,1774464,283315200,12421248,1536,384,10,7
s,1,7325435459.045775,198272,37828608,1387904,512,128,12,7
m,1,14650870918.09155,198272,37828608,1387904,512,128,12,7
l,1,36627177295.22888,198272,37828608,1387904,512,128,12,7
xl,1,73254354590.45776,198272,37828608,1387904,512,128,12,7
s,1,4080918409.0555906,198272,85054464,1387904,768,128,12,7
m,1,8161836818.111181,198272,85054464,1387904,768,128,12,7
l,1,20404592045.277954,198272,85054464,1387904,768,128,12,7
xl,1,40809184090.55591,198272,85054464,1387904,768,128,12,7
l,1,13092890053.744114,198272,151154688,1387904,1024,128,12,7
xl,1,26185780107.488228,198272,151154688,1387904,1024,128,12,7
xl,1,18280132590.33515,198272,236129280,1387904,1280,128,12,7
xl,1,13504227276.8797,198272,339978240,1387904,1536,128,12,7
m,1,7797221344.774914,789760,85054464,5528320,768,256,12,7
l,1,19493053361.937283,789760,85054464,5528320,768,256,12,7
xl,1,38986106723.874565,789760,85054464,5528320,768,256,12,7
xl,1,25422948372.13404,789760,151154688,5528320,1024,256,12,7
xl,1,17905079358.749493,789760,236129280,5528320,1280,256,12,7
xl,1,13298445022.39841,789760,339978240,5528320,1536,256,12,7
xl,1,17329899961.280846,1774464,236129280,12421248,1280,384,12,7
s,1,6307863291.54601,198272,44133376,1387904,512,128,14,7
m,1,12615726583.09202,198272,44133376,1387904,512,128,14,7
l,1,31539316457.73005,198272,44133376,1387904,512,128,14,7
xl,1,63078632915.4601,198272,44133376,1387904,512,128,14,7
m,1,7013773255.147156,198272,99230208,1387904,768,128,14,7
l,1,17534433137.86789,198272,99230208,1387904,768,128,14,7
xl,1,35068866275.73578,198272,99230208,1387904,768,128,14,7
xl,1,22481797657.490208,198272,176347136,1387904,1024,128,14,7
xl,1,15686631205.34267,198272,275484160,1387904,1280,128,14,7
m,1,6742816257.501787,789760,99230208,5528320,768,256,14,7
l,1,16857040643.754469,789760,99230208,5528320,768,256,14,7
xl,1,33714081287.508938,789760,99230208,5528320,768,256,14,7
xl,1,21917181808.107883,789760,176347136,5528320,1024,256,14,7
xl,1,15409644060.39831,789760,275484160,5528320,1280,256,14,7
xl,1,14981702187.922993,1774464,275484160,12421248,1280,384,14,7
s,1,5538511708.856833,198272,50438144,1387904,512,128,16,7
m,1,11077023417.713667,198272,50438144,1387904,512,128,16,7
l,1,27692558544.28417,198272,50438144,1387904,512,128,16,7
xl,1,55385117088.56834,198272,50438144,1387904,512,128,16,7
l,1,15372149659.117048,198272,113405952,1387904,768,128,16,7
xl,1,30744299318.234097,198272,113405952,1387904,768,128,16,7
xl,1,19695820893.452858,198272,201539584,1387904,1024,128,16,7
xl,1,13737603077.082417,198272,314839040,1387904,1280,128,16,7
l,1,14849031206.438883,789760,113405952,5528320,768,256,16,7
xl,1,29698062412.877766,789760,113405952,5528320,768,256,16,7
xl,1,19261117640.373177,789760,201539584,5528320,1024,256,16,7
xl,1,13524702902.310356,789760,314839040,5528320,1280,256,16,7
xl,1,18597132316.245754,1774464,201539584,12421248,1024,384,16,7
xl,1,13193927770.232962,1774464,314839040,12421248,1280,384,16,7
s,1,4936429841.247576,198272,56742912,1387904,512,128,18,7
m,1,9872859682.495152,198272,56742912,1387904,512,128,18,7
l,1,24682149206.237877,198272,56742912,1387904,512,128,18,7
xl,1,49364298412.47575,198272,56742912,1387904,512,128,18,7
l,1,13684612295.008886,198272,127581696,1387904,768,128,18,7
xl,1,27369224590.017773,198272,127581696,1387904,768,128,18,7
xl,1,17524197131.011345,198272,226732032,1387904,1024,128,18,7
l,1,13268489693.461798,789760,127581696,5528320,768,256,18,7
xl,1,26536979386.923595,789760,127581696,5528320,768,256,18,7
xl,1,17179228888.459362,789760,226732032,5528320,1024,256,18,7
xl,1,16649047978.134285,1774464,226732032,12421248,1024,384,18,7
s,1,4452415574.364459,198272,63047680,1387904,512,128,20,7
m,1,8904831148.728918,198272,63047680,1387904,512,128,20,7
l,1,22262077871.822292,198272,63047680,1387904,512,128,20,7
xl,1,44524155743.644585,198272,63047680,1387904,512,128,20,7
xl,1,24661871925.256454,198272,141757440,1387904,768,128,20,7
xl,1,15783894891.48307,198272,251924480,1387904,1024,128,20,7
xl,1,23984095129.593933,789760,141757440,5528320,768,256,20,7
xl,1,15503492924.553108,789760,251924480,5528320,1024,256,20,7
xl,1,15070395868.676426,1774464,251924480,12421248,1024,384,20,7
s,1,4054840649.303904,198272,69352448,1387904,512,128,22,7
m,1,8109681298.607808,198272,69352448,1387904,512,128,22,7
l,1,20274203246.51952,198272,69352448,1387904,512,128,22,7
xl,1,40548406493.03904,198272,69352448,1387904,512,128,22,7
xl,1,22441925682.396122,198272,155933184,1387904,768,128,22,7
xl,1,14358020951.04039,198272,277116928,1387904,1024,128,22,7
xl,1,21879285714.485752,789760,155933184,5528320,768,256,22,7
xl,1,14125619199.342728,789760,277116928,5528320,1024,256,22,7
xl,1,13765189390.94609,1774464,277116928,12421248,1024,384,22,7
m,1,7444895267.595742,198272,75657216,1387904,512,128,24,7
l,1,18612238168.989353,198272,75657216,1387904,512,128,24,7
xl,1,37224476337.97871,198272,75657216,1387904,512,128,24,7
xl,1,20588633308.732388,198272,170108928,1387904,768,128,24,7
xl,1,13168421711.773462,198272,302309376,1387904,1024,128,24,7
xl,1,20114101343.145668,789760,170108928,5528320,768,256,24,7
s,1,14740579943.943344,198272,25192448,1586176,1024,128,2,8
m,1,29481159887.88669,198272,25192448,1586176,1024,128,2,8
l,1,73702899719.71672,198272,25192448,1586176,1024,128,2,8
xl,1,147405799439.43344,198272,25192448,1586176,1024,128,2,8
s,1,10485936764.935833,198272,39354880,1586176,1280,128,2,8
m,1,20971873529.871666,198272,39354880,1586176,1280,128,2,8
l,1,52429683824.67916,198272,39354880,1586176,1280,128,2,8
xl,1,104859367649.35832,198272,39354880,1586176,1280,128,2,8
s,1,7836357791.295599,198272,56663040,1586176,1536,128,2,8
m,1,15672715582.591198,198272,56663040,1586176,1536,128,2,8
l,1,39181788956.478,198272,56663040,1586176,1536,128,2,8
xl,1,78363577912.956,198272,56663040,1586176,1536,128,2,8
s,1,6076316985.804557,198272,77116928,1586176,1792,128,2,8
m,1,12152633971.609114,198272,77116928,1586176,1792,128,2,8
l,1,30381584929.022785,198272,77116928,1586176,1792,128,2,8
xl,1,60763169858.04557,198272,77116928,1586176,1792,128,2,8
s,1,4848366372.041139,198272,100716544,1586176,2048,128,2,8
m,1,9696732744.082277,198272,100716544,1586176,2048,128,2,8
l,1,24241831860.205696,198272,100716544,1586176,2048,128,2,8
xl,1,48483663720.41139,198272,100716544,1586176,2048,128,2,8
s,1,4563293538.49317,789760,100716544,6318080,2048,256,2,8
m,1,9126587076.98634,789760,100716544,6318080,2048,256,2,8
l,1,22816467692.46585,789760,100716544,6318080,2048,256,2,8
xl,1,45632935384.9317,789760,100716544,6318080,2048,256,2,8
s,1,11744950047.318054,198272,28351488,1586176,768,128,4,8
m,1,23489900094.63611,198272,28351488,1586176,768,128,4,8
l,1,58724750236.59027,198272,28351488,1586176,768,128,4,8
xl,1,117449500473.18054,198272,28351488,1586176,768,128,4,8
s,1,7647740894.049054,198272,50384896,1586176,1024,128,4,8
m,1,15295481788.098108,198272,50384896,1586176,1024,128,4,8
l,1,38238704470.24527,198272,50384896,1586176,1024,128,4,8
xl,1,76477408940.49054,198272,50384896,1586176,1024,128,4,8
s,1,5381860666.813397,198272,78709760,1586176,1280,128,4,8
m,1,10763721333.626795,198272,78709760,1586176,1280,128,4,8
l,1,26909303334.06699,198272,78709760,1586176,1280,128,4,8
xl,1,53818606668.13398,198272,78709760,1586176,1280,128,4,8
m,1,7990465648.54071,198272,113326080,1586176,1536,128,4,8
l,1,19976164121.351776,198272,113326080,1586176,1536,128,4,8
xl,1,39952328242.70355,198272,113326080,1586176,1536,128,4,8
l,1,15421415722.481236,198272,154233856,1586176,1792,128,4,8
xl,1,30842831444.96247,198272,154233856,1586176,1792,128,4,8
xl,1,24534592519.281048,198272,201433088,1586176,2048,128,4,8
m,1,7599268330.286331,789760,113326080,6318080,1536,256,4,8
l,1,18998170825.715828,789760,113326080,6318080,1536,256,4,8
xl,1,37996341651.431656,789760,113326080,6318080,1536,256,4,8
l,1,14831981416.02564,789760,154233856,6318080,1792,256,4,8
xl,1,29663962832.05128,789760,154233856,6318080,1792,256,4,8
xl,1,23782756656.660404,789760,201433088,6318080,2048,256,4,8
xl,1,22659281698.594864,1774464,201433088,14195712,2048,384,4,8
s,1,7983820819.045487,198272,42527232,1586176,768,128,6,8
m,1,15967641638.090975,198272,42527232,1586176,768,128,6,8
l,1,39919104095.22744,198272,42527232,1586176,768,128,6,8
xl,1,79838208190.45488,198272,42527232,1586176,768,128,6,8
s,1,5163283683.197435,198272,75577344,1586176,1024,128,6,8
m,1,10326567366.39487,198272,75577344,1586176,1024,128,6,8
l,1,25816418415.98718,198272,75577344,1586176,1024,128,6,8
xl,1,51632836831.97436,198272,75577344,1586176,1024,128,6,8
m,1,7239743947.052798,198272,118064640,1586176,1280,128,6,8
l,1,18099359867.631996,198272,118064640,1586176,1280,128,6,8
xl,1,36198719735.26399,198272,118064640,1586176,1280,128,6,8
l,1,13405317960.414976,198272,169989120,1586176,1536,128,6,8
xl,1,26810635920.829952,198272,169989120,1586176,1536,128,6,8
xl,1,20666472236.495865,198272,231350784,1586176,1792,128,6,8
xl,1,16422504748.862854,198272,302149632,1586176,2048,128,6,8
m,1,6917117220.013909,789760,118064640,6318080,1280,256,6,8
l,1,17292793050.034775,789760,118064640,6318080,1280,256,6,8
xl,1,34585586100.06955,789760,118064640,6318080,1280,256,6,8
xl,1,25915381014.980667,789760,169989120,6318080,1536,256,6,8
xl,1,20130427130.94582,789760,231350784,6318080,1792,256,6,8
xl,1,16082200889.07553,789760,302149632,6318080,2048,256,6,8
xl,1,19319639572.80413,1774464,231350784,14195712,1792,384,6,8
xl,1,15560497071.489553,1774464,302149632,14195712,2048,384,6,8
s,1,10751667110.495485,198272,25219072,1586176,512,128,8,8
m,1,21503334220.99097,198272,25219072,1586176,512,128,8,8
l,1,53758335552.477425,198272,25219072,1586176,512,128,8,8
xl,1,107516671104.95485,198272,25219072,1586176,512,128,8,8
s,1,6047278299.037041,198272,56702976,1586176,768,128,8,8
m,1,12094556598.074081,198272,56702976,1586176,768,128,8,8
l,1,30236391495.185204,198272,56702976,1586176,768,128,8,8
xl,1,60472782990.37041,198272,56702976,1586176,768,128,8,8
m,1,7794450002.406926,198272,100769792,1586176,1024,128,8,8
l,1,19486125006.017315,198272,100769792,1586176,1024,128,8,8
xl,1,38972250012.03463,198272,100769792,1586176,1024,128,8,8
l,1,13635258535.846375,198272,157419520,1586176,1280,128,8,8
xl,1,27270517071.69275,198272,157419520,1586176,1280,128,8,8
xl,1,20174537835.23142,198272,226652160,1586176,1536,128,8,8
xl,1,15539373390.80465,198272,308467712,1586176,1792,128,8,8
m,1,7421762745.8384695,789760,100769792,6318080,1024,256,8,8
l,1,18554406864.596172,789760,100769792,6318080,1024,256,8,8
xl,1,37108813729.192345,789760,100769792,6318080,1024,256,8,8
l,1,13172408234.892239,789760,157419520,6318080,1280,256,8,8
xl,1,26344816469.784477,789760,157419520,6318080,1280,256,8,8
xl,1,19663392916.2454,789760,226652160,6318080,1536,256,8,8
xl,1,15234345673.884579,789760,308467712,6318080,1792,256,8,8
xl,1,18889066597.227436,1774464,226652160,14195712,1536,384,8,8
xl,1,14765398373.283068,1774464,308467712,14195712,1792,384,8,8
s,1,8693349267.894808,198272,31523840,1586176,512,128,10,8
m,1,17386698535.789616,198272,31523840,1586176,512,128,10,8
l,1,43466746339.47404,198272,31523840,1586176,512,128,10,8
xl,1,86933492678.94807,198272,31523840,1586176,512,128,10,8
s,1,4866796177.953117,198272,70878720,1586176,768,128,10,8
m,1,9733592355.906235,198272,70878720,1586176,768,128,10,8
l,1,24333980889.765587,198272,70878720,1586176,768,128,10,8
xl,1,48667961779.53117,198272,70878720,1586176,768,128,10,8
l,1,15648939748.026531,198272,125962240,1586176,1024,128,10,8
xl,1,31297879496.053062,198272,125962240,1586176,1024,128,10,8
xl,1,21875141313.412884,198272,196774400,1586176,1280,128,10,8
xl,1,16171749046.332552,198272,283315200,1586176,1536,128,10,8
l,1,15042326459.20675,789760,125962240,6318080,1024,256,10,8
xl,1,30084652918.4135,789760,125962240,6318080,1024,256,10,8
xl,1,21275471675.50501,789760,196774400,6318080,1280,256,10,8
xl,1,15841653623.28274,789760,283315200,6318080,1536,256,10,8
xl,1,20371893644.7645,1774464,196774400,14195712,1280,384,10,8
xl,1,15335193970.820045,1774464,283315200,14195712,1536,384,10,8
s,1,7296495487.380215,198272,37828608,1586176,512,128,12,8
m,1,14592990974.76043,198272,37828608,1586176,512,128,12,8
l,1,36482477436.90108,198272,37828608,1586176,512,128,12,8
xl,1,72964954873.80215,198272,37828608,1586176,512,128,12,8
s,1,4071921204.089903,198272,85054464,1586176,768,128,12,8
m,1,8143842408.179806,198272,85054464,1586176,768,128,12,8
l,1,20359606020.449512,198272,85054464,1586176,768,128,12,8
xl,1,40719212040.899025,198272,85054464,1586176,768,128,12,8
l,1,13074353198.14996,198272,151154688,1586176,1024,128,12,8
xl,1,26148706396.29992,198272,151154688,1586176,1024,128,12,8
xl,1,18262057545.408825,198272,236129280,1586176,1280,128,12,8
xl,1,13494360566.37796,198272,339978240,1586176,1536,128,12,8
m,1,7737864428.653423,789760,85054464,6318080,768,256,12,8
l,1,19344661071.63356,789760,85054464,6318080,768,256,12,8
xl,1,38689322143.26712,789760,85054464,6318080,768,256,12,8
xl,1,25296409156.50682,789760,151154688,6318080,1024,256,12,8
xl,1,17842220643.352222,789760,236129280,6318080,1280,256,12,8
xl,1,13263738814.105453,789760,339978240,6318080,1536,256,12,8
xl,1,17202350617.264378,1774464,236129280,14195712,1280,384,12,8
s,1,6286393187.440732,198272,44133376,1586176,512,128,14,8
m,1,12572786374.881464,198272,44133376,1586176,512,128,14,8
l,1,31431965937.20366,198272,44133376,1586176,512,128,14,8
xl,1,62863931874.40732,198272,44133376,1586176,512,128,14,8
m,1,7000480961.043947,198272,99230208,1586176,768,128,14,8
l,1,17501202402.609867,198272,99230208,1586176,768,128,14,8
xl,1,35002404805.219734,198272,99230208,1586176,768,128,14,8
xl,1,22454464860.163654,198272,176347136,1586176,1024,128,14,8
xl,1,15673319275.995968,198272,275484160,1586176,1280,128,14,8
m,1,6698381628.129002,789760,99230208,6318080,768,256,14,8
l,1,16745954070.322504,789760,99230208,6318080,768,256,14,8
xl,1,33491908140.645008,789760,99230208,6318080,768,256,14,8
xl,1,21823070693.899624,789760,176347136,6318080,1024,256,14,8
xl,1,15363062851.00297,789760,275484160,6318080,1280,256,14,8
xl,1,14886281669.790165,1774464,275484160,14195712,1280,384,14,8
s,1,5521952633.13207,198272,50438144,1586176,512,128,16,8
m,1,11043905266.26414,198272,50438144,1586176,512,128,16,8
l,1,27609763165.660347,198272,50438144,1586176,512,128,16,8
xl,1,55219526331.320694,198272,50438144,1586176,512,128,16,8
l,1,15346603406.248606,198272,113405952,1586176,768,128,16,8
xl,1,30693206812.49721,198272,113405952,1586176,768,128,16,8
xl,1,19674839437.570316,198272,201539584,1586176,1024,128,16,8
xl,1,13727392521.984255,198272,314839040,1586176,1280,128,16,8
l,1,14762765895.129091,789760,113405952,6318080,768,256,16,8
xl,1,29525531790.258183,789760,113405952,6318080,768,256,16,8
xl,1,19188396527.93794,789760,201539584,6318080,1024,256,16,8
xl,1,13488807268.29596,789760,314839040,6318080,1280,256,16,8
xl,1,18450326113.204117,1774464,201539584,14195712,1024,384,16,8
xl,1,13119865357.014418,1774464,314839040,14195712,1280,384,16,8
s,1,4923271018.113542,198272,56742912,1586176,512,128,18,8
m,1,9846542036.227083,198272,56742912,1586176,512,128,18,8
l,1,24616355090.567707,198272,56742912,1586176,512,128,18,8
xl,1,49232710181.135414,198272,56742912,1586176,512,128,18,8
l,1,13664363357.853104,198272,127581696,1586176,768,128,18,8
xl,1,27328726715.706207,198272,127581696,1586176,768,128,18,8
xl,1,17507585406.483555,198272,226732032,1586176,1024,128,18,8
l,1,13199568693.005318,789760,127581696,6318080,768,256,18,8
xl,1,26399137386.010635,789760,127581696,6318080,768,256,18,8
xl,1,17121355068.962078,789760,226732032,6318080,1024,256,18,8
xl,1,16531289949.515291,1774464,226732032,14195712,1024,384,18,8
s,1,4441707878.609048,198272,63047680,1586176,512,128,20,8
m,1,8883415757.218096,198272,63047680,1586176,512,128,20,8
l,1,22208539393.04524,198272,63047680,1586176,512,128,20,8
xl,1,44417078786.09048,198272,63047680,1586176,512,128,20,8
xl,1,24628985028.887238,198272,141757440,1586176,768,128,20,8
xl,1,15770417442.192715,198272,251924480,1586176,1024,128,20,8
xl,1,23871442238.44309,789760,141757440,6318080,768,256,20,8
xl,1,15456343471.309763,789760,251924480,6318080,1024,256,20,8
xl,1,14973845842.316442,1774464,251924480,14195712,1024,384,20,8
s,1,4045957939.127559,198272,69352448,1586176,512,128,22,8
m,1,8091915878.255118,198272,69352448,1586176,512,128,22,8
l,1,20229789695.6378,198272,69352448,1586176,512,128,22,8
xl,1,40459579391.2756,198272,69352448,1586176,512,128,22,8
xl,1,22414689691.03592,198272,155933184,1586176,768,128,22,8
xl,1,14346867686.253792,198272,277116928,1586176,1024,128,22,8
xl,1,21785499069.881187,789760,155933184,6318080,768,256,22,8
xl,1,14086467561.096502,789760,277116928,6318080,1024,256,22,8
xl,1,13684594317.245592,1774464,277116928,14195712,1024,384,22,8
m,1,7429920396.427266,198272,75657216,1586176,512,128,24,8
l,1,18574800991.068165,198272,75657216,1586176,512,128,24,8
xl,1,37149601982.13633,198272,75657216,1586176,512,128,24,8
xl,1,20565707666.32985,198272,170108928,1586176,768,128,24,8
xl,1,13159039434.756725,198272,302309376,1586176,1024,128,24,8
xl,1,20034809921.26352,789760,170108928,6318080,768,256,24,8
s,1,14623864837.115883,198272,25192448,1784448,1024,128,2,9
m,1,29247729674.231766,198272,25192448,1784448,1024,128,2,9
l,1,73119324185.57942,198272,25192448,1784448,1024,128,2,9
xl,1,146238648371.15884,198272,25192448,1784448,1024,128,2,9
s,1,10426738896.440628,198272,39354880,1784448,1280,128,2,9
m,1,20853477792.881256,198272,39354880,1784448,1280,128,2,9
l,1,52133694482.20314,198272,39354880,1784448,1280,128,2,9
xl,1,104267388964.40628,198272,39354880,1784448,1280,128,2,9
s,1,7803249248.016477,198272,56663040,1784448,1536,128,2,9
m,1,15606498496.032953,198272,56663040,1784448,1536,128,2,9
l,1,39016246240.08238,198272,56663040,1784448,1536,128,2,9
xl,1,78032492480.16476,198272,56663040,1784448,1536,128,2,9
s,1,6056391692.917491,198272,77116928,1784448,1792,128,2,9
m,1,12112783385.834982,198272,77116928,1784448,1792,128,2,9
l,1,30281958464.587456,198272,77116928,1784448,1792,128,2,9
xl,1,60563916929.17491,198272,77116928,1784448,1792,128,2,9
s,1,4835672251.287836,198272,100716544,1784448,2048,128,2,9
m,1,9671344502.575672,198272,100716544,1784448,2048,128,2,9
l,1,24178361256.439182,198272,100716544,1784448,2048,128,2,9
xl,1,48356722512.878365,198272,100716544,1784448,2048,128,2,9
s,1,4522685210.110206,789760,100716544,7107840,2048,256,2,9
m,1,9045370420.220411,789760,100716544,7107840,2048,256,2,9
l,1,22613426050.55103,789760,100716544,7107840,2048,256,2,9
xl,1,45226852101.10206,789760,100716544,7107840,2048,256,2,9
s,1,11670733683.940845,198272,28351488,1784448,768,128,4,9
m,1,23341467367.88169,198272,28351488,1784448,768,128,4,9
l,1,58353668419.70423,198272,28351488,1784448,768,128,4,9
xl,1,116707336839.40846,198272,28351488,1784448,768,128,4,9
s,1,7616203772.080289,198272,50384896,1784448,1024,128,4,9
m,1,15232407544.160578,198272,50384896,1784448,1024,128,4,9
l,1,38081018860.40144,198272,50384896,1784448,1024,128,4,9
xl,1,76162037720.80289,198272,50384896,1784448,1024,128,4,9
s,1,5366223734.266662,198272,78709760,1784448,1280,128,4,9
m,1,10732447468.533323,198272,78709760,1784448,1280,128,4,9
l,1,26831118671.333305,198272,78709760,1784448,1280,128,4,9
xl,1,53662237342.66661,198272,78709760,1784448,1280,128,4,9
m,1,7973218151.586058,198272,113326080,1784448,1536,128,4,9
l,1,19933045378.965145,198272,113326080,1784448,1536,128,4,9
xl,1,39866090757.93029,198272,113326080,1784448,1536,128,4,9
l,1,15395705598.243126,198272,154233856,1784448,1792,128,4,9
xl,1,30791411196.48625,198272,154233856,1784448,1792,128,4,9
xl,1,24502043980.110455,198272,201433088,1784448,2048,128,4,9
m,1,7542876121.595508,789760,113326080,7107840,1536,256,4,9
l,1,18857190303.98877,789760,113326080,7107840,1536,256,4,9
xl,1,37714380607.97754,789760,113326080,7107840,1536,256,4,9
l,1,14745913518.072025,789760,154233856,7107840,1792,256,4,9
xl,1,29491827036.14405,789760,154233856,7107840,1792,256,4,9
xl,1,23671982825.88177,789760,201433088,7107840,2048,256,4,9
xl,1,22441712946.864773,1774464,201433088,15970176,2048,384,4,9
s,1,7949457223.779892,198272,42527232,1784448,768,128,6,9
m,1,15898914447.559784,198272,42527232,1784448,768,128,6,9
l,1,39747286118.89946,198272,42527232,1784448,768,128,6,9
xl,1,79494572237.79892,198272,42527232,1784448,768,128,6,9
s,1,5148889405.1508665,198272,75577344,1784448,1024,128,6,9
m,1,10297778810.301733,198272,75577344,1784448,1024,128,6,9
l,1,25744447025.754333,198272,75577344,1784448,1024,128,6,9
xl,1,51488894051.50867,198272,75577344,1784448,1024,128,6,9
m,1,7225582214.292965,198272,118064640,1784448,1280,128,6,9
l,1,18063955535.73241,198272,118064640,1784448,1280,128,6,9
xl,1,36127911071.46482,198272,118064640,1784448,1280,128,6,9
l,1,13385886538.055925,198272,169989120,1784448,1536,128,6,9
xl,1,26771773076.11185,198272,169989120,1784448,1536,128,6,9
xl,1,20643373014.850677,198272,231350784,1784448,1792,128,6,9
xl,1,16407915157.269735,198272,302149632,1784448,2048,128,6,9
m,1,6870363603.825594,789760,118064640,7107840,1280,256,6,9
l,1,17175909009.563986,789760,118064640,7107840,1280,256,6,9
xl,1,34351818019.12797,789760,118064640,7107840,1280,256,6,9
xl,1,25783904968.694626,789760,169989120,7107840,1536,256,6,9
xl,1,20051007195.777138,789760,231350784,7107840,1792,256,6,9
xl,1,16031471548.524212,789760,302149632,7107840,2048,256,6,9
xl,1,19161253382.651028,1774464,231350784,15970176,1792,384,6,9
xl,1,15457586608.239462,1774464,302149632,15970176,2048,384,6,9
s,1,10689439791.26004,198272,25219072,1784448,512,128,8,9
m,1,21378879582.52008,198272,25219072,1784448,512,128,8,9
l,1,53447198956.3002,198272,25219072,1784448,512,128,8,9
xl,1,106894397912.6004,198272,25219072,1784448,512,128,8,9
s,1,6027542687.539516,198272,56702976,1784448,768,128,8,9
m,1,12055085375.079033,198272,56702976,1784448,768,128,8,9
l,1,30137713437.697582,198272,56702976,1784448,768,128,8,9
xl,1,60275426875.395164,198272,56702976,1784448,768,128,8,9
m,1,7778037460.521793,198272,100769792,1784448,1024,128,8,9
l,1,19445093651.30448,198272,100769792,1784448,1024,128,8,9
xl,1,38890187302.60896,198272,100769792,1784448,1024,128,8,9
l,1,13615155284.222574,198272,157419520,1784448,1280,128,8,9
xl,1,27230310568.44515,198272,157419520,1784448,1280,128,8,9
xl,1,20152524624.450447,198272,226652160,1784448,1536,128,8,9
xl,1,15526310115.015924,198272,308467712,1784448,1792,128,8,9
m,1,7367964890.291593,789760,100769792,7107840,1024,256,8,9
l,1,18419912225.72898,789760,100769792,7107840,1024,256,8,9
xl,1,36839824451.45796,789760,100769792,7107840,1024,256,8,9
l,1,13104479224.221539,789760,157419520,7107840,1280,256,8,9
xl,1,26208958448.443077,789760,157419520,7107840,1280,256,8,9
xl,1,19587608446.402412,789760,226652160,7107840,1536,256,8,9
xl,1,15188816675.988955,789760,308467712,7107840,1792,256,8,9
xl,1,18737633911.124016,1774464,226652160,15970176,1536,384,8,9
xl,1,14672704778.136965,1774464,308467712,15970176,1792,384,8,9
s,1,8652622007.507984,198272,31523840,1784448,512,128,10,9
m,1,17305244015.01597,198272,31523840,1784448,512,128,10,9
l,1,43263110037.53992,198272,31523840,1784448,512,128,10,9
xl,1,86526220075.07983,198272,31523840,1784448,512,128,10,9
s,1,4854005494.268235,198272,70878720,1784448,768,128,10,9
m,1,9708010988.53647,198272,70878720,1784448,768,128,10,9
l,1,24270027471.341175,198272,70878720,1784448,768,128,10,9
xl,1,48540054942.68235,198272,70878720,1784448,768,128,10,9
l,1,15622466036.008959,198272,125962240,1784448,1024,128,10,9
xl,1,31244932072.017918,198272,125962240,1784448,1024,128,10,9
xl,1,21849262879.283978,198272,196774400,1784448,1280,128,10,9
xl,1,16157601399.160383,198272,283315200,1784448,1536,128,10,9
l,1,14953807330.265434,789760,125962240,7107840,1024,256,10,9
xl,1,29907614660.53087,789760,125962240,7107840,1024,256,10,9
xl,1,21186779666.440765,789760,196774400,7107840,1280,256,10,9
xl,1,15792428164.918837,789760,283315200,7107840,1536,256,10,9
xl,1,20195863034.177345,1774464,196774400,15970176,1280,384,10,9
xl,1,15235232476.971886,1774464,283315200,15970176,1536,384,10,9
s,1,7267783277.260932,198272,37828608,1784448,512,128,12,9
m,1,14535566554.521864,198272,37828608,1784448,512,128,12,9
l,1,36338916386.30466,198272,37828608,1784448,512,128,12,9
xl,1,72677832772.60931,198272,37828608,1784448,512,128,12,9
s,1,4062963584.144951,198272,85054464,1784448,768,128,12,9
m,1,8125927168.289902,198272,85054464,1784448,768,128,12,9
l,1,20314817920.724754,198272,85054464,1784448,768,128,12,9
xl,1,40629635841.44951,198272,85054464,1784448,768,128,12,9
l,1,13055868757.143127,198272,151154688,1784448,1024,128,12,9
xl,1,26111737514.286255,198272,151154688,1784448,1024,128,12,9
xl,1,18244018209.690266,198272,236129280,1784448,1280,128,12,9
xl,1,13484508263.349813,198272,339978240,1784448,1536,128,12,9
m,1,7679404402.5964,789760,85054464,7107840,768,256,12,9
l,1,19198511006.491,789760,85054464,7107840,768,256,12,9
xl,1,38397022012.982,789760,85054464,7107840,768,256,12,9
xl,1,25171123365.085194,789760,151154688,7107840,1024,256,12,9
xl,1,17779801735.58175,789760,236129280,7107840,1280,256,12,9
xl,1,13229213286.414288,789760,339978240,7107840,1536,256,12,9
xl,1,17076665100.531557,1774464,236129280,15970176,1280,384,12,9
s,1,6265068743.341485,198272,44133376,1784448,512,128,14,9
m,1,12530137486.68297,198272,44133376,1784448,512,128,14,9
l,1,31325343716.707424,198272,44133376,1784448,512,128,14,9
xl,1,62650687433.41485,198272,44133376,1784448,512,128,14,9
m,1,6987238953.957785,198272,99230208,1784448,768,128,14,9
l,1,17468097384.894463,198272,99230208,1784448,768,128,14,9
xl,1,34936194769.788925,198272,99230208,1784448,768,128,14,9
xl,1,22427198443.172062,198272,176347136,1784448,1024,128,14,9
xl,1,15660029920.930128,198272,275484160,1784448,1280,128,14,9
l,1,16636322015.31074,789760,99230208,7107840,768,256,14,9
xl,1,33272644030.62148,789760,99230208,7107840,768,256,14,9
xl,1,21729764339.488873,789760,176347136,7107840,1024,256,14,9
xl,1,15316762409.910479,789760,275484160,7107840,1280,256,14,9
xl,1,14792068951.77388,1774464,275484160,15970176,1280,384,14,9
s,1,5505492279.097628,198272,50438144,1784448,512,128,16,9
m,1,11010984558.195255,198272,50438144,1784448,512,128,16,9
l,1,27527461395.48814,198272,50438144,1784448,512,128,16,9
xl,1,55054922790.97628,198272,50438144,1784448,512,128,16,9
l,1,15321141920.74268,198272,113405952,1784448,768,128,16,9
xl,1,30642283841.48536,198272,113405952,1784448,768,128,16,9
xl,1,19653902636.138653,198272,201539584,1784448,1024,128,16,9
xl,1,13717197133.724718,198272,314839040,1784448,1280,128,16,9
l,1,14677497109.58985,789760,113405952,7107840,768,256,16,9
xl,1,29354994219.1797,789760,113405952,7107840,768,256,16,9
xl,1,19116222472.9455,789760,201539584,7107840,1024,256,16,9
xl,1,13453101669.631084,789760,314839040,7107840,1280,256,16,9
xl,1,18305819540.11798,1774464,201539584,15970176,1024,384,16,9
xl,1,13046629782.069931,1774464,314839040,15970176,1280,384,16,9
s,1,4910182162.258816,198272,56742912,1784448,512,128,18,9
m,1,9820364324.517632,198272,56742912,1784448,512,128,18,9
l,1,24550910811.29408,198272,56742912,1784448,512,128,18,9
xl,1,49101821622.58816,198272,56742912,1784448,512,128,18,9
l,1,13644174256.320461,198272,127581696,1784448,768,128,18,9
xl,1,27288348512.640923,198272,127581696,1784448,768,128,18,9
xl,1,17491005145.657814,198272,226732032,1784448,1024,128,18,9
l,1,13131359990.372297,789760,127581696,7107840,768,256,18,9
xl,1,26262719980.744595,789760,127581696,7107840,768,256,18,9
xl,1,17063869873.822374,789760,226732032,7107840,1024,256,18,9
xl,1,16415186016.887943,1774464,226732032,15970176,1024,384,18,9
s,1,4431051561.559288,198272,63047680,1784448,512,128,20,9
m,1,8862103123.118576,198272,63047680,1784448,512,128,20,9
l,1,22155257807.79644,198272,63047680,1784448,512,128,20,9
xl,1,44310515615.59288,198272,63047680,1784448,512,128,20,9
xl,1,24596185725.83777,198272,141757440,1784448,768,128,20,9
xl,1,15756962989.339418,198272,251924480,1784448,1024,128,20,9
xl,1,23759842657.379875,789760,141757440,7107840,768,256,20,9
xl,1,15409479931.778164,789760,251924480,7107840,1024,256,20,9
xl,1,14878525055.864697,1774464,251924480,15970176,1024,384,20,9
s,1,4037114061.5847864,198272,69352448,1784448,512,128,22,9
m,1,8074228123.169573,198272,69352448,1784448,512,128,22,9
l,1,20185570307.92393,198272,69352448,1784448,512,128,22,9
xl,1,40371140615.84786,198272,69352448,1784448,512,128,22,9
xl,1,22387519727.882385,198272,155933184,1784448,768,128,22,9
xl,1,14335731735.658464,198272,277116928,1784448,1024,128,22,9
xl,1,21692513035.638474,789760,155933184,7107840,768,256,22,9
xl,1,14047532354.276518,789760,277116928,7107840,1024,256,22,9
xl,1,13604937516.984404,1774464,277116928,15970176,1024,384,22,9
m,1,7415005646.081899,198272,75657216,1784448,512,128,24,9
l,1,18537514115.204746,198272,75657216,1784448,512,128,24,9
xl,1,37075028230.40949,198272,75657216,1784448,512,128,24,9
xl,1,20542833022.988647,198272,170108928,1784448,768,128,24,9
xl,1,13149670517.647615,198272,302309376,1784448,1024,128,24,9
xl,1,19956141191.13577,789760,170108928,7107840,768,256,24,9
s,2,35498455107.233734,198272,25192448,991360,1024,128,2,5
m,2,70996910214.46747,198272,25192448,991360,1024,128,2,5
l,2,177492275536.16867,198272,25192448,991360,1024,128,2,5
xl,2,354984551072.33734,198272,25192448,991360,1024,128,2,5
s,2,24776810491.096207,198272,39354880,991360,1280,128,2,5
m,2,49553620982.19241,198272,39354880,991360,1280,128,2,5
l,2,123884052455.48103,198272,39354880,991360,1280,128,2,5
xl,2,247768104910.96207,198272,39354880,991360,1280,128,2,5
s,2,18211719839.06085,198272,56663040,991360,1536,128,2,5
m,2,36423439678.1217,198272,56663040,991360,1536,128,2,5
l,2,91058599195.30423,198272,56663040,991360,1536,128,2,5
xl,2,182117198390.60846,198272,56663040,991360,1536,128,2,5
s,2,13924014536.225607,198272,77116928,991360,1792,128,2,5
m,2,27848029072.451214,198272,77116928,991360,1792,128,2,5
l,2,69620072681.12804,198272,77116928,991360,1792,128,2,5
xl,2,139240145362.25607,198272,77116928,991360,1792,128,2,5
s,2,10978595077.092573,198272,100716544,991360,2048,128,2,5
m,2,21957190154.185146,198272,100716544,991360,2048,128,2,5
l,2,54892975385.46287,198272,100716544,991360,2048,128,2,5
xl,2,109785950770.92574,198272,100716544,991360,2048,128,2,5
s,2,10120657671.102268,789760,100716544,3948800,2048,256,2,5
m,2,20241315342.204536,789760,100716544,3948800,2048,256,2,5
l,2,50603288355.51134,789760,100716544,3948800,2048,256,2,5
xl,2,101206576711.02267,789760,100716544,3948800,2048,256,2,5
s,2,29694709875.557785,198272,28351488,991360,768,128,4,5
m,2,59389419751.11557,198272,28351488,991360,768,128,4,5
l,2,148473549377.78894,198272,28351488,991360,768,128,4,5
xl,2,296947098755.5779,198272,28351488,991360,768,128,4,5
s,2,18748500119.990402,198272,50384896,991360,1024,128,4,5
m,2,37497000239.980804,198272,50384896,991360,1024,128,4,5
l,2,93742500599.95201,198272,50384896,991360,1024,128,4,5
xl,2,187485001199.90402,198272,50384896,991360,1024,128,4,5
s,2,12867071825.024294,198272,78709760,991360,1280,128,4,5
m,2,25734143650.048588,198272,78709760,991360,1280,128,4,5
l,2,64335359125.12147,198272,78709760,991360,1280,128,4,5
xl,2,128670718250.24294,198272,78709760,991360,1280,128,4,5
s,2,9361848475.261951,198272,113326080,991360,1536,128,4,5
m,2,18723696950.523903,198272,113326080,991360,1536,128,4,5
l,2,46809242376.30976,198272,113326080,991360,1536,128,4,5
xl,2,93618484752.61952,198272,113326080,991360,1536,128,4,5
s,2,7110663309.978502,198272,154233856,991360,1792,128,4,5
m,2,14221326619.957005,198272,154233856,991360,1792,128,4,5
l,2,35553316549.89251,198272,154233856,991360,1792,128,4,5
xl,2,71106633099.78502,198272,154233856,991360,1792,128,4,5
s,2,5581297990.232639,198272,201433088,991360,2048,128,4,5
m,2,11162595980.465279,198272,201433088,991360,2048,128,4,5
l,2,27906489951.163197,198272,201433088,991360,2048,128,4,5
xl,2,55812979902.32639,198272,201433088,991360,2048,128,4,5
s,2,8730728139.933037,789760,113326080,3948800,1536,256,4,5
m,2,17461456279.866074,789760,113326080,3948800,1536,256,4,5
l,2,43653640699.665184,789760,113326080,3948800,1536,256,4,5
xl,2,87307281399.33037,789760,113326080,3948800,1536,256,4,5
s,2,6740573550.550203,789760,154233856,3948800,1792,256,4,5
m,2,13481147101.100407,789760,154233856,3948800,1792,256,4,5
l,2,33702867752.75102,789760,154233856,3948800,1792,256,4,5
xl,2,67405735505.50204,789760,154233856,3948800,1792,256,4,5
s,2,5350704889.020388,789760,201433088,3948800,2048,256,4,5
m,2,10701409778.040775,789760,201433088,3948800,2048,256,4,5
l,2,26753524445.10194,789760,201433088,3948800,2048,256,4,5
xl,2,53507048890.20388,789760,201433088,3948800,2048,256,4,5
s,2,5016772877.768617,1774464,201433088,8872320,2048,384,4,5
m,2,10033545755.537233,1774464,201433088,8872320,2048,384,4,5
l,2,25083864388.843082,1774464,201433088,8872320,2048,384,4,5
xl,2,50167728777.686165,1774464,201433088,8872320,2048,384,4,5
s,2,20402913470.7543,198272,42527232,991360,768,128,6,5
m,2,40805826941.5086,198272,42527232,991360,768,128,6,5
l,2,102014567353.7715,198272,42527232,991360,768,128,6,5
xl,2,204029134707.543,198272,42527232,991360,768,128,6,5
s,2,12738048653.231592,198272,75577344,991360,1024,128,6,5
m,2,25476097306.463184,198272,75577344,991360,1024,128,6,5
l,2,63690243266.15796,198272,75577344,991360,1024,128,6,5
xl,2,127380486532.31592,198272,75577344,991360,1024,128,6,5
s,2,8689969689.385723,198272,118064640,991360,1280,128,6,5
m,2,17379939378.771446,198272,118064640,991360,1280,128,6,5
l,2,43449848446.92862,198272,118064640,991360,1280,128,6,5
xl,2,86899696893.85724,198272,118064640,991360,1280,128,6,5
s,2,6300271123.347414,198272,169989120,991360,1536,128,6,5
m,2,12600542246.694828,198272,169989120,991360,1536,128,6,5
l,2,31501355616.73707,198272,169989120,991360,1536,128,6,5
xl,2,63002711233.47414,198272,169989120,991360,1536,128,6,5
s,2,4774424120.421213,198272,231350784,991360,1792,128,6,5
m,2,9548848240.842426,198272,231350784,991360,1792,128,6,5
l,2,23872120602.106064,198272,231350784,991360,1792,128,6,5
xl,2,47744241204.21213,198272,231350784,991360,1792,128,6,5
m,2,7483538609.790815,198272,302149632,991360,2048,128,6,5
l,2,18708846524.47704,198272,302149632,991360,2048,128,6,5
xl,2,37417693048.95408,198272,302149632,991360,2048,128,6,5
s,2,8143543173.547895,789760,118064640,3948800,1280,256,6,5
m,2,16287086347.09579,789760,118064640,3948800,1280,256,6,5
l,2,40717715867.73948,789760,118064640,3948800,1280,256,6,5
xl,2,81435431735.47896,789760,118064640,3948800,1280,256,6,5
s,2,6007997846.733572,789760,169989120,3948800,1536,256,6,5
m,2,12015995693.467144,789760,169989120,3948800,1536,256,6,5
l,2,30039989233.66786,789760,169989120,3948800,1536,256,6,5
xl,2,60079978467.33572,789760,169989120,3948800,1536,256,6,5
s,2,4604670270.244782,789760,231350784,3948800,1792,256,6,5
m,2,9209340540.489565,789760,231350784,3948800,1792,256,6,5
l,2,23023351351.223915,789760,231350784,3948800,1792,256,6,5
xl,2,46046702702.44783,789760,231350784,3948800,1792,256,6,5
m,2,7273395896.175474,789760,302149632,3948800,2048,256,6,5
l,2,18183489740.438686,789760,302149632,3948800,2048,256,6,5
xl,2,36366979480.87737,789760,302149632,3948800,2048,256,6,5
s,2,4355194318.318017,1774464,231350784,8872320,1792,384,6,5
m,2,8710388636.636034,1774464,231350784,8872320,1792,384,6,5
l,2,21775971591.590084,1774464,231350784,8872320,1792,384,6,5
xl,2,43551943183.18017,1774464,231350784,8872320,1792,384,6,5
m,2,6958584287.717086,1774464,302149632,8872320,2048,384,6,5
l,2,17396460719.292713,1774464,302149632,8872320,2048,384,6,5
xl,2,34792921438.58543,1774464,302149632,8872320,2048,384,6,5
s,2,29016431192.524254,198272,25219072,991360,512,128,8,5
m,2,58032862385.04851,198272,25219072,991360,512,128,8,5
l,2,145082155962.62128,198272,25219072,991360,512,128,8,5
xl,2,290164311925.24255,198272,25219072,991360,512,128,8,5
s,2,15540212600.054104,198272,56702976,991360,768,128,8,5
m,2,31080425200.108208,198272,56702976,991360,768,128,8,5
l,2,77701063000.27052,198272,56702976,991360,768,128,8,5
xl,2,155402126000.54105,198272,56702976,991360,768,128,8,5
s,2,9645776230.338049,198272,100769792,991360,1024,128,8,5
m,2,19291552460.676098,198272,100769792,991360,1024,128,8,5
l,2,48228881151.69025,198272,100769792,991360,1024,128,8,5
xl,2,96457762303.3805,198272,100769792,991360,1024,128,8,5
s,2,6560274754.803171,198272,157419520,991360,1280,128,8,5
m,2,13120549509.606342,198272,157419520,991360,1280,128,8,5
l,2,32801373774.015854,198272,157419520,991360,1280,128,8,5
xl,2,65602747548.03171,198272,157419520,991360,1280,128,8,5
s,2,4747658530.775158,198272,226652160,991360,1536,128,8,5
m,2,9495317061.550316,198272,226652160,991360,1536,128,8,5
l,2,23738292653.87579,198272,226652160,991360,1536,128,8,5
xl,2,47476585307.75158,198272,226652160,991360,1536,128,8,5
m,2,7187397651.457443,198272,308467712,991360,1792,128,8,5
l,2,17968494128.64361,198272,308467712,991360,1792,128,8,5
xl,2,35936988257.28722,198272,308467712,991360,1792,128,8,5
l,2,14071161081.068619,198272,402866176,991360,2048,128,8,5
xl,2,28142322162.137238,198272,402866176,991360,2048,128,8,5
s,2,8977160953.457802,789760,100769792,3948800,1024,256,8,5
m,2,17954321906.915604,789760,100769792,3948800,1024,256,8,5
l,2,44885804767.28901,789760,100769792,3948800,1024,256,8,5
xl,2,89771609534.57802,789760,100769792,3948800,1024,256,8,5
s,2,6243985792.884294,789760,157419520,3948800,1280,256,8,5
m,2,12487971585.768587,789760,157419520,3948800,1280,256,8,5
l,2,31219928964.42147,789760,157419520,3948800,1280,256,8,5
xl,2,62439857928.84294,789760,157419520,3948800,1280,256,8,5
s,2,4579769173.771538,789760,226652160,3948800,1536,256,8,5
m,2,9159538347.543076,789760,226652160,3948800,1536,256,8,5
l,2,22898845868.857685,789760,226652160,3948800,1536,256,8,5
xl,2,45797691737.71537,789760,226652160,3948800,1536,256,8,5
m,2,6993341890.945938,789760,308467712,3948800,1792,256,8,5
l,2,17483354727.364845,789760,308467712,3948800,1792,256,8,5
xl,2,34966709454.72969,789760,308467712,3948800,1792,256,8,5
l,2,13771897537.434881,789760,402866176,3948800,2048,256,8,5
xl,2,27543795074.869762,789760,402866176,3948800,2048,256,8,5
s,2,4332911827.670737,1774464,226652160,8872320,1536,384,8,5
m,2,8665823655.341475,1774464,226652160,8872320,1536,384,8,5
l,2,21664559138.353687,1774464,226652160,8872320,1536,384,8,5
xl,2,43329118276.707375,1774464,226652160,8872320,1536,384,8,5
m,2,6701820664.854923,1774464,308467712,8872320,1792,384,8,5
l,2,16754551662.137308,1774464,308467712,8872320,1792,384,8,5
xl,2,33509103324.274616,1774464,308467712,8872320,1792,384,8,5
l,2,13315641639.225792,1774464,402866176,8872320,2048,384,8,5
xl,2,26631283278.451584,1774464,402866176,8872320,2048,384,8,5
xl,2,25467526743.755444,3152384,402866176,15761920,2048,512,8,5
s,2,23624845021.016663,198272,31523840,991360,512,128,10,5
m,2,47249690042.033325,198272,31523840,991360,512,128,10,5
l,2,118124225105.08331,198272,31523840,991360,512,128,10,5
xl,2,236248450210.16663,198272,31523840,991360,512,128,10,5
s,2,12549293625.360416,198272,70878720,991360,768,128,10,5
m,2,25098587250.720833,198272,70878720,991360,768,128,10,5
l,2,62746468126.80208,198272,70878720,991360,768,128,10,5
xl,2,125492936253.60416,198272,70878720,991360,768,128,10,5
s,2,7761584008.901606,198272,125962240,991360,1024,128,10,5
m,2,15523168017.803211,198272,125962240,991360,1024,128,10,5
l,2,38807920044.508026,198272,125962240,991360,1024,128,10,5
xl,2,77615840089.01605,198272,125962240,991360,1024,128,10,5
s,2,5268979284.902562,198272,196774400,991360,1280,128,10,5
m,2,10537958569.805124,198272,196774400,991360,1280,128,10,5
l,2,26344896424.51281,198272,196774400,991360,1280,128,10,5
xl,2,52689792849.02562,198272,196774400,991360,1280,128,10,5
m,2,7617975008.16647,198272,283315200,991360,1536,128,10,5
l,2,19044937520.416172,198272,283315200,991360,1536,128,10,5
xl,2,38089875040.832344,198272,283315200,991360,1536,128,10,5
l,2,14405887375.002996,198272,385584640,991360,1792,128,10,5
xl,2,28811774750.005993,198272,385584640,991360,1792,128,10,5
xl,2,22551974181.778294,198272,503582720,991360,2048,128,10,5
s,2,7322726744.425823,789760,125962240,3948800,1024,256,10,5
m,2,14645453488.851646,789760,125962240,3948800,1024,256,10,5
l,2,36613633722.12912,789760,125962240,3948800,1024,256,10,5
xl,2,73227267444.25824,789760,125962240,3948800,1024,256,10,5
s,2,5062994998.895052,789760,196774400,3948800,1280,256,10,5
m,2,10125989997.790104,789760,196774400,3948800,1280,256,10,5
l,2,25314974994.47526,789760,196774400,3948800,1280,256,10,5
xl,2,50629949988.95052,789760,196774400,3948800,1280,256,10,5
m,2,7400324146.0381155,789760,283315200,3948800,1536,256,10,5
l,2,18500810365.095287,789760,283315200,3948800,1536,256,10,5
xl,2,37001620730.190575,789760,283315200,3948800,1536,256,10,5
l,2,14092375271.881378,789760,385584640,3948800,1792,256,10,5
xl,2,28184750543.762756,789760,385584640,3948800,1792,256,10,5
xl,2,22165987997.31256,789760,503582720,3948800,2048,256,10,5
s,2,4763002157.601873,1774464,196774400,8872320,1280,384,10,5
m,2,9526004315.203747,1774464,196774400,8872320,1280,384,10,5
l,2,23815010788.009365,1774464,196774400,8872320,1280,384,10,5
xl,2,47630021576.01873,1774464,196774400,8872320,1280,384,10,5
m,2,7074675063.004227,1774464,283315200,8872320,1536,384,10,5
l,2,17686687657.510567,1774464,283315200,8872320,1536,384,10,5
xl,2,35373375315.02113,1774464,283315200,8872320,1536,384,10,5
l,2,13615005801.517351,1774464,385584640,8872320,1792,384,10,5
xl,2,27230011603.034702,1774464,385584640,8872320,1792,384,10,5
xl,2,21571170920.432545,1774464,503582720,8872320,2048,384,10,5
l,2,13007266754.108797,3152384,385584640,15761920,1792,512,10,5
xl,2,26014533508.217594,3152384,385584640,15761920,1792,512,10,5
xl,2,20801249486.125935,3152384,503582720,15761920,2048,512,10,5
xl,2,19895841291.66985,4923520,503582720,24617600,2048,640,10,5
s,2,19922934900.13669,198272,37828608,991360,512,128,12,5
m,2,39845869800.27338,198272,37828608,991360,512,128,12,5
l,2,99614674500.68344,198272,37828608,991360,512,128,12,5
xl,2,199229349001.36688,198272,37828608,991360,512,128,12,5
s,2,10523841468.178598,198272,85054464,991360,768,128,12,5
m,2,21047682936.357197,198272,85054464,991360,768,128,12,5
l,2,52619207340.89299,198272,85054464,991360,768,128,12,5
xl,2,105238414681.78598,198272,85054464,991360,768,128,12,5
s,2,6493209661.064845,198272,151154688,991360,1024,128,12,5
m,2,12986419322.12969,198272,151154688,991360,1024,128,12,5
l,2,32466048305.324223,198272,151154688,991360,1024,128,12,5
xl,2,64932096610.648445,198272,151154688,991360,1024,128,12,5
s,2,4402425348.953843,198272,236129280,991360,1280,128,12,5
m,2,8804850697.907686,198272,236129280,991360,1280,128,12,5
l,2,22012126744.769215,198272,236129280,991360,1280,128,12,5
xl,2,44024253489.53843,198272,236129280,991360,1280,128,12,5
l,2,15901093873.138071,198272,339978240,991360,1536,128,12,5
xl,2,31802187746.276142,198272,339978240,991360,1536,128,12,5
xl,2,24044483756.854794,198272,462701568,991360,1792,128,12,5
xl,2,18814547444.207794,198272,604299264,991360,2048,128,12,5
s,2,9732946631.68412,789760,85054464,3948800,768,256,12,5
m,2,19465893263.36824,789760,85054464,3948800,768,256,12,5
l,2,48664733158.4206,789760,85054464,3948800,768,256,12,5
xl,2,97329466316.8412,789760,85054464,3948800,768,256,12,5
s,2,6183201636.085046,789760,151154688,3948800,1024,256,12,5
m,2,12366403272.170092,789760,151154688,3948800,1024,256,12,5
l,2,30916008180.425232,789760,151154688,3948800,1024,256,12,5
xl,2,61832016360.850464,789760,151154688,3948800,1024,256,12,5
s,2,4257692731.103474,789760,236129280,3948800,1280,256,12,5
m,2,8515385462.206948,789760,236129280,3948800,1280,256,12,5
l,2,21288463655.517372,789760,236129280,3948800,1280,256,12,5
xl,2,42576927311.034744,789760,236129280,3948800,1280,256,12,5
l,2,15519985569.641577,789760,339978240,3948800,1536,256,12,5
xl,2,31039971139.283154,789760,339978240,3948800,1536,256,12,5
xl,2,23606213608.661102,789760,462701568,3948800,1792,256,12,5
xl,2,18545131193.895786,789760,604299264,3948800,2048,256,12,5
s,2,4043523582.0883164,1774464,236129280,8872320,1280,384,12,5
m,2,8087047164.176633,1774464,236129280,8872320,1280,384,12,5
l,2,20217617910.44158,1774464,236129280,8872320,1280,384,12,5
xl,2,40435235820.88316,1774464,236129280,8872320,1280,384,12,5
l,2,14942978550.203053,1774464,339978240,8872320,1536,384,12,5
xl,2,29885957100.406105,1774464,339978240,8872320,1536,384,12,5
xl,2,22932763632.115322,1774464,462701568,8872320,1792,384,12,5
xl,2,18126937987.194088,1774464,604299264,8872320,2048,384,12,5
l,2,14214076639.026314,3152384,339978240,15761920,1536,512,12,5
xl,2,28428153278.052628,3152384,339978240,15761920,1536,512,12,5
xl,2,22064534350.067078,3152384,462701568,15761920,1792,512,12,5
xl,2,17580136167.57757,3152384,604299264,15761920,2048,512,12,5
xl,2,16929036944.196693,4923520,604299264,24617600,2048,640,12,5
s,2,17224008007.372425,198272,44133376,991360,512,128,14,5
m,2,34448016014.74485,198272,44133376,991360,512,128,14,5
l,2,86120040036.86214,198272,44133376,991360,512,128,14,5
xl,2,172240080073.72427,198272,44133376,991360,512,128,14,5
s,2,9061343410.12713,198272,99230208,991360,768,128,14,5
m,2,18122686820.25426,198272,99230208,991360,768,128,14,5
l,2,45306717050.63566,198272,99230208,991360,768,128,14,5
xl,2,90613434101.27132,198272,99230208,991360,768,128,14,5
s,2,5581154450.635805,198272,176347136,991360,1024,128,14,5
m,2,11162308901.27161,198272,176347136,991360,1024,128,14,5
l,2,27905772253.179024,198272,176347136,991360,1024,128,14,5
xl,2,55811544506.35805,198272,176347136,991360,1024,128,14,5
m,2,7561294880.821895,198272,275484160,991360,1280,128,14,5
l,2,18903237202.054737,198272,275484160,991360,1280,128,14,5
xl,2,37806474404.109474,198272,275484160,991360,1280,128,14,5
l,2,13648128621.0123,198272,396641280,991360,1536,128,14,5
xl,2,27296257242.0246,198272,396641280,991360,1536,128,14,5
xl,2,20630837536.742695,198272,539818496,991360,1792,128,14,5
xl,2,16139781560.839281,198272,705015808,991360,2048,128,14,5
s,2,8468807147.510632,789760,99230208,3948800,768,256,14,5
m,2,16937614295.021263,789760,99230208,3948800,768,256,14,5
l,2,42344035737.553154,789760,99230208,3948800,768,256,14,5
xl,2,84688071475.10631,789760,99230208,3948800,768,256,14,5
s,2,5350572965.035847,789760,176347136,3948800,1024,256,14,5
m,2,10701145930.071693,789760,176347136,3948800,1024,256,14,5
l,2,26752864825.17923,789760,176347136,3948800,1024,256,14,5
xl,2,53505729650.35846,789760,176347136,3948800,1024,256,14,5
m,2,7346825160.607475,789760,275484160,3948800,1280,256,14,5
l,2,18367062901.51869,789760,275484160,3948800,1280,256,14,5
xl,2,36734125803.03738,789760,275484160,3948800,1280,256,14,5
l,2,13366408457.596022,789760,396641280,3948800,1536,256,14,5
xl,2,26732816915.192043,789760,396641280,3948800,1536,256,14,5
xl,2,20307340717.017433,789760,539818496,3948800,1792,256,14,5
xl,2,15941118761.487808,789760,705015808,3948800,2048,256,14,5
m,2,7025765336.290225,1774464,275484160,8872320,1280,384,14,5
l,2,17564413340.725563,1774464,275484160,8872320,1280,384,14,5
xl,2,35128826681.451126,1774464,275484160,8872320,1280,384,14,5
xl,2,25872409364.60343,1774464,396641280,8872320,1536,384,14,5
xl,2,19806967945.543957,1774464,539818496,8872320,1792,384,14,5
xl,2,15631139911.757338,1774464,705015808,8872320,2048,384,14,5
xl,2,24772662269.26148,3152384,396641280,15761920,1536,512,14,5
xl,2,19155932601.521538,3152384,539818496,15761920,1792,512,14,5
xl,2,15222848867.751293,3152384,705015808,15761920,2048,512,14,5
xl,2,18385437368.669144,4923520,539818496,24617600,1792,640,14,5
xl,2,14732215928.933865,4923520,705015808,24617600,2048,640,14,5
s,2,15169078186.04037,198272,50438144,991360,512,128,16,5
m,2,30338156372.08074,198272,50438144,991360,512,128,16,5
l,2,75845390930.20186,198272,50438144,991360,512,128,16,5
xl,2,151690781860.40372,198272,50438144,991360,512,128,16,5
s,2,7955735053.910606,198272,113405952,991360,768,128,16,5
m,2,15911470107.821213,198272,113405952,991360,768,128,16,5
l,2,39778675269.55303,198272,113405952,991360,768,128,16,5
xl,2,79557350539.10606,198272,113405952,991360,768,128,16,5
s,2,4893762293.13088,198272,201539584,991360,1024,128,16,5
m,2,9787524586.26176,198272,201539584,991360,1024,128,16,5
l,2,24468811465.6544,198272,201539584,991360,1024,128,16,5
xl,2,48937622931.3088,198272,201539584,991360,1024,128,16,5
l,2,16563838358.139338,198272,314839040,991360,1280,128,16,5
xl,2,33127676716.278675,198272,314839040,991360,1280,128,16,5
xl,2,23908721779.29243,198272,453304320,991360,1536,128,16,5
xl,2,18065973118.294487,198272,616935424,991360,1792,128,16,5
xl,2,14130869669.338554,198272,805732352,991360,2048,128,16,5
s,2,7495298948.499501,789760,113405952,3948800,768,256,16,5
m,2,14990597896.999002,789760,113405952,3948800,768,256,16,5
l,2,37476494742.497505,789760,113405952,3948800,768,256,16,5
xl,2,74952989484.99501,789760,113405952,3948800,768,256,16,5
s,2,4715574645.207708,789760,201539584,3948800,1024,256,16,5
m,2,9431149290.415417,789760,201539584,3948800,1024,256,16,5
l,2,23577873226.038544,789760,201539584,3948800,1024,256,16,5
xl,2,47155746452.07709,789760,201539584,3948800,1024,256,16,5
l,2,16150712140.456722,789760,314839040,3948800,1280,256,16,5
xl,2,32301424280.913445,789760,314839040,3948800,1280,256,16,5
xl,2,23475342251.709755,789760,453304320,3948800,1536,256,16,5
xl,2,17817427302.615974,789760,616935424,3948800,1792,256,16,5
xl,2,13978350331.007336,789760,805732352,3948800,2048,256,16,5
s,2,4454277588.868896,1774464,201539584,8872320,1024,384,16,5
m,2,8908555177.737791,1774464,201539584,8872320,1024,384,16,5
l,2,22271387944.34448,1774464,201539584,8872320,1024,384,16,5
xl,2,44542775888.68896,1774464,201539584,8872320,1024,384,16,5
l,2,15526796119.90085,1774464,314839040,8872320,1280,384,16,5
xl,2,31053592239.8017,1774464,314839040,8872320,1280,384,16,5
xl,2,22809233352.83614,1774464,453304320,8872320,1536,384,16,5
xl,2,17431067796.53454,1774464,616935424,8872320,1792,384,16,5
xl,2,13739433166.824593,1774464,805732352,8872320,2048,384,16,5
xl,2,21950157338.727802,3152384,453304320,15761920,1536,512,16,5
xl,2,16924856022.280802,3152384,616935424,15761920,1792,512,16,5
xl,2,13422985993.704727,3152384,805732352,15761920,2048,512,16,5
xl,2,16320555983.110601,4923520,616935424,24617600,1792,640,16,5
xl,2,13040054373.479843,4923520,805732352,24617600,2048,640,16,5
s,2,13552215711.376402,198272,56742912,991360,512,128,18,5
m,2,27104431422.752804,198272,56742912,991360,512,128,18,5
l,2,67761078556.88201,198272,56742912,991360,512,128,18,5
xl,2,135522157113.76402,198272,56742912,991360,512,128,18,5
s,2,7090586152.09659,198272,127581696,991360,768,128,18,5
m,2,14181172304.19318,198272,127581696,991360,768,128,18,5
l,2,35452930760.48295,198272,127581696,991360,768,128,18,5
xl,2,70905861520.9659,198272,127581696,991360,768,128,18,5
s,2,4357125329.050105,198272,226732032,991360,1024,128,18,5
m,2,8714250658.10021,198272,226732032,991360,1024,128,18,5
l,2,21785626645.250523,198272,226732032,991360,1024,128,18,5
xl,2,43571253290.501045,198272,226732032,991360,1024,128,18,5
l,2,14739703904.111269,198272,354193920,991360,1280,128,18,5
xl,2,29479407808.222538,198272,354193920,991360,1280,128,18,5
xl,2,21269164027.24849,198272,509967360,991360,1536,128,18,5
xl,2,16068328394.057732,198272,694052352,991360,1792,128,18,5
s,2,6722529271.505856,789760,127581696,3948800,768,256,18,5
m,2,13445058543.011711,789760,127581696,3948800,768,256,18,5
l,2,33612646357.529274,789760,127581696,3948800,768,256,18,5
xl,2,67225292715.05855,789760,127581696,3948800,768,256,18,5
s,2,4215307948.1418653,789760,226732032,3948800,1024,256,18,5
m,2,8430615896.2837305,789760,226732032,3948800,1024,256,18,5
l,2,21076539740.709328,789760,226732032,3948800,1024,256,18,5
xl,2,42153079481.418655,789760,226732032,3948800,1024,256,18,5
l,2,14411659341.393164,789760,354193920,3948800,1280,256,18,5
xl,2,28823318682.786327,789760,354193920,3948800,1280,256,18,5
xl,2,20925506002.1717,789760,509967360,3948800,1536,256,18,5
xl,2,15871409988.637594,789760,694052352,3948800,1792,256,18,5
s,2,4005276455.075281,1774464,226732032,8872320,1024,384,18,5
m,2,8010552910.150562,1774464,226732032,8872320,1024,384,18,5
l,2,20026382275.376408,1774464,226732032,8872320,1024,384,18,5
xl,2,40052764550.752815,1774464,226732032,8872320,1024,384,18,5
l,2,13912796638.632715,1774464,354193920,8872320,1280,384,18,5
xl,2,27825593277.26543,1774464,354193920,8872320,1280,384,18,5
xl,2,20394604599.195442,1774464,509967360,8872320,1536,384,18,5
xl,2,15564110088.511724,1774464,694052352,8872320,1792,384,18,5
l,2,13278800592.442719,3152384,354193920,15761920,1280,512,18,5
xl,2,26557601184.885437,3152384,354193920,15761920,1280,512,18,5
xl,2,19705038587.825325,3152384,509967360,15761920,1536,512,18,5
xl,2,15159267876.730364,3152384,694052352,15761920,1792,512,18,5
xl,2,18890676601.772205,4923520,509967360,24617600,1536,640,18,5
xl,2,14672659309.396193,4923520,694052352,24617600,1792,640,18,5
s,2,12246833458.740908,198272,63047680,991360,512,128,20,5
m,2,24493666917.481815,198272,63047680,991360,512,128,20,5
l,2,61234167293.70454,198272,63047680,991360,512,128,20,5
xl,2,122468334587.40907,198272,63047680,991360,512,128,20,5
s,2,6395144192.5951395,198272,141757440,991360,768,128,20,5
m,2,12790288385.190279,198272,141757440,991360,768,128,20,5
l,2,31975720962.975697,198272,141757440,991360,768,128,20,5
xl,2,63951441925.95139,198272,141757440,991360,768,128,20,5
m,2,7853100529.7387495,198272,251924480,991360,1024,128,20,5
l,2,19632751324.346874,198272,251924480,991360,1024,128,20,5
xl,2,39265502648.69375,198272,251924480,991360,1024,128,20,5
l,2,13277487160.138817,198272,393548800,991360,1280,128,20,5
xl,2,26554974320.277634,198272,393548800,991360,1280,128,20,5
xl,2,19154481351.8099,198272,566630400,991360,1536,128,20,5
xl,2,14468476777.284538,198272,771169280,991360,1792,128,20,5
s,2,6094212428.8391,789760,141757440,3948800,768,256,20,5
m,2,12188424857.6782,789760,141757440,3948800,768,256,20,5
l,2,30471062144.195503,789760,141757440,3948800,768,256,20,5
xl,2,60942124288.39101,789760,141757440,3948800,768,256,20,5
m,2,7622010708.376261,789760,251924480,3948800,1024,256,20,5
l,2,19055026770.94065,789760,251924480,3948800,1024,256,20,5
xl,2,38110053541.8813,789760,251924480,3948800,1024,256,20,5
l,2,13010711000.175198,789760,393548800,3948800,1280,256,20,5
xl,2,26021422000.350395,789760,393548800,3948800,1280,256,20,5
xl,2,18875313964.42236,789760,566630400,3948800,1536,256,20,5
xl,2,14308623782.370457,789760,771169280,3948800,1792,256,20,5
m,2,7277013671.936854,1774464,251924480,8872320,1024,384,20,5
l,2,18192534179.842136,1774464,251924480,8872320,1024,384,20,5
xl,2,36385068359.68427,1774464,251924480,8872320,1024,384,20,5
xl,2,25205499428.621574,1774464,393548800,8872320,1280,384,20,5
xl,2,18442270794.147198,1774464,566630400,8872320,1536,384,20,5
xl,2,14058384267.42187,1774464,771169280,8872320,1792,384,20,5
xl,2,24160572790.35519,3152384,393548800,15761920,1280,512,20,5
xl,2,17876576227.78042,3152384,566630400,15761920,1536,512,20,5
xl,2,13727251418.585144,3152384,771169280,15761920,1792,512,20,5
xl,2,17203754106.88018,4923520,566630400,24617600,1536,640,20,5
xl,2,13327021655.87711,4923520,771169280,24617600,1792,640,20,5
s,2,11170831867.720192,198272,69352448,991360,512,128,22,5
m,2,22341663735.440384,198272,69352448,991360,512,128,22,5
l,2,55854159338.60096,198272,69352448,991360,512,128,22,5
xl,2,111708318677.20192,198272,69352448,991360,512,128,22,5
s,2,5823934900.1488695,198272,155933184,991360,768,128,22,5
m,2,11647869800.297739,198272,155933184,991360,768,128,22,5
l,2,29119674500.744347,198272,155933184,991360,768,128,22,5
xl,2,58239349001.48869,198272,155933184,991360,768,128,22,5
m,2,7146843039.317928,198272,277116928,991360,1024,128,22,5
l,2,17867107598.29482,198272,277116928,991360,1024,128,22,5
xl,2,35734215196.58964,198272,277116928,991360,1024,128,22,5
xl,2,24158398696.296844,198272,432903680,991360,1280,128,22,5
xl,2,17422274910.898304,198272,623293440,991360,1536,128,22,5
xl,2,13158357911.040573,198272,848286208,991360,1792,128,22,5
s,2,5573306909.616478,789760,155933184,3948800,768,256,22,5
m,2,11146613819.232956,789760,155933184,3948800,768,256,22,5
l,2,27866534548.08239,789760,155933184,3948800,768,256,22,5
xl,2,55733069096.16478,789760,155933184,3948800,768,256,22,5
m,2,6954941769.889131,789760,277116928,3948800,1024,256,22,5
l,2,17387354424.722828,789760,277116928,3948800,1024,256,22,5
xl,2,34774708849.445656,789760,277116928,3948800,1024,256,22,5
xl,2,23716004151.552933,789760,432903680,3948800,1280,256,22,5
xl,2,17191011779.886395,789760,623293440,3948800,1536,256,22,5
xl,2,13026011172.774511,789760,848286208,3948800,1792,256,22,5
m,2,6666547202.140804,1774464,277116928,8872320,1024,384,22,5
l,2,16666368005.35201,1774464,277116928,8872320,1024,384,22,5
xl,2,33332736010.70402,1774464,277116928,8872320,1024,384,22,5
xl,2,23036365464.5296,1774464,432903680,8872320,1280,384,22,5
xl,2,16831067144.59357,1774464,623293440,8872320,1536,384,22,5
xl,2,22160423596.674335,3152384,432903680,15761920,1280,512,22,5
xl,2,16358632311.549603,3152384,623293440,15761920,1536,512,22,5
xl,2,15793414656.531387,4923520,623293440,24617600,1536,640,22,5
s,2,10268634038.369532,198272,75657216,991360,512,128,24,5
m,2,20537268076.739063,198272,75657216,991360,512,128,24,5
l,2,51343170191.84766,198272,75657216,991360,512,128,24,5
xl,2,102686340383.69531,198272,75657216,991360,512,128,24,5
s,2,5346398734.246515,198272,170108928,991360,768,128,24,5
m,2,10692797468.49303,198272,170108928,991360,768,128,24,5
l,2,26731993671.23258,198272,170108928,991360,768,128,24,5
xl,2,53463987342.46516,198272,170108928,991360,768,128,24,5
l,2,16392840656.343111,198272,302309376,991360,1024,128,24,5
xl,2,32785681312.686222,198272,302309376,991360,1024,128,24,5
xl,2,22158594556.57284,198272,472258560,991360,1280,128,24,5
xl,2,15977384408.608747,198272,679956480,991360,1536,128,24,5
s,2,5134438494.520199,789760,170108928,3948800,768,256,24,5
m,2,10268876989.040398,789760,170108928,3948800,768,256,24,5
l,2,25672192472.600994,789760,170108928,3948800,768,256,24,5
xl,2,51344384945.20199,789760,170108928,3948800,768,256,24,5
l,2,15988096056.685757,789760,302309376,3948800,1024,256,24,5
xl,2,31976192113.371513,789760,302309376,3948800,1024,256,24,5
xl,2,21785845349.35991,789760,472258560,3948800,1280,256,24,5
xl,2,15782675238.704756,789760,679956480,3948800,1536,256,24,5
l,2,15376442876.194885,1774464,302309376,8872320,1024,384,24,5
xl,2,30752885752.38977,1774464,302309376,8872320,1024,384,24,5
xl,2,21210990782.008846,1774464,472258560,8872320,1280,384,24,5
xl,2,15478768973.751179,1774464,679956480,8872320,1536,384,24,5
xl,2,20466121986.207996,3152384,472258560,15761920,1280,512,24,5
xl,2,15078297133.84008,3152384,679956480,15761920,1536,512,24,5
xl,2,14596790406.344751,4923520,679956480,24617600,1536,640,24,5
s,2,34888757893.23258,198272,25192448,1189632,1024,128,2,6
m,2,69777515786.46516,198272,25192448,1189632,1024,128,2,6
l,2,174443789466.16293,198272,25192448,1189632,1024,128,2,6
xl,2,348887578932.32587,198272,25192448,1189632,1024,128,2,6
s,2,24478241389.14216,198272,39354880,1189632,1280,128,2,6
m,2,48956482778.28432,198272,39354880,1189632,1280,128,2,6
l,2,122391206945.71078,198272,39354880,1189632,1280,128,2,6
xl,2,244782413891.42157,198272,39354880,1189632,1280,128,2,6
s,2,18049895108.449547,198272,56663040,1189632,1536,128,2,6
m,2,36099790216.89909,198272,56663040,1189632,1536,128,2,6
l,2,90249475542.24773,198272,56663040,1189632,1536,128,2,6
xl,2,180498951084.49545,198272,56663040,1189632,1536,128,2,6
s,2,13829220412.548878,198272,77116928,1189632,1792,128,2,6
m,2,27658440825.097755,198272,77116928,1189632,1792,128,2,6
l,2,69146102062.74438,198272,77116928,1189632,1792,128,2,6
xl,2,138292204125.48877,198272,77116928,1189632,1792,128,2,6
s,2,10919578787.294292,198272,100716544,1189632,2048,128,2,6
m,2,21839157574.588585,198272,100716544,1189632,2048,128,2,6
l,2,54597893936.471466,198272,100716544,1189632,2048,128,2,6
xl,2,109195787872.94293,198272,100716544,1189632,2048,128,2,6
s,2,9942451499.926188,789760,100716544,4738560,2048,256,2,6
m,2,19884902999.852375,789760,100716544,4738560,2048,256,2,6
l,2,49712257499.630936,789760,100716544,4738560,2048,256,2,6
xl,2,99424514999.26187,789760,100716544,4738560,2048,256,2,6
s,2,29266876451.637074,198272,28351488,1189632,768,128,4,6
m,2,58533752903.27415,198272,28351488,1189632,768,128,4,6
l,2,146334382258.18536,198272,28351488,1189632,768,128,4,6
xl,2,292668764516.3707,198272,28351488,1189632,768,128,4,6
s,2,18577040323.769577,198272,50384896,1189632,1024,128,4,6
m,2,37154080647.539154,198272,50384896,1189632,1024,128,4,6
l,2,92885201618.84789,198272,50384896,1189632,1024,128,4,6
xl,2,185770403237.69577,198272,50384896,1189632,1024,128,4,6
s,2,12786080888.225513,198272,78709760,1189632,1280,128,4,6
m,2,25572161776.451027,198272,78709760,1189632,1280,128,4,6
l,2,63930404441.12756,198272,78709760,1189632,1280,128,4,6
xl,2,127860808882.25513,198272,78709760,1189632,1280,128,4,6
s,2,9318900220.671556,198272,113326080,1189632,1536,128,4,6
m,2,18637800441.343113,198272,113326080,1189632,1536,128,4,6
l,2,46594501103.35779,198272,113326080,1189632,1536,128,4,6
xl,2,93189002206.71558,198272,113326080,1189632,1536,128,4,6
s,2,7085859300.45676,198272,154233856,1189632,1792,128,4,6
m,2,14171718600.91352,198272,154233856,1189632,1792,128,4,6
l,2,35429296502.2838,198272,154233856,1189632,1792,128,4,6
xl,2,70858593004.5676,198272,154233856,1189632,1792,128,4,6
s,2,5566004801.903663,198272,201433088,1189632,2048,128,4,6
m,2,11132009603.807325,198272,201433088,1189632,2048,128,4,6
l,2,27830024009.518314,198272,201433088,1189632,2048,128,4,6
xl,2,55660048019.03663,198272,201433088,1189632,2048,128,4,6
s,2,8597787521.01987,789760,113326080,4738560,1536,256,4,6
m,2,17195575042.03974,789760,113326080,4738560,1536,256,4,6
l,2,42988937605.09936,789760,113326080,4738560,1536,256,4,6
xl,2,85977875210.19872,789760,113326080,4738560,1536,256,4,6
s,2,6661056458.4750805,789760,154233856,4738560,1792,256,4,6
m,2,13322112916.950161,789760,154233856,4738560,1792,256,4,6
l,2,33305282292.375404,789760,154233856,4738560,1792,256,4,6
xl,2,66610564584.75081,789760,154233856,4738560,1792,256,4,6
s,2,5300476822.414182,789760,201433088,4738560,2048,256,4,6
m,2,10600953644.828363,789760,201433088,4738560,2048,256,4,6
l,2,26502384112.070908,789760,201433088,4738560,2048,256,4,6
xl,2,53004768224.141815,789760,201433088,4738560,2048,256,4,6
s,2,4922047370.098901,1774464,201433088,10646784,2048,384,4,6
m,2,9844094740.197802,1774464,201433088,10646784,2048,384,4,6
l,2,24610236850.494503,1774464,201433088,10646784,2048,384,4,6
xl,2,49220473700.989006,1774464,201433088,10646784,2048,384,4,6
s,2,20200022236.18448,198272,42527232,1189632,768,128,6,6
m,2,40400044472.36896,198272,42527232,1189632,768,128,6,6
l,2,101000111180.9224,198272,42527232,1189632,768,128,6,6
xl,2,202000222361.8448,198272,42527232,1189632,768,128,6,6
s,2,12658668818.437826,198272,75577344,1189632,1024,128,6,6
m,2,25317337636.875652,198272,75577344,1189632,1024,128,6,6
l,2,63293344092.18913,198272,75577344,1189632,1024,128,6,6
xl,2,126586688184.37827,198272,75577344,1189632,1024,128,6,6
s,2,8652952636.644659,198272,118064640,1189632,1280,128,6,6
m,2,17305905273.289318,198272,118064640,1189632,1280,128,6,6
l,2,43264763183.2233,198272,118064640,1189632,1280,128,6,6
xl,2,86529526366.4466,198272,118064640,1189632,1280,128,6,6
s,2,6280790949.551079,198272,169989120,1189632,1536,128,6,6
m,2,12561581899.102158,198272,169989120,1189632,1536,128,6,6
l,2,31403954747.755398,198272,169989120,1189632,1536,128,6,6
xl,2,62807909495.510796,198272,169989120,1189632,1536,128,6,6
s,2,4763228667.289773,198272,231350784,1189632,1792,128,6,6
m,2,9526457334.579546,198272,231350784,1189632,1792,128,6,6
l,2,23816143336.448868,198272,231350784,1189632,1792,128,6,6
xl,2,47632286672.897736,198272,231350784,1189632,1792,128,6,6
m,2,7469779066.643337,198272,302149632,1189632,2048,128,6,6
l,2,18674447666.60834,198272,302149632,1189632,2048,128,6,6
xl,2,37348895333.21668,198272,302149632,1189632,2048,128,6,6
s,2,8027764505.2071295,789760,118064640,4738560,1280,256,6,6
m,2,16055529010.414259,789760,118064640,4738560,1280,256,6,6
l,2,40138822526.035645,789760,118064640,4738560,1280,256,6,6
xl,2,80277645052.07129,789760,118064640,4738560,1280,256,6,6
s,2,5944744503.441674,789760,169989120,4738560,1536,256,6,6
m,2,11889489006.883348,789760,169989120,4738560,1536,256,6,6
l,2,29723722517.20837,789760,169989120,4738560,1536,256,6,6
xl,2,59447445034.41674,789760,169989120,4738560,1536,256,6,6
s,2,4567423353.520614,789760,231350784,4738560,1792,256,6,6
m,2,9134846707.041227,789760,231350784,4738560,1792,256,6,6
l,2,22837116767.60307,789760,231350784,4738560,1792,256,6,6
xl,2,45674233535.20614,789760,231350784,4738560,1792,256,6,6
m,2,7226850489.992026,789760,302149632,4738560,2048,256,6,6
l,2,18067126224.980064,789760,302149632,4738560,2048,256,6,6
xl,2,36134252449.96013,789760,302149632,4738560,2048,256,6,6
s,2,4283626813.1735573,1774464,231350784,10646784,1792,384,6,6
m,2,8567253626.347115,1774464,231350784,10646784,1792,384,6,6
l,2,21418134065.867786,1774464,231350784,10646784,1792,384,6,6
xl,2,42836268131.73557,1774464,231350784,10646784,1792,384,6,6
m,2,6866930532.59254,1774464,302149632,10646784,2048,384,6,6
l,2,17167326331.48135,1774464,302149632,10646784,2048,384,6,6
xl,2,34334652662.9627,1774464,302149632,10646784,2048,384,6,6
s,2,28607784979.31085,198272,25219072,1189632,512,128,8,6
m,2,57215569958.6217,198272,25219072,1189632,512,128,8,6
l,2,143038924896.55426,198272,25219072,1189632,512,128,8,6
xl,2,286077849793.1085,198272,25219072,1189632,512,128,8,6
s,2,15422228539.167032,198272,56702976,1189632,768,128,8,6
m,2,30844457078.334064,198272,56702976,1189632,768,128,8,6
l,2,77111142695.83516,198272,56702976,1189632,768,128,8,6
xl,2,154222285391.67032,198272,56702976,1189632,768,128,8,6
s,2,9600189730.46968,198272,100769792,1189632,1024,128,8,6
m,2,19200379460.93936,198272,100769792,1189632,1024,128,8,6
l,2,48000948652.348404,198272,100769792,1189632,1024,128,8,6
xl,2,96001897304.69681,198272,100769792,1189632,1024,128,8,6
s,2,6539156258.422433,198272,157419520,1189632,1280,128,8,6
m,2,13078312516.844866,198272,157419520,1189632,1280,128,8,6
l,2,32695781292.112167,198272,157419520,1189632,1280,128,8,6
xl,2,65391562584.224335,198272,157419520,1189632,1280,128,8,6
s,2,4736588104.479585,198272,226652160,1189632,1536,128,8,6
m,2,9473176208.95917,198272,226652160,1189632,1536,128,8,6
l,2,23682940522.397923,198272,226652160,1189632,1536,128,8,6
xl,2,47365881044.795845,198272,226652160,1189632,1536,128,8,6
m,2,7174704631.75972,198272,308467712,1189632,1792,128,8,6
l,2,17936761579.3993,198272,308467712,1189632,1792,128,8,6
xl,2,35873523158.7986,198272,308467712,1189632,1792,128,8,6
l,2,14051693685.488111,198272,402866176,1189632,2048,128,8,6
xl,2,28103387370.976223,198272,402866176,1189632,2048,128,8,6
s,2,8836670059.94797,789760,100769792,4738560,1024,256,8,6
m,2,17673340119.89594,789760,100769792,4738560,1024,256,8,6
l,2,44183350299.739845,789760,100769792,4738560,1024,256,8,6
xl,2,88366700599.47969,789760,100769792,4738560,1024,256,8,6
s,2,6175694049.200026,789760,157419520,4738560,1280,256,8,6
m,2,12351388098.400051,789760,157419520,4738560,1280,256,8,6
l,2,30878470246.000126,789760,157419520,4738560,1280,256,8,6
xl,2,61756940492.00025,789760,157419520,4738560,1280,256,8,6
s,2,4542922403.105643,789760,226652160,4738560,1536,256,8,6
m,2,9085844806.211287,789760,226652160,4738560,1536,256,8,6
l,2,22714612015.528217,789760,226652160,4738560,1536,256,8,6
xl,2,45429224031.056435,789760,226652160,4738560,1536,256,8,6
m,2,6950301231.61562,789760,308467712,4738560,1792,256,8,6
l,2,17375753079.039047,789760,308467712,4738560,1792,256,8,6
xl,2,34751506158.078094,789760,308467712,4738560,1792,256,8,6
l,2,13705043947.361404,789760,402866176,4738560,2048,256,8,6
xl,2,27410087894.72281,789760,402866176,4738560,2048,256,8,6
s,2,4262068815.022122,1774464,226652160,10646784,1536,384,8,6
m,2,8524137630.044244,1774464,226652160,10646784,1536,384,8,6
l,2,21310344075.11061,1774464,226652160,10646784,1536,384,8,6
xl,2,42620688150.22122,1774464,226652160,10646784,1536,384,8,6
l,2,16541911539.891575,1774464,308467712,10646784,1792,384,8,6
xl,2,33083823079.78315,1774464,308467712,10646784,1792,384,8,6
l,2,13180982267.888174,1774464,402866176,10646784,2048,384,8,6
xl,2,26361964535.77635,1774464,402866176,10646784,2048,384,8,6
xl,2,25041027218.9956,3152384,402866176,18914304,2048,512,8,6
s,2,23353241504.65122,198272,31523840,1189632,512,128,10,6
m,2,46706483009.30244,198272,31523840,1189632,512,128,10,6
l,2,116766207523.25609,198272,31523840,1189632,512,128,10,6
xl,2,233532415046.51218,198272,31523840,1189632,512,128,10,6
s,2,12472241778.69733,198272,70878720,1189632,768,128,10,6
m,2,24944483557.39466,198272,70878720,1189632,768,128,10,6
l,2,62361208893.48666,198272,70878720,1189632,768,128,10,6
xl,2,124722417786.97331,198272,70878720,1189632,768,128,10,6
s,2,7732040387.72533,198272,125962240,1189632,1024,128,10,6
m,2,15464080775.45066,198272,125962240,1189632,1024,128,10,6
l,2,38660201938.62665,198272,125962240,1189632,1024,128,10,6
xl,2,77320403877.2533,198272,125962240,1189632,1024,128,10,6
s,2,5255347673.6215515,198272,196774400,1189632,1280,128,10,6
m,2,10510695347.243103,198272,196774400,1189632,1280,128,10,6
l,2,26276738368.107758,198272,196774400,1189632,1280,128,10,6
xl,2,52553476736.215515,198272,196774400,1189632,1280,128,10,6
m,2,7603717134.909651,198272,283315200,1189632,1536,128,10,6
l,2,19009292837.274128,198272,283315200,1189632,1536,128,10,6
xl,2,38018585674.548256,198272,283315200,1189632,1536,128,10,6
l,2,14385483449.835033,198272,385584640,1189632,1792,128,10,6
xl,2,28770966899.670067,198272,385584640,1189632,1792,128,10,6
xl,2,22526964596.40618,198272,503582720,1189632,2048,128,10,6
s,2,7228976978.310756,789760,125962240,4738560,1024,256,10,6
m,2,14457953956.621511,789760,125962240,4738560,1024,256,10,6
l,2,36144884891.55378,789760,125962240,4738560,1024,256,10,6
xl,2,72289769783.10756,789760,125962240,4738560,1024,256,10,6
s,2,5018000571.650625,789760,196774400,4738560,1280,256,10,6
m,2,10036001143.30125,789760,196774400,4738560,1280,256,10,6
l,2,25090002858.253124,789760,196774400,4738560,1280,256,10,6
xl,2,50180005716.50625,789760,196774400,4738560,1280,256,10,6
m,2,7352145414.849216,789760,283315200,4738560,1536,256,10,6
l,2,18380363537.12304,789760,283315200,4738560,1536,256,10,6
xl,2,36760727074.24608,789760,283315200,4738560,1536,256,10,6
l,2,14022381965.197569,789760,385584640,4738560,1792,256,10,6
xl,2,28044763930.395138,789760,385584640,4738560,1792,256,10,6
xl,2,22079313131.99826,789760,503582720,4738560,2048,256,10,6
s,2,4677535912.998132,1774464,196774400,10646784,1280,384,10,6
m,2,9355071825.996264,1774464,196774400,10646784,1280,384,10,6
l,2,23387679564.990658,1774464,196774400,10646784,1280,384,10,6
xl,2,46775359129.981316,1774464,196774400,10646784,1280,384,10,6
m,2,6979958473.155862,1774464,283315200,10646784,1536,384,10,6
l,2,17449896182.889652,1774464,283315200,10646784,1536,384,10,6
xl,2,34899792365.779305,1774464,283315200,10646784,1536,384,10,6
l,2,13474255505.343653,1774464,385584640,10646784,1792,384,10,6
xl,2,26948511010.687305,1774464,385584640,10646784,1792,384,10,6
xl,2,21394133475.294533,1774464,503582720,10646784,2048,384,10,6
xl,2,25569676017.067616,3152384,385584640,18914304,1792,512,10,6
xl,2,20515846505.49155,3152384,503582720,18914304,2048,512,10,6
xl,2,19495329854.742638,4923520,503582720,29541120,2048,640,10,6
s,2,19729432145.90562,198272,37828608,1189632,512,128,12,6
m,2,39458864291.81124,198272,37828608,1189632,512,128,12,6
l,2,98647160729.5281,198272,37828608,1189632,512,128,12,6
xl,2,197294321459.0562,198272,37828608,1189632,512,128,12,6
s,2,10469600969.166775,198272,85054464,1189632,768,128,12,6
m,2,20939201938.33355,198272,85054464,1189632,768,128,12,6
l,2,52348004845.83387,198272,85054464,1189632,768,128,12,6
xl,2,104696009691.66774,198272,85054464,1189632,768,128,12,6
s,2,6472520061.705381,198272,151154688,1189632,1024,128,12,6
m,2,12945040123.410763,198272,151154688,1189632,1024,128,12,6
l,2,32362600308.52691,198272,151154688,1189632,1024,128,12,6
xl,2,64725200617.05382,198272,151154688,1189632,1024,128,12,6
s,2,4392904777.006313,198272,236129280,1189632,1280,128,12,6
m,2,8785809554.012627,198272,236129280,1189632,1280,128,12,6
l,2,21964523885.031567,198272,236129280,1189632,1280,128,12,6
xl,2,43929047770.06313,198272,236129280,1189632,1280,128,12,6
l,2,15876238295.783108,198272,339978240,1189632,1536,128,12,6
xl,2,31752476591.566216,198272,339978240,1189632,1536,128,12,6
xl,2,24016056405.22442,198272,462701568,1189632,1792,128,12,6
xl,2,18797137205.0263,198272,604299264,1189632,2048,128,12,6
s,2,9568021437.266846,789760,85054464,4738560,768,256,12,6
m,2,19136042874.53369,789760,85054464,4738560,768,256,12,6
l,2,47840107186.33423,789760,85054464,4738560,768,256,12,6
xl,2,95680214372.66846,789760,85054464,4738560,768,256,12,6
s,2,6116225906.962907,789760,151154688,4738560,1024,256,12,6
m,2,12232451813.925814,789760,151154688,4738560,1024,256,12,6
l,2,30581129534.814537,789760,151154688,4738560,1024,256,12,6
xl,2,61162259069.629074,789760,151154688,4738560,1024,256,12,6
s,2,4225828262.3394184,789760,236129280,4738560,1280,256,12,6
m,2,8451656524.678837,789760,236129280,4738560,1280,256,12,6
l,2,21129141311.697094,789760,236129280,4738560,1280,256,12,6
xl,2,42258282623.39419,789760,236129280,4738560,1280,256,12,6
l,2,15435135485.420935,789760,339978240,4738560,1536,256,12,6
xl,2,30870270970.84187,789760,339978240,4738560,1536,256,12,6
xl,2,23507934473.268806,789760,462701568,4738560,1792,256,12,6
xl,2,18484421743.405704,789760,604299264,4738560,2048,256,12,6
m,2,7963520197.016215,1774464,236129280,10646784,1280,384,12,6
l,2,19908800492.54054,1774464,236129280,10646784,1280,384,12,6
xl,2,39817600985.08108,1774464,236129280,10646784,1280,384,12,6
l,2,14773603159.366947,1774464,339978240,10646784,1536,384,12,6
xl,2,29547206318.733894,1774464,339978240,10646784,1536,384,12,6
xl,2,22732774885.441364,1774464,462701568,10646784,1792,384,12,6
xl,2,18001757662.815384,1774464,604299264,10646784,2048,384,12,6
l,2,13948880232.994953,3152384,339978240,18914304,1536,512,12,6
xl,2,27897760465.989906,3152384,339978240,18914304,1536,512,12,6
xl,2,21743680347.164124,3152384,462701568,18914304,1792,512,12,6
xl,2,17375845828.373573,3152384,604299264,18914304,2048,512,12,6
xl,2,16638192729.157696,4923520,604299264,29541120,2048,640,12,6
s,2,17079190604.860218,198272,44133376,1189632,512,128,14,6
m,2,34158381209.720436,198272,44133376,1189632,512,128,14,6
l,2,85395953024.30109,198272,44133376,1189632,512,128,14,6
xl,2,170791906048.60217,198272,44133376,1189632,512,128,14,6
s,2,9021102162.177767,198272,99230208,1189632,768,128,14,6
m,2,18042204324.355534,198272,99230208,1189632,768,128,14,6
l,2,45105510810.88883,198272,99230208,1189632,768,128,14,6
xl,2,90211021621.77766,198272,99230208,1189632,768,128,14,6
s,2,5565862047.838273,198272,176347136,1189632,1024,128,14,6
m,2,11131724095.676546,198272,176347136,1189632,1024,128,14,6
l,2,27829310239.191364,198272,176347136,1189632,1024,128,14,6
xl,2,55658620478.38273,198272,176347136,1189632,1024,128,14,6
m,2,7547248188.781191,198272,275484160,1189632,1280,128,14,6
l,2,18868120471.952976,198272,275484160,1189632,1280,128,14,6
xl,2,37736240943.90595,198272,275484160,1189632,1280,128,14,6
l,2,13629813395.860374,198272,396641280,1189632,1536,128,14,6
xl,2,27259626791.72075,198272,396641280,1189632,1536,128,14,6
xl,2,20609905470.112934,198272,539818496,1189632,1792,128,14,6
xl,2,16126968006.159727,198272,705015808,1189632,2048,128,14,6
s,2,8343666129.468066,789760,99230208,4738560,768,256,14,6
m,2,16687332258.936132,789760,99230208,4738560,768,256,14,6
l,2,41718330647.34033,789760,99230208,4738560,768,256,14,6
xl,2,83436661294.68066,789760,99230208,4738560,768,256,14,6
s,2,5300347363.564818,789760,176347136,4738560,1024,256,14,6
m,2,10600694727.129637,789760,176347136,4738560,1024,256,14,6
l,2,26501736817.824093,789760,176347136,4738560,1024,256,14,6
xl,2,53003473635.648186,789760,176347136,4738560,1024,256,14,6
m,2,7299338271.189687,789760,275484160,4738560,1280,256,14,6
l,2,18248345677.974216,789760,275484160,4738560,1280,256,14,6
xl,2,36496691355.94843,789760,275484160,4738560,1280,256,14,6
l,2,13303424680.394268,789760,396641280,4738560,1536,256,14,6
xl,2,26606849360.788536,789760,396641280,4738560,1536,256,14,6
xl,2,20234568179.42241,789760,539818496,4738560,1792,256,14,6
xl,2,15896240734.90788,789760,705015808,4738560,2048,256,14,6
m,2,6932345191.303888,1774464,275484160,10646784,1280,384,14,6
l,2,17330862978.259724,1774464,275484160,10646784,1280,384,14,6
xl,2,34661725956.51945,1774464,275484160,10646784,1280,384,14,6
xl,2,25618147452.9741,1774464,396641280,10646784,1536,384,14,6
xl,2,19657604165.172688,1774464,539818496,10646784,1792,384,14,6
xl,2,15537968729.552032,1774464,705015808,10646784,2048,384,14,6
xl,2,24368934279.83054,3152384,396641280,18914304,1536,512,14,6
xl,2,18913630136.306446,3152384,539818496,18914304,1792,512,14,6
xl,2,15069432228.15805,3152384,705015808,18914304,2048,512,14,6
xl,2,18042904352.16793,4923520,539818496,29541120,1792,640,14,6
xl,2,14511465590.227045,4923520,705015808,29541120,2048,640,14,6
s,2,15056641882.229597,198272,50438144,1189632,512,128,16,6
m,2,30113283764.459194,198272,50438144,1189632,512,128,16,6
l,2,75283209411.14798,198272,50438144,1189632,512,128,16,6
xl,2,150566418822.29596,198272,50438144,1189632,512,128,16,6
s,2,7924697872.478551,198272,113405952,1189632,768,128,16,6
m,2,15849395744.957102,198272,113405952,1189632,768,128,16,6
l,2,39623489362.39275,198272,113405952,1189632,768,128,16,6
xl,2,79246978724.7855,198272,113405952,1189632,768,128,16,6
s,2,4882000867.355803,198272,201539584,1189632,1024,128,16,6
m,2,9764001734.711605,198272,201539584,1189632,1024,128,16,6
l,2,24410004336.77901,198272,201539584,1189632,1024,128,16,6
xl,2,48820008673.55802,198272,201539584,1189632,1024,128,16,6
l,2,16536869439.90761,198272,314839040,1189632,1280,128,16,6
xl,2,33073738879.81522,198272,314839040,1189632,1280,128,16,6
xl,2,23880614351.53854,198272,453304320,1189632,1536,128,16,6
xl,2,18049920129.825424,198272,616935424,1189632,1792,128,16,6
xl,2,14121046423.312912,198272,805732352,1189632,2048,128,16,6
s,2,7397108002.984407,789760,113405952,4738560,768,256,16,6
m,2,14794216005.968815,789760,113405952,4738560,768,256,16,6
l,2,36985540014.922035,789760,113405952,4738560,768,256,16,6
xl,2,73971080029.84407,789760,113405952,4738560,768,256,16,6
s,2,4676519532.138538,789760,201539584,4738560,1024,256,16,6
m,2,9353039064.277077,789760,201539584,4738560,1024,256,16,6
l,2,23382597660.69269,789760,201539584,4738560,1024,256,16,6
xl,2,46765195321.38538,789760,201539584,4738560,1024,256,16,6
l,2,16058845777.525633,789760,314839040,4738560,1280,256,16,6
xl,2,32117691555.051266,789760,314839040,4738560,1280,256,16,6
xl,2,23378147558.97727,789760,453304320,4738560,1536,256,16,6
xl,2,17761381607.00661,789760,616935424,4738560,1792,256,16,6
xl,2,13943831302.576052,789760,805732352,4738560,2048,256,16,6
s,2,4379444610.746554,1774464,201539584,10646784,1024,384,16,6
m,2,8758889221.493109,1774464,201539584,10646784,1024,384,16,6
l,2,21897223053.732773,1774464,201539584,10646784,1024,384,16,6
xl,2,43794446107.465546,1774464,201539584,10646784,1024,384,16,6
l,2,15344008245.796381,1774464,314839040,10646784,1280,384,16,6
xl,2,30688016491.592762,1774464,314839040,10646784,1280,384,16,6
xl,2,22611384039.561024,1774464,453304320,10646784,1536,384,16,6
xl,2,17315283327.90326,1774464,616935424,10646784,1792,384,16,6
xl,2,13667396877.413116,1774464,805732352,10646784,2048,384,16,6
xl,2,21632597229.69845,3152384,453304320,18914304,1536,512,16,6
xl,2,16735429198.15605,3152384,616935424,18914304,1792,512,16,6
xl,2,13303560603.274115,3152384,805732352,18914304,2048,512,16,6
xl,2,16050076650.030056,4923520,616935424,29541120,1792,640,16,6
s,2,13462400055.14199,198272,56742912,1189632,512,128,18,6
m,2,26924800110.28398,198272,56742912,1189632,512,128,18,6
l,2,67312000275.70995,198272,56742912,1189632,512,128,18,6
xl,2,134624000551.4199,198272,56742912,1189632,512,128,18,6
s,2,7065921771.540773,198272,127581696,1189632,768,128,18,6
m,2,14131843543.081547,198272,127581696,1189632,768,128,18,6
l,2,35329608857.703865,198272,127581696,1189632,768,128,18,6
xl,2,70659217715.40773,198272,127581696,1189632,768,128,18,6
s,2,4347799470.86237,198272,226732032,1189632,1024,128,18,6
m,2,8695598941.72474,198272,226732032,1189632,1024,128,18,6
l,2,21738997354.311848,198272,226732032,1189632,1024,128,18,6
xl,2,43477994708.623695,198272,226732032,1189632,1024,128,18,6
l,2,14718344115.168005,198272,354193920,1189632,1280,128,18,6
xl,2,29436688230.33601,198272,354193920,1189632,1280,128,18,6
xl,2,21246917327.258823,198272,509967360,1189632,1536,128,18,6
xl,2,16055627998.549086,198272,694052352,1189632,1792,128,18,6
s,2,6643434840.765902,789760,127581696,4738560,768,256,18,6
m,2,13286869681.531803,789760,127581696,4738560,768,256,18,6
l,2,33217174203.82951,789760,127581696,4738560,768,256,18,6
xl,2,66434348407.65902,789760,127581696,4738560,768,256,18,6
s,2,4184072407.883462,789760,226732032,4738560,1024,256,18,6
m,2,8368144815.766924,789760,226732032,4738560,1024,256,18,6
l,2,20920362039.41731,789760,226732032,4738560,1024,256,18,6
xl,2,41840724078.83462,789760,226732032,4738560,1024,256,18,6
l,2,14338466733.839516,789760,354193920,4738560,1280,256,18,6
xl,2,28676933467.67903,789760,354193920,4738560,1280,256,18,6
xl,2,20848243997.440304,789760,509967360,4738560,1536,256,18,6
xl,2,15826923049.652071,789760,694052352,4738560,1792,256,18,6
m,2,7889334226.02728,1774464,226732032,10646784,1024,384,18,6
l,2,19723335565.0682,1774464,226732032,10646784,1024,384,18,6
xl,2,39446671130.1364,1774464,226732032,10646784,1024,384,18,6
l,2,13765855181.617662,1774464,354193920,10646784,1280,384,18,6
xl,2,27531710363.235325,1774464,354193920,10646784,1280,384,18,6
xl,2,20236282067.222015,1774464,509967360,10646784,1536,384,18,6
xl,2,15471733909.545263,1774464,694052352,10646784,1792,384,18,6
l,2,13047070993.100458,3152384,354193920,18914304,1280,512,18,6
xl,2,26094141986.200916,3152384,354193920,18914304,1280,512,18,6
xl,2,19448738725.955135,3152384,509967360,18914304,1536,512,18,6
xl,2,15007123701.535635,3152384,694052352,18914304,1792,512,18,6
xl,2,18529244068.507328,4923520,509967360,29541120,1536,640,18,6
xl,2,14453676913.652948,4923520,694052352,29541120,1792,640,18,6
s,2,12173440163.548708,198272,63047680,1189632,512,128,20,6
m,2,24346880327.097416,198272,63047680,1189632,512,128,20,6
l,2,60867200817.74354,198272,63047680,1189632,512,128,20,6
xl,2,121734401635.48708,198272,63047680,1189632,512,128,20,6
s,2,6375073848.855465,198272,141757440,1189632,768,128,20,6
m,2,12750147697.71093,198272,141757440,1189632,768,128,20,6
l,2,31875369244.277325,198272,141757440,1189632,768,128,20,6
xl,2,63750738488.55465,198272,141757440,1189632,768,128,20,6
m,2,7837949823.075526,198272,251924480,1189632,1024,128,20,6
l,2,19594874557.688816,198272,251924480,1189632,1024,128,20,6
xl,2,39189749115.37763,198272,251924480,1189632,1024,128,20,6
l,2,13260152566.860023,198272,393548800,1189632,1280,128,20,6
xl,2,26520305133.720047,198272,393548800,1189632,1280,128,20,6
xl,2,19136436608.11958,198272,566630400,1189632,1536,128,20,6
xl,2,14458178711.786919,198272,771169280,1189632,1792,128,20,6
s,2,6029140524.313354,789760,141757440,4738560,768,256,20,6
m,2,12058281048.626707,789760,141757440,4738560,768,256,20,6
l,2,30145702621.566765,789760,141757440,4738560,768,256,20,6
xl,2,60291405243.13353,789760,141757440,4738560,768,256,20,6
m,2,7570912191.954724,789760,251924480,4738560,1024,256,20,6
l,2,18927280479.88681,789760,251924480,4738560,1024,256,20,6
xl,2,37854560959.77362,789760,251924480,4738560,1024,256,20,6
xl,2,25902054592.41356,789760,393548800,4738560,1280,256,20,6
xl,2,18812427158.282043,789760,566630400,4738560,1536,256,20,6
xl,2,14272456397.074808,789760,771169280,4738560,1792,256,20,6
m,2,7176840095.868804,1774464,251924480,10646784,1024,384,20,6
l,2,17942100239.67201,1774464,251924480,10646784,1024,384,20,6
xl,2,35884200479.34402,1774464,251924480,10646784,1024,384,20,6
xl,2,24964115581.698242,1774464,393548800,10646784,1280,384,20,6
xl,2,18312712925.57573,1774464,566630400,10646784,1536,384,20,6
xl,2,13982973794.162035,1774464,771169280,10646784,1792,384,20,6
xl,2,23776394460.807674,3152384,393548800,18914304,1280,512,20,6
xl,2,17665379609.50523,3152384,566630400,18914304,1536,512,20,6
xl,2,13602375701.708475,3152384,771169280,18914304,1792,512,20,6
xl,2,16903477626.827469,4923520,566630400,29541120,1536,640,20,6
xl,2,13146115817.070011,4923520,771169280,29541120,1792,640,20,6
s,2,11109736466.38567,198272,69352448,1189632,512,128,22,6
m,2,22219472932.77134,198272,69352448,1189632,512,128,22,6
l,2,55548682331.92835,198272,69352448,1189632,512,128,22,6
xl,2,111097364663.8567,198272,69352448,1189632,512,128,22,6
s,2,5807285104.434499,198272,155933184,1189632,768,128,22,6
m,2,11614570208.868998,198272,155933184,1189632,768,128,22,6
l,2,29036425522.172493,198272,155933184,1189632,768,128,22,6
xl,2,58072851044.344986,198272,155933184,1189632,768,128,22,6
m,2,7134292730.189953,198272,277116928,1189632,1024,128,22,6
l,2,17835731825.47488,198272,277116928,1189632,1024,128,22,6
xl,2,35671463650.94976,198272,277116928,1189632,1024,128,22,6
xl,2,24129701508.256912,198272,432903680,1189632,1280,128,22,6
xl,2,17407345019.482857,198272,623293440,1189632,1536,128,22,6
xl,2,13149839837.05476,198272,848286208,1189632,1792,128,22,6
s,2,5518833970.162622,789760,155933184,4738560,768,256,22,6
m,2,11037667940.325245,789760,155933184,4738560,768,256,22,6
l,2,27594169850.813114,789760,155933184,4738560,768,256,22,6
xl,2,55188339701.62623,789760,155933184,4738560,768,256,22,6
m,2,6912371042.805825,789760,277116928,4738560,1024,256,22,6
l,2,17280927607.014565,789760,277116928,4738560,1024,256,22,6
xl,2,34561855214.02913,789760,277116928,4738560,1024,256,22,6
xl,2,23616810634.744297,789760,432903680,4738560,1280,256,22,6
xl,2,17138831887.419209,789760,623293440,4738560,1536,256,22,6
l,2,16455946299.5869,1774464,277116928,10646784,1024,384,22,6
xl,2,32911892599.1738,1774464,277116928,10646784,1024,384,22,6
xl,2,22834573634.302513,1774464,432903680,10646784,1280,384,22,6
xl,2,16723091715.963665,1774464,623293440,10646784,1536,384,22,6
xl,2,21836795216.560913,3152384,432903680,18914304,1280,512,22,6
xl,2,16181601793.201097,3152384,623293440,18914304,1536,512,22,6
xl,2,15539990038.493425,4923520,623293440,29541120,1536,640,22,6
s,2,10216985894.347538,198272,75657216,1189632,512,128,24,6
m,2,20433971788.695076,198272,75657216,1189632,512,128,24,6
l,2,51084929471.73769,198272,75657216,1189632,512,128,24,6
xl,2,102169858943.47539,198272,75657216,1189632,512,128,24,6
s,2,5332364122.830368,198272,170108928,1189632,768,128,24,6
m,2,10664728245.660736,198272,170108928,1189632,768,128,24,6
l,2,26661820614.15184,198272,170108928,1189632,768,128,24,6
xl,2,53323641228.30368,198272,170108928,1189632,768,128,24,6
l,2,16366425250.110401,198272,302309376,1189632,1024,128,24,6
xl,2,32732850500.220802,198272,302309376,1189632,1024,128,24,6
xl,2,22134449391.22827,198272,472258560,1189632,1280,128,24,6
xl,2,15964827314.21028,198272,679956480,1189632,1536,128,24,6
s,2,5088171084.990205,789760,170108928,4738560,768,256,24,6
m,2,10176342169.98041,789760,170108928,4738560,768,256,24,6
l,2,25440855424.951023,789760,170108928,4738560,768,256,24,6
xl,2,50881710849.90205,789760,170108928,4738560,768,256,24,6
l,2,15898065167.313782,789760,302309376,4738560,1024,256,24,6
xl,2,31796130334.627563,789760,302309376,4738560,1024,256,24,6
xl,2,21702112292.631977,789760,472258560,4738560,1280,256,24,6
xl,2,15738683659.81155,789760,679956480,4738560,1536,256,24,6
l,2,15197157465.310604,1774464,302309376,10646784,1024,384,24,6
xl,2,30394314930.62121,1774464,302309376,10646784,1024,384,24,6
xl,2,21039792610.259285,1774464,472258560,10646784,1280,384,24,6
xl,2,15387400077.91687,1774464,679956480,10646784,1536,384,24,6
xl,2,20189780056.08947,3152384,472258560,18914304,1280,512,24,6
xl,2,14927765854.672634,3152384,679956480,18914304,1536,512,24,6
xl,2,14380050043.494474,4923520,679956480,29541120,1536,640,24,6
s,2,34299650527.720703,198272,25192448,1387904,1024,128,2,7
m,2,68599301055.44141,198272,25192448,1387904,1024,128,2,7
l,2,171498252638.60352,198272,25192448,1387904,1024,128,2,7
xl,2,342996505277.20703,198272,25192448,1387904,1024,128,2,7
s,2,24186782329.794712,198272,39354880,1387904,1280,128,2,7
m,2,48373564659.589424,198272,39354880,1387904,1280,128,2,7
l,2,120933911648.97356,198272,39354880,1387904,1280,128,2,7
xl,2,241867823297.9471,198272,39354880,1387904,1280,128,2,7
s,2,17890920915.831947,198272,56663040,1387904,1536,128,2,7
m,2,35781841831.663895,198272,56663040,1387904,1536,128,2,7
l,2,89454604579.15974,198272,56663040,1387904,1536,128,2,7
xl,2,178909209158.3195,198272,56663040,1387904,1536,128,2,7
s,2,13735708270.25896,198272,77116928,1387904,1792,128,2,7
m,2,27471416540.51792,198272,77116928,1387904,1792,128,2,7
l,2,68678541351.29481,198272,77116928,1387904,1792,128,2,7
xl,2,137357082702.58961,198272,77116928,1387904,1792,128,2,7
s,2,10861193598.256092,198272,100716544,1387904,2048,128,2,7
m,2,21722387196.512184,198272,100716544,1387904,2048,128,2,7
l,2,54305967991.28046,198272,100716544,1387904,2048,128,2,7
xl,2,108611935982.56091,198272,100716544,1387904,2048,128,2,7
s,2,9770412502.126041,789760,100716544,5528320,2048,256,2,7
m,2,19540825004.252083,789760,100716544,5528320,2048,256,2,7
l,2,48852062510.63021,789760,100716544,5528320,2048,256,2,7
xl,2,97704125021.26042,789760,100716544,5528320,2048,256,2,7
s,2,28851196147.51132,198272,28351488,1387904,768,128,4,7
m,2,57702392295.02264,198272,28351488,1387904,768,128,4,7
l,2,144255980737.55658,198272,28351488,1387904,768,128,4,7
xl,2,288511961475.11316,198272,28351488,1387904,768,128,4,7
s,2,18408688193.93391,198272,50384896,1387904,1024,128,4,7
m,2,36817376387.86782,198272,50384896,1387904,1024,128,4,7
l,2,92043440969.66956,198272,50384896,1387904,1024,128,4,7
xl,2,184086881939.3391,198272,50384896,1387904,1024,128,4,7
s,2,12706103158.107023,198272,78709760,1387904,1280,128,4,7
m,2,25412206316.214046,198272,78709760,1387904,1280,128,4,7
l,2,63530515790.53511,198272,78709760,1387904,1280,128,4,7
xl,2,127061031581.07022,198272,78709760,1387904,1280,128,4,7
s,2,9276344223.909874,198272,113326080,1387904,1536,128,4,7
m,2,18552688447.819748,198272,113326080,1387904,1536,128,4,7
l,2,46381721119.54937,198272,113326080,1387904,1536,128,4,7
xl,2,92763442239.09874,198272,113326080,1387904,1536,128,4,7
s,2,7061227736.231397,198272,154233856,1387904,1792,128,4,7
m,2,14122455472.462793,198272,154233856,1387904,1792,128,4,7
l,2,35306138681.15698,198272,154233856,1387904,1792,128,4,7
xl,2,70612277362.31396,198272,154233856,1387904,1792,128,4,7
s,2,5550795193.597527,198272,201433088,1387904,2048,128,4,7
m,2,11101590387.195053,198272,201433088,1387904,2048,128,4,7
l,2,27753975967.987633,198272,201433088,1387904,2048,128,4,7
xl,2,55507951935.975266,198272,201433088,1387904,2048,128,4,7
s,2,8468834688.346884,789760,113326080,5528320,1536,256,4,7
m,2,16937669376.693768,789760,113326080,5528320,1536,256,4,7
l,2,42344173441.73442,789760,113326080,5528320,1536,256,4,7
xl,2,84688346883.46884,789760,113326080,5528320,1536,256,4,7
s,2,6583393584.551419,789760,154233856,5528320,1792,256,4,7
m,2,13166787169.102839,789760,154233856,5528320,1792,256,4,7
l,2,32916967922.757095,789760,154233856,5528320,1792,256,4,7
xl,2,65833935845.51419,789760,154233856,5528320,1792,256,4,7
s,2,5251182986.5032,789760,201433088,5528320,2048,256,4,7
m,2,10502365973.0064,789760,201433088,5528320,2048,256,4,7
l,2,26255914932.516,789760,201433088,5528320,2048,256,4,7
xl,2,52511829865.032,789760,201433088,5528320,2048,256,4,7
s,2,4830832739.720606,1774464,201433088,12421248,2048,384,4,7
m,2,9661665479.441212,1774464,201433088,12421248,2048,384,4,7
l,2,24154163698.60303,1774464,201433088,12421248,2048,384,4,7
xl,2,48308327397.20606,1774464,201433088,12421248,2048,384,4,7
s,2,20001126463.44242,198272,42527232,1387904,768,128,6,7
m,2,40002252926.88484,198272,42527232,1387904,768,128,6,7
l,2,100005632317.21211,198272,42527232,1387904,768,128,6,7
xl,2,200011264634.42422,198272,42527232,1387904,768,128,6,7
s,2,12580272200.859243,198272,75577344,1387904,1024,128,6,7
m,2,25160544401.718487,198272,75577344,1387904,1024,128,6,7
l,2,62901361004.29621,198272,75577344,1387904,1024,128,6,7
xl,2,125802722008.59242,198272,75577344,1387904,1024,128,6,7
s,2,8616249612.613417,198272,118064640,1387904,1280,128,6,7
m,2,17232499225.226833,198272,118064640,1387904,1280,128,6,7
l,2,43081248063.067085,198272,118064640,1387904,1280,128,6,7
xl,2,86162496126.13417,198272,118064640,1387904,1280,128,6,7
s,2,6261430868.192973,198272,169989120,1387904,1536,128,6,7
m,2,12522861736.385946,198272,169989120,1387904,1536,128,6,7
l,2,31307154340.964867,198272,169989120,1387904,1536,128,6,7
xl,2,62614308681.92973,198272,169989120,1387904,1536,128,6,7
s,2,4752085595.3260765,198272,231350784,1387904,1792,128,6,7
m,2,9504171190.652153,198272,231350784,1387904,1792,128,6,7
l,2,23760427976.630383,198272,231350784,1387904,1792,128,6,7
xl,2,47520855953.260765,198272,231350784,1387904,1792,128,6,7
m,2,7456070028.364083,198272,302149632,1387904,2048,128,6,7
l,2,18640175070.91021,198272,302149632,1387904,2048,128,6,7
xl,2,37280350141.82042,198272,302149632,1387904,2048,128,6,7
s,2,7915231793.44715,789760,118064640,5528320,1280,256,6,7
m,2,15830463586.8943,789760,118064640,5528320,1280,256,6,7
l,2,39576158967.235756,789760,118064640,5528320,1280,256,6,7
xl,2,79152317934.47151,789760,118064640,5528320,1280,256,6,7
s,2,5882809170.330009,789760,169989120,5528320,1536,256,6,7
m,2,11765618340.660019,789760,169989120,5528320,1536,256,6,7
l,2,29414045851.650047,789760,169989120,5528320,1536,256,6,7
xl,2,58828091703.300095,789760,169989120,5528320,1536,256,6,7
s,2,4530774178.095817,789760,231350784,5528320,1792,256,6,7
m,2,9061548356.191633,789760,231350784,5528320,1792,256,6,7
l,2,22653870890.47908,789760,231350784,5528320,1792,256,6,7
xl,2,45307741780.95816,789760,231350784,5528320,1792,256,6,7
m,2,7180897021.570725,789760,302149632,5528320,2048,256,6,7
l,2,17952242553.926815,789760,302149632,5528320,2048,256,6,7
xl,2,35904485107.85363,789760,302149632,5528320,2048,256,6,7
s,2,4214373373.251878,1774464,231350784,12421248,1792,384,6,7
m,2,8428746746.503756,1774464,231350784,12421248,1792,384,6,7
l,2,21071866866.259388,1774464,231350784,12421248,1792,384,6,7
xl,2,42143733732.518776,1774464,231350784,12421248,1792,384,6,7
m,2,6777659792.2761135,1774464,302149632,12421248,2048,384,6,7
l,2,16944149480.690285,1774464,302149632,12421248,2048,384,6,7
xl,2,33888298961.38057,1774464,302149632,12421248,2048,384,6,7
s,2,28210489066.065807,198272,25219072,1387904,512,128,8,7
m,2,56420978132.131615,198272,25219072,1387904,512,128,8,7
l,2,141052445330.32904,198272,25219072,1387904,512,128,8,7
xl,2,282104890660.6581,198272,25219072,1387904,512,128,8,7
s,2,15306022491.281689,198272,56702976,1387904,768,128,8,7
m,2,30612044982.563377,198272,56702976,1387904,768,128,8,7
l,2,76530112456.40845,198272,56702976,1387904,768,128,8,7
xl,2,153060224912.8169,198272,56702976,1387904,768,128,8,7
s,2,9555032092.677391,198272,100769792,1387904,1024,128,8,7
m,2,19110064185.354782,198272,100769792,1387904,1024,128,8,7
l,2,47775160463.386955,198272,100769792,1387904,1024,128,8,7
xl,2,95550320926.77391,198272,100769792,1387904,1024,128,8,7
s,2,6518173292.8852005,198272,157419520,1387904,1280,128,8,7
m,2,13036346585.770401,198272,157419520,1387904,1280,128,8,7
l,2,32590866464.426,198272,157419520,1387904,1280,128,8,7
xl,2,65181732928.852,198272,157419520,1387904,1280,128,8,7
s,2,4725569185.357238,198272,226652160,1387904,1536,128,8,7
m,2,9451138370.714476,198272,226652160,1387904,1536,128,8,7
l,2,23627845926.78619,198272,226652160,1387904,1536,128,8,7
xl,2,47255691853.57238,198272,226652160,1387904,1536,128,8,7
m,2,7162056365.039814,198272,308467712,1387904,1792,128,8,7
l,2,17905140912.599537,198272,308467712,1387904,1792,128,8,7
xl,2,35810281825.19907,198272,308467712,1387904,1792,128,8,7
l,2,14032280081.616232,198272,402866176,1387904,2048,128,8,7
xl,2,28064560163.232464,198272,402866176,1387904,2048,128,8,7
s,2,8700508722.225191,789760,100769792,5528320,1024,256,8,7
m,2,17401017444.450382,789760,100769792,5528320,1024,256,8,7
l,2,43502543611.12596,789760,100769792,5528320,1024,256,8,7
xl,2,87005087222.25192,789760,100769792,5528320,1024,256,8,7
s,2,6108879985.237037,789760,157419520,5528320,1280,256,8,7
m,2,12217759970.474073,789760,157419520,5528320,1280,256,8,7
l,2,30544399926.18518,789760,157419520,5528320,1280,256,8,7
xl,2,61088799852.37036,789760,157419520,5528320,1280,256,8,7
s,2,4506663805.47595,789760,226652160,5528320,1536,256,8,7
m,2,9013327610.9519,789760,226652160,5528320,1536,256,8,7
l,2,22533319027.37975,789760,226652160,5528320,1536,256,8,7
xl,2,45066638054.7595,789760,226652160,5528320,1536,256,8,7
m,2,6907787120.790118,789760,308467712,5528320,1792,256,8,7
l,2,17269467801.975296,789760,308467712,5528320,1792,256,8,7
xl,2,34538935603.95059,789760,308467712,5528320,1792,256,8,7
l,2,13638836282.98809,789760,402866176,5528320,2048,256,8,7
xl,2,27277672565.97618,789760,402866176,5528320,2048,256,8,7
s,2,4193505099.302201,1774464,226652160,12421248,1536,384,8,7
m,2,8387010198.604402,1774464,226652160,12421248,1536,384,8,7
l,2,20967525496.511005,1774464,226652160,12421248,1536,384,8,7
xl,2,41935050993.02201,1774464,226652160,12421248,1536,384,8,7
l,2,16334601212.011728,1774464,308467712,12421248,1792,384,8,7
xl,2,32669202424.023457,1774464,308467712,12421248,1792,384,8,7
l,2,13049019214.837381,1774464,402866176,12421248,2048,384,8,7
xl,2,26098038429.674763,1774464,402866176,12421248,2048,384,8,7
xl,2,24628577409.234432,3152384,402866176,22066688,2048,512,8,7
s,2,23087811999.456234,198272,31523840,1387904,512,128,10,7
m,2,46175623998.91247,198272,31523840,1387904,512,128,10,7
l,2,115439059997.28117,198272,31523840,1387904,512,128,10,7
xl,2,230878119994.56235,198272,31523840,1387904,512,128,10,7
s,2,12396130344.61639,198272,70878720,1387904,768,128,10,7
m,2,24792260689.23278,198272,70878720,1387904,768,128,10,7
l,2,61980651723.081955,198272,70878720,1387904,768,128,10,7
xl,2,123961303446.16391,198272,70878720,1387904,768,128,10,7
s,2,7702720822.832984,198272,125962240,1387904,1024,128,10,7
m,2,15405441645.665968,198272,125962240,1387904,1024,128,10,7
l,2,38513604114.164925,198272,125962240,1387904,1024,128,10,7
xl,2,77027208228.32985,198272,125962240,1387904,1024,128,10,7
s,2,5241786414.228943,198272,196774400,1387904,1280,128,10,7
m,2,10483572828.457886,198272,196774400,1387904,1280,128,10,7
l,2,26208932071.14471,198272,196774400,1387904,1280,128,10,7
xl,2,52417864142.28942,198272,196774400,1387904,1280,128,10,7
m,2,7589512532.288822,198272,283315200,1387904,1536,128,10,7
l,2,18973781330.722054,198272,283315200,1387904,1536,128,10,7
xl,2,37947562661.44411,198272,283315200,1387904,1536,128,10,7
l,2,14365137241.533257,198272,385584640,1387904,1792,128,10,7
xl,2,28730274483.066513,198272,385584640,1387904,1792,128,10,7
xl,2,22502010419.61893,198272,503582720,1387904,2048,128,10,7
s,2,7137597345.407636,789760,125962240,5528320,1024,256,10,7
m,2,14275194690.815271,789760,125962240,5528320,1024,256,10,7
l,2,35687986727.03818,789760,125962240,5528320,1024,256,10,7
xl,2,71375973454.07635,789760,125962240,5528320,1024,256,10,7
s,2,4973798823.605061,789760,196774400,5528320,1280,256,10,7
m,2,9947597647.210121,789760,196774400,5528320,1280,256,10,7
l,2,24868994118.025303,789760,196774400,5528320,1280,256,10,7
xl,2,49737988236.050606,789760,196774400,5528320,1280,256,10,7
m,2,7304589947.201255,789760,283315200,5528320,1536,256,10,7
l,2,18261474868.00314,789760,283315200,5528320,1536,256,10,7
xl,2,36522949736.00628,789760,283315200,5528320,1536,256,10,7
l,2,13953080500.835667,789760,385584640,5528320,1792,256,10,7
xl,2,27906161001.671333,789760,385584640,5528320,1792,256,10,7
xl,2,21993313469.676395,789760,503582720,5528320,2048,256,10,7
s,2,4595082776.188737,1774464,196774400,12421248,1280,384,10,7
m,2,9190165552.377474,1774464,196774400,12421248,1280,384,10,7
l,2,22975413880.943684,1774464,196774400,12421248,1280,384,10,7
xl,2,45950827761.88737,1774464,196774400,12421248,1280,384,10,7
m,2,6887744531.461453,1774464,283315200,12421248,1536,384,10,7
l,2,17219361328.653633,1774464,283315200,12421248,1536,384,10,7
xl,2,34438722657.30727,1774464,283315200,12421248,1536,384,10,7
l,2,13336385551.876278,1774464,385584640,12421248,1792,384,10,7
xl,2,26672771103.752556,1774464,385584640,12421248,1792,384,10,7
xl,2,21219978314.20072,1774464,503582720,12421248,2048,384,10,7
xl,2,25139777161.015244,3152384,385584640,22066688,1792,512,10,7
xl,2,20238169251.97136,3152384,503582720,22066688,2048,512,10,7
xl,2,19110625140.6542,4923520,503582720,34464640,2048,640,10,7
s,2,19539652050.381664,198272,37828608,1387904,512,128,12,7
m,2,39079304100.76333,198272,37828608,1387904,512,128,12,7
l,2,97698260251.90833,198272,37828608,1387904,512,128,12,7
xl,2,195396520503.81665,198272,37828608,1387904,512,128,12,7
s,2,10415916720.662779,198272,85054464,1387904,768,128,12,7
m,2,20831833441.325558,198272,85054464,1387904,768,128,12,7
l,2,52079583603.313896,198272,85054464,1387904,768,128,12,7
xl,2,104159167206.62779,198272,85054464,1387904,768,128,12,7
s,2,6451961891.925818,198272,151154688,1387904,1024,128,12,7
m,2,12903923783.851637,198272,151154688,1387904,1024,128,12,7
l,2,32259809459.629093,198272,151154688,1387904,1024,128,12,7
xl,2,64519618919.25819,198272,151154688,1387904,1024,128,12,7
s,2,4383425294.089263,198272,236129280,1387904,1280,128,12,7
m,2,8766850588.178526,198272,236129280,1387904,1280,128,12,7
l,2,21917126470.446316,198272,236129280,1387904,1280,128,12,7
xl,2,43834252940.89263,198272,236129280,1387904,1280,128,12,7
l,2,15851460302.465137,198272,339978240,1387904,1536,128,12,7
xl,2,31702920604.930275,198272,339978240,1387904,1536,128,12,7
xl,2,23987696192.488636,198272,462701568,1387904,1792,128,12,7
xl,2,18779759157.551422,198272,604299264,1387904,2048,128,12,7
s,2,9408592438.442215,789760,85054464,5528320,768,256,12,7
m,2,18817184876.88443,789760,85054464,5528320,768,256,12,7
l,2,47042962192.21107,789760,85054464,5528320,768,256,12,7
xl,2,94085924384.42213,789760,85054464,5528320,768,256,12,7
s,2,6050685576.559664,789760,151154688,5528320,1024,256,12,7
m,2,12101371153.119328,789760,151154688,5528320,1024,256,12,7
l,2,30253427882.798317,789760,151154688,5528320,1024,256,12,7
xl,2,60506855765.596634,789760,151154688,5528320,1024,256,12,7
s,2,4194437196.456969,789760,236129280,5528320,1280,256,12,7
m,2,8388874392.913938,789760,236129280,5528320,1280,256,12,7
l,2,20972185982.284843,789760,236129280,5528320,1280,256,12,7
xl,2,41944371964.56969,789760,236129280,5528320,1280,256,12,7
l,2,15351208132.711464,789760,339978240,5528320,1536,256,12,7
xl,2,30702416265.422928,789760,339978240,5528320,1536,256,12,7
xl,2,23410470271.025074,789760,462701568,5528320,1792,256,12,7
xl,2,18424108473.60418,789760,604299264,5528320,2048,256,12,7
m,2,7843710122.577737,1774464,236129280,12421248,1280,384,12,7
l,2,19609275306.444344,1774464,236129280,12421248,1280,384,12,7
xl,2,39218550612.88869,1774464,236129280,12421248,1280,384,12,7
l,2,14608024400.496027,1774464,339978240,12421248,1536,384,12,7
xl,2,29216048800.992054,1774464,339978240,12421248,1536,384,12,7
xl,2,22536244049.71041,1774464,462701568,12421248,1792,384,12,7
xl,2,17878294411.85732,1774464,604299264,12421248,2048,384,12,7
l,2,13693398283.421883,3152384,339978240,22066688,1536,512,12,7
xl,2,27386796566.843765,3152384,339978240,22066688,1536,512,12,7
xl,2,21432024066.414173,3152384,462701568,22066688,1792,512,12,7
xl,2,17176248869.940235,3152384,604299264,22066688,2048,512,12,7
xl,2,16357173245.966661,4923520,604299264,34464640,2048,640,12,7
s,2,16936788112.922037,198272,44133376,1387904,512,128,14,7
m,2,33873576225.844074,198272,44133376,1387904,512,128,14,7
l,2,84683940564.61018,198272,44133376,1387904,512,128,14,7
xl,2,169367881129.22037,198272,44133376,1387904,512,128,14,7
s,2,8981216755.12806,198272,99230208,1387904,768,128,14,7
m,2,17962433510.25612,198272,99230208,1387904,768,128,14,7
l,2,44906083775.6403,198272,99230208,1387904,768,128,14,7
xl,2,89812167551.2806,198272,99230208,1387904,768,128,14,7
s,2,5550653218.632859,198272,176347136,1387904,1024,128,14,7
m,2,11101306437.265718,198272,176347136,1387904,1024,128,14,7
l,2,27753266093.164295,198272,176347136,1387904,1024,128,14,7
xl,2,55506532186.32859,198272,176347136,1387904,1024,128,14,7
m,2,7533253589.324139,198272,275484160,1387904,1280,128,14,7
l,2,18833133973.310345,198272,275484160,1387904,1280,128,14,7
xl,2,37666267946.62069,198272,275484160,1387904,1280,128,14,7
l,2,13611547261.382826,198272,396641280,1387904,1536,128,14,7
xl,2,27223094522.76565,198272,396641280,1387904,1536,128,14,7
xl,2,20589015835.819168,198272,539818496,1387904,1792,128,14,7
xl,2,16114174780.991606,198272,705015808,1387904,2048,128,14,7
s,2,8222169600.33678,789760,99230208,5528320,768,256,14,7
m,2,16444339200.67356,789760,99230208,5528320,768,256,14,7
l,2,41110848001.6839,789760,99230208,5528320,768,256,14,7
xl,2,82221696003.3678,789760,99230208,5528320,768,256,14,7
s,2,5251055924.333713,789760,176347136,5528320,1024,256,14,7
m,2,10502111848.667425,789760,176347136,5528320,1024,256,14,7
l,2,26255279621.668564,789760,176347136,5528320,1024,256,14,7
xl,2,52510559243.33713,789760,176347136,5528320,1024,256,14,7
m,2,7252461311.309987,789760,275484160,5528320,1280,256,14,7
l,2,18131153278.274967,789760,275484160,5528320,1280,256,14,7
xl,2,36262306556.549934,789760,275484160,5528320,1280,256,14,7
l,2,13241031690.34375,789760,396641280,5528320,1536,256,14,7
xl,2,26482063380.6875,789760,396641280,5528320,1536,256,14,7
xl,2,20162315348.677082,789760,539818496,5528320,1792,256,14,7
xl,2,15851614683.515537,789760,705015808,5528320,2048,256,14,7
m,2,6841376822.159668,1774464,275484160,12421248,1280,384,14,7
l,2,17103442055.39917,1774464,275484160,12421248,1280,384,14,7
xl,2,34206884110.79834,1774464,275484160,12421248,1280,384,14,7
xl,2,25368834439.658054,1774464,396641280,12421248,1536,384,14,7
xl,2,19510476220.444283,1774464,539818496,12421248,1792,384,14,7
xl,2,15445901680.830435,1774464,705015808,12421248,2048,384,14,7
xl,2,23978154635.080875,3152384,396641280,22066688,1536,512,14,7
xl,2,18677380849.068356,3152384,539818496,22066688,1792,512,14,7
xl,2,14919077016.619995,3152384,705015808,22066688,2048,512,14,7
xl,2,17712901136.27836,4923520,539818496,34464640,1792,640,14,7
xl,2,14297233117.095118,4923520,705015808,34464640,2048,640,14,7
s,2,14945860116.314661,198272,50438144,1387904,512,128,16,7
m,2,29891720232.629322,198272,50438144,1387904,512,128,16,7
l,2,74729300581.5733,198272,50438144,1387904,512,128,16,7
xl,2,149458601163.1466,198272,50438144,1387904,512,128,16,7
s,2,7893901916.563604,198272,113405952,1387904,768,128,16,7
m,2,15787803833.127209,198272,113405952,1387904,768,128,16,7
l,2,39469509582.818016,198272,113405952,1387904,768,128,16,7
xl,2,78939019165.63603,198272,113405952,1387904,768,128,16,7
s,2,4870295839.691992,198272,201539584,1387904,1024,128,16,7
m,2,9740591679.383984,198272,201539584,1387904,1024,128,16,7
l,2,24351479198.459957,198272,201539584,1387904,1024,128,16,7
xl,2,48702958396.919914,198272,201539584,1387904,1024,128,16,7
l,2,16509988199.452915,198272,314839040,1387904,1280,128,16,7
xl,2,33019976398.90583,198272,314839040,1387904,1280,128,16,7
xl,2,23852572933.153564,198272,453304320,1387904,1536,128,16,7
xl,2,18033895644.626648,198272,616935424,1387904,1792,128,16,7
xl,2,14111236825.29774,198272,805732352,1387904,2048,128,16,7
s,2,7301456459.487548,789760,113405952,5528320,768,256,16,7
m,2,14602912918.975096,789760,113405952,5528320,768,256,16,7
l,2,36507282297.43774,789760,113405952,5528320,768,256,16,7
xl,2,73014564594.87547,789760,113405952,5528320,768,256,16,7
s,2,4638106026.06482,789760,201539584,5528320,1024,256,16,7
m,2,9276212052.12964,789760,201539584,5528320,1024,256,16,7
l,2,23190530130.3241,789760,201539584,5528320,1024,256,16,7
xl,2,46381060260.6482,789760,201539584,5528320,1024,256,16,7
l,2,15968018588.102175,789760,314839040,5528320,1280,256,16,7
xl,2,31936037176.20435,789760,314839040,5528320,1280,256,16,7
xl,2,23281754375.9268,789760,453304320,5528320,1536,256,16,7
xl,2,17705687395.408962,789760,616935424,5528320,1792,256,16,7
xl,2,13909482341.144365,789760,805732352,5528320,2048,256,16,7
s,2,4307084513.129923,1774464,201539584,12421248,1024,384,16,7
m,2,8614169026.259846,1774464,201539584,12421248,1024,384,16,7
l,2,21535422565.649616,1774464,201539584,12421248,1024,384,16,7
xl,2,43070845131.29923,1774464,201539584,12421248,1024,384,16,7
l,2,15165474005.261375,1774464,314839040,12421248,1280,384,16,7
xl,2,30330948010.52275,1774464,314839040,12421248,1280,384,16,7
xl,2,22416937535.00629,1774464,453304320,12421248,1536,384,16,7
xl,2,17201026887.544365,1774464,616935424,12421248,1792,384,16,7
xl,2,13596112025.34994,1774464,805732352,12421248,2048,384,16,7
xl,2,21324094575.532467,3152384,453304320,22066688,1536,512,16,7
xl,2,16550195657.737082,3152384,616935424,22066688,1792,512,16,7
xl,2,13186241547.302698,3152384,805732352,22066688,2048,512,16,7
xl,2,15788416425.36914,4923520,616935424,34464640,1792,640,16,7
s,2,13373767045.668526,198272,56742912,1387904,512,128,18,7
m,2,26747534091.33705,198272,56742912,1387904,512,128,18,7
l,2,66868835228.34263,198272,56742912,1387904,512,128,18,7
xl,2,133737670456.68526,198272,56742912,1387904,512,128,18,7
s,2,7041428384.730127,198272,127581696,1387904,768,128,18,7
m,2,14082856769.460255,198272,127581696,1387904,768,128,18,7
l,2,35207141923.650635,198272,127581696,1387904,768,128,18,7
xl,2,70414283847.30127,198272,127581696,1387904,768,128,18,7
s,2,4338513448.975195,198272,226732032,1387904,1024,128,18,7
m,2,8677026897.95039,198272,226732032,1387904,1024,128,18,7
l,2,21692567244.875973,198272,226732032,1387904,1024,128,18,7
xl,2,43385134489.751945,198272,226732032,1387904,1024,128,18,7
l,2,14697046142.987162,198272,354193920,1387904,1280,128,18,7
xl,2,29394092285.974323,198272,354193920,1387904,1280,128,18,7
xl,2,21224717116.970264,198272,509967360,1387904,1536,128,18,7
xl,2,16042947663.951738,198272,694052352,1387904,1792,128,18,7
s,2,6566179949.891117,789760,127581696,5528320,768,256,18,7
m,2,13132359899.782234,789760,127581696,5528320,768,256,18,7
l,2,32830899749.455585,789760,127581696,5528320,768,256,18,7
xl,2,65661799498.91117,789760,127581696,5528320,768,256,18,7
s,2,4153296374.9763427,789760,226732032,5528320,1024,256,18,7
m,2,8306592749.952685,789760,226732032,5528320,1024,256,18,7
l,2,20766481874.881714,789760,226732032,5528320,1024,256,18,7
xl,2,41532963749.76343,789760,226732032,5528320,1024,256,18,7
l,2,14266013817.35339,789760,354193920,5528320,1280,256,18,7
xl,2,28532027634.70678,789760,354193920,5528320,1280,256,18,7
xl,2,20771550433.723267,789760,509967360,5528320,1536,256,18,7
xl,2,15782684803.87552,789760,694052352,5528320,1792,256,18,7
m,2,7771729507.006246,1774464,226732032,12421248,1024,384,18,7
l,2,19429323767.515614,1774464,226732032,12421248,1024,384,18,7
xl,2,38858647535.03123,1774464,226732032,12421248,1024,384,18,7
l,2,13621985160.449114,1774464,354193920,12421248,1280,384,18,7
xl,2,27243970320.898228,1774464,354193920,12421248,1280,384,18,7
xl,2,20080398703.545204,1774464,509967360,12421248,1536,384,18,7
xl,2,15380447803.82955,1774464,694052352,12421248,1792,384,18,7
xl,2,25646581085.05145,3152384,354193920,22066688,1280,512,18,7
xl,2,19199020548.91136,3152384,509967360,22066688,1536,512,18,7
xl,2,14858003133.826248,3152384,694052352,22066688,1792,512,18,7
xl,2,18181382357.554543,4923520,509967360,34464640,1536,640,18,7
xl,2,14241134813.828037,4923520,694052352,34464640,1792,640,18,7
s,2,12100921296.382347,198272,63047680,1387904,512,128,20,7
m,2,24201842592.764694,198272,63047680,1387904,512,128,20,7
l,2,60504606481.911736,198272,63047680,1387904,512,128,20,7
xl,2,121009212963.82347,198272,63047680,1387904,512,128,20,7
s,2,6355129087.415665,198272,141757440,1387904,768,128,20,7
m,2,12710258174.83133,198272,141757440,1387904,768,128,20,7
l,2,31775645437.078323,198272,141757440,1387904,768,128,20,7
xl,2,63551290874.15665,198272,141757440,1387904,768,128,20,7
m,2,7822857463.281384,198272,251924480,1387904,1024,128,20,7
l,2,19557143658.20346,198272,251924480,1387904,1024,128,20,7
xl,2,39114287316.40692,198272,251924480,1387904,1024,128,20,7
l,2,13242863177.365036,198272,393548800,1387904,1280,128,20,7
xl,2,26485726354.730072,198272,393548800,1387904,1280,128,20,7
xl,2,19118425831.030556,198272,566630400,1387904,1536,128,20,7
xl,2,14447895295.339947,198272,771169280,1387904,1792,128,20,7
s,2,5965443569.385458,789760,141757440,5528320,768,256,20,7
m,2,11930887138.770916,789760,141757440,5528320,768,256,20,7
l,2,29827217846.92729,789760,141757440,5528320,768,256,20,7
xl,2,59654435693.85458,789760,141757440,5528320,768,256,20,7
m,2,7520494249.288621,789760,251924480,5528320,1024,256,20,7
l,2,18801235623.221554,789760,251924480,5528320,1024,256,20,7
xl,2,37602471246.44311,789760,251924480,5528320,1024,256,20,7
xl,2,25783777325.85348,789760,393548800,5528320,1280,256,20,7
xl,2,18749958000.094078,789760,566630400,5528320,1536,256,20,7
xl,2,14236471388.747055,789760,771169280,5528320,1792,256,20,7
m,2,7079386999.84414,1774464,251924480,12421248,1024,384,20,7
l,2,17698467499.61035,1774464,251924480,12421248,1024,384,20,7
xl,2,35396934999.2207,1774464,251924480,12421248,1024,384,20,7
xl,2,24727311168.80026,1774464,393548800,12421248,1280,384,20,7
xl,2,18184962659.434113,1774464,566630400,12421248,1536,384,20,7
xl,2,13908368021.91585,1774464,771169280,12421248,1792,384,20,7
xl,2,23404242571.306175,3152384,393548800,22066688,1280,512,20,7
xl,2,17459114942.9911,3152384,566630400,22066688,1536,512,20,7
xl,2,13479751472.204536,3152384,771169280,22066688,1792,512,20,7
xl,2,16613503455.608719,4923520,566630400,34464640,1536,640,20,7
s,2,11049305714.665558,198272,69352448,1387904,512,128,22,7
m,2,22098611429.331116,198272,69352448,1387904,512,128,22,7
l,2,55246528573.32779,198272,69352448,1387904,512,128,22,7
xl,2,110493057146.65558,198272,69352448,1387904,512,128,22,7
s,2,5790730236.098726,198272,155933184,1387904,768,128,22,7
m,2,11581460472.197453,198272,155933184,1387904,768,128,22,7
l,2,28953651180.493633,198272,155933184,1387904,768,128,22,7
xl,2,57907302360.98727,198272,155933184,1387904,768,128,22,7
m,2,7121786422.069197,198272,277116928,1387904,1024,128,22,7
l,2,17804466055.172993,198272,277116928,1387904,1024,128,22,7
xl,2,35608932110.345985,198272,277116928,1387904,1024,128,22,7
xl,2,24101072416.742943,198272,432903680,1387904,1280,128,22,7
xl,2,17392440694.281742,198272,623293440,1387904,1536,128,22,7
xl,2,13141332784.298964,198272,848286208,1387904,1792,128,22,7
s,2,5465415549.972961,789760,155933184,5528320,768,256,22,7
m,2,10930831099.945923,789760,155933184,5528320,768,256,22,7
l,2,27327077749.864807,789760,155933184,5528320,768,256,22,7
xl,2,54654155499.729614,789760,155933184,5528320,768,256,22,7
m,2,6870318290.3042555,789760,277116928,5528320,1024,256,22,7
l,2,17175795725.760637,789760,277116928,5528320,1024,256,22,7
xl,2,34351591451.521275,789760,277116928,5528320,1024,256,22,7
xl,2,23518443426.741817,789760,432903680,5528320,1280,256,22,7
xl,2,17086967799.732208,789760,623293440,5528320,1536,256,22,7
l,2,16250771716.64728,1774464,277116928,12421248,1024,384,22,7
xl,2,32501543433.29456,1774464,277116928,12421248,1024,384,22,7
xl,2,22636286379.952927,1774464,432903680,12421248,1280,384,22,7
xl,2,16616492834.223871,1774464,623293440,12421248,1536,384,22,7
xl,2,21522483246.89904,3152384,432903680,22066688,1280,512,22,7
xl,2,16008361846.146784,3152384,623293440,22066688,1536,512,22,7
xl,2,15294569992.063463,4923520,623293440,34464640,1536,640,22,7
s,2,10165854699.520107,198272,75657216,1387904,512,128,24,7
m,2,20331709399.040215,198272,75657216,1387904,512,128,24,7
l,2,50829273497.60053,198272,75657216,1387904,512,128,24,7
xl,2,101658546995.20107,198272,75657216,1387904,512,128,24,7
s,2,5318403001.859824,198272,170108928,1387904,768,128,24,7
m,2,10636806003.719648,198272,170108928,1387904,768,128,24,7
l,2,26592015009.29912,198272,170108928,1387904,768,128,24,7
xl,2,53184030018.59824,198272,170108928,1387904,768,128,24,7
l,2,16340094838.433325,198272,302309376,1387904,1024,128,24,7
xl,2,32680189676.86665,198272,302309376,1387904,1024,128,24,7
xl,2,22110356788.282825,198272,472258560,1387904,1280,128,24,7
xl,2,15952289942.287933,198272,679956480,1387904,1536,128,24,7
s,2,5042730077.585428,789760,170108928,5528320,768,256,24,7
m,2,10085460155.170856,789760,170108928,5528320,768,256,24,7
l,2,25213650387.92714,789760,170108928,5528320,768,256,24,7
xl,2,50427300775.85428,789760,170108928,5528320,768,256,24,7
l,2,15809042549.747137,789760,302309376,5528320,1024,256,24,7
xl,2,31618085099.494274,789760,302309376,5528320,1024,256,24,7
xl,2,21619020421.084557,789760,472258560,5528320,1280,256,24,7
xl,2,15694936637.657402,789760,679956480,5528320,1536,256,24,7
l,2,15022004713.208057,1774464,302309376,12421248,1024,384,24,7
xl,2,30044009426.416115,1774464,302309376,12421248,1024,384,24,7
xl,2,20871335861.67026,1774464,472258560,12421248,1280,384,24,7
xl,2,15297103526.489002,1774464,679956480,12421248,1536,384,24,7
xl,2,19920801268.81161,3152384,472258560,22066688,1280,512,24,7
xl,2,14780210466.413307,3152384,679956480,22066688,1536,512,24,7
xl,2,14169652042.316158,4923520,679956480,34464640,1536,640,24,7
s,2,33730107331.89994,198272,25192448,1586176,1024,128,2,8
m,2,67460214663.79988,198272,25192448,1586176,1024,128,2,8
l,2,168650536659.4997,198272,25192448,1586176,1024,128,2,8
xl,2,337301073318.9994,198272,25192448,1586176,1024,128,2,8
s,2,23902182326.611656,198272,39354880,1586176,1280,128,2,8
m,2,47804364653.22331,198272,39354880,1586176,1280,128,2,8
l,2,119510911633.05829,198272,39354880,1586176,1280,128,2,8
xl,2,239021823266.11658,198272,39354880,1586176,1280,128,2,8
s,2,17734722600.56297,198272,56663040,1586176,1536,128,2,8
m,2,35469445201.12594,198272,56663040,1586176,1536,128,2,8
l,2,88673613002.81485,198272,56663040,1586176,1536,128,2,8
xl,2,177347226005.6297,198272,56663040,1586176,1536,128,2,8
s,2,13643452278.041769,198272,77116928,1586176,1792,128,2,8
m,2,27286904556.083538,198272,77116928,1586176,1792,128,2,8
l,2,68217261390.20885,198272,77116928,1586176,1792,128,2,8
xl,2,136434522780.4177,198272,77116928,1586176,1792,128,2,8
s,2,10803429440.641638,198272,100716544,1586176,2048,128,2,8
m,2,21606858881.283276,198272,100716544,1586176,2048,128,2,8
l,2,54017147203.20818,198272,100716544,1586176,2048,128,2,8
xl,2,108034294406.41637,198272,100716544,1586176,2048,128,2,8
s,2,9604225982.366333,789760,100716544,6318080,2048,256,2,8
m,2,19208451964.732666,789760,100716544,6318080,2048,256,2,8
l,2,48021129911.831665,789760,100716544,6318080,2048,256,2,8
xl,2,96042259823.66333,789760,100716544,6318080,2048,256,2,8
s,2,28447158379.21291,198272,28351488,1586176,768,128,4,8
m,2,56894316758.42582,198272,28351488,1586176,768,128,4,8
l,2,142235791896.06454,198272,28351488,1586176,768,128,4,8
xl,2,284471583792.1291,198272,28351488,1586176,768,128,4,8
s,2,18243360000.74725,198272,50384896,1586176,1024,128,4,8
m,2,36486720001.4945,198272,50384896,1586176,1024,128,4,8
l,2,91216800003.73624,198272,50384896,1586176,1024,128,4,8
xl,2,182433600007.47247,198272,50384896,1586176,1024,128,4,8
s,2,12627119739.844967,198272,78709760,1586176,1280,128,4,8
m,2,25254239479.689934,198272,78709760,1586176,1280,128,4,8
l,2,63135598699.22484,198272,78709760,1586176,1280,128,4,8
xl,2,126271197398.44968,198272,78709760,1586176,1280,128,4,8
s,2,9234175135.513367,198272,113326080,1586176,1536,128,4,8
m,2,18468350271.026733,198272,113326080,1586176,1536,128,4,8
l,2,46170875677.56683,198272,113326080,1586176,1536,128,4,8
xl,2,92341751355.13367,198272,113326080,1586176,1536,128,4,8
s,2,7036766825.190949,198272,154233856,1586176,1792,128,4,8
m,2,14073533650.381899,198272,154233856,1586176,1792,128,4,8
l,2,35183834125.95475,198272,154233856,1586176,1792,128,4,8
xl,2,70367668251.9095,198272,154233856,1586176,1792,128,4,8
s,2,5535668482.011646,198272,201433088,1586176,2048,128,4,8
m,2,11071336964.023293,198272,201433088,1586176,2048,128,4,8
l,2,27678342410.05823,198272,201433088,1586176,2048,128,4,8
xl,2,55356684820.11646,198272,201433088,1586176,2048,128,4,8
s,2,8343692862.391278,789760,113326080,6318080,1536,256,4,8
m,2,16687385724.782557,789760,113326080,6318080,1536,256,4,8
l,2,41718464311.95639,789760,113326080,6318080,1536,256,4,8
xl,2,83436928623.91278,789760,113326080,6318080,1536,256,4,8
s,2,6507520819.901811,789760,154233856,6318080,1792,256,4,8
m,2,13015041639.803621,789760,154233856,6318080,1792,256,4,8
l,2,32537604099.509052,789760,154233856,6318080,1792,256,4,8
xl,2,65075208199.018105,789760,154233856,6318080,1792,256,4,8
s,2,5202797556.732969,789760,201433088,6318080,2048,256,4,8
m,2,10405595113.465939,789760,201433088,6318080,2048,256,4,8
l,2,26013987783.66485,789760,201433088,6318080,2048,256,4,8
xl,2,52027975567.3297,789760,201433088,6318080,2048,256,4,8
s,2,4742937348.908988,1774464,201433088,14195712,2048,384,4,8
m,2,9485874697.817976,1774464,201433088,14195712,2048,384,4,8
l,2,23714686744.54494,1774464,201433088,14195712,2048,384,4,8
xl,2,47429373489.08988,1774464,201433088,14195712,2048,384,4,8
s,2,19806109281.554775,198272,42527232,1586176,768,128,6,8
m,2,39612218563.10955,198272,42527232,1586176,768,128,6,8
l,2,99030546407.77388,198272,42527232,1586176,768,128,6,8
xl,2,198061092815.54776,198272,42527232,1586176,768,128,6,8
s,2,12502840645.394634,198272,75577344,1586176,1024,128,6,8
m,2,25005681290.78927,198272,75577344,1586176,1024,128,6,8
l,2,62514203226.97317,198272,75577344,1586176,1024,128,6,8
xl,2,125028406453.94633,198272,75577344,1586176,1024,128,6,8
s,2,8579856638.14585,198272,118064640,1586176,1280,128,6,8
m,2,17159713276.2917,198272,118064640,1586176,1280,128,6,8
l,2,42899283190.729256,198272,118064640,1586176,1280,128,6,8
xl,2,85798566381.45851,198272,118064640,1586176,1280,128,6,8
s,2,6242189772.157077,198272,169989120,1586176,1536,128,6,8
m,2,12484379544.314154,198272,169989120,1586176,1536,128,6,8
l,2,31210948860.785385,198272,169989120,1586176,1536,128,6,8
xl,2,62421897721.57077,198272,169989120,1586176,1536,128,6,8
s,2,4740994537.767446,198272,231350784,1586176,1792,128,6,8
m,2,9481989075.534891,198272,231350784,1586176,1792,128,6,8
l,2,23704972688.837227,198272,231350784,1586176,1792,128,6,8
xl,2,47409945377.67445,198272,231350784,1586176,1792,128,6,8
m,2,7442411217.392713,198272,302149632,1586176,2048,128,6,8
l,2,18606028043.48178,198272,302149632,1586176,2048,128,6,8
xl,2,37212056086.96356,198272,302149632,1586176,2048,128,6,8
s,2,7805810420.469658,789760,118064640,6318080,1280,256,6,8
m,2,15611620840.939316,789760,118064640,6318080,1280,256,6,8
l,2,39029052102.34829,789760,118064640,6318080,1280,256,6,8
xl,2,78058104204.69658,789760,118064640,6318080,1280,256,6,8
s,2,5822151077.088634,789760,169989120,6318080,1536,256,6,8
m,2,11644302154.177267,789760,169989120,6318080,1536,256,6,8
l,2,29110755385.44317,789760,169989120,6318080,1536,256,6,8
xl,2,58221510770.88634,789760,169989120,6318080,1536,256,6,8
s,2,4494708469.612894,789760,231350784,6318080,1792,256,6,8
m,2,8989416939.225788,789760,231350784,6318080,1792,256,6,8
l,2,22473542348.064472,789760,231350784,6318080,1792,256,6,8
xl,2,44947084696.128944,789760,231350784,6318080,1792,256,6,8
m,2,7135524270.3726635,789760,302149632,6318080,2048,256,6,8
l,2,17838810675.93166,789760,302149632,6318080,2048,256,6,8
xl,2,35677621351.86332,789760,302149632,6318080,2048,256,6,8
s,2,4147323549.631187,1774464,231350784,14195712,1792,384,6,8
m,2,8294647099.262374,1774464,231350784,14195712,1792,384,6,8
l,2,20736617748.155933,1774464,231350784,14195712,1792,384,6,8
xl,2,41473235496.31187,1774464,231350784,14195712,1792,384,6,8
m,2,6690680321.221168,1774464,302149632,14195712,2048,384,6,8
l,2,16726700803.05292,1774464,302149632,14195712,2048,384,6,8
xl,2,33453401606.10584,1774464,302149632,14195712,2048,384,6,8
s,2,27824077041.975624,198272,25219072,1586176,512,128,8,8
m,2,55648154083.95125,198272,25219072,1586176,512,128,8,8
l,2,139120385209.8781,198272,25219072,1586176,512,128,8,8
xl,2,278240770419.7562,198272,25219072,1586176,512,128,8,8
s,2,15191554565.147219,198272,56702976,1586176,768,128,8,8
m,2,30383109130.294437,198272,56702976,1586176,768,128,8,8
l,2,75957772825.7361,198272,56702976,1586176,768,128,8,8
xl,2,151915545651.4722,198272,56702976,1586176,768,128,8,8
s,2,9510297293.41504,198272,100769792,1586176,1024,128,8,8
m,2,19020594586.83008,198272,100769792,1586176,1024,128,8,8
l,2,47551486467.075195,198272,100769792,1586176,1024,128,8,8
xl,2,95102972934.15039,198272,100769792,1586176,1024,128,8,8
s,2,6497324557.682936,198272,157419520,1586176,1280,128,8,8
m,2,12994649115.365871,198272,157419520,1586176,1280,128,8,8
l,2,32486622788.414677,198272,157419520,1586176,1280,128,8,8
xl,2,64973245576.82935,198272,157419520,1586176,1280,128,8,8
s,2,4714601414.772679,198272,226652160,1586176,1536,128,8,8
m,2,9429202829.545359,198272,226652160,1586176,1536,128,8,8
l,2,23573007073.863396,198272,226652160,1586176,1536,128,8,8
xl,2,47146014147.72679,198272,226652160,1586176,1536,128,8,8
m,2,7149452615.029545,198272,308467712,1586176,1792,128,8,8
l,2,17873631537.573864,198272,308467712,1586176,1792,128,8,8
xl,2,35747263075.14773,198272,308467712,1586176,1792,128,8,8
l,2,14012920046.807188,198272,402866176,1586176,2048,128,8,8
xl,2,28025840093.614376,198272,402866176,1586176,2048,128,8,8
s,2,8568479839.25806,789760,100769792,6318080,1024,256,8,8
m,2,17136959678.51612,789760,100769792,6318080,1024,256,8,8
l,2,42842399196.2903,789760,100769792,6318080,1024,256,8,8
xl,2,85684798392.5806,789760,100769792,6318080,1024,256,8,8
s,2,6043496153.822351,789760,157419520,6318080,1280,256,8,8
m,2,12086992307.644703,789760,157419520,6318080,1280,256,8,8
l,2,30217480769.11176,789760,157419520,6318080,1280,256,8,8
xl,2,60434961538.22352,789760,157419520,6318080,1280,256,8,8
s,2,4470979409.17259,789760,226652160,6318080,1536,256,8,8
m,2,8941958818.34518,789760,226652160,6318080,1536,256,8,8
l,2,22354897045.86295,789760,226652160,6318080,1536,256,8,8
xl,2,44709794091.7259,789760,226652160,6318080,1536,256,8,8
m,2,6865789954.723136,789760,308467712,6318080,1792,256,8,8
l,2,17164474886.80784,789760,308467712,6318080,1792,256,8,8
xl,2,34328949773.61568,789760,308467712,6318080,1792,256,8,8
l,2,13573265228.117725,789760,402866176,6318080,2048,256,8,8
xl,2,27146530456.23545,789760,402866176,6318080,2048,256,8,8
s,2,4127112421.2216783,1774464,226652160,14195712,1536,384,8,8
m,2,8254224842.4433565,1774464,226652160,14195712,1536,384,8,8
l,2,20635562106.10839,1774464,226652160,14195712,1536,384,8,8
xl,2,41271124212.21678,1774464,226652160,14195712,1536,384,8,8
l,2,16132422772.93065,1774464,308467712,14195712,1792,384,8,8
xl,2,32264845545.8613,1774464,308467712,14195712,1792,384,8,8
xl,2,25839344598.46072,1774464,402866176,14195712,2048,384,8,8
xl,2,24229494326.964348,3152384,402866176,25219072,2048,512,8,8
s,2,22828348352.56028,198272,31523840,1586176,512,128,10,8
m,2,45656696705.12056,198272,31523840,1586176,512,128,10,8
l,2,114141741762.8014,198272,31523840,1586176,512,128,10,8
xl,2,228283483525.6028,198272,31523840,1586176,512,128,10,8
s,2,12320942211.035463,198272,70878720,1586176,768,128,10,8
m,2,24641884422.070927,198272,70878720,1586176,768,128,10,8
l,2,61604711055.17732,198272,70878720,1586176,768,128,10,8
xl,2,123209422110.35464,198272,70878720,1586176,768,128,10,8
s,2,7673622775.017729,198272,125962240,1586176,1024,128,10,8
m,2,15347245550.035458,198272,125962240,1586176,1024,128,10,8
l,2,38368113875.088646,198272,125962240,1586176,1024,128,10,8
xl,2,76736227750.17729,198272,125962240,1586176,1024,128,10,8
s,2,5228294963.503991,198272,196774400,1586176,1280,128,10,8
m,2,10456589927.007982,198272,196774400,1586176,1280,128,10,8
l,2,26141474817.51996,198272,196774400,1586176,1280,128,10,8
xl,2,52282949635.03992,198272,196774400,1586176,1280,128,10,8
m,2,7575360902.313964,198272,283315200,1586176,1536,128,10,8
l,2,18938402255.78491,198272,283315200,1586176,1536,128,10,8
xl,2,37876804511.56982,198272,283315200,1586176,1536,128,10,8
l,2,14344848505.546797,198272,385584640,1586176,1792,128,10,8
xl,2,28689697011.093594,198272,385584640,1586176,1792,128,10,8
xl,2,22477111467.484215,198272,503582720,1586176,2048,128,10,8
s,2,7048499086.965622,789760,125962240,6318080,1024,256,10,8
m,2,14096998173.931244,789760,125962240,6318080,1024,256,10,8
l,2,35242495434.82811,789760,125962240,6318080,1024,256,10,8
xl,2,70484990869.65622,789760,125962240,6318080,1024,256,10,8
s,2,4930368990.392959,789760,196774400,6318080,1280,256,10,8
m,2,9860737980.785917,789760,196774400,6318080,1280,256,10,8
l,2,24651844951.964794,789760,196774400,6318080,1280,256,10,8
xl,2,49303689903.92959,789760,196774400,6318080,1280,256,10,8
m,2,7257645726.558849,789760,283315200,6318080,1536,256,10,8
l,2,18144114316.397125,789760,283315200,6318080,1536,256,10,8
xl,2,36288228632.79425,789760,283315200,6318080,1536,256,10,8
l,2,13884460671.56537,789760,385584640,6318080,1792,256,10,8
xl,2,27768921343.13074,789760,385584640,6318080,1792,256,10,8
xl,2,21907981151.14418,789760,503582720,6318080,2048,256,10,8
s,2,4515486166.862313,1774464,196774400,14195712,1280,384,10,8
m,2,9030972333.724627,1774464,196774400,14195712,1280,384,10,8
l,2,22577430834.31157,1774464,196774400,14195712,1280,384,10,8
xl,2,45154861668.62314,1774464,196774400,14195712,1280,384,10,8
m,2,6797935341.9546385,1774464,283315200,14195712,1536,384,10,8
l,2,16994838354.886595,1774464,283315200,14195712,1536,384,10,8
xl,2,33989676709.77319,1774464,283315200,14195712,1536,384,10,8
l,2,13201308420.753454,1774464,385584640,14195712,1792,384,10,8
xl,2,26402616841.50691,1774464,385584640,14195712,1792,384,10,8
xl,2,21048635617.335938,1774464,503582720,14195712,2048,384,10,8
xl,2,24724094924.06815,3152384,385584640,25219072,1792,512,10,8
xl,2,19967908216.886883,3152384,503582720,25219072,2048,512,10,8
xl,2,18740809507.017757,4923520,503582720,39388160,2048,640,10,8
s,2,19353488210.78395,198272,37828608,1586176,512,128,12,8
m,2,38706976421.5679,198272,37828608,1586176,512,128,12,8
l,2,96767441053.91975,198272,37828608,1586176,512,128,12,8
xl,2,193534882107.8395,198272,37828608,1586176,512,128,12,8
s,2,10362780209.576866,198272,85054464,1586176,768,128,12,8
m,2,20725560419.153732,198272,85054464,1586176,768,128,12,8
l,2,51813901047.88434,198272,85054464,1586176,768,128,12,8
xl,2,103627802095.76868,198272,85054464,1586176,768,128,12,8
s,2,6431533903.342175,198272,151154688,1586176,1024,128,12,8
m,2,12863067806.68435,198272,151154688,1586176,1024,128,12,8
l,2,32157669516.710873,198272,151154688,1586176,1024,128,12,8
xl,2,64315339033.421745,198272,151154688,1586176,1024,128,12,8
s,2,4373986634.776455,198272,236129280,1586176,1280,128,12,8
m,2,8747973269.55291,198272,236129280,1586176,1280,128,12,8
l,2,21869933173.882275,198272,236129280,1586176,1280,128,12,8
xl,2,43739866347.76455,198272,236129280,1586176,1280,128,12,8
l,2,15826759530.494747,198272,339978240,1586176,1536,128,12,8
xl,2,31653519060.989494,198272,339978240,1586176,1536,128,12,8
xl,2,23959402881.077946,198272,462701568,1586176,1792,128,12,8
xl,2,18762413212.581444,198272,604299264,1586176,2048,128,12,8
s,2,9254389393.907087,789760,85054464,6318080,768,256,12,8
m,2,18508778787.814175,789760,85054464,6318080,768,256,12,8
l,2,46271946969.53544,789760,85054464,6318080,768,256,12,8
xl,2,92543893939.07088,789760,85054464,6318080,768,256,12,8
s,2,5986534989.71657,789760,151154688,6318080,1024,256,12,8
m,2,11973069979.43314,789760,151154688,6318080,1024,256,12,8
l,2,29932674948.582848,789760,151154688,6318080,1024,256,12,8
xl,2,59865349897.165695,789760,151154688,6318080,1024,256,12,8
s,2,4163509061.394505,789760,236129280,6318080,1280,256,12,8
m,2,8327018122.78901,789760,236129280,6318080,1280,256,12,8
l,2,20817545306.972527,789760,236129280,6318080,1280,256,12,8
xl,2,41635090613.94505,789760,236129280,6318080,1280,256,12,8
l,2,15268188541.070597,789760,339978240,6318080,1536,256,12,8
xl,2,30536377082.141193,789760,339978240,6318080,1536,256,12,8
xl,2,23313810907.610764,789760,462701568,6318080,1792,256,12,8
xl,2,18364187518.981224,789760,604299264,6318080,2048,256,12,8
m,2,7727451666.953509,1774464,236129280,14195712,1280,384,12,8
l,2,19318629167.383774,1774464,236129280,14195712,1280,384,12,8
xl,2,38637258334.76755,1774464,236129280,14195712,1280,384,12,8
l,2,14446116033.422903,1774464,339978240,14195712,1536,384,12,8
xl,2,28892232066.845806,1774464,339978240,14195712,1536,384,12,8
xl,2,22343082209.958908,1774464,462701568,14195712,1792,384,12,8
xl,2,17756513145.842735,1774464,604299264,14195712,2048,384,12,8
l,2,13447106612.964302,3152384,339978240,25219072,1536,512,12,8
xl,2,26894213225.928604,3152384,339978240,25219072,1536,512,12,8
xl,2,21129175598.391777,3152384,462701568,25219072,1792,512,12,8
xl,2,16981185389.985828,3152384,604299264,25219072,2048,512,12,8
xl,2,16085488943.272427,4923520,604299264,39388160,2048,640,12,8
s,2,16796740626.074991,198272,44133376,1586176,512,128,14,8
m,2,33593481252.149982,198272,44133376,1586176,512,128,14,8
l,2,83983703130.37495,198272,44133376,1586176,512,128,14,8
xl,2,167967406260.7499,198272,44133376,1586176,512,128,14,8
s,2,8941682489.868,198272,99230208,1586176,768,128,14,8
m,2,17883364979.736,198272,99230208,1586176,768,128,14,8
l,2,44708412449.340004,198272,99230208,1586176,768,128,14,8
xl,2,89416824898.68001,198272,99230208,1586176,768,128,14,8
s,2,5535527279.786983,198272,176347136,1586176,1024,128,14,8
m,2,11071054559.573965,198272,176347136,1586176,1024,128,14,8
l,2,27677636398.93491,198272,176347136,1586176,1024,128,14,8
xl,2,55355272797.86982,198272,176347136,1586176,1024,128,14,8
m,2,7519310793.206681,198272,275484160,1586176,1280,128,14,8
l,2,18798276983.016705,198272,275484160,1586176,1280,128,14,8
xl,2,37596553966.03341,198272,275484160,1586176,1280,128,14,8
l,2,13593330020.475687,198272,396641280,1586176,1536,128,14,8
xl,2,27186660040.951374,198272,396641280,1586176,1536,128,14,8
xl,2,20568168504.967297,198272,539818496,1586176,1792,128,14,8
xl,2,16101401836.99219,198272,705015808,1586176,2048,128,14,8
s,2,8104160637.171153,789760,99230208,6318080,768,256,14,8
m,2,16208321274.342306,789760,99230208,6318080,768,256,14,8
l,2,40520803185.85577,789760,99230208,6318080,768,256,14,8
xl,2,81041606371.71153,789760,99230208,6318080,768,256,14,8
s,2,5202672825.299408,789760,176347136,6318080,1024,256,14,8
m,2,10405345650.598816,789760,176347136,6318080,1024,256,14,8
l,2,26013364126.49704,789760,176347136,6318080,1024,256,14,8
xl,2,52026728252.99408,789760,176347136,6318080,1024,256,14,8
m,2,7206182604.897806,789760,275484160,6318080,1280,256,14,8
l,2,18015456512.244514,789760,275484160,6318080,1280,256,14,8
xl,2,36030913024.48903,789760,275484160,6318080,1280,256,14,8
l,2,13179221213.881763,789760,396641280,6318080,1536,256,14,8
xl,2,26358442427.763527,789760,396641280,6318080,1536,256,14,8
xl,2,20090576677.341354,789760,539818496,6318080,1792,256,14,8
xl,2,15807238491.116383,789760,705015808,6318080,2048,256,14,8
m,2,6752764960.129515,1774464,275484160,14195712,1280,384,14,8
l,2,16881912400.323788,1774464,275484160,14195712,1280,384,14,8
xl,2,33763824800.647575,1774464,275484160,14195712,1280,384,14,8
xl,2,25124327230.815144,1774464,396641280,14195712,1536,384,14,8
xl,2,19365534281.767345,1774464,539818496,14195712,1792,384,14,8
xl,2,15354919254.253092,1774464,705015808,14195712,2048,384,14,8
xl,2,23599710248.4215,3152384,396641280,25219072,1536,512,14,8
xl,2,18446960708.268845,3152384,539818496,25219072,1792,512,14,8
xl,2,14771692502.23868,3152384,705015808,25219072,2048,512,14,8
xl,2,17394752562.567116,4923520,539818496,39388160,1792,640,14,8
xl,2,14089234039.805851,4923520,705015808,39388160,2048,640,14,8
s,2,14836696634.419996,198272,50438144,1586176,512,128,16,8
m,2,29673393268.839993,198272,50438144,1586176,512,128,16,8
l,2,74183483172.09999,198272,50438144,1586176,512,128,16,8
xl,2,148366966344.19998,198272,50438144,1586176,512,128,16,8
s,2,7863344384.792066,198272,113405952,1586176,768,128,16,8
m,2,15726688769.584131,198272,113405952,1586176,768,128,16,8
l,2,39316721923.96033,198272,113405952,1586176,768,128,16,8
xl,2,78633443847.92065,198272,113405952,1586176,768,128,16,8
s,2,4858646805.451386,198272,201539584,1586176,1024,128,16,8
m,2,9717293610.902773,198272,201539584,1586176,1024,128,16,8
l,2,24293234027.25693,198272,201539584,1586176,1024,128,16,8
xl,2,48586468054.51386,198272,201539584,1586176,1024,128,16,8
l,2,16483194209.89958,198272,314839040,1586176,1280,128,16,8
xl,2,32966388419.79916,198272,314839040,1586176,1280,128,16,8
xl,2,23824597291.87899,198272,453304320,1586176,1536,128,16,8
xl,2,18017899586.851006,198272,616935424,1586176,1792,128,16,8
xl,2,14101440846.869814,198272,805732352,1586176,2048,128,16,8
s,2,7208247065.032459,789760,113405952,6318080,768,256,16,8
m,2,14416494130.064919,789760,113405952,6318080,768,256,16,8
l,2,36041235325.16229,789760,113405952,6318080,768,256,16,8
xl,2,72082470650.32458,789760,113405952,6318080,768,256,16,8
s,2,4600318445.083533,789760,201539584,6318080,1024,256,16,8
m,2,9200636890.167067,789760,201539584,6318080,1024,256,16,8
l,2,23001592225.417664,789760,201539584,6318080,1024,256,16,8
xl,2,46003184450.83533,789760,201539584,6318080,1024,256,16,8
l,2,15878213038.975145,789760,314839040,6318080,1280,256,16,8
xl,2,31756426077.95029,789760,314839040,6318080,1280,256,16,8
xl,2,23186152828.873875,789760,453304320,6318080,1536,256,16,8
xl,2,17650341371.7224,789760,616935424,6318080,1792,256,16,8
xl,2,13875302192.981522,789760,805732352,6318080,2048,256,16,8
s,2,4237076712.646745,1774464,201539584,14195712,1024,384,16,8
m,2,8474153425.29349,1774464,201539584,14195712,1024,384,16,8
l,2,21185383563.233727,1774464,201539584,14195712,1024,384,16,8
xl,2,42370767126.46745,1774464,201539584,14195712,1024,384,16,8
l,2,14991046627.383888,1774464,314839040,14195712,1280,384,16,8
xl,2,29982093254.767776,1774464,314839040,14195712,1280,384,16,8
xl,2,22225806800.342983,1774464,453304320,14195712,1536,384,16,8
xl,2,17088268425.254547,1774464,616935424,14195712,1792,384,16,8
xl,2,13525566913.857763,1774464,805732352,14195712,2048,384,16,8
xl,2,21024267319.42139,3152384,453304320,25219072,1536,512,16,8
xl,2,16369017687.129562,3152384,616935424,25219072,1792,512,16,8
xl,2,13070973588.016966,3152384,805732352,25219072,2048,512,16,8
xl,2,15535150901.247545,4923520,616935424,39388160,1792,640,16,8
s,2,13286293477.00387,198272,56742912,1586176,512,128,18,8
m,2,26572586954.00774,198272,56742912,1586176,512,128,18,8
l,2,66431467385.019356,198272,56742912,1586176,512,128,18,8
xl,2,132862934770.03871,198272,56742912,1586176,512,128,18,8
s,2,7017104219.603701,198272,127581696,1586176,768,128,18,8
m,2,14034208439.207401,198272,127581696,1586176,768,128,18,8
l,2,35085521098.0185,198272,127581696,1586176,768,128,18,8
xl,2,70171042196.037,198272,127581696,1586176,768,128,18,8
s,2,4329267008.685687,198272,226732032,1586176,1024,128,18,8
m,2,8658534017.371374,198272,226732032,1586176,1024,128,18,8
l,2,21646335043.428436,198272,226732032,1586176,1024,128,18,8
xl,2,43292670086.85687,198272,226732032,1586176,1024,128,18,8
l,2,14675809719.603275,198272,354193920,1586176,1280,128,18,8
xl,2,29351619439.20655,198272,354193920,1586176,1280,128,18,8
xl,2,21202563250.80821,198272,509967360,1586176,1536,128,18,8
xl,2,16030287342.772377,198272,694052352,1586176,1792,128,18,8
s,2,6490701161.887434,789760,127581696,6318080,768,256,18,8
m,2,12981402323.774868,789760,127581696,6318080,768,256,18,8
l,2,32453505809.43717,789760,127581696,6318080,768,256,18,8
xl,2,64907011618.87434,789760,127581696,6318080,768,256,18,8
s,2,4122969783.710984,789760,226732032,6318080,1024,256,18,8
m,2,8245939567.421968,789760,226732032,6318080,1024,256,18,8
l,2,20614848918.55492,789760,226732032,6318080,1024,256,18,8
xl,2,41229697837.10984,789760,226732032,6318080,1024,256,18,8
l,2,14194289435.233524,789760,354193920,6318080,1280,256,18,8
xl,2,28388578870.46705,789760,354193920,6318080,1280,256,18,8
xl,2,20695419060.71274,789760,509967360,6318080,1536,256,18,8
xl,2,15738693171.733973,789760,694052352,6318080,1792,256,18,8
m,2,7657579508.954345,1774464,226732032,14195712,1024,384,18,8
l,2,19143948772.38586,1774464,226732032,14195712,1024,384,18,8
xl,2,38287897544.77172,1774464,226732032,14195712,1024,384,18,8
l,2,13481091270.39592,1774464,354193920,14195712,1280,384,18,8
xl,2,26962182540.79184,1774464,354193920,14195712,1280,384,18,8
xl,2,19926898571.129784,1774464,509967360,14195712,1536,384,18,8
xl,2,15290232589.635992,1774464,694052352,14195712,1792,384,18,8
xl,2,25214114223.729637,3152384,354193920,25219072,1280,512,18,8
xl,2,18955633747.79751,3152384,509967360,25219072,1536,512,18,8
xl,2,14711816926.809252,3152384,694052352,25219072,1792,512,18,8
xl,2,17846341231.638542,4923520,509967360,39388160,1536,640,18,8
xl,2,14034753012.599031,4923520,694052352,39388160,1792,640,18,8
s,2,12029261322.518162,198272,63047680,1586176,512,128,20,8
m,2,24058522645.036324,198272,63047680,1586176,512,128,20,8
l,2,60146306612.590805,198272,63047680,1586176,512,128,20,8
xl,2,120292613225.18161,198272,63047680,1586176,512,128,20,8
s,2,6335308733.278839,198272,141757440,1586176,768,128,20,8
m,2,12670617466.557678,198272,141757440,1586176,768,128,20,8
l,2,31676543666.3942,198272,141757440,1586176,768,128,20,8
xl,2,63353087332.7884,198272,141757440,1586176,768,128,20,8
m,2,7807823113.9547415,198272,251924480,1586176,1024,128,20,8
l,2,19519557784.886852,198272,251924480,1586176,1024,128,20,8
xl,2,39039115569.773705,198272,251924480,1586176,1024,128,20,8
l,2,13225618815.065813,198272,393548800,1586176,1280,128,20,8
xl,2,26451237630.131626,198272,393548800,1586176,1280,128,20,8
xl,2,19100448924.727238,198272,566630400,1586176,1536,128,20,8
xl,2,14437626496.708313,198272,771169280,1586176,1792,128,20,8
s,2,5903078441.239718,789760,141757440,6318080,768,256,20,8
m,2,11806156882.479437,789760,141757440,6318080,768,256,20,8
l,2,29515392206.198593,789760,141757440,6318080,768,256,20,8
xl,2,59030784412.39719,789760,141757440,6318080,768,256,20,8
m,2,7470743373.629926,789760,251924480,6318080,1024,256,20,8
l,2,18676858434.074814,789760,251924480,6318080,1024,256,20,8
xl,2,37353716868.14963,789760,251924480,6318080,1024,256,20,8
xl,2,25666575334.724995,789760,393548800,6318080,1280,256,20,8
xl,2,18687902343.062286,789760,566630400,6318080,1536,256,20,8
xl,2,14200667381.380575,789760,771169280,6318080,1792,256,20,8
m,2,6984545045.733684,1774464,251924480,14195712,1024,384,20,8
l,2,17461362614.33421,1774464,251924480,14195712,1024,384,20,8
xl,2,34922725228.66842,1774464,251924480,14195712,1024,384,20,8
xl,2,24494957095.80891,1774464,393548800,14195712,1280,384,20,8
xl,2,18058982428.061104,1774464,566630400,14195712,1536,384,20,8
xl,2,13834554138.661102,1774464,771169280,14195712,1792,384,20,8
xl,2,23043561105.47742,3152384,393548800,25219072,1280,512,20,8
xl,2,17257611462.63255,3152384,566630400,25219072,1536,512,20,8
xl,2,13359318383.208693,3152384,771169280,25219072,1792,512,20,8
xl,2,16333310336.032381,4923520,566630400,39388160,1536,640,20,8
s,2,10989528825.270359,198272,69352448,1586176,512,128,22,8
m,2,21979057650.540718,198272,69352448,1586176,512,128,22,8
l,2,54947644126.3518,198272,69352448,1586176,512,128,22,8
xl,2,109895288252.7036,198272,69352448,1586176,512,128,22,8
s,2,5774269485.618835,198272,155933184,1586176,768,128,22,8
m,2,11548538971.23767,198272,155933184,1586176,768,128,22,8
l,2,28871347428.094177,198272,155933184,1586176,768,128,22,8
xl,2,57742694856.188354,198272,155933184,1586176,768,128,22,8
m,2,7109323883.961274,198272,277116928,1586176,1024,128,22,8
l,2,17773309709.903187,198272,277116928,1586176,1024,128,22,8
xl,2,35546619419.80637,198272,277116928,1586176,1024,128,22,8
xl,2,24072511179.65935,198272,432903680,1586176,1280,128,22,8
xl,2,17377561869.681076,198272,623293440,1586176,1536,128,22,8
xl,2,13132836731.397053,198272,848286208,1586176,1792,128,22,8
s,2,5413021321.587856,789760,155933184,6318080,768,256,22,8
m,2,10826042643.175713,789760,155933184,6318080,768,256,22,8
l,2,27065106607.93928,789760,155933184,6318080,768,256,22,8
xl,2,54130213215.87856,789760,155933184,6318080,768,256,22,8
m,2,6828774115.952366,789760,277116928,6318080,1024,256,22,8
l,2,17071935289.880915,789760,277116928,6318080,1024,256,22,8
xl,2,34143870579.76183,789760,277116928,6318080,1024,256,22,8
xl,2,23420892245.308853,789760,432903680,6318080,1280,256,22,8
xl,2,17035416658.489666,789760,623293440,6318080,1536,256,22,8
l,2,16050650408.308002,1774464,277116928,14195712,1024,384,22,8
xl,2,32101300816.616005,1774464,277116928,14195712,1024,384,22,8
xl,2,22441413190.00703,1774464,432903680,14195712,1280,384,22,8
xl,2,16511244342.32306,1774464,623293440,14195712,1536,384,22,8
xl,2,21217091103.541306,3152384,432903680,25219072,1280,512,22,8
xl,2,15838792014.613249,3152384,623293440,25219072,1536,512,22,8
xl,2,15056781169.51247,4923520,623293440,39388160,1536,640,22,8
s,2,10115232731.274681,198272,75657216,1586176,512,128,24,8
m,2,20230465462.549362,198272,75657216,1586176,512,128,24,8
l,2,50576163656.373405,198272,75657216,1586176,512,128,24,8
xl,2,101152327312.74681,198272,75657216,1586176,512,128,24,8
s,2,5304514795.607285,198272,170108928,1586176,768,128,24,8
m,2,10609029591.21457,198272,170108928,1586176,768,128,24,8
l,2,26522573978.036423,198272,170108928,1586176,768,128,24,8
xl,2,53045147956.072845,198272,170108928,1586176,768,128,24,8
l,2,16313849011.7514,198272,302309376,1586176,1024,128,24,8
xl,2,32627698023.5028,198272,302309376,1586176,1024,128,24,8
xl,2,22086316576.285927,198272,472258560,1586176,1280,128,24,8
xl,2,15939772246.41327,198272,679956480,1586176,1536,128,24,8
s,2,4998093527.204983,789760,170108928,6318080,768,256,24,8
m,2,9996187054.409966,789760,170108928,6318080,768,256,24,8
l,2,24990467636.024914,789760,170108928,6318080,768,256,24,8
xl,2,49980935272.04983,789760,170108928,6318080,768,256,24,8
l,2,15721011360.581343,789760,302309376,6318080,1024,256,24,8
xl,2,31442022721.162685,789760,302309376,6318080,1024,256,24,8
xl,2,21536562398.002842,789760,472258560,6318080,1280,256,24,8
xl,2,15651432138.595661,789760,679956480,6318080,1536,256,24,8
l,2,14850843356.820951,1774464,302309376,14195712,1024,384,24,8
xl,2,29701686713.641903,1774464,302309376,14195712,1024,384,24,8
xl,2,20705555211.015118,1774464,472258560,14195712,1280,384,24,8
xl,2,15207860551.364513,1774464,679956480,14195712,1536,384,24,8
xl,2,19658895206.5763,3152384,472258560,25219072,1280,512,24,8
xl,2,14635543586.100645,3152384,679956480,25219072,1536,512,24,8
xl,2,13965322027.366133,4923520,679956480,39388160,1536,640,24,8
s,2,33179169639.520267,198272,25192448,1784448,1024,128,2,9
m,2,66358339279.040535,198272,25192448,1784448,1024,128,2,9
l,2,165895848197.60132,198272,25192448,1784448,1024,128,2,9
xl,2,331791696395.20264,198272,25192448,1784448,1024,128,2,9
s,2,23624202068.95092,198272,39354880,1784448,1280,128,2,9
m,2,47248404137.90184,198272,39354880,1784448,1280,128,2,9
l,2,118121010344.7546,198272,39354880,1784448,1280,128,2,9
xl,2,236242020689.5092,198272,39354880,1784448,1280,128,2,9
s,2,17581228086.757313,198272,56663040,1784448,1536,128,2,9
m,2,35162456173.514626,198272,56663040,1784448,1536,128,2,9
l,2,87906140433.78656,198272,56663040,1784448,1536,128,2,9
xl,2,175812280867.57312,198272,56663040,1784448,1536,128,2,9
s,2,13552427293.938053,198272,77116928,1784448,1792,128,2,9
m,2,27104854587.876106,198272,77116928,1784448,1792,128,2,9
l,2,67762136469.69027,198272,77116928,1784448,1792,128,2,9
xl,2,135524272939.38054,198272,77116928,1784448,1792,128,2,9
s,2,10746276458.192343,198272,100716544,1784448,2048,128,2,9
m,2,21492552916.384686,198272,100716544,1784448,2048,128,2,9
l,2,53731382290.96171,198272,100716544,1784448,2048,128,2,9
xl,2,107462764581.92342,198272,100716544,1784448,2048,128,2,9
s,2,9443598298.03694,789760,100716544,7107840,2048,256,2,9
m,2,18887196596.07388,789760,100716544,7107840,2048,256,2,9
l,2,47217991490.1847,789760,100716544,7107840,2048,256,2,9
xl,2,94435982980.3694,789760,100716544,7107840,2048,256,2,9
s,2,28054280769.03741,198272,28351488,1784448,768,128,4,9
m,2,56108561538.07482,198272,28351488,1784448,768,128,4,9
l,2,140271403845.18704,198272,28351488,1784448,768,128,4,9
xl,2,280542807690.3741,198272,28351488,1784448,768,128,4,9
s,2,18080974995.602707,198272,50384896,1784448,1024,128,4,9
m,2,36161949991.205414,198272,50384896,1784448,1024,128,4,9
l,2,90404874978.01353,198272,50384896,1784448,1024,128,4,9
xl,2,180809749956.02707,198272,50384896,1784448,1024,128,4,9
s,2,12549112205.527554,198272,78709760,1784448,1280,128,4,9
m,2,25098224411.055107,198272,78709760,1784448,1280,128,4,9
l,2,62745561027.637764,198272,78709760,1784448,1280,128,4,9
xl,2,125491122055.27553,198272,78709760,1784448,1280,128,4,9
s,2,9192387702.850258,198272,113326080,1784448,1536,128,4,9
m,2,18384775405.700516,198272,113326080,1784448,1536,128,4,9
l,2,45961938514.25129,198272,113326080,1784448,1536,128,4,9
xl,2,91923877028.50258,198272,113326080,1784448,1536,128,4,9
s,2,7012474799.970559,198272,154233856,1784448,1792,128,4,9
m,2,14024949599.941118,198272,154233856,1784448,1792,128,4,9
l,2,35062373999.85279,198272,154233856,1784448,1792,128,4,9
xl,2,70124747999.70558,198272,154233856,1784448,1792,128,4,9
s,2,5520623991.2715845,198272,201433088,1784448,2048,128,4,9
m,2,11041247982.543169,198272,201433088,1784448,2048,128,4,9
l,2,27603119956.35792,198272,201433088,1784448,2048,128,4,9
xl,2,55206239912.71584,198272,201433088,1784448,2048,128,4,9
s,2,8222195560.382751,789760,113326080,7107840,1536,256,4,9
m,2,16444391120.765503,789760,113326080,7107840,1536,256,4,9
l,2,41110977801.91376,789760,113326080,7107840,1536,256,4,9
xl,2,82221955603.82751,789760,113326080,7107840,1536,256,4,9
s,2,6433376977.362748,789760,154233856,7107840,1792,256,4,9
m,2,12866753954.725496,789760,154233856,7107840,1792,256,4,9
l,2,32166884886.81374,789760,154233856,7107840,1792,256,4,9
xl,2,64333769773.62748,789760,154233856,7107840,1792,256,4,9
s,2,5155295651.668963,789760,201433088,7107840,2048,256,4,9
m,2,10310591303.337927,789760,201433088,7107840,2048,256,4,9
l,2,25776478258.344814,789760,201433088,7107840,2048,256,4,9
xl,2,51552956516.68963,789760,201433088,7107840,2048,256,4,9
s,2,4658183257.848405,1774464,201433088,15970176,2048,384,4,9
m,2,9316366515.69681,1774464,201433088,15970176,2048,384,4,9
l,2,23290916289.242027,1774464,201433088,15970176,2048,384,4,9
xl,2,46581832578.484055,1774464,201433088,15970176,2048,384,4,9
s,2,19614858333.64717,198272,42527232,1784448,768,128,6,9
m,2,39229716667.29434,198272,42527232,1784448,768,128,6,9
l,2,98074291668.23586,198272,42527232,1784448,768,128,6,9
xl,2,196148583336.4717,198272,42527232,1784448,768,128,6,9
s,2,12426356441.186949,198272,75577344,1784448,1024,128,6,9
m,2,24852712882.373898,198272,75577344,1784448,1024,128,6,9
l,2,62131782205.934746,198272,75577344,1784448,1024,128,6,9
xl,2,124263564411.86949,198272,75577344,1784448,1024,128,6,9
s,2,8543769801.040891,198272,118064640,1784448,1280,128,6,9
m,2,17087539602.081781,198272,118064640,1784448,1280,128,6,9
l,2,42718849005.20445,198272,118064640,1784448,1280,128,6,9
xl,2,85437698010.4089,198272,118064640,1784448,1280,128,6,9
s,2,6223066567.894155,198272,169989120,1784448,1536,128,6,9
m,2,12446133135.78831,198272,169989120,1784448,1536,128,6,9
l,2,31115332839.47077,198272,169989120,1784448,1536,128,6,9
xl,2,62230665678.94154,198272,169989120,1784448,1536,128,6,9
s,2,4729955131.267228,198272,231350784,1784448,1792,128,6,9
m,2,9459910262.534456,198272,231350784,1784448,1792,128,6,9
l,2,23649775656.336143,198272,231350784,1784448,1792,128,6,9
xl,2,47299551312.67229,198272,231350784,1784448,1792,128,6,9
m,2,7428802358.19902,198272,302149632,1784448,2048,128,6,9
l,2,18572005895.49755,198272,302149632,1784448,2048,128,6,9
xl,2,37144011790.9951,198272,302149632,1784448,2048,128,6,9
s,2,7699373110.881813,789760,118064640,7107840,1280,256,6,9
m,2,15398746221.763626,789760,118064640,7107840,1280,256,6,9
l,2,38496865554.409065,789760,118064640,7107840,1280,256,6,9
xl,2,76993731108.81813,789760,118064640,7107840,1280,256,6,9
s,2,5762731117.789118,789760,169989120,7107840,1536,256,6,9
m,2,11525462235.578236,789760,169989120,7107840,1536,256,6,9
l,2,28813655588.945587,789760,169989120,7107840,1536,256,6,9
xl,2,57627311177.891174,789760,169989120,7107840,1536,256,6,9
s,2,4459212404.629932,789760,231350784,7107840,1792,256,6,9
m,2,8918424809.259865,789760,231350784,7107840,1792,256,6,9
l,2,22296062023.149662,789760,231350784,7107840,1792,256,6,9
xl,2,44592124046.299324,789760,231350784,7107840,1792,256,6,9
m,2,7090721297.667799,789760,302149632,7107840,2048,256,6,9
l,2,17726803244.1695,789760,302149632,7107840,2048,256,6,9
xl,2,35453606488.339,789760,302149632,7107840,2048,256,6,9
s,2,4082373812.1925154,1774464,231350784,15970176,1792,384,6,9
m,2,8164747624.385031,1774464,231350784,15970176,1792,384,6,9
l,2,20411869060.962578,1774464,231350784,15970176,1792,384,6,9
xl,2,40823738121.925156,1774464,231350784,15970176,1792,384,6,9
l,2,16514762559.463715,1774464,302149632,15970176,2048,384,6,9
xl,2,33029525118.92743,1774464,302149632,15970176,2048,384,6,9
s,2,27448107705.496296,198272,25219072,1784448,512,128,8,9
m,2,54896215410.99259,198272,25219072,1784448,512,128,8,9
l,2,137240538527.48149,198272,25219072,1784448,512,128,8,9
xl,2,274481077054.96298,198272,25219072,1784448,512,128,8,9
s,2,15078786053.980606,198272,56702976,1784448,768,128,8,9
m,2,30157572107.961212,198272,56702976,1784448,768,128,8,9
l,2,75393930269.90303,198272,56702976,1784448,768,128,8,9
xl,2,150787860539.80606,198272,56702976,1784448,768,128,8,9
s,2,9465979421.415104,198272,100769792,1784448,1024,128,8,9
m,2,18931958842.830208,198272,100769792,1784448,1024,128,8,9
l,2,47329897107.07552,198272,100769792,1784448,1024,128,8,9
xl,2,94659794214.15105,198272,100769792,1784448,1024,128,8,9
s,2,6476608768.893045,198272,157419520,1784448,1280,128,8,9
m,2,12953217537.78609,198272,157419520,1784448,1280,128,8,9
l,2,32383043844.465225,198272,157419520,1784448,1280,128,8,9
xl,2,64766087688.93045,198272,157419520,1784448,1280,128,8,9
s,2,4703684437.412248,198272,226652160,1784448,1536,128,8,9
m,2,9407368874.824495,198272,226652160,1784448,1536,128,8,9
l,2,23518422187.06124,198272,226652160,1784448,1536,128,8,9
xl,2,47036844374.12248,198272,226652160,1784448,1536,128,8,9
m,2,7136893147.120943,198272,308467712,1784448,1792,128,8,9
l,2,17842232867.802357,198272,308467712,1784448,1792,128,8,9
xl,2,35684465735.60471,198272,308467712,1784448,1792,128,8,9
l,2,13993613359.642221,198272,402866176,1784448,2048,128,8,9
xl,2,27987226719.284443,198272,402866176,1784448,2048,128,8,9
s,2,8440398095.089931,789760,100769792,7107840,1024,256,8,9
m,2,16880796190.179861,789760,100769792,7107840,1024,256,8,9
l,2,42201990475.44965,789760,100769792,7107840,1024,256,8,9
xl,2,84403980950.8993,789760,100769792,7107840,1024,256,8,9
s,2,5979497117.595373,789760,157419520,7107840,1280,256,8,9
m,2,11958994235.190746,789760,157419520,7107840,1280,256,8,9
l,2,29897485587.976868,789760,157419520,7107840,1280,256,8,9
xl,2,59794971175.953735,789760,157419520,7107840,1280,256,8,9
s,2,4435855681.529125,789760,226652160,7107840,1536,256,8,9
m,2,8871711363.05825,789760,226652160,7107840,1536,256,8,9
l,2,22179278407.645626,789760,226652160,7107840,1536,256,8,9
xl,2,44358556815.29125,789760,226652160,7107840,1536,256,8,9
m,2,6824300361.808027,789760,308467712,7107840,1792,256,8,9
l,2,17060750904.520067,789760,308467712,7107840,1792,256,8,9
xl,2,34121501809.040134,789760,308467712,7107840,1792,256,8,9
l,2,13508321644.852781,789760,402866176,7107840,2048,256,8,9
xl,2,27016643289.705563,789760,402866176,7107840,2048,256,8,9
s,2,4062789270.5960665,1774464,226652160,15970176,1536,384,8,9
m,2,8125578541.192133,1774464,226652160,15970176,1536,384,8,9
l,2,20313946352.98033,1774464,226652160,15970176,1536,384,8,9
xl,2,40627892705.96066,1774464,226652160,15970176,1536,384,8,9
l,2,15935187995.444117,1774464,308467712,15970176,1792,384,8,9
xl,2,31870375990.888233,1774464,308467712,15970176,1792,384,8,9
xl,2,25585728976.30884,1774464,402866176,15970176,2048,384,8,9
xl,2,23843138547.48058,3152384,402866176,28371456,2048,512,8,9
s,2,22574651664.094963,198272,31523840,1784448,512,128,10,9
m,2,45149303328.189926,198272,31523840,1784448,512,128,10,9
l,2,112873258320.47481,198272,31523840,1784448,512,128,10,9
xl,2,225746516640.94962,198272,31523840,1784448,512,128,10,9
s,2,12246660678.539461,198272,70878720,1784448,768,128,10,9
m,2,24493321357.078922,198272,70878720,1784448,768,128,10,9
l,2,61233303392.6973,198272,70878720,1784448,768,128,10,9
xl,2,122466606785.3946,198272,70878720,1784448,768,128,10,9
s,2,7644743743.297089,198272,125962240,1784448,1024,128,10,9
m,2,15289487486.594177,198272,125962240,1784448,1024,128,10,9
l,2,38223718716.48544,198272,125962240,1784448,1024,128,10,9
xl,2,76447437432.97089,198272,125962240,1784448,1024,128,10,9
s,2,5214872783.804224,198272,196774400,1784448,1280,128,10,9
m,2,10429745567.608448,198272,196774400,1784448,1280,128,10,9
l,2,26074363919.02112,198272,196774400,1784448,1280,128,10,9
xl,2,52148727838.04224,198272,196774400,1784448,1280,128,10,9
m,2,7561261949.213484,198272,283315200,1784448,1536,128,10,9
l,2,18903154873.03371,198272,283315200,1784448,1536,128,10,9
xl,2,37806309746.06742,198272,283315200,1784448,1536,128,10,9
l,2,14324616998.704412,198272,385584640,1784448,1792,128,10,9
xl,2,28649233997.408825,198272,385584640,1784448,1792,128,10,9
xl,2,22452267556.882908,198272,503582720,1784448,2048,128,10,9
s,2,6961597821.4765625,789760,125962240,7107840,1024,256,10,9
m,2,13923195642.953125,789760,125962240,7107840,1024,256,10,9
l,2,34807989107.38281,789760,125962240,7107840,1024,256,10,9
xl,2,69615978214.76562,789760,125962240,7107840,1024,256,10,9
s,2,4887691026.605931,789760,196774400,7107840,1280,256,10,9
m,2,9775382053.211863,789760,196774400,7107840,1280,256,10,9
l,2,24438455133.029655,789760,196774400,7107840,1280,256,10,9
xl,2,48876910266.05931,789760,196774400,7107840,1280,256,10,9
m,2,7211301043.319497,789760,283315200,7107840,1536,256,10,9
l,2,18028252608.29874,789760,283315200,7107840,1536,256,10,9
xl,2,36056505216.59748,789760,283315200,7107840,1536,256,10,9
l,2,13816512469.966217,789760,385584640,7107840,1792,256,10,9
xl,2,27633024939.932434,789760,385584640,7107840,1792,256,10,9
xl,2,21823308438.699757,789760,503582720,7107840,2048,256,10,9
s,2,4438600169.192337,1774464,196774400,15970176,1280,384,10,9
m,2,8877200338.384674,1774464,196774400,15970176,1280,384,10,9
l,2,22193000845.961685,1774464,196774400,15970176,1280,384,10,9
xl,2,44386001691.92337,1774464,196774400,15970176,1280,384,10,9
m,2,6710438048.806465,1774464,283315200,15970176,1536,384,10,9
l,2,16776095122.016163,1774464,283315200,15970176,1536,384,10,9
xl,2,33552190244.032326,1774464,283315200,15970176,1536,384,10,9
l,2,13068940101.848236,1774464,385584640,15970176,1792,384,10,9
xl,2,26137880203.696472,1774464,385584640,15970176,1792,384,10,9
xl,2,20880037801.8886,1774464,503582720,15970176,2048,384,10,9
xl,2,24321935568.429707,3152384,385584640,28371456,1792,512,10,9
xl,2,19704770206.437893,3152384,503582720,28371456,2048,512,10,9
xl,2,18385034993.340206,4923520,503582720,44311680,2048,640,10,9
s,2,19170838241.067924,198272,37828608,1784448,512,128,12,9
m,2,38341676482.13585,198272,37828608,1784448,512,128,12,9
l,2,95854191205.33961,198272,37828608,1784448,512,128,12,9
xl,2,191708382410.67923,198272,37828608,1784448,512,128,12,9
s,2,10310183095.654745,198272,85054464,1784448,768,128,12,9
m,2,20620366191.30949,198272,85054464,1784448,768,128,12,9
l,2,51550915478.27372,198272,85054464,1784448,768,128,12,9
xl,2,103101830956.54744,198272,85054464,1784448,768,128,12,9
s,2,6411234863.330937,198272,151154688,1784448,1024,128,12,9
m,2,12822469726.661875,198272,151154688,1784448,1024,128,12,9
l,2,32056174316.654686,198272,151154688,1784448,1024,128,12,9
xl,2,64112348633.30937,198272,151154688,1784448,1024,128,12,9
s,2,4364588535.922868,198272,236129280,1784448,1280,128,12,9
m,2,8729177071.845736,198272,236129280,1784448,1280,128,12,9
l,2,21822942679.61434,198272,236129280,1784448,1280,128,12,9
xl,2,43645885359.22868,198272,236129280,1784448,1280,128,12,9
l,2,15802135619.43967,198272,339978240,1784448,1536,128,12,9
xl,2,31604271238.87934,198272,339978240,1784448,1536,128,12,9
xl,2,23931176234.542374,198272,462701568,1784448,1792,128,12,9
xl,2,18745099281.24391,198272,604299264,1784448,2048,128,12,9
s,2,9105159493.25781,789760,85054464,7107840,768,256,12,9
m,2,18210318986.51562,789760,85054464,7107840,768,256,12,9
l,2,45525797466.289055,789760,85054464,7107840,768,256,12,9
xl,2,91051594932.57811,789760,85054464,7107840,768,256,12,9
s,2,5923730407.143204,789760,151154688,7107840,1024,256,12,9
m,2,11847460814.286407,789760,151154688,7107840,1024,256,12,9
l,2,29618652035.71602,789760,151154688,7107840,1024,256,12,9
xl,2,59237304071.43204,789760,151154688,7107840,1024,256,12,9
s,2,4133033691.697112,789760,236129280,7107840,1280,256,12,9
m,2,8266067383.394224,789760,236129280,7107840,1280,256,12,9
l,2,20665168458.48556,789760,236129280,7107840,1280,256,12,9
xl,2,41330336916.97112,789760,236129280,7107840,1280,256,12,9
l,2,15186062062.155458,789760,339978240,7107840,1536,256,12,9
xl,2,30372124124.310917,789760,339978240,7107840,1536,256,12,9
xl,2,23217946454.734737,789760,462701568,7107840,1792,256,12,9
xl,2,18304655064.151226,789760,604299264,7107840,2048,256,12,9
m,2,7614589211.796205,1774464,236129280,15970176,1280,384,12,9
l,2,19036473029.490513,1774464,236129280,15970176,1280,384,12,9
xl,2,38072946058.981026,1774464,236129280,15970176,1280,384,12,9
l,2,14287757353.37149,1774464,339978240,15970176,1536,384,12,9
xl,2,28575514706.74298,1774464,339978240,15970176,1536,384,12,9
xl,2,22153203473.73573,1774464,462701568,15970176,1792,384,12,9
xl,2,17636379725.872528,1774464,604299264,15970176,2048,384,12,9
l,2,13209518089.726994,3152384,339978240,28371456,1536,512,12,9
xl,2,26419036179.453987,3152384,339978240,28371456,1536,512,12,9
xl,2,20834766765.286785,3152384,462701568,28371456,1792,512,12,9
xl,2,16790502668.427279,3152384,604299264,28371456,2048,512,12,9
xl,2,15822682263.122547,4923520,604299264,44311680,2048,640,12,9
s,2,16658990203.980673,198272,44133376,1784448,512,128,14,9
m,2,33317980407.961346,198272,44133376,1784448,512,128,14,9
l,2,83294951019.90337,198272,44133376,1784448,512,128,14,9
xl,2,166589902039.80673,198272,44133376,1784448,512,128,14,9
s,2,8902494749.664696,198272,99230208,1784448,768,128,14,9
m,2,17804989499.32939,198272,99230208,1784448,768,128,14,9
l,2,44512473748.32348,198272,99230208,1784448,768,128,14,9
xl,2,89024947496.64696,198272,99230208,1784448,768,128,14,9
s,2,5520483555.495257,198272,176347136,1784448,1024,128,14,9
m,2,11040967110.990515,198272,176347136,1784448,1024,128,14,9
l,2,27602417777.476284,198272,176347136,1784448,1024,128,14,9
xl,2,55204835554.95257,198272,176347136,1784448,1024,128,14,9
m,2,7505419513.32218,198272,275484160,1784448,1280,128,14,9
l,2,18763548783.30545,198272,275484160,1784448,1280,128,14,9
xl,2,37527097566.6109,198272,275484160,1784448,1280,128,14,9
l,2,13575161477.088776,198272,396641280,1784448,1536,128,14,9
xl,2,27150322954.17755,198272,396641280,1784448,1536,128,14,9
xl,2,20547363349.18472,198272,539818496,1784448,1792,128,14,9
xl,2,16088649125.971909,198272,705015808,1784448,2048,128,14,9
s,2,7989491198.520832,789760,99230208,7107840,768,256,14,9
m,2,15978982397.041664,789760,99230208,7107840,768,256,14,9
l,2,39947455992.60416,789760,99230208,7107840,768,256,14,9
xl,2,79894911985.20831,789760,99230208,7107840,768,256,14,9
s,2,5155173187.424611,789760,176347136,7107840,1024,256,14,9
m,2,10310346374.849222,789760,176347136,7107840,1024,256,14,9
l,2,25775865937.123055,789760,176347136,7107840,1024,256,14,9
xl,2,51551731874.24611,789760,176347136,7107840,1024,256,14,9
m,2,7160490772.017764,789760,275484160,7107840,1280,256,14,9
l,2,17901226930.04441,789760,275484160,7107840,1280,256,14,9
xl,2,35802453860.08882,789760,275484160,7107840,1280,256,14,9
l,2,13117985131.215113,789760,396641280,7107840,1536,256,14,9
xl,2,26235970262.430225,789760,396641280,7107840,1536,256,14,9
xl,2,20019346696.64764,789760,539818496,7107840,1792,256,14,9
xl,2,15763110065.14679,789760,705015808,7107840,2048,256,14,9
m,2,6666419209.185621,1774464,275484160,15970176,1280,384,14,9
l,2,16666048022.964054,1774464,275484160,15970176,1280,384,14,9
xl,2,33332096045.92811,1774464,275484160,15970176,1280,384,14,9
xl,2,24884488196.550667,1774464,396641280,15970176,1536,384,14,9
xl,2,19222729989.353374,1774464,539818496,15970176,1792,384,14,9
xl,2,15265002395.506296,1774464,705015808,15970176,2048,384,14,9
xl,2,23233026136.96854,3152384,396641280,28371456,1536,512,14,9
xl,2,18222156603.021484,3152384,539818496,28371456,1792,512,14,9
xl,2,14627191504.339947,3152384,705015808,28371456,2048,512,14,9
xl,2,17087831123.89044,4923520,539818496,44311680,1792,640,14,9
xl,2,13887200205.34392,4923520,705015808,44311680,2048,640,14,9
s,2,14729116234.172682,198272,50438144,1784448,512,128,16,9
m,2,29458232468.345364,198272,50438144,1784448,512,128,16,9
l,2,73645581170.8634,198272,50438144,1784448,512,128,16,9
xl,2,147291162341.7268,198272,50438144,1784448,512,128,16,9
s,2,7833022518.99978,198272,113405952,1784448,768,128,16,9
m,2,15666045037.99956,198272,113405952,1784448,768,128,16,9
l,2,39165112594.99889,198272,113405952,1784448,768,128,16,9
xl,2,78330225189.99779,198272,113405952,1784448,768,128,16,9
s,2,4847053363.808503,198272,201539584,1784448,1024,128,16,9
m,2,9694106727.617006,198272,201539584,1784448,1024,128,16,9
l,2,24235266819.042515,198272,201539584,1784448,1024,128,16,9
xl,2,48470533638.08503,198272,201539584,1784448,1024,128,16,9
l,2,16456487047.13854,198272,314839040,1784448,1280,128,16,9
xl,2,32912974094.27708,198272,314839040,1784448,1280,128,16,9
xl,2,23796687196.544643,198272,453304320,1784448,1536,128,16,9
xl,2,18001931880.92019,198272,616935424,1784448,1792,128,16,9
xl,2,14091658459.68478,198272,805732352,1784448,2048,128,16,9
s,2,7117387470.1183605,789760,113405952,7107840,768,256,16,9
m,2,14234774940.236721,789760,113405952,7107840,768,256,16,9
l,2,35586937350.591805,789760,113405952,7107840,768,256,16,9
xl,2,71173874701.18361,789760,113405952,7107840,768,256,16,9
s,2,4563141614.216092,789760,201539584,7107840,1024,256,16,9
m,2,9126283228.432184,789760,201539584,7107840,1024,256,16,9
l,2,22815708071.08046,789760,201539584,7107840,1024,256,16,9
xl,2,45631416142.16092,789760,201539584,7107840,1024,256,16,9
l,2,15789411989.160732,789760,314839040,7107840,1280,256,16,9
xl,2,31578823978.321465,789760,314839040,7107840,1280,256,16,9
xl,2,23091333205.6475,789760,453304320,7107840,1536,256,16,9
xl,2,17595340280.930862,789760,616935424,7107840,1792,256,16,9
xl,2,13841289616.649872,789760,805732352,7107840,2048,256,16,9
s,2,4169308340.431164,1774464,201539584,15970176,1024,384,16,9
m,2,8338616680.862328,1774464,201539584,15970176,1024,384,16,9
l,2,20846541702.15582,1774464,201539584,15970176,1024,384,16,9
xl,2,41693083404.31164,1774464,201539584,15970176,1024,384,16,9
l,2,14820586016.879059,1774464,314839040,15970176,1280,384,16,9
xl,2,29641172033.758118,1774464,314839040,15970176,1280,384,16,9
xl,2,22037907740.07991,1774464,453304320,15970176,1536,384,16,9
xl,2,16976978673.655207,1774464,616935424,15970176,1792,384,16,9
xl,2,13455750087.666903,1774464,805732352,15970176,2048,384,16,9
xl,2,20732754594.245728,3152384,453304320,28371456,1536,512,16,9
xl,2,16191763537.454218,3152384,616935424,28371456,1792,512,16,9
xl,2,15289882471.933157,4923520,616935424,44311680,1792,640,16,9
s,2,13199956746.381733,198272,56742912,1784448,512,128,18,9
m,2,26399913492.763466,198272,56742912,1784448,512,128,18,9
l,2,65999783731.90867,198272,56742912,1784448,512,128,18,9
xl,2,131999567463.81734,198272,56742912,1784448,512,128,18,9
s,2,6992947528.502135,198272,127581696,1784448,768,128,18,9
m,2,13985895057.00427,198272,127581696,1784448,768,128,18,9
l,2,34964737642.51067,198272,127581696,1784448,768,128,18,9
xl,2,69929475285.02135,198272,127581696,1784448,768,128,18,9
s,2,4320059897.457676,198272,226732032,1784448,1024,128,18,9
m,2,8640119794.915352,198272,226732032,1784448,1024,128,18,9
l,2,21600299487.28838,198272,226732032,1784448,1024,128,18,9
xl,2,43200598974.57676,198272,226732032,1784448,1024,128,18,9
l,2,14654634578.597424,198272,354193920,1784448,1280,128,18,9
xl,2,29309269157.194847,198272,354193920,1784448,1280,128,18,9
xl,2,21180455583.8052,198272,509967360,1784448,1536,128,18,9
xl,2,16017646987.667488,198272,694052352,1784448,1792,128,18,9
s,2,6416937923.466567,789760,127581696,7107840,768,256,18,9
m,2,12833875846.933134,789760,127581696,7107840,768,256,18,9
l,2,32084689617.332836,789760,127581696,7107840,768,256,18,9
xl,2,64169379234.66567,789760,127581696,7107840,768,256,18,9
s,2,4093082860.238444,789760,226732032,7107840,1024,256,18,9
m,2,8186165720.476888,789760,226732032,7107840,1024,256,18,9
l,2,20465414301.19222,789760,226732032,7107840,1024,256,18,9
xl,2,40930828602.38444,789760,226732032,7107840,1024,256,18,9
l,2,14123282654.023775,789760,354193920,7107840,1280,256,18,9
xl,2,28246565308.04755,789760,354193920,7107840,1280,256,18,9
xl,2,20619843719.40015,789760,509967360,7107840,1536,256,18,9
xl,2,15694946096.774887,789760,694052352,7107840,1792,256,18,9
m,2,7546734208.126614,1774464,226732032,15970176,1024,384,18,9
l,2,18866835520.316532,1774464,226732032,15970176,1024,384,18,9
xl,2,37733671040.633064,1774464,226732032,15970176,1024,384,18,9
l,2,13343082109.3564,1774464,354193920,15970176,1280,384,18,9
xl,2,26686164218.7128,1774464,354193920,15970176,1280,384,18,9
xl,2,19775727430.3578,1774464,509967360,15970176,1536,384,18,9
xl,2,15201069532.65929,1774464,694052352,15970176,1792,384,18,9
xl,2,24795990492.304752,3152384,354193920,28371456,1280,512,18,9
xl,2,18718340547.53153,3152384,509967360,28371456,1536,512,18,9
xl,2,14568479311.826994,3152384,694052352,28371456,1792,512,18,9
xl,2,17523424753.460835,4923520,509967360,44311680,1536,640,18,9
xl,2,13834267511.61503,4923520,694052352,44311680,1792,640,18,9
s,2,11958445073.044096,198272,63047680,1784448,512,128,20,9
m,2,23916890146.088192,198272,63047680,1784448,512,128,20,9
l,2,59792225365.22048,198272,63047680,1784448,512,128,20,9
xl,2,119584450730.44096,198272,63047680,1784448,512,128,20,9
s,2,6315611626.060821,198272,141757440,1784448,768,128,20,9
m,2,12631223252.121641,198272,141757440,1784448,768,128,20,9
l,2,31578058130.304104,198272,141757440,1784448,768,128,20,9
xl,2,63156116260.60821,198272,141757440,1784448,768,128,20,9
m,2,7792846441.2751045,198272,251924480,1784448,1024,128,20,9
l,2,19482116103.18776,198272,251924480,1784448,1024,128,20,9
xl,2,38964232206.37552,198272,251924480,1784448,1024,128,20,9
l,2,13208419304.292902,198272,393548800,1784448,1280,128,20,9
xl,2,26416838608.585804,198272,393548800,1784448,1280,128,20,9
xl,2,19082505793.754078,198272,566630400,1784448,1536,128,20,9
xl,2,14427372284.745453,198272,771169280,1784448,1792,128,20,9
s,2,5842003801.695658,789760,141757440,7107840,768,256,20,9
m,2,11684007603.391315,789760,141757440,7107840,768,256,20,9
l,2,29210019008.47829,789760,141757440,7107840,768,256,20,9
xl,2,58420038016.95658,789760,141757440,7107840,768,256,20,9
m,2,7421646413.290471,789760,251924480,7107840,1024,256,20,9
l,2,18554116033.226177,789760,251924480,7107840,1024,256,20,9
xl,2,37108232066.452354,789760,251924480,7107840,1024,256,20,9
xl,2,25550434022.15668,789760,393548800,7107840,1280,256,20,9
xl,2,18626256095.107033,789760,566630400,7107840,1536,256,20,9
xl,2,14165043012.776371,789760,771169280,7107840,1792,256,20,9
m,2,6892210677.126065,1774464,251924480,15970176,1024,384,20,9
l,2,17230526692.815163,1774464,251924480,15970176,1024,384,20,9
xl,2,34461053385.630325,1774464,251924480,15970176,1024,384,20,9
xl,2,24266929075.64821,1774464,393548800,15970176,1280,384,20,9
xl,2,17934735697.665237,1774464,566630400,15970176,1536,384,20,9
xl,2,13761519602.92137,1774464,771169280,15970176,1792,384,20,9
xl,2,22693827801.703728,3152384,393548800,28371456,1280,512,20,9
xl,2,17060706196.404816,3152384,566630400,28371456,1536,512,20,9
xl,2,13241018225.40357,3152384,771169280,28371456,1792,512,20,9
xl,2,16062411592.486595,4923520,566630400,44311680,1536,640,20,9
s,2,10930395243.09199,198272,69352448,1784448,512,128,22,9
m,2,21860790486.18398,198272,69352448,1784448,512,128,22,9
l,2,54651976215.45995,198272,69352448,1784448,512,128,22,9
xl,2,109303952430.9199,198272,69352448,1784448,512,128,22,9
s,2,5757902052.650625,198272,155933184,1784448,768,128,22,9
m,2,11515804105.30125,198272,155933184,1784448,768,128,22,9
l,2,28789510263.253124,198272,155933184,1784448,768,128,22,9
xl,2,57579020526.50625,198272,155933184,1784448,768,128,22,9
m,2,7096904886.485858,198272,277116928,1784448,1024,128,22,9
l,2,17742262216.214645,198272,277116928,1784448,1024,128,22,9
xl,2,35484524432.42929,198272,277116928,1784448,1024,128,22,9
xl,2,24044017556.0568,198272,432903680,1784448,1280,128,22,9
xl,2,17362708480.291298,198272,623293440,1784448,1536,128,22,9
xl,2,13124351657.028143,198272,848286208,1784448,1792,128,22,9
s,2,5361622109.442288,789760,155933184,7107840,768,256,22,9
m,2,10723244218.884577,789760,155933184,7107840,768,256,22,9
l,2,26808110547.21144,789760,155933184,7107840,768,256,22,9
xl,2,53616221094.42288,789760,155933184,7107840,768,256,22,9
m,2,6787729349.229435,789760,277116928,7107840,1024,256,22,9
l,2,16969323373.073587,789760,277116928,7107840,1024,256,22,9
xl,2,33938646746.147175,789760,277116928,7107840,1024,256,22,9
xl,2,23324146978.101128,789760,432903680,7107840,1280,256,22,9
xl,2,16984175639.74634,789760,623293440,7107840,1536,256,22,9
l,2,15855397958.819193,1774464,277116928,15970176,1024,384,22,9
xl,2,31710795917.638386,1774464,277116928,15970176,1024,384,22,9
xl,2,22249866643.199287,1774464,432903680,15970176,1280,384,22,9
xl,2,16407320741.751606,1774464,623293440,15970176,1536,384,22,9
xl,2,20920244396.654797,3152384,432903680,28371456,1280,512,22,9
xl,2,15672776893.080868,3152384,623293440,28371456,1536,512,22,9
xl,2,14826273085.811907,4923520,623293440,44311680,1536,640,22,9
s,2,10065112420.058851,198272,75657216,1784448,512,128,24,9
m,2,20130224840.117702,198272,75657216,1784448,512,128,24,9
l,2,50325562100.29426,198272,75657216,1784448,512,128,24,9
xl,2,100651124200.58852,198272,75657216,1784448,512,128,24,9
s,2,5290698934.343188,198272,170108928,1784448,768,128,24,9
m,2,10581397868.686377,198272,170108928,1784448,768,128,24,9
l,2,26453494671.71594,198272,170108928,1784448,768,128,24,9
xl,2,52906989343.43188,198272,170108928,1784448,768,128,24,9
l,2,16287687363.131306,198272,302309376,1784448,1024,128,24,9
xl,2,32575374726.26261,198272,302309376,1784448,1024,128,24,9
xl,2,22062328584.53183,198272,472258560,1784448,1280,128,24,9
xl,2,15927274180.30347,198272,679956480,1784448,1536,128,24,9
s,2,4954240258.933169,789760,170108928,7107840,768,256,24,9
m,2,9908480517.866339,789760,170108928,7107840,768,256,24,9
l,2,24771201294.665844,789760,170108928,7107840,768,256,24,9
xl,2,49542402589.33169,789760,170108928,7107840,768,256,24,9
l,2,15633955129.498177,789760,302309376,7107840,1024,256,24,9
xl,2,31267910258.996353,789760,302309376,7107840,1024,256,24,9
xl,2,21454730998.179813,789760,472258560,7107840,1280,256,24,9
xl,2,15608168151.46546,789760,679956480,7107840,1536,256,24,9
l,2,14683538498.781338,1774464,302309376,15970176,1024,384,24,9
xl,2,29367076997.562675,1774464,302309376,15970176,1024,384,24,9
xl,2,20542387392.219845,1774464,472258560,15970176,1280,384,24,9
xl,2,15119652819.870892,1774464,679956480,15970176,1536,384,24,9
xl,2,19403786526.308678,3152384,472258560,28371456,1280,512,24,9
xl,2,14493681218.786407,3152384,679956480,28371456,1536,512,24,9
xl,2,13766801224.48318,4923520,679956480,44311680,1536,640,24,9
l,4,360590514565.549,198272,25192448,991360,1024,128,2,5
s,4,51103926580.41959,198272,39354880,991360,1280,128,2,5
m,4,102207853160.83919,198272,39354880,991360,1280,128,2,5
l,4,255519632902.09796,198272,39354880,991360,1280,128,2,5
xl,4,511039265804.1959,198272,39354880,991360,1280,128,2,5
s,4,37807983836.33075,198272,56663040,991360,1536,128,2,5
m,4,75615967672.6615,198272,56663040,991360,1536,128,2,5
l,4,189039919181.65375,198272,56663040,991360,1536,128,2,5
xl,4,378079838363.3075,198272,56663040,991360,1536,128,2,5
s,4,28976637875.479275,198272,77116928,991360,1792,128,2,5
m,4,57953275750.95855,198272,77116928,991360,1792,128,2,5
l,4,144883189377.39636,198272,77116928,991360,1792,128,2,5
xl,4,289766378754.7927,198272,77116928,991360,1792,128,2,5
s,4,22856449065.957497,198272,100716544,991360,2048,128,2,5
m,4,45712898131.91499,198272,100716544,991360,2048,128,2,5
l,4,114282245329.78748,198272,100716544,991360,2048,128,2,5
xl,4,228564490659.57495,198272,100716544,991360,2048,128,2,5
s,4,19596186864.221313,789760,100716544,3948800,2048,256,2,5
m,4,39192373728.44263,789760,100716544,3948800,2048,256,2,5
l,4,97980934321.10657,789760,100716544,3948800,2048,256,2,5
xl,4,195961868642.21313,789760,100716544,3948800,2048,256,2,5
s,4,63160788165.7905,198272,28351488,991360,768,128,4,5
m,4,126321576331.581,198272,28351488,991360,768,128,4,5
l,4,315803940828.9525,198272,28351488,991360,768,128,4,5
xl,4,631607881657.905,198272,28351488,991360,768,128,4,5
s,4,40197837677.91563,198272,50384896,991360,1024,128,4,5
m,4,80395675355.83125,198272,50384896,991360,1024,128,4,5
l,4,200989188389.57816,198272,50384896,991360,1024,128,4,5
xl,4,401978376779.1563,198272,50384896,991360,1024,128,4,5
s,4,27562933895.705387,198272,78709760,991360,1280,128,4,5
m,4,55125867791.410774,198272,78709760,991360,1280,128,4,5
l,4,137814669478.52692,198272,78709760,991360,1280,128,4,5
xl,4,275629338957.05383,198272,78709760,991360,1280,128,4,5
s,4,19982594361.00779,198272,113326080,991360,1536,128,4,5
m,4,39965188722.01558,198272,113326080,991360,1536,128,4,5
l,4,99912971805.03894,198272,113326080,991360,1536,128,4,5
xl,4,199825943610.07788,198272,113326080,991360,1536,128,4,5
s,4,15113549914.130856,198272,154233856,991360,1792,128,4,5
m,4,30227099828.26171,198272,154233856,991360,1792,128,4,5
l,4,75567749570.65428,198272,154233856,991360,1792,128,4,5
xl,4,151135499141.30856,198272,154233856,991360,1792,128,4,5
s,4,11813721987.774971,198272,201433088,991360,2048,128,4,5
m,4,23627443975.549942,198272,201433088,991360,2048,128,4,5
l,4,59068609938.874855,198272,201433088,991360,2048,128,4,5
xl,4,118137219877.74971,198272,201433088,991360,2048,128,4,5
s,4,17445138528.356026,789760,113326080,3948800,1536,256,4,5
m,4,34890277056.71205,789760,113326080,3948800,1536,256,4,5
l,4,87225692641.78014,789760,113326080,3948800,1536,256,4,5
xl,4,174451385283.56027,789760,113326080,3948800,1536,256,4,5
s,4,13615667821.275297,789760,154233856,3948800,1792,256,4,5
m,4,27231335642.550594,789760,154233856,3948800,1792,256,4,5
l,4,68078339106.37649,789760,154233856,3948800,1792,256,4,5
xl,4,136156678212.75298,789760,154233856,3948800,1792,256,4,5
s,4,10878275405.211407,789760,201433088,3948800,2048,256,4,5
m,4,21756550810.422813,789760,201433088,3948800,2048,256,4,5
l,4,54391377026.05704,789760,201433088,3948800,2048,256,4,5
xl,4,108782754052.11407,789760,201433088,3948800,2048,256,4,5
s,4,9649806216.451483,1774464,201433088,8872320,2048,384,4,5
m,4,19299612432.902966,1774464,201433088,8872320,2048,384,4,5
l,4,48249031082.257416,1774464,201433088,8872320,2048,384,4,5
xl,4,96498062164.51483,1774464,201433088,8872320,2048,384,4,5
s,4,44800362417.01181,198272,42527232,991360,768,128,6,5
m,4,89600724834.02362,198272,42527232,991360,768,128,6,5
l,4,224001812085.05905,198272,42527232,991360,768,128,6,5
xl,4,448003624170.1181,198272,42527232,991360,768,128,6,5
s,4,27864641152.463726,198272,75577344,991360,1024,128,6,5
m,4,55729282304.92745,198272,75577344,991360,1024,128,6,5
l,4,139323205762.31863,198272,75577344,991360,1024,128,6,5
xl,4,278646411524.63727,198272,75577344,991360,1024,128,6,5
s,4,18870328536.948708,198272,118064640,991360,1280,128,6,5
m,4,37740657073.897415,198272,118064640,991360,1280,128,6,5
l,4,94351642684.74353,198272,118064640,991360,1280,128,6,5
xl,4,188703285369.48706,198272,118064640,991360,1280,128,6,5
s,4,13580007100.714113,198272,169989120,991360,1536,128,6,5
m,4,27160014201.428226,198272,169989120,991360,1536,128,6,5
l,4,67900035503.570564,198272,169989120,991360,1536,128,6,5
xl,4,135800071007.14113,198272,169989120,991360,1536,128,6,5
s,4,10222751297.308031,198272,231350784,991360,1792,128,6,5
m,4,20445502594.616062,198272,231350784,991360,1792,128,6,5
l,4,51113756486.54015,198272,231350784,991360,1792,128,6,5
xl,4,102227512973.0803,198272,231350784,991360,1792,128,6,5
s,4,7965377498.9938135,198272,302149632,991360,2048,128,6,5
m,4,15930754997.987627,198272,302149632,991360,2048,128,6,5
l,4,39826887494.96907,198272,302149632,991360,2048,128,6,5
xl,4,79653774989.93814,198272,302149632,991360,2048,128,6,5
s,4,16591381613.457441,789760,118064640,3948800,1280,256,6,5
m,4,33182763226.914883,789760,118064640,3948800,1280,256,6,5
l,4,82956908067.28722,789760,118064640,3948800,1280,256,6,5
xl,4,165913816134.57443,789760,118064640,3948800,1280,256,6,5
s,4,12358392594.2975,789760,169989120,3948800,1536,256,6,5
m,4,24716785188.595,789760,169989120,3948800,1536,256,6,5
l,4,61791962971.48751,789760,169989120,3948800,1536,256,6,5
xl,4,123583925942.97502,789760,169989120,3948800,1536,256,6,5
s,4,9514744962.208956,789760,231350784,3948800,1792,256,6,5
m,4,19029489924.41791,789760,231350784,3948800,1792,256,6,5
l,4,47573724811.04478,789760,231350784,3948800,1792,256,6,5
xl,4,95147449622.08955,789760,231350784,3948800,1792,256,6,5
s,4,7528854183.079569,789760,302149632,3948800,2048,256,6,5
m,4,15057708366.159138,789760,302149632,3948800,2048,256,6,5
l,4,37644270915.39784,789760,302149632,3948800,2048,256,6,5
xl,4,75288541830.79568,789760,302149632,3948800,2048,256,6,5
s,4,8561444459.512587,1774464,231350784,8872320,1792,384,6,5
m,4,17122888919.025173,1774464,231350784,8872320,1792,384,6,5
l,4,42807222297.562935,1774464,231350784,8872320,1792,384,6,5
xl,4,85614444595.12587,1774464,231350784,8872320,1792,384,6,5
s,4,6919216979.337779,1774464,302149632,8872320,2048,384,6,5
m,4,13838433958.675558,1774464,302149632,8872320,2048,384,6,5
l,4,34596084896.688896,1774464,302149632,8872320,2048,384,6,5
xl,4,69192169793.37779,1774464,302149632,8872320,2048,384,6,5
s,4,64767779014.41057,198272,25219072,991360,512,128,8,5
m,4,129535558028.82114,198272,25219072,991360,512,128,8,5
l,4,323838895072.05286,198272,25219072,991360,512,128,8,5
xl,4,647677790144.1057,198272,25219072,991360,512,128,8,5
s,4,34710305017.49955,198272,56702976,991360,768,128,8,5
m,4,69420610034.9991,198272,56702976,991360,768,128,8,5
l,4,173551525087.49774,198272,56702976,991360,768,128,8,5
xl,4,347103050174.9955,198272,56702976,991360,768,128,8,5
s,4,21322601753.161373,198272,100769792,991360,1024,128,8,5
m,4,42645203506.32275,198272,100769792,991360,1024,128,8,5
l,4,106613008765.80687,198272,100769792,991360,1024,128,8,5
xl,4,213226017531.61374,198272,100769792,991360,1024,128,8,5
s,4,14345990398.974617,198272,157419520,991360,1280,128,8,5
m,4,28691980797.949234,198272,157419520,991360,1280,128,8,5
l,4,71729951994.8731,198272,157419520,991360,1280,128,8,5
xl,4,143459903989.7462,198272,157419520,991360,1280,128,8,5
s,4,10284703634.33452,198272,226652160,991360,1536,128,8,5
m,4,20569407268.66904,198272,226652160,991360,1536,128,8,5
l,4,51423518171.6726,198272,226652160,991360,1536,128,8,5
xl,4,102847036343.3452,198272,226652160,991360,1536,128,8,5
s,4,7723423822.202582,198272,308467712,991360,1792,128,8,5
m,4,15446847644.405165,198272,308467712,991360,1792,128,8,5
l,4,38617119111.01291,198272,308467712,991360,1792,128,8,5
xl,4,77234238222.02582,198272,308467712,991360,1792,128,8,5
s,4,6008195370.747952,198272,402866176,991360,2048,128,8,5
m,4,12016390741.495905,198272,402866176,991360,2048,128,8,5
l,4,30040976853.73976,198272,402866176,991360,2048,128,8,5
xl,4,60081953707.47952,198272,402866176,991360,2048,128,8,5
s,4,18457812823.011723,789760,100769792,3948800,1024,256,8,5
m,4,36915625646.023445,789760,100769792,3948800,1024,256,8,5
l,4,92289064115.05862,789760,100769792,3948800,1024,256,8,5
xl,4,184578128230.11725,789760,100769792,3948800,1024,256,8,5
s,4,12989560965.309351,789760,157419520,3948800,1280,256,8,5
m,4,25979121930.618702,789760,157419520,3948800,1280,256,8,5
l,4,64947804826.54675,789760,157419520,3948800,1280,256,8,5
xl,4,129895609653.0935,789760,157419520,3948800,1280,256,8,5
s,4,9568390569.149303,789760,226652160,3948800,1536,256,8,5
m,4,19136781138.298607,789760,226652160,3948800,1536,256,8,5
l,4,47841952845.74652,789760,226652160,3948800,1536,256,8,5
xl,4,95683905691.49304,789760,226652160,3948800,1536,256,8,5
s,4,7312332781.573951,789760,308467712,3948800,1792,256,8,5
m,4,14624665563.147902,789760,308467712,3948800,1792,256,8,5
l,4,36561663907.86976,789760,308467712,3948800,1792,256,8,5
xl,4,73123327815.73952,789760,308467712,3948800,1792,256,8,5
s,4,5756444731.314949,789760,402866176,3948800,2048,256,8,5
m,4,11512889462.629898,789760,402866176,3948800,2048,256,8,5
l,4,28782223656.574745,789760,402866176,3948800,2048,256,8,5
xl,4,57564447313.14949,789760,402866176,3948800,2048,256,8,5
s,4,8604854349.416563,1774464,226652160,8872320,1536,384,8,5
m,4,17209708698.833126,1774464,226652160,8872320,1536,384,8,5
l,4,43024271747.08282,1774464,226652160,8872320,1536,384,8,5
xl,4,86048543494.16563,1774464,226652160,8872320,1536,384,8,5
s,4,6735914018.266936,1774464,308467712,8872320,1792,384,8,5
m,4,13471828036.533873,1774464,308467712,8872320,1792,384,8,5
l,4,33679570091.334682,1774464,308467712,8872320,1792,384,8,5
xl,4,67359140182.669365,1774464,308467712,8872320,1792,384,8,5
s,4,5393131687.159704,1774464,402866176,8872320,2048,384,8,5
m,4,10786263374.319408,1774464,402866176,8872320,2048,384,8,5
l,4,26965658435.79852,1774464,402866176,8872320,2048,384,8,5
xl,4,53931316871.59704,1774464,402866176,8872320,2048,384,8,5
s,4,4961612204.835674,3152384,402866176,15761920,2048,512,8,5
m,4,9923224409.671349,3152384,402866176,15761920,2048,512,8,5
l,4,24808061024.17837,3152384,402866176,15761920,2048,512,8,5
xl,4,49616122048.35674,3152384,402866176,15761920,2048,512,8,5
s,4,53804262674.99298,198272,31523840,991360,512,128,10,5
m,4,107608525349.98596,198272,31523840,991360,512,128,10,5
l,4,269021313374.9649,198272,31523840,991360,512,128,10,5
xl,4,538042626749.9298,198272,31523840,991360,512,128,10,5
s,4,28329793242.369766,198272,70878720,991360,768,128,10,5
m,4,56659586484.73953,198272,70878720,991360,768,128,10,5
l,4,141648966211.84885,198272,70878720,991360,768,128,10,5
xl,4,283297932423.6977,198272,70878720,991360,768,128,10,5
s,4,17268351284.12986,198272,125962240,991360,1024,128,10,5
m,4,34536702568.25972,198272,125962240,991360,1024,128,10,5
l,4,86341756420.6493,198272,125962240,991360,1024,128,10,5
xl,4,172683512841.2986,198272,125962240,991360,1024,128,10,5
s,4,11571592610.325415,198272,196774400,991360,1280,128,10,5
m,4,23143185220.65083,198272,196774400,991360,1280,128,10,5
l,4,57857963051.627075,198272,196774400,991360,1280,128,10,5
xl,4,115715926103.25415,198272,196774400,991360,1280,128,10,5
s,4,8276372030.470821,198272,283315200,991360,1536,128,10,5
m,4,16552744060.941643,198272,283315200,991360,1536,128,10,5
l,4,41381860152.3541,198272,283315200,991360,1536,128,10,5
xl,4,82763720304.7082,198272,283315200,991360,1536,128,10,5
s,4,6206111619.846767,198272,385584640,991360,1792,128,10,5
m,4,12412223239.693535,198272,385584640,991360,1792,128,10,5
l,4,31030558099.233837,198272,385584640,991360,1792,128,10,5
xl,4,62061116198.467674,198272,385584640,991360,1792,128,10,5
s,4,4823104724.342974,198272,503582720,991360,2048,128,10,5
m,4,9646209448.685947,198272,503582720,991360,2048,128,10,5
l,4,24115523621.714867,198272,503582720,991360,2048,128,10,5
xl,4,48231047243.42973,198272,503582720,991360,2048,128,10,5
s,4,15340148777.353327,789760,125962240,3948800,1024,256,10,5
m,4,30680297554.706654,789760,125962240,3948800,1024,256,10,5
l,4,76700743886.76663,789760,125962240,3948800,1024,256,10,5
xl,4,153401487773.53326,789760,125962240,3948800,1024,256,10,5
s,4,10672639246.351152,789760,196774400,3948800,1280,256,10,5
m,4,21345278492.702305,789760,196774400,3948800,1280,256,10,5
l,4,53363196231.75576,789760,196774400,3948800,1280,256,10,5
xl,4,106726392463.51152,789760,196774400,3948800,1280,256,10,5
s,4,7806102898.674536,789760,283315200,3948800,1536,256,10,5
m,4,15612205797.349072,789760,283315200,3948800,1536,256,10,5
l,4,39030514493.37268,789760,283315200,3948800,1536,256,10,5
xl,4,78061028986.74536,789760,283315200,3948800,1536,256,10,5
s,4,5937872185.828608,789760,385584640,3948800,1792,256,10,5
m,4,11875744371.657215,789760,385584640,3948800,1792,256,10,5
l,4,29689360929.14304,789760,385584640,3948800,1792,256,10,5
xl,4,59378721858.28608,789760,385584640,3948800,1792,256,10,5
s,4,4659520974.40499,789760,503582720,3948800,2048,256,10,5
m,4,9319041948.80998,789760,503582720,3948800,2048,256,10,5
l,4,23297604872.024952,789760,503582720,3948800,2048,256,10,5
xl,4,46595209744.049904,789760,503582720,3948800,2048,256,10,5
s,4,9487645870.657732,1774464,196774400,8872320,1280,384,10,5
m,4,18975291741.315464,1774464,196774400,8872320,1280,384,10,5
l,4,47438229353.28866,1774464,196774400,8872320,1280,384,10,5
xl,4,94876458706.57732,1774464,196774400,8872320,1280,384,10,5
s,4,7152687796.965292,1774464,283315200,8872320,1536,384,10,5
m,4,14305375593.930584,1774464,283315200,8872320,1536,384,10,5
l,4,35763438984.82646,1774464,283315200,8872320,1536,384,10,5
xl,4,71526877969.65292,1774464,283315200,8872320,1536,384,10,5
s,4,5552064417.449863,1774464,385584640,8872320,1792,384,10,5
m,4,11104128834.899727,1774464,385584640,8872320,1792,384,10,5
l,4,27760322087.249317,1774464,385584640,8872320,1792,384,10,5
xl,4,55520644174.498634,1774464,385584640,8872320,1792,384,10,5
s,4,4418580548.319688,1774464,503582720,8872320,2048,384,10,5
m,4,8837161096.639376,1774464,503582720,8872320,2048,384,10,5
l,4,22092902741.598442,1774464,503582720,8872320,2048,384,10,5
xl,4,44185805483.196884,1774464,503582720,8872320,2048,384,10,5
s,4,5095812693.2536,3152384,385584640,15761920,1792,512,10,5
m,4,10191625386.5072,3152384,385584640,15761920,1792,512,10,5
l,4,25479063466.268,3152384,385584640,15761920,1792,512,10,5
xl,4,50958126932.536,3152384,385584640,15761920,1792,512,10,5
s,4,4124674183.7368784,3152384,503582720,15761920,2048,512,10,5
m,4,8249348367.473757,3152384,503582720,15761920,2048,512,10,5
l,4,20623370918.68439,3152384,503582720,15761920,2048,512,10,5
xl,4,41246741837.36878,3152384,503582720,15761920,2048,512,10,5
m,4,7604752422.722027,4923520,503582720,24617600,2048,640,10,5
l,4,19011881056.80507,4923520,503582720,24617600,2048,640,10,5
xl,4,38023762113.61014,4923520,503582720,24617600,2048,640,10,5
s,4,46015092950.48776,198272,37828608,991360,512,128,12,5
m,4,92030185900.97552,198272,37828608,991360,512,128,12,5
l,4,230075464752.4388,198272,37828608,991360,512,128,12,5
xl,4,460150929504.8776,198272,37828608,991360,512,128,12,5
s,4,23930791385.52773,198272,85054464,991360,768,128,12,5
m,4,47861582771.05546,198272,85054464,991360,768,128,12,5
l,4,119653956927.63864,198272,85054464,991360,768,128,12,5
xl,4,239307913855.27728,198272,85054464,991360,768,128,12,5
s,4,14509529162.296396,198272,151154688,991360,1024,128,12,5
m,4,29019058324.592793,198272,151154688,991360,1024,128,12,5
l,4,72547645811.48198,198272,151154688,991360,1024,128,12,5
xl,4,145095291622.96396,198272,151154688,991360,1024,128,12,5
s,4,9696389747.084024,198272,236129280,991360,1280,128,12,5
m,4,19392779494.16805,198272,236129280,991360,1280,128,12,5
l,4,48481948735.42012,198272,236129280,991360,1280,128,12,5
xl,4,96963897470.84024,198272,236129280,991360,1280,128,12,5
s,4,6924248719.013987,198272,339978240,991360,1536,128,12,5
m,4,13848497438.027973,198272,339978240,991360,1536,128,12,5
l,4,34621243595.06994,198272,339978240,991360,1536,128,12,5
xl,4,69242487190.13988,198272,339978240,991360,1536,128,12,5
s,4,5187079275.999924,198272,462701568,991360,1792,128,12,5
m,4,10374158551.999847,198272,462701568,991360,1792,128,12,5
l,4,25935396379.99962,198272,462701568,991360,1792,128,12,5
xl,4,51870792759.99924,198272,462701568,991360,1792,128,12,5
s,4,4028500383.3198686,198272,604299264,991360,2048,128,12,5
m,4,8057000766.639737,198272,604299264,991360,2048,128,12,5
l,4,20142501916.599342,198272,604299264,991360,2048,128,12,5
xl,4,40285003833.198685,198272,604299264,991360,2048,128,12,5
s,4,20380638588.994587,789760,85054464,3948800,768,256,12,5
m,4,40761277177.989174,789760,85054464,3948800,768,256,12,5
l,4,101903192944.97293,789760,85054464,3948800,768,256,12,5
xl,4,203806385889.94586,789760,85054464,3948800,768,256,12,5
s,4,13123491848.316792,789760,151154688,3948800,1024,256,12,5
m,4,26246983696.633583,789760,151154688,3948800,1024,256,12,5
l,4,65617459241.583954,789760,151154688,3948800,1024,256,12,5
xl,4,131234918483.16791,789760,151154688,3948800,1024,256,12,5
s,4,9057136182.809816,789760,236129280,3948800,1280,256,12,5
m,4,18114272365.619633,789760,236129280,3948800,1280,256,12,5
l,4,45285680914.04908,789760,236129280,3948800,1280,256,12,5
xl,4,90571361828.09816,789760,236129280,3948800,1280,256,12,5
s,4,6592000918.028416,789760,339978240,3948800,1536,256,12,5
m,4,13184001836.056831,789760,339978240,3948800,1536,256,12,5
l,4,32960004590.14208,789760,339978240,3948800,1536,256,12,5
xl,4,65920009180.28416,789760,339978240,3948800,1536,256,12,5
s,4,4998357339.843834,789760,462701568,3948800,1792,256,12,5
m,4,9996714679.687668,789760,462701568,3948800,1792,256,12,5
l,4,24991786699.21917,789760,462701568,3948800,1792,256,12,5
xl,4,49983573398.43834,789760,462701568,3948800,1792,256,12,5
m,4,7827471997.062381,789760,604299264,3948800,2048,256,12,5
l,4,19568679992.655952,789760,604299264,3948800,2048,256,12,5
xl,4,39137359985.311905,789760,604299264,3948800,2048,256,12,5
s,4,8189145412.231098,1774464,236129280,8872320,1280,384,12,5
m,4,16378290824.462196,1774464,236129280,8872320,1280,384,12,5
l,4,40945727061.15549,1774464,236129280,8872320,1280,384,12,5
xl,4,81891454122.31097,1774464,236129280,8872320,1280,384,12,5
s,4,6119887519.40494,1774464,339978240,8872320,1536,384,12,5
m,4,12239775038.80988,1774464,339978240,8872320,1536,384,12,5
l,4,30599437597.024696,1774464,339978240,8872320,1536,384,12,5
xl,4,61198875194.04939,1774464,339978240,8872320,1536,384,12,5
s,4,4722139490.338351,1774464,462701568,8872320,1792,384,12,5
m,4,9444278980.676702,1774464,462701568,8872320,1792,384,12,5
l,4,23610697451.691757,1774464,462701568,8872320,1792,384,12,5
xl,4,47221394903.383514,1774464,462701568,8872320,1792,384,12,5
m,4,7484665118.718165,1774464,604299264,8872320,2048,384,12,5
l,4,18711662796.795414,1774464,604299264,8872320,2048,384,12,5
xl,4,37423325593.59083,1774464,604299264,8872320,2048,384,12,5
s,4,5570159771.789217,3152384,339978240,15761920,1536,512,12,5
m,4,11140319543.578434,3152384,339978240,15761920,1536,512,12,5
l,4,27850798858.946087,3152384,339978240,15761920,1536,512,12,5
xl,4,55701597717.89217,3152384,339978240,15761920,1536,512,12,5
s,4,4387989854.124963,3152384,462701568,15761920,1792,512,12,5
m,4,8775979708.249926,3152384,462701568,15761920,1792,512,12,5
l,4,21939949270.624817,3152384,462701568,15761920,1792,512,12,5
xl,4,43879898541.24963,3152384,462701568,15761920,1792,512,12,5
m,4,7058672590.078827,3152384,604299264,15761920,2048,512,12,5
l,4,17646681475.197067,3152384,604299264,15761920,2048,512,12,5
xl,4,35293362950.394135,3152384,604299264,15761920,2048,512,12,5
l,4,16453352245.474539,4923520,604299264,24617600,2048,640,12,5
xl,4,32906704490.949078,4923520,604299264,24617600,2048,640,12,5
s,4,40195976286.3034,198272,44133376,991360,512,128,14,5
m,4,80391952572.6068,198272,44133376,991360,512,128,14,5
l,4,200979881431.517,198272,44133376,991360,512,128,14,5
xl,4,401959762863.034,198272,44133376,991360,512,128,14,5
s,4,20714308914.3117,198272,99230208,991360,768,128,14,5
m,4,41428617828.6234,198272,99230208,991360,768,128,14,5
l,4,103571544571.55849,198272,99230208,991360,768,128,14,5
xl,4,207143089143.11697,198272,99230208,991360,768,128,14,5
s,4,12510784296.063206,198272,176347136,991360,1024,128,14,5
m,4,25021568592.12641,198272,176347136,991360,1024,128,14,5
l,4,62553921480.31603,198272,176347136,991360,1024,128,14,5
xl,4,125107842960.63206,198272,176347136,991360,1024,128,14,5
s,4,8344194136.421299,198272,275484160,991360,1280,128,14,5
m,4,16688388272.842598,198272,275484160,991360,1280,128,14,5
l,4,41720970682.1065,198272,275484160,991360,1280,128,14,5
xl,4,83441941364.213,198272,275484160,991360,1280,128,14,5
s,4,5951880994.377424,198272,396641280,991360,1536,128,14,5
m,4,11903761988.754848,198272,396641280,991360,1536,128,14,5
l,4,29759404971.887123,198272,396641280,991360,1536,128,14,5
xl,4,59518809943.77425,198272,396641280,991360,1536,128,14,5
s,4,4455495022.6061125,198272,539818496,991360,1792,128,14,5
m,4,8910990045.212225,198272,539818496,991360,1792,128,14,5
l,4,22277475113.030563,198272,539818496,991360,1792,128,14,5
xl,4,44554950226.06113,198272,539818496,991360,1792,128,14,5
m,4,6917367562.017521,198272,705015808,991360,2048,128,14,5
l,4,17293418905.0438,198272,705015808,991360,2048,128,14,5
xl,4,34586837810.0876,198272,705015808,991360,2048,128,14,5
s,4,18000239619.18981,789760,99230208,3948800,768,256,14,5
m,4,36000479238.37962,789760,99230208,3948800,768,256,14,5
l,4,90001198095.94905,789760,99230208,3948800,768,256,14,5
xl,4,180002396191.8981,789760,99230208,3948800,768,256,14,5
s,4,11466568622.918314,789760,176347136,3948800,1024,256,14,5
m,4,22933137245.836628,789760,176347136,3948800,1024,256,14,5
l,4,57332843114.59157,789760,176347136,3948800,1024,256,14,5
xl,4,114665686229.18314,789760,176347136,3948800,1024,256,14,5
s,4,7866408497.432908,789760,275484160,3948800,1280,256,14,5
m,4,15732816994.865816,789760,275484160,3948800,1280,256,14,5
l,4,39332042487.164536,789760,275484160,3948800,1280,256,14,5
xl,4,78664084974.32907,789760,275484160,3948800,1280,256,14,5
s,4,5704730453.767952,789760,396641280,3948800,1536,256,14,5
m,4,11409460907.535904,789760,396641280,3948800,1536,256,14,5
l,4,28523652268.83976,789760,396641280,3948800,1536,256,14,5
xl,4,57047304537.67952,789760,396641280,3948800,1536,256,14,5
s,4,4315535374.961333,789760,539818496,3948800,1792,256,14,5
m,4,8631070749.922667,789760,539818496,3948800,1792,256,14,5
l,4,21577676874.806664,789760,539818496,3948800,1792,256,14,5
xl,4,43155353749.61333,789760,539818496,3948800,1792,256,14,5
m,4,6747494088.655378,789760,705015808,3948800,2048,256,14,5
l,4,16868735221.638447,789760,705015808,3948800,2048,256,14,5
xl,4,33737470443.276894,789760,705015808,3948800,2048,256,14,5
s,4,7203287372.902316,1774464,275484160,8872320,1280,384,14,5
m,4,14406574745.804632,1774464,275484160,8872320,1280,384,14,5
l,4,36016436864.51158,1774464,275484160,8872320,1280,384,14,5
xl,4,72032873729.02316,1774464,275484160,8872320,1280,384,14,5
s,4,5347713463.18095,1774464,396641280,8872320,1536,384,14,5
m,4,10695426926.3619,1774464,396641280,8872320,1536,384,14,5
l,4,26738567315.90475,1774464,396641280,8872320,1536,384,14,5
xl,4,53477134631.8095,1774464,396641280,8872320,1536,384,14,5
s,4,4108064307.704402,1774464,539818496,8872320,1792,384,14,5
m,4,8216128615.408804,1774464,539818496,8872320,1792,384,14,5
l,4,20540321538.52201,1774464,539818496,8872320,1792,384,14,5
xl,4,41080643077.04402,1774464,539818496,8872320,1792,384,14,5
l,4,16228021935.508127,1774464,705015808,8872320,2048,384,14,5
xl,4,32456043871.016254,1774464,705015808,8872320,2048,384,14,5
s,4,4923145368.43087,3152384,396641280,15761920,1536,512,14,5
m,4,9846290736.86174,3152384,396641280,15761920,1536,512,14,5
l,4,24615726842.15435,3152384,396641280,15761920,1536,512,14,5
xl,4,49231453684.3087,3152384,396641280,15761920,1536,512,14,5
m,4,7705643909.496041,3152384,539818496,15761920,1792,512,14,5
l,4,19264109773.7401,3152384,539818496,15761920,1792,512,14,5
xl,4,38528219547.4802,3152384,539818496,15761920,1792,512,14,5
l,4,15420895199.49753,3152384,705015808,15761920,2048,512,14,5
xl,4,30841790398.99506,3152384,705015808,15761920,2048,512,14,5
m,4,7140305401.715296,4923520,539818496,24617600,1792,640,14,5
l,4,17850763504.28824,4923520,539818496,24617600,1792,640,14,5
xl,4,35701527008.57648,4923520,539818496,24617600,1792,640,14,5
l,4,14501772464.637718,4923520,705015808,24617600,2048,640,14,5
xl,4,29003544929.275436,4923520,705015808,24617600,2048,640,14,5
s,4,35683414463.144455,198272,50438144,991360,512,128,16,5
m,4,71366828926.28891,198272,50438144,991360,512,128,16,5
l,4,178417072315.7223,198272,50438144,991360,512,128,16,5
xl,4,356834144631.4446,198272,50438144,991360,512,128,16,5
s,4,18260021538.060604,198272,113405952,991360,768,128,16,5
m,4,36520043076.12121,198272,113405952,991360,768,128,16,5
l,4,91300107690.30302,198272,113405952,991360,768,128,16,5
xl,4,182600215380.60605,198272,113405952,991360,768,128,16,5
s,4,10996036852.381811,198272,201539584,991360,1024,128,16,5
m,4,21992073704.763622,198272,201539584,991360,1024,128,16,5
l,4,54980184261.90906,198272,201539584,991360,1024,128,16,5
xl,4,109960368523.81812,198272,201539584,991360,1024,128,16,5
s,4,7322978992.540873,198272,314839040,991360,1280,128,16,5
m,4,14645957985.081745,198272,314839040,991360,1280,128,16,5
l,4,36614894962.70436,198272,314839040,991360,1280,128,16,5
xl,4,73229789925.40872,198272,314839040,991360,1280,128,16,5
s,4,5218982667.466298,198272,453304320,991360,1536,128,16,5
m,4,10437965334.932596,198272,453304320,991360,1536,128,16,5
l,4,26094913337.331493,198272,453304320,991360,1536,128,16,5
xl,4,52189826674.66299,198272,453304320,991360,1536,128,16,5
m,4,7809535305.159779,198272,616935424,991360,1792,128,16,5
l,4,19523838262.89945,198272,616935424,991360,1792,128,16,5
xl,4,39047676525.7989,198272,616935424,991360,1792,128,16,5
l,4,15150444152.844856,198272,805732352,991360,2048,128,16,5
xl,4,30300888305.689713,198272,805732352,991360,2048,128,16,5
s,4,16117735285.410278,789760,113405952,3948800,768,256,16,5
m,4,32235470570.820557,789760,113405952,3948800,768,256,16,5
l,4,80588676427.05139,789760,113405952,3948800,768,256,16,5
xl,4,161177352854.10278,789760,113405952,3948800,768,256,16,5
s,4,10181136260.418154,789760,201539584,3948800,1024,256,16,5
m,4,20362272520.836308,789760,201539584,3948800,1024,256,16,5
l,4,50905681302.09077,789760,201539584,3948800,1024,256,16,5
xl,4,101811362604.18153,789760,201539584,3948800,1024,256,16,5
s,4,6952388707.273956,789760,314839040,3948800,1280,256,16,5
m,4,13904777414.547913,789760,314839040,3948800,1280,256,16,5
l,4,34761943536.36978,789760,314839040,3948800,1280,256,16,5
xl,4,69523887072.73956,789760,314839040,3948800,1280,256,16,5
s,4,5027974847.575937,789760,453304320,3948800,1536,256,16,5
m,4,10055949695.151875,789760,453304320,3948800,1536,256,16,5
l,4,25139874237.879684,789760,453304320,3948800,1536,256,16,5
xl,4,50279748475.75937,789760,453304320,3948800,1536,256,16,5
m,4,7593700800.412514,789760,616935424,3948800,1792,256,16,5
l,4,18984252001.031284,789760,616935424,3948800,1792,256,16,5
xl,4,37968504002.06257,789760,616935424,3948800,1792,256,16,5
l,4,14823496508.48549,789760,805732352,3948800,2048,256,16,5
xl,4,29646993016.97098,789760,805732352,3948800,2048,256,16,5
s,4,9097231501.398354,1774464,201539584,8872320,1024,384,16,5
m,4,18194463002.796707,1774464,201539584,8872320,1024,384,16,5
l,4,45486157506.99177,1774464,201539584,8872320,1024,384,16,5
xl,4,90972315013.98354,1774464,201539584,8872320,1024,384,16,5
s,4,6429291068.305406,1774464,314839040,8872320,1280,384,16,5
m,4,12858582136.610811,1774464,314839040,8872320,1280,384,16,5
l,4,32146455341.527027,1774464,314839040,8872320,1280,384,16,5
xl,4,64292910683.054054,1774464,314839040,8872320,1280,384,16,5
s,4,4748565363.4324,1774464,453304320,8872320,1536,384,16,5
m,4,9497130726.8648,1774464,453304320,8872320,1536,384,16,5
l,4,23742826817.162,1774464,453304320,8872320,1536,384,16,5
xl,4,47485653634.324,1774464,453304320,8872320,1536,384,16,5
m,4,7270641788.275421,1774464,616935424,8872320,1792,384,16,5
l,4,18176604470.688553,1774464,616935424,8872320,1792,384,16,5
xl,4,36353208941.377106,1774464,616935424,8872320,1792,384,16,5
l,4,14326441329.394732,1774464,805732352,8872320,2048,384,16,5
xl,4,28652882658.789463,1774464,805732352,8872320,2048,384,16,5
s,4,4410799104.12083,3152384,453304320,15761920,1536,512,16,5
m,4,8821598208.24166,3152384,453304320,15761920,1536,512,16,5
l,4,22053995520.60415,3152384,453304320,15761920,1536,512,16,5
xl,4,44107991041.2083,3152384,453304320,15761920,1536,512,16,5
m,4,6868008093.04096,3152384,616935424,15761920,1792,512,16,5
l,4,17170020232.602402,3152384,616935424,15761920,1792,512,16,5
xl,4,34340040465.204803,3152384,616935424,15761920,1792,512,16,5
l,4,13693700704.868454,3152384,805732352,15761920,2048,512,16,5
xl,4,27387401409.736908,3152384,805732352,15761920,2048,512,16,5
l,4,16038219924.899046,4923520,616935424,24617600,1792,640,16,5
xl,4,32076439849.79809,4923520,616935424,24617600,1792,640,16,5
xl,4,25928133850.56849,4923520,805732352,24617600,2048,640,16,5
xl,4,24351331187.92261,7087872,805732352,35439360,2048,768,16,5
s,4,32081784424.781303,198272,56742912,991360,512,128,18,5
m,4,64163568849.56261,198272,56742912,991360,512,128,18,5
l,4,160408922123.90652,198272,56742912,991360,512,128,18,5
xl,4,320817844247.81305,198272,56742912,991360,512,128,18,5
s,4,16325707530.04322,198272,127581696,991360,768,128,18,5
m,4,32651415060.08644,198272,127581696,991360,768,128,18,5
l,4,81628537650.2161,198272,127581696,991360,768,128,18,5
xl,4,163257075300.4322,198272,127581696,991360,768,128,18,5
s,4,9808472699.960232,198272,226732032,991360,1024,128,18,5
m,4,19616945399.920464,198272,226732032,991360,1024,128,18,5
l,4,49042363499.80116,198272,226732032,991360,1024,128,18,5
xl,4,98084726999.60233,198272,226732032,991360,1024,128,18,5
s,4,6524472827.815091,198272,354193920,991360,1280,128,18,5
m,4,13048945655.630182,198272,354193920,991360,1280,128,18,5
l,4,32622364139.075455,198272,354193920,991360,1280,128,18,5
xl,4,65244728278.15091,198272,354193920,991360,1280,128,18,5
s,4,4646789707.710236,198272,509967360,991360,1536,128,18,5
m,4,9293579415.420471,198272,509967360,991360,1536,128,18,5
l,4,23233948538.55118,198272,509967360,991360,1536,128,18,5
xl,4,46467897077.10236,198272,509967360,991360,1536,128,18,5
m,4,6950419488.39797,198272,694052352,991360,1792,128,18,5
l,4,17376048720.994926,198272,694052352,991360,1792,128,18,5
xl,4,34752097441.98985,198272,694052352,991360,1792,128,18,5
l,4,13480020108.307756,198272,906448896,991360,2048,128,18,5
xl,4,26960040216.615513,198272,906448896,991360,2048,128,18,5
s,4,14591703134.25114,789760,127581696,3948800,768,256,18,5
m,4,29183406268.50228,789760,127581696,3948800,768,256,18,5
l,4,72958515671.25569,789760,127581696,3948800,768,256,18,5
xl,4,145917031342.51138,789760,127581696,3948800,768,256,18,5
s,4,9154853244.040556,789760,226732032,3948800,1024,256,18,5
m,4,18309706488.081112,789760,226732032,3948800,1024,256,18,5
l,4,45774266220.20278,789760,226732032,3948800,1024,256,18,5
xl,4,91548532440.40556,789760,226732032,3948800,1024,256,18,5
s,4,6228663091.713028,789760,354193920,3948800,1280,256,18,5
m,4,12457326183.426056,789760,354193920,3948800,1280,256,18,5
l,4,31143315458.56514,789760,354193920,3948800,1280,256,18,5
xl,4,62286630917.13028,789760,354193920,3948800,1280,256,18,5
s,4,4494758895.37956,789760,509967360,3948800,1536,256,18,5
m,4,8989517790.75912,789760,509967360,3948800,1536,256,18,5
l,4,22473794476.8978,789760,509967360,3948800,1536,256,18,5
xl,4,44947588953.7956,789760,509967360,3948800,1536,256,18,5
m,4,6778938910.588724,789760,694052352,3948800,1792,256,18,5
l,4,16947347276.471811,789760,694052352,3948800,1792,256,18,5
xl,4,33894694552.943623,789760,694052352,3948800,1792,256,18,5
l,4,13220576412.054865,789760,906448896,3948800,2048,256,18,5
xl,4,26441152824.10973,789760,906448896,3948800,2048,256,18,5
s,4,8268947996.652201,1774464,226732032,8872320,1024,384,18,5
m,4,16537895993.304401,1774464,226732032,8872320,1024,384,18,5
l,4,41344739983.261,1774464,226732032,8872320,1024,384,18,5
xl,4,82689479966.522,1774464,226732032,8872320,1024,384,18,5
s,4,5805488815.656131,1774464,354193920,8872320,1280,384,18,5
m,4,11610977631.312262,1774464,354193920,8872320,1280,384,18,5
l,4,29027444078.280655,1774464,354193920,8872320,1280,384,18,5
xl,4,58054888156.56131,1774464,354193920,8872320,1280,384,18,5
s,4,4270145967.9368744,1774464,509967360,8872320,1536,384,18,5
m,4,8540291935.873749,1774464,509967360,8872320,1536,384,18,5
l,4,21350729839.684372,1774464,509967360,8872320,1536,384,18,5
xl,4,42701459679.368744,1774464,509967360,8872320,1536,384,18,5
l,4,16300762792.238771,1774464,694052352,8872320,1792,384,18,5
xl,4,32601525584.477543,1774464,694052352,8872320,1792,384,18,5
xl,4,25647534590.727314,1774464,906448896,8872320,2048,384,18,5
s,4,5308499408.675633,3152384,354193920,15761920,1280,512,18,5
m,4,10616998817.351267,3152384,354193920,15761920,1280,512,18,5
l,4,26542497043.37817,3152384,354193920,15761920,1280,512,18,5
xl,4,53084994086.75634,3152384,354193920,15761920,1280,512,18,5
m,4,7990079517.271356,3152384,509967360,15761920,1536,512,18,5
l,4,19975198793.17839,3152384,509967360,15761920,1536,512,18,5
xl,4,39950397586.35678,3152384,509967360,15761920,1536,512,18,5
l,4,15486565590.189299,3152384,694052352,15761920,1792,512,18,5
xl,4,30973131180.378597,3152384,694052352,15761920,1792,512,18,5
xl,4,24628880211.116398,3152384,906448896,15761920,2048,512,18,5
m,4,7383876142.74344,4923520,509967360,24617600,1536,640,18,5
l,4,18459690356.8586,4923520,509967360,24617600,1536,640,18,5
xl,4,36919380713.7172,4923520,509967360,24617600,1536,640,18,5
l,4,14559833180.187183,4923520,694052352,24617600,1792,640,18,5
xl,4,29119666360.374367,4923520,694052352,24617600,1792,640,18,5
xl,4,23442402392.40031,4923520,906448896,24617600,2048,640,18,5
xl,4,22145884472.609756,7087872,906448896,35439360,2048,768,18,5
s,4,29140545082.05511,198272,63047680,991360,512,128,20,5
m,4,58281090164.11022,198272,63047680,991360,512,128,20,5
l,4,145702725410.27557,198272,63047680,991360,512,128,20,5
xl,4,291405450820.55115,198272,63047680,991360,512,128,20,5
s,4,14761949975.648687,198272,141757440,991360,768,128,20,5
m,4,29523899951.297375,198272,141757440,991360,768,128,20,5
l,4,73809749878.24344,198272,141757440,991360,768,128,20,5
xl,4,147619499756.48688,198272,141757440,991360,768,128,20,5
s,4,8852417871.51615,198272,251924480,991360,1024,128,20,5
m,4,17704835743.0323,198272,251924480,991360,1024,128,20,5
l,4,44262089357.58074,198272,251924480,991360,1024,128,20,5
xl,4,88524178715.16148,198272,251924480,991360,1024,128,20,5
s,4,5882985258.274348,198272,393548800,991360,1280,128,20,5
m,4,11765970516.548697,198272,393548800,991360,1280,128,20,5
l,4,29414926291.371742,198272,393548800,991360,1280,128,20,5
xl,4,58829852582.743484,198272,393548800,991360,1280,128,20,5
s,4,4187666979.033122,198272,566630400,991360,1536,128,20,5
m,4,8375333958.066244,198272,566630400,991360,1536,128,20,5
l,4,20938334895.16561,198272,566630400,991360,1536,128,20,5
xl,4,41876669790.33122,198272,566630400,991360,1536,128,20,5
l,4,15653977076.967175,198272,771169280,991360,1792,128,20,5
xl,4,31307954153.93435,198272,771169280,991360,1792,128,20,5
xl,4,24282728980.88922,198272,1007165440,991360,2048,128,20,5
s,4,13329647952.26749,789760,141757440,3948800,768,256,20,5
m,4,26659295904.53498,789760,141757440,3948800,768,256,20,5
l,4,66648239761.337456,789760,141757440,3948800,768,256,20,5
xl,4,133296479522.67491,789760,141757440,3948800,768,256,20,5
s,4,8316527294.975647,789760,251924480,3948800,1024,256,20,5
m,4,16633054589.951294,789760,251924480,3948800,1024,256,20,5
l,4,41582636474.878235,789760,251924480,3948800,1024,256,20,5
xl,4,83165272949.75647,789760,251924480,3948800,1024,256,20,5
s,4,5641407243.169745,789760,393548800,3948800,1280,256,20,5
m,4,11282814486.33949,789760,393548800,3948800,1280,256,20,5
l,4,28207036215.848724,789760,393548800,3948800,1280,256,20,5
xl,4,56414072431.69745,789760,393548800,3948800,1280,256,20,5
s,4,4063794155.8868837,789760,566630400,3948800,1536,256,20,5
m,4,8127588311.773767,789760,566630400,3948800,1536,256,20,5
l,4,20318970779.434418,789760,566630400,3948800,1536,256,20,5
xl,4,40637941558.868835,789760,566630400,3948800,1536,256,20,5
l,4,15305185896.543016,789760,771169280,3948800,1792,256,20,5
xl,4,30610371793.086033,789760,771169280,3948800,1792,256,20,5
xl,4,23860976255.236244,789760,1007165440,3948800,2048,256,20,5
s,4,7578904888.260264,1774464,251924480,8872320,1024,384,20,5
m,4,15157809776.520529,1774464,251924480,8872320,1024,384,20,5
l,4,37894524441.30132,1774464,251924480,8872320,1024,384,20,5
xl,4,75789048882.60265,1774464,251924480,8872320,1024,384,20,5
s,4,5292029424.699671,1774464,393548800,8872320,1280,384,20,5
m,4,10584058849.399342,1774464,393548800,8872320,1280,384,20,5
l,4,26460147123.498356,1774464,393548800,8872320,1280,384,20,5
xl,4,52920294246.99671,1774464,393548800,8872320,1280,384,20,5
m,4,7758609667.07868,1774464,566630400,8872320,1536,384,20,5
l,4,19396524167.6967,1774464,566630400,8872320,1536,384,20,5
xl,4,38793048335.3934,1774464,566630400,8872320,1536,384,20,5
l,4,14775878994.582052,1774464,771169280,8872320,1792,384,20,5
xl,4,29551757989.164104,1774464,771169280,8872320,1792,384,20,5
xl,4,23212788025.202328,1774464,1007165440,8872320,2048,384,20,5
s,4,4875913082.987573,3152384,393548800,15761920,1280,512,20,5
m,4,9751826165.975145,3152384,393548800,15761920,1280,512,20,5
l,4,24379565414.937862,3152384,393548800,15761920,1280,512,20,5
xl,4,48759130829.875725,3152384,393548800,15761920,1280,512,20,5
m,4,7301814728.776721,3152384,566630400,15761920,1536,512,20,5
l,4,18254536821.941803,3152384,566630400,15761920,1536,512,20,5
xl,4,36509073643.883606,3152384,566630400,15761920,1536,512,20,5
l,4,14103747255.072294,3152384,771169280,15761920,1792,512,20,5
xl,4,28207494510.14459,3152384,771169280,15761920,1792,512,20,5
xl,4,22375199371.976482,3152384,1007165440,15761920,2048,512,20,5
m,4,6792219485.410584,4923520,566630400,24617600,1536,640,20,5
l,4,16980548713.52646,4923520,566630400,24617600,1536,640,20,5
xl,4,33961097427.05292,4923520,566630400,24617600,1536,640,20,5
l,4,13330995609.943174,4923520,771169280,24617600,1792,640,20,5
xl,4,26661991219.88635,4923520,771169280,24617600,1792,640,20,5
xl,4,21391589648.387295,4923520,1007165440,24617600,2048,640,20,5
xl,4,24997532243.61691,7087872,771169280,35439360,1792,768,20,5
xl,4,20306746895.537025,7087872,1007165440,35439360,2048,768,20,5
xl,4,19162793789.390656,9645440,1007165440,48227200,2048,896,20,5
s,4,26693317274.63366,198272,69352448,991360,512,128,22,5
m,4,53386634549.26732,198272,69352448,991360,512,128,22,5
l,4,133466586373.1683,198272,69352448,991360,512,128,22,5
xl,4,266933172746.3366,198272,69352448,991360,512,128,22,5
s,4,13471575406.981682,198272,155933184,991360,768,128,22,5
m,4,26943150813.963364,198272,155933184,991360,768,128,22,5
l,4,67357877034.90841,198272,155933184,991360,768,128,22,5
xl,4,134715754069.81682,198272,155933184,991360,768,128,22,5
s,4,8066187651.273283,198272,277116928,991360,1024,128,22,5
m,4,16132375302.546566,198272,277116928,991360,1024,128,22,5
l,4,40330938256.36642,198272,277116928,991360,1024,128,22,5
xl,4,80661876512.73283,198272,277116928,991360,1024,128,22,5
s,4,5356347975.103352,198272,432903680,991360,1280,128,22,5
m,4,10712695950.206703,198272,432903680,991360,1280,128,22,5
l,4,26781739875.516758,198272,432903680,991360,1280,128,22,5
xl,4,53563479751.033516,198272,432903680,991360,1280,128,22,5
m,4,7622225433.7198715,198272,623293440,991360,1536,128,22,5
l,4,19055563584.29968,198272,623293440,991360,1536,128,22,5
xl,4,38111127168.59936,198272,623293440,991360,1536,128,22,5
l,4,14242462774.759895,198272,848286208,991360,1792,128,22,5
xl,4,28484925549.51979,198272,848286208,991360,1792,128,22,5
xl,4,22089131376.893665,198272,1107881984,991360,2048,128,22,5
s,4,12268527242.804558,789760,155933184,3948800,768,256,22,5
m,4,24537054485.609116,789760,155933184,3948800,768,256,22,5
l,4,61342636214.02279,789760,155933184,3948800,768,256,22,5
xl,4,122685272428.04558,789760,155933184,3948800,768,256,22,5
s,4,7618855362.674582,789760,277116928,3948800,1024,256,22,5
m,4,15237710725.349163,789760,277116928,3948800,1024,256,22,5
l,4,38094276813.37291,789760,277116928,3948800,1024,256,22,5
xl,4,76188553626.74582,789760,277116928,3948800,1024,256,22,5
s,4,5155346680.154703,789760,432903680,3948800,1280,256,22,5
m,4,10310693360.309406,789760,432903680,3948800,1280,256,22,5
l,4,25776733400.773518,789760,432903680,3948800,1280,256,22,5
xl,4,51553466801.547035,789760,432903680,3948800,1280,256,22,5
m,4,7416483865.172358,789760,623293440,3948800,1536,256,22,5
l,4,18541209662.930893,789760,623293440,3948800,1536,256,22,5
xl,4,37082419325.861786,789760,623293440,3948800,1536,256,22,5
l,4,13953155261.603132,789760,848286208,3948800,1792,256,22,5
xl,4,27906310523.206264,789760,848286208,3948800,1792,256,22,5
xl,4,21739587155.152756,789760,1107881984,3948800,2048,256,22,5
s,4,6995159349.729987,1774464,277116928,8872320,1024,384,22,5
m,4,13990318699.459974,1774464,277116928,8872320,1024,384,22,5
l,4,34975796748.64993,1774464,277116928,8872320,1024,384,22,5
xl,4,69951593497.29987,1774464,277116928,8872320,1024,384,22,5
s,4,4862014473.400269,1774464,432903680,8872320,1280,384,22,5
m,4,9724028946.800537,1774464,432903680,8872320,1280,384,22,5
l,4,24310072367.001343,1774464,432903680,8872320,1280,384,22,5
xl,4,48620144734.002686,1774464,432903680,8872320,1280,384,22,5
m,4,7108021339.531073,1774464,623293440,8872320,1536,384,22,5
l,4,17770053348.827682,1774464,623293440,8872320,1536,384,22,5
xl,4,35540106697.655365,1774464,623293440,8872320,1536,384,22,5
l,4,13511885659.958977,1774464,848286208,8872320,1792,384,22,5
xl,4,27023771319.917953,1774464,848286208,8872320,1792,384,22,5
xl,4,21200228731.811813,1774464,1107881984,8872320,2048,384,22,5
s,4,4508516840.789194,3152384,432903680,15761920,1280,512,22,5
m,4,9017033681.578388,3152384,432903680,15761920,1280,512,22,5
l,4,22542584203.94597,3152384,432903680,15761920,1280,512,22,5
xl,4,45085168407.89194,3152384,432903680,15761920,1280,512,22,5
m,4,6722720169.623373,3152384,623293440,15761920,1536,512,22,5
l,4,16806800424.058432,3152384,623293440,15761920,1536,512,22,5
xl,4,33613600848.116863,3152384,623293440,15761920,1536,512,22,5
xl,4,25895267770.32712,3152384,848286208,15761920,1792,512,22,5
xl,4,20499390069.347633,3152384,1107881984,15761920,2048,512,22,5
l,4,15720864258.159832,4923520,623293440,24617600,1536,640,22,5
xl,4,31441728516.319664,4923520,623293440,24617600,1536,640,22,5
xl,4,24586879449.782616,4923520,848286208,24617600,1792,640,22,5
xl,4,19670733944.983,4923520,1107881984,24617600,2048,640,22,5
xl,4,23164517740.6849,7087872,848286208,35439360,1792,768,22,5
xl,4,18749654256.37551,7087872,1107881984,35439360,2048,768,22,5
xl,4,17770177638.656715,9645440,1107881984,48227200,2048,896,22,5
s,4,24625282008.729565,198272,75657216,991360,512,128,24,5
m,4,49250564017.45913,198272,75657216,991360,512,128,24,5
l,4,123126410043.64783,198272,75657216,991360,512,128,24,5
xl,4,246252820087.29565,198272,75657216,991360,512,128,24,5
s,4,12388655717.870071,198272,170108928,991360,768,128,24,5
m,4,24777311435.740143,198272,170108928,991360,768,128,24,5
l,4,61943278589.35036,198272,170108928,991360,768,128,24,5
xl,4,123886557178.70071,198272,170108928,991360,768,128,24,5
s,4,7408223958.314813,198272,302309376,991360,1024,128,24,5
m,4,14816447916.629625,198272,302309376,991360,1024,128,24,5
l,4,37041119791.574066,198272,302309376,991360,1024,128,24,5
xl,4,74082239583.14813,198272,302309376,991360,1024,128,24,5
s,4,4916251459.733383,198272,472258560,991360,1280,128,24,5
m,4,9832502919.466766,198272,472258560,991360,1280,128,24,5
l,4,24581257298.666916,198272,472258560,991360,1280,128,24,5
xl,4,49162514597.33383,198272,472258560,991360,1280,128,24,5
m,4,6993381799.147614,198272,679956480,991360,1536,128,24,5
l,4,17483454497.869034,198272,679956480,991360,1536,128,24,5
xl,4,34966908995.73807,198272,679956480,991360,1536,128,24,5
l,4,13064445719.255638,198272,925403136,991360,1792,128,24,5
xl,4,26128891438.511276,198272,925403136,991360,1792,128,24,5
xl,4,20259018520.891975,198272,1208598528,991360,2048,128,24,5
s,4,11363892567.75971,789760,170108928,3948800,768,256,24,5
m,4,22727785135.51942,789760,170108928,3948800,768,256,24,5
l,4,56819462838.798546,789760,170108928,3948800,768,256,24,5
xl,4,113638925677.59709,789760,170108928,3948800,768,256,24,5
s,4,7029178852.451125,789760,302309376,3948800,1024,256,24,5
m,4,14058357704.90225,789760,302309376,3948800,1024,256,24,5
l,4,35145894262.25562,789760,302309376,3948800,1024,256,24,5
xl,4,70291788524.51125,789760,302309376,3948800,1024,256,24,5
s,4,4746399495.256486,789760,472258560,3948800,1280,256,24,5
m,4,9492798990.512972,789760,472258560,3948800,1280,256,24,5
l,4,23731997476.282433,789760,472258560,3948800,1280,256,24,5
xl,4,47463994952.564865,789760,472258560,3948800,1280,256,24,5
m,4,6819801210.978461,789760,679956480,3948800,1536,256,24,5
l,4,17049503027.446154,789760,679956480,3948800,1536,256,24,5
xl,4,34099006054.892307,789760,679956480,3948800,1536,256,24,5
xl,4,25641214991.536346,789760,925403136,3948800,1792,256,24,5
xl,4,19964609296.109848,789760,1208598528,3948800,2048,256,24,5
s,4,6494906019.229494,1774464,302309376,8872320,1024,384,24,5
m,4,12989812038.458988,1774464,302309376,8872320,1024,384,24,5
l,4,32474530096.147472,1774464,302309376,8872320,1024,384,24,5
xl,4,64949060192.294945,1774464,302309376,8872320,1024,384,24,5
s,4,4496631267.746405,1774464,472258560,8872320,1280,384,24,5
m,4,8993262535.49281,1774464,472258560,8872320,1280,384,24,5
l,4,22483156338.732025,1774464,472258560,8872320,1280,384,24,5
xl,4,44966312677.46405,1774464,472258560,8872320,1280,384,24,5
l,4,16395250508.41016,1774464,679956480,8872320,1536,384,24,5
xl,4,32790501016.82032,1774464,679956480,8872320,1536,384,24,5
xl,4,24894211550.133476,1774464,925403136,8872320,1792,384,24,5
xl,4,19508806337.60898,1774464,1208598528,8872320,2048,384,24,5
s,4,4192607165.7224245,3152384,472258560,15761920,1280,512,24,5
m,4,8385214331.444849,3152384,472258560,15761920,1280,512,24,5
l,4,20963035828.61212,3152384,472258560,15761920,1280,512,24,5
xl,4,41926071657.22424,3152384,472258560,15761920,1280,512,24,5
l,4,15571825330.860178,3152384,679956480,15761920,1536,512,24,5
xl,4,31143650661.720356,3152384,679956480,15761920,1536,512,24,5
xl,4,23933397605.0366,3152384,925403136,15761920,1792,512,24,5
xl,4,18913767503.85962,3152384,1208598528,15761920,2048,512,24,5
l,4,14635169346.939873,4923520,679956480,24617600,1536,640,24,5
xl,4,29270338693.879745,4923520,679956480,24617600,1536,640,24,5
xl,4,22811456124.956264,4923520,925403136,24617600,1792,640,24,5
xl,4,18206133631.855667,4923520,1208598528,24617600,2048,640,24,5
xl,4,21581959719.292255,7087872,925403136,35439360,1792,768,24,5
xl,4,17414346769.18451,7087872,1208598528,35439360,2048,768,24,5
xl,4,16566259232.11121,9645440,1208598528,48227200,2048,896,24,5
s,4,69764897875.3519,198272,25192448,1189632,1024,128,2,6
l,4,348824489376.75946,198272,25192448,1189632,1024,128,2,6
s,4,49910958849.41265,198272,39354880,1189632,1280,128,2,6
m,4,99821917698.8253,198272,39354880,1189632,1280,128,2,6
l,4,249554794247.06323,198272,39354880,1189632,1280,128,2,6
xl,4,499109588494.12646,198272,39354880,1189632,1280,128,2,6
s,4,37151032917.59841,198272,56663040,1189632,1536,128,2,6
m,4,74302065835.19682,198272,56663040,1189632,1536,128,2,6
l,4,185755164587.99207,198272,56663040,1189632,1536,128,2,6
xl,4,371510329175.98413,198272,56663040,1189632,1536,128,2,6
s,4,28589176732.34401,198272,77116928,1189632,1792,128,2,6
m,4,57178353464.68802,198272,77116928,1189632,1792,128,2,6
l,4,142945883661.72006,198272,77116928,1189632,1792,128,2,6
xl,4,285891767323.4401,198272,77116928,1189632,1792,128,2,6
s,4,22614692675.372417,198272,100716544,1189632,2048,128,2,6
m,4,45229385350.744835,198272,100716544,1189632,2048,128,2,6
l,4,113073463376.86209,198272,100716544,1189632,2048,128,2,6
xl,4,226146926753.72418,198272,100716544,1189632,2048,128,2,6
s,4,18974237539.238724,789760,100716544,4738560,2048,256,2,6
m,4,37948475078.47745,789760,100716544,4738560,2048,256,2,6
l,4,94871187696.19362,789760,100716544,4738560,2048,256,2,6
xl,4,189742375392.38724,789760,100716544,4738560,2048,256,2,6
s,4,61348488864.0223,198272,28351488,1189632,768,128,4,6
m,4,122696977728.0446,198272,28351488,1189632,768,128,4,6
l,4,306742444320.1115,198272,28351488,1189632,768,128,4,6
xl,4,613484888640.223,198272,28351488,1189632,768,128,4,6
s,4,39456024524.60225,198272,50384896,1189632,1024,128,4,6
m,4,78912049049.2045,198272,50384896,1189632,1024,128,4,6
l,4,197280122623.01126,198272,50384896,1189632,1024,128,4,6
xl,4,394560245246.0225,198272,50384896,1189632,1024,128,4,6
s,4,27212128336.751175,198272,78709760,1189632,1280,128,4,6
m,4,54424256673.50235,198272,78709760,1189632,1280,128,4,6
l,4,136060641683.75589,198272,78709760,1189632,1280,128,4,6
xl,4,272121283367.51178,198272,78709760,1189632,1280,128,4,6
s,4,19797564361.089836,198272,113326080,1189632,1536,128,4,6
m,4,39595128722.17967,198272,113326080,1189632,1536,128,4,6
l,4,98987821805.44917,198272,113326080,1189632,1536,128,4,6
xl,4,197975643610.89835,198272,113326080,1189632,1536,128,4,6
s,4,15007465313.54557,198272,154233856,1189632,1792,128,4,6
m,4,30014930627.09114,198272,154233856,1189632,1792,128,4,6
l,4,75037326567.72784,198272,154233856,1189632,1792,128,4,6
xl,4,150074653135.4557,198272,154233856,1189632,1792,128,4,6
s,4,11748804911.564396,198272,201433088,1189632,2048,128,4,6
m,4,23497609823.12879,198272,201433088,1189632,2048,128,4,6
l,4,58744024557.821976,198272,201433088,1189632,2048,128,4,6
xl,4,117488049115.64395,198272,201433088,1189632,2048,128,4,6
s,4,16950513180.176632,789760,113326080,4738560,1536,256,4,6
m,4,33901026360.353264,789760,113326080,4738560,1536,256,4,6
l,4,84752565900.88316,789760,113326080,4738560,1536,256,4,6
xl,4,169505131801.76633,789760,113326080,4738560,1536,256,4,6
s,4,13312476410.291801,789760,154233856,4738560,1792,256,4,6
m,4,26624952820.583603,789760,154233856,4738560,1792,256,4,6
l,4,66562382051.45901,789760,154233856,4738560,1792,256,4,6
xl,4,133124764102.91801,789760,154233856,4738560,1792,256,4,6
s,4,10683870261.917215,789760,201433088,4738560,2048,256,4,6
m,4,21367740523.83443,789760,201433088,4738560,2048,256,4,6
l,4,53419351309.58608,789760,201433088,4738560,2048,256,4,6
xl,4,106838702619.17216,789760,201433088,4738560,2048,256,4,6
s,4,9324530976.091902,1774464,201433088,10646784,2048,384,4,6
m,4,18649061952.183804,1774464,201433088,10646784,2048,384,4,6
l,4,46622654880.45951,1774464,201433088,10646784,2048,384,4,6
xl,4,93245309760.91902,1774464,201433088,10646784,2048,384,4,6
s,4,43880896714.90055,198272,42527232,1189632,768,128,6,6
m,4,87761793429.8011,198272,42527232,1189632,768,128,6,6
l,4,219404483574.50275,198272,42527232,1189632,768,128,6,6
xl,4,438808967149.0055,198272,42527232,1189632,768,128,6,6
s,4,27506163581.13526,198272,75577344,1189632,1024,128,6,6
m,4,55012327162.27052,198272,75577344,1189632,1024,128,6,6
l,4,137530817905.6763,198272,75577344,1189632,1024,128,6,6
xl,4,275061635811.3526,198272,75577344,1189632,1024,128,6,6
s,4,18705238364.59353,198272,118064640,1189632,1280,128,6,6
m,4,37410476729.18706,198272,118064640,1189632,1280,128,6,6
l,4,93526191822.96764,198272,118064640,1189632,1280,128,6,6
xl,4,187052383645.93527,198272,118064640,1189632,1280,128,6,6
s,4,13494297633.68315,198272,169989120,1189632,1536,128,6,6
m,4,26988595267.3663,198272,169989120,1189632,1536,128,6,6
l,4,67471488168.41574,198272,169989120,1189632,1536,128,6,6
xl,4,134942976336.83148,198272,169989120,1189632,1536,128,6,6
s,4,10174105810.049282,198272,231350784,1189632,1792,128,6,6
m,4,20348211620.098564,198272,231350784,1189632,1792,128,6,6
l,4,50870529050.24641,198272,231350784,1189632,1792,128,6,6
xl,4,101741058100.49281,198272,231350784,1189632,1792,128,6,6
s,4,7935812608.165126,198272,302149632,1189632,2048,128,6,6
m,4,15871625216.330252,198272,302149632,1189632,2048,128,6,6
l,4,39679063040.82563,198272,302149632,1189632,2048,128,6,6
xl,4,79358126081.65126,198272,302149632,1189632,2048,128,6,6
s,4,16143363398.733328,789760,118064640,4738560,1280,256,6,6
m,4,32286726797.466656,789760,118064640,4738560,1280,256,6,6
l,4,80716816993.66664,789760,118064640,4738560,1280,256,6,6
xl,4,161433633987.33328,789760,118064640,4738560,1280,256,6,6
s,4,12108094871.669693,789760,169989120,4738560,1536,256,6,6
m,4,24216189743.339386,789760,169989120,4738560,1536,256,6,6
l,4,60540474358.348465,789760,169989120,4738560,1536,256,6,6
xl,4,121080948716.69693,789760,169989120,4738560,1536,256,6,6
s,4,9365686761.084778,789760,231350784,4738560,1792,256,6,6
m,4,18731373522.169556,789760,231350784,4738560,1792,256,6,6
l,4,46828433805.42389,789760,231350784,4738560,1792,256,6,6
xl,4,93656867610.84778,789760,231350784,4738560,1792,256,6,6
s,4,7435218428.872916,789760,302149632,4738560,2048,256,6,6
m,4,14870436857.745832,789760,302149632,4738560,2048,256,6,6
l,4,37176092144.36458,789760,302149632,4738560,2048,256,6,6
xl,4,74352184288.72916,789760,302149632,4738560,2048,256,6,6
s,4,8304427282.8471985,1774464,231350784,10646784,1792,384,6,6
m,4,16608854565.694397,1774464,231350784,10646784,1792,384,6,6
l,4,41522136414.23599,1774464,231350784,10646784,1792,384,6,6
xl,4,83044272828.47198,1774464,231350784,10646784,1792,384,6,6
s,4,6750371270.419873,1774464,302149632,10646784,2048,384,6,6
m,4,13500742540.839746,1774464,302149632,10646784,2048,384,6,6
l,4,33751856352.099365,1774464,302149632,10646784,2048,384,6,6
xl,4,67503712704.19873,1774464,302149632,10646784,2048,384,6,6
s,4,62863476621.82741,198272,25219072,1189632,512,128,8,6
m,4,125726953243.65482,198272,25219072,1189632,512,128,8,6
l,4,314317383109.137,198272,25219072,1189632,512,128,8,6
xl,4,628634766218.274,198272,25219072,1189632,512,128,8,6
s,4,34155805120.6383,198272,56702976,1189632,768,128,8,6
m,4,68311610241.2766,198272,56702976,1189632,768,128,8,6
l,4,170779025603.19153,198272,56702976,1189632,768,128,8,6
xl,4,341558051206.38306,198272,56702976,1189632,768,128,8,6
s,4,21112054679.20824,198272,100769792,1189632,1024,128,8,6
m,4,42224109358.41648,198272,100769792,1189632,1024,128,8,6
l,4,105560273396.0412,198272,100769792,1189632,1024,128,8,6
xl,4,211120546792.0824,198272,100769792,1189632,1024,128,8,6
s,4,14250373359.782026,198272,157419520,1189632,1280,128,8,6
m,4,28500746719.564053,198272,157419520,1189632,1280,128,8,6
l,4,71251866798.91013,198272,157419520,1189632,1280,128,8,6
xl,4,142503733597.82025,198272,157419520,1189632,1280,128,8,6
s,4,10235468173.58961,198272,226652160,1189632,1536,128,8,6
m,4,20470936347.17922,198272,226652160,1189632,1536,128,8,6
l,4,51177340867.94805,198272,226652160,1189632,1536,128,8,6
xl,4,102354681735.8961,198272,226652160,1189632,1536,128,8,6
s,4,7695624624.915256,198272,308467712,1189632,1792,128,8,6
m,4,15391249249.830511,198272,308467712,1189632,1792,128,8,6
l,4,38478123124.57628,198272,308467712,1189632,1792,128,8,6
xl,4,76956246249.15256,198272,308467712,1189632,1792,128,8,6
s,4,5991359022.363586,198272,402866176,1189632,2048,128,8,6
m,4,11982718044.727173,198272,402866176,1189632,2048,128,8,6
l,4,29956795111.817932,198272,402866176,1189632,2048,128,8,6
xl,4,59913590223.635864,198272,402866176,1189632,2048,128,8,6
s,4,17905005494.688087,789760,100769792,4738560,1024,256,8,6
m,4,35810010989.376175,789760,100769792,4738560,1024,256,8,6
l,4,89525027473.44043,789760,100769792,4738560,1024,256,8,6
xl,4,179050054946.88086,789760,100769792,4738560,1024,256,8,6
s,4,12713329671.894388,789760,157419520,4738560,1280,256,8,6
m,4,25426659343.788776,789760,157419520,4738560,1280,256,8,6
l,4,63566648359.47194,789760,157419520,4738560,1280,256,8,6
xl,4,127133296718.94388,789760,157419520,4738560,1280,256,8,6
s,4,9417660116.797068,789760,226652160,4738560,1536,256,8,6
m,4,18835320233.594135,789760,226652160,4738560,1536,256,8,6
l,4,47088300583.98534,789760,226652160,4738560,1536,256,8,6
xl,4,94176601167.97067,789760,226652160,4738560,1536,256,8,6
s,4,7223973698.72539,789760,308467712,4738560,1792,256,8,6
m,4,14447947397.45078,789760,308467712,4738560,1792,256,8,6
l,4,36119868493.62695,789760,308467712,4738560,1792,256,8,6
xl,4,72239736987.2539,789760,308467712,4738560,1792,256,8,6
s,4,5701545529.349731,789760,402866176,4738560,2048,256,8,6
m,4,11403091058.699463,789760,402866176,4738560,2048,256,8,6
l,4,28507727646.74866,789760,402866176,4738560,2048,256,8,6
xl,4,57015455293.49732,789760,402866176,4738560,2048,256,8,6
s,4,8345263722.350806,1774464,226652160,10646784,1536,384,8,6
m,4,16690527444.701612,1774464,226652160,10646784,1536,384,8,6
l,4,41726318611.75403,1774464,226652160,10646784,1536,384,8,6
xl,4,83452637223.50806,1774464,226652160,10646784,1536,384,8,6
s,4,6575792372.459614,1774464,308467712,10646784,1792,384,8,6
m,4,13151584744.919228,1774464,308467712,10646784,1792,384,8,6
l,4,32878961862.29807,1774464,308467712,10646784,1792,384,8,6
xl,4,65757923724.59614,1774464,308467712,10646784,1792,384,8,6
s,4,5289997672.401024,1774464,402866176,10646784,2048,384,8,6
m,4,10579995344.802048,1774464,402866176,10646784,2048,384,8,6
l,4,26449988362.00512,1774464,402866176,10646784,2048,384,8,6
xl,4,52899976724.01024,1774464,402866176,10646784,2048,384,8,6
s,4,4811348932.881297,3152384,402866176,18914304,2048,512,8,6
m,4,9622697865.762594,3152384,402866176,18914304,2048,512,8,6
l,4,24056744664.406487,3152384,402866176,18914304,2048,512,8,6
xl,4,48113489328.81297,3152384,402866176,18914304,2048,512,8,6
s,4,52483520174.66515,198272,31523840,1189632,512,128,10,6
m,4,104967040349.3303,198272,31523840,1189632,512,128,10,6
l,4,262417600873.32578,198272,31523840,1189632,512,128,10,6
xl,4,524835201746.65155,198272,31523840,1189632,512,128,10,6
s,4,27959327007.81519,198272,70878720,1189632,768,128,10,6
m,4,55918654015.63038,198272,70878720,1189632,768,128,10,6
l,4,139796635039.07596,198272,70878720,1189632,768,128,10,6
xl,4,279593270078.1519,198272,70878720,1189632,768,128,10,6
s,4,17129998876.272074,198272,125962240,1189632,1024,128,10,6
m,4,34259997752.544147,198272,125962240,1189632,1024,128,10,6
l,4,85649994381.36037,198272,125962240,1189632,1024,128,10,6
xl,4,171299988762.72073,198272,125962240,1189632,1024,128,10,6
s,4,11509302278.473553,198272,196774400,1189632,1280,128,10,6
m,4,23018604556.947105,198272,196774400,1189632,1280,128,10,6
l,4,57546511392.36777,198272,196774400,1189632,1280,128,10,6
xl,4,115093022784.73553,198272,196774400,1189632,1280,128,10,6
s,4,8244458075.2817955,198272,283315200,1189632,1536,128,10,6
m,4,16488916150.563591,198272,283315200,1189632,1536,128,10,6
l,4,41222290376.40898,198272,283315200,1189632,1536,128,10,6
xl,4,82444580752.81796,198272,283315200,1189632,1536,128,10,6
s,4,6188149446.284388,198272,385584640,1189632,1792,128,10,6
m,4,12376298892.568775,198272,385584640,1189632,1792,128,10,6
l,4,30940747231.421936,198272,385584640,1189632,1792,128,10,6
xl,4,61881494462.84387,198272,385584640,1189632,1792,128,10,6
s,4,4812249137.452465,198272,503582720,1189632,2048,128,10,6
m,4,9624498274.90493,198272,503582720,1189632,2048,128,10,6
l,4,24061245687.26232,198272,503582720,1189632,2048,128,10,6
xl,4,48122491374.52464,198272,503582720,1189632,2048,128,10,6
s,4,14956375244.686298,789760,125962240,4738560,1024,256,10,6
m,4,29912750489.372597,789760,125962240,4738560,1024,256,10,6
l,4,74781876223.43149,789760,125962240,4738560,1024,256,10,6
xl,4,149563752446.86298,789760,125962240,4738560,1024,256,10,6
s,4,10485451226.71391,789760,196774400,4738560,1280,256,10,6
m,4,20970902453.42782,789760,196774400,4738560,1280,256,10,6
l,4,52427256133.56955,789760,196774400,4738560,1280,256,10,6
xl,4,104854512267.1391,789760,196774400,4738560,1280,256,10,6
s,4,7705490007.520558,789760,283315200,4738560,1536,256,10,6
m,4,15410980015.041117,789760,283315200,4738560,1536,256,10,6
l,4,38527450037.60279,789760,283315200,4738560,1536,256,10,6
xl,4,77054900075.20558,789760,283315200,4738560,1536,256,10,6
s,4,5879475456.717653,789760,385584640,4738560,1792,256,10,6
m,4,11758950913.435307,789760,385584640,4738560,1792,256,10,6
l,4,29397377283.58827,789760,385584640,4738560,1792,256,10,6
xl,4,58794754567.17654,789760,385584640,4738560,1792,256,10,6
s,4,4623485531.079439,789760,503582720,4738560,2048,256,10,6
m,4,9246971062.158878,789760,503582720,4738560,2048,256,10,6
l,4,23117427655.397198,789760,503582720,4738560,2048,256,10,6
xl,4,46234855310.794395,789760,503582720,4738560,2048,256,10,6
s,4,9173032751.396135,1774464,196774400,10646784,1280,384,10,6
m,4,18346065502.79227,1774464,196774400,10646784,1280,384,10,6
l,4,45865163756.980675,1774464,196774400,10646784,1280,384,10,6
xl,4,91730327513.96135,1774464,196774400,10646784,1280,384,10,6
s,4,6972403783.616748,1774464,283315200,10646784,1536,384,10,6
m,4,13944807567.233496,1774464,283315200,10646784,1536,384,10,6
l,4,34862018918.08374,1774464,283315200,10646784,1536,384,10,6
xl,4,69724037836.16748,1774464,283315200,10646784,1536,384,10,6
s,4,5442823789.232963,1774464,385584640,10646784,1792,384,10,6
m,4,10885647578.465925,1774464,385584640,10646784,1792,384,10,6
l,4,27214118946.164814,1774464,385584640,10646784,1792,384,10,6
xl,4,54428237892.32963,1774464,385584640,10646784,1792,384,10,6
s,4,4349111911.347703,1774464,503582720,10646784,2048,384,10,6
m,4,8698223822.695406,1774464,503582720,10646784,2048,384,10,6
l,4,21745559556.738514,1774464,503582720,10646784,2048,384,10,6
xl,4,43491119113.47703,1774464,503582720,10646784,2048,384,10,6
s,4,4937440651.963364,3152384,385584640,18914304,1792,512,10,6
m,4,9874881303.926727,3152384,385584640,18914304,1792,512,10,6
l,4,24687203259.81682,3152384,385584640,18914304,1792,512,10,6
xl,4,49374406519.63364,3152384,385584640,18914304,1792,512,10,6
s,4,4020295739.3870625,3152384,503582720,18914304,2048,512,10,6
m,4,8040591478.774125,3152384,503582720,18914304,2048,512,10,6
l,4,20101478696.935314,3152384,503582720,18914304,2048,512,10,6
xl,4,40202957393.87063,3152384,503582720,18914304,2048,512,10,6
m,4,7333937649.795676,4923520,503582720,29541120,2048,640,10,6
l,4,18334844124.489193,4923520,503582720,29541120,2048,640,10,6
xl,4,36669688248.978386,4923520,503582720,29541120,2048,640,10,6
s,4,45045629420.77807,198272,37828608,1189632,512,128,12,6
m,4,90091258841.55614,198272,37828608,1189632,512,128,12,6
l,4,225228147103.89035,198272,37828608,1189632,512,128,12,6
xl,4,450456294207.7807,198272,37828608,1189632,512,128,12,6
s,4,23665905571.143497,198272,85054464,1189632,768,128,12,6
m,4,47331811142.286995,198272,85054464,1189632,768,128,12,6
l,4,118329527855.7175,198272,85054464,1189632,768,128,12,6
xl,4,236659055711.435,198272,85054464,1189632,768,128,12,6
s,4,14411727133.661966,198272,151154688,1189632,1024,128,12,6
m,4,28823454267.323933,198272,151154688,1189632,1024,128,12,6
l,4,72058635668.30983,198272,151154688,1189632,1024,128,12,6
xl,4,144117271336.61966,198272,151154688,1189632,1024,128,12,6
s,4,9652614005.09349,198272,236129280,1189632,1280,128,12,6
m,4,19305228010.18698,198272,236129280,1189632,1280,128,12,6
l,4,48263070025.46745,198272,236129280,1189632,1280,128,12,6
xl,4,96526140050.9349,198272,236129280,1189632,1280,128,12,6
s,4,6901896552.828442,198272,339978240,1189632,1536,128,12,6
m,4,13803793105.656883,198272,339978240,1189632,1536,128,12,6
l,4,34509482764.142204,198272,339978240,1189632,1536,128,12,6
xl,4,69018965528.28441,198272,339978240,1189632,1536,128,12,6
s,4,5174525570.518352,198272,462701568,1189632,1792,128,12,6
m,4,10349051141.036703,198272,462701568,1189632,1792,128,12,6
l,4,25872627852.59176,198272,462701568,1189632,1792,128,12,6
xl,4,51745255705.18352,198272,462701568,1189632,1792,128,12,6
s,4,4020924246.4305453,198272,604299264,1189632,2048,128,12,6
m,4,8041848492.861091,198272,604299264,1189632,2048,128,12,6
l,4,20104621232.152725,198272,604299264,1189632,2048,128,12,6
xl,4,40209242464.30545,198272,604299264,1189632,2048,128,12,6
s,4,19708751947.224693,789760,85054464,4738560,768,256,12,6
m,4,39417503894.44939,789760,85054464,4738560,768,256,12,6
l,4,98543759736.12346,789760,85054464,4738560,768,256,12,6
xl,4,197087519472.24692,789760,85054464,4738560,768,256,12,6
s,4,12841596746.7407,789760,151154688,4738560,1024,256,12,6
m,4,25683193493.4814,789760,151154688,4738560,1024,256,12,6
l,4,64207983733.7035,789760,151154688,4738560,1024,256,12,6
xl,4,128415967467.407,789760,151154688,4738560,1024,256,12,6
s,4,8921969171.384604,789760,236129280,4738560,1280,256,12,6
m,4,17843938342.769207,789760,236129280,4738560,1280,256,12,6
l,4,44609845856.92302,789760,236129280,4738560,1280,256,12,6
xl,4,89219691713.84604,789760,236129280,4738560,1280,256,12,6
s,4,6520107175.956933,789760,339978240,4738560,1536,256,12,6
m,4,13040214351.913866,789760,339978240,4738560,1536,256,12,6
l,4,32600535879.784664,789760,339978240,4738560,1536,256,12,6
xl,4,65201071759.56933,789760,339978240,4738560,1536,256,12,6
s,4,4956913712.901268,789760,462701568,4738560,1792,256,12,6
m,4,9913827425.802536,789760,462701568,4738560,1792,256,12,6
l,4,24784568564.50634,789760,462701568,4738560,1792,256,12,6
xl,4,49569137129.01268,789760,462701568,4738560,1792,256,12,6
m,4,7776562560.26836,789760,604299264,4738560,2048,256,12,6
l,4,19441406400.6709,789760,604299264,4738560,2048,256,12,6
xl,4,38882812801.3418,789760,604299264,4738560,2048,256,12,6
s,4,7953687902.377071,1774464,236129280,10646784,1280,384,12,6
m,4,15907375804.754143,1774464,236129280,10646784,1280,384,12,6
l,4,39768439511.88535,1774464,236129280,10646784,1280,384,12,6
xl,4,79536879023.7707,1774464,236129280,10646784,1280,384,12,6
s,4,5987426213.354317,1774464,339978240,10646784,1536,384,12,6
m,4,11974852426.708633,1774464,339978240,10646784,1536,384,12,6
l,4,29937131066.771587,1774464,339978240,10646784,1536,384,12,6
xl,4,59874262133.543175,1774464,339978240,10646784,1536,384,12,6
s,4,4642883514.435505,1774464,462701568,10646784,1792,384,12,6
m,4,9285767028.87101,1774464,462701568,10646784,1792,384,12,6
l,4,23214417572.177525,1774464,462701568,10646784,1792,384,12,6
xl,4,46428835144.35505,1774464,462701568,10646784,1792,384,12,6
m,4,7384760807.597442,1774464,604299264,10646784,2048,384,12,6
l,4,18461902018.993607,1774464,604299264,10646784,2048,384,12,6
xl,4,36923804037.98721,1774464,604299264,10646784,2048,384,12,6
s,4,5381476973.478015,3152384,339978240,18914304,1536,512,12,6
m,4,10762953946.95603,3152384,339978240,18914304,1536,512,12,6
l,4,26907384867.390076,3152384,339978240,18914304,1536,512,12,6
xl,4,53814769734.78015,3152384,339978240,18914304,1536,512,12,6
s,4,4270049693.8135247,3152384,462701568,18914304,1792,512,12,6
m,4,8540099387.627049,3152384,462701568,18914304,1792,512,12,6
l,4,21350248469.067623,3152384,462701568,18914304,1792,512,12,6
xl,4,42700496938.13525,3152384,462701568,18914304,1792,512,12,6
m,4,6905268554.180394,3152384,604299264,18914304,2048,512,12,6
l,4,17263171385.450985,3152384,604299264,18914304,2048,512,12,6
xl,4,34526342770.90197,3152384,604299264,18914304,2048,512,12,6
l,4,15943836877.967148,4923520,604299264,29541120,2048,640,12,6
xl,4,31887673755.934296,4923520,604299264,29541120,2048,640,12,6
s,4,39454231198.00722,198272,44133376,1189632,512,128,14,6
m,4,78908462396.01443,198272,44133376,1189632,512,128,14,6
l,4,197271155990.03607,198272,44133376,1189632,512,128,14,6
xl,4,394542311980.07214,198272,44133376,1189632,512,128,14,6
s,4,20515547502.51931,198272,99230208,1189632,768,128,14,6
m,4,41031095005.03862,198272,99230208,1189632,768,128,14,6
l,4,102577737512.59654,198272,99230208,1189632,768,128,14,6
xl,4,205155475025.19308,198272,99230208,1189632,768,128,14,6
s,4,12438004012.798607,198272,176347136,1189632,1024,128,14,6
m,4,24876008025.597214,198272,176347136,1189632,1024,128,14,6
l,4,62190020063.993034,198272,176347136,1189632,1024,128,14,6
xl,4,124380040127.98607,198272,176347136,1189632,1024,128,14,6
s,4,8311756014.719123,198272,275484160,1189632,1280,128,14,6
m,4,16623512029.438246,198272,275484160,1189632,1280,128,14,6
l,4,41558780073.59561,198272,275484160,1189632,1280,128,14,6
xl,4,83117560147.19122,198272,275484160,1189632,1280,128,14,6
s,4,5935358344.6485,198272,396641280,1189632,1536,128,14,6
m,4,11870716689.297,198272,396641280,1189632,1536,128,14,6
l,4,29676791723.242504,198272,396641280,1189632,1536,128,14,6
xl,4,59353583446.48501,198272,396641280,1189632,1536,128,14,6
s,4,4446229575.977669,198272,539818496,1189632,1792,128,14,6
m,4,8892459151.955338,198272,539818496,1189632,1792,128,14,6
l,4,22231147879.888344,198272,539818496,1189632,1792,128,14,6
xl,4,44462295759.77669,198272,539818496,1189632,1792,128,14,6
m,4,6906195630.9748955,198272,705015808,1189632,2048,128,14,6
l,4,17265489077.437237,198272,705015808,1189632,2048,128,14,6
xl,4,34530978154.87447,198272,705015808,1189632,2048,128,14,6
s,4,17474110358.09345,789760,99230208,4738560,768,256,14,6
m,4,34948220716.1869,789760,99230208,4738560,768,256,14,6
l,4,87370551790.46724,789760,99230208,4738560,768,256,14,6
xl,4,174741103580.93448,789760,99230208,4738560,768,256,14,6
s,4,11250776753.62707,789760,176347136,4738560,1024,256,14,6
m,4,22501553507.25414,789760,176347136,4738560,1024,256,14,6
l,4,56253883768.13535,789760,176347136,4738560,1024,256,14,6
xl,4,112507767536.2707,789760,176347136,4738560,1024,256,14,6
s,4,7764245215.982668,789760,275484160,4738560,1280,256,14,6
m,4,15528490431.965336,789760,275484160,4738560,1280,256,14,6
l,4,38821226079.91334,789760,275484160,4738560,1280,256,14,6
xl,4,77642452159.82668,789760,275484160,4738560,1280,256,14,6
s,4,5650808599.065998,789760,396641280,4738560,1536,256,14,6
m,4,11301617198.131996,789760,396641280,4738560,1536,256,14,6
l,4,28254042995.32999,789760,396641280,4738560,1536,256,14,6
xl,4,56508085990.65998,789760,396641280,4738560,1536,256,14,6
s,4,4284606457.8685393,789760,539818496,4738560,1792,256,14,6
m,4,8569212915.737079,789760,539818496,4738560,1792,256,14,6
l,4,21423032289.342697,789760,539818496,4738560,1792,256,14,6
xl,4,42846064578.685394,789760,539818496,4738560,1792,256,14,6
m,4,6709629767.997106,789760,705015808,4738560,2048,256,14,6
l,4,16774074419.992764,789760,705015808,4738560,2048,256,14,6
xl,4,33548148839.985527,789760,705015808,4738560,2048,256,14,6
s,4,7020476201.708952,1774464,275484160,10646784,1280,384,14,6
m,4,14040952403.417904,1774464,275484160,10646784,1280,384,14,6
l,4,35102381008.54476,1774464,275484160,10646784,1280,384,14,6
xl,4,70204762017.08952,1774464,275484160,10646784,1280,384,14,6
s,4,5246292885.506415,1774464,396641280,10646784,1536,384,14,6
m,4,10492585771.01283,1774464,396641280,10646784,1536,384,14,6
l,4,26231464427.532074,1774464,396641280,10646784,1536,384,14,6
xl,4,52462928855.06415,1774464,396641280,10646784,1536,384,14,6
s,4,4047950008.0117025,1774464,539818496,10646784,1792,384,14,6
m,4,8095900016.023405,1774464,539818496,10646784,1792,384,14,6
l,4,20239750040.058514,1774464,539818496,10646784,1792,384,14,6
xl,4,40479500080.11703,1774464,539818496,10646784,1792,384,14,6
l,4,16039830106.119516,1774464,705015808,10646784,2048,384,14,6
xl,4,32079660212.239033,1774464,705015808,10646784,2048,384,14,6
s,4,4775168269.28954,3152384,396641280,18914304,1536,512,14,6
m,4,9550336538.57908,3152384,396641280,18914304,1536,512,14,6
l,4,23875841346.447704,3152384,396641280,18914304,1536,512,14,6
xl,4,47751682692.89541,3152384,396641280,18914304,1536,512,14,6
m,4,7523193705.265586,3152384,539818496,18914304,1792,512,14,6
l,4,18807984263.163963,3152384,539818496,18914304,1792,512,14,6
xl,4,37615968526.32793,3152384,539818496,18914304,1792,512,14,6
l,4,15127223580.848597,3152384,705015808,18914304,2048,512,14,6
xl,4,30254447161.697193,3152384,705015808,18914304,2048,512,14,6
m,4,6901039208.171449,4923520,539818496,29541120,1792,640,14,6
l,4,17252598020.428623,4923520,539818496,29541120,1792,640,14,6
xl,4,34505196040.85725,4923520,539818496,29541120,1792,640,14,6
l,4,14104499673.903967,4923520,705015808,29541120,2048,640,14,6
xl,4,28208999347.807934,4923520,705015808,29541120,2048,640,14,6
s,4,35097650085.975204,198272,50438144,1189632,512,128,16,6
m,4,70195300171.95041,198272,50438144,1189632,512,128,16,6
l,4,175488250429.876,198272,50438144,1189632,512,128,16,6
xl,4,350976500859.752,198272,50438144,1189632,512,128,16,6
s,4,18105393669.19563,198272,113405952,1189632,768,128,16,6
m,4,36210787338.39126,198272,113405952,1189632,768,128,16,6
l,4,90526968345.97813,198272,113405952,1189632,768,128,16,6
xl,4,181053936691.95627,198272,113405952,1189632,768,128,16,6
s,4,10939773831.99098,198272,201539584,1189632,1024,128,16,6
m,4,21879547663.98196,198272,201539584,1189632,1024,128,16,6
l,4,54698869159.954895,198272,201539584,1189632,1024,128,16,6
xl,4,109397738319.90979,198272,201539584,1189632,1024,128,16,6
s,4,7297983071.014629,198272,314839040,1189632,1280,128,16,6
m,4,14595966142.029259,198272,314839040,1189632,1280,128,16,6
l,4,36489915355.07315,198272,314839040,1189632,1280,128,16,6
xl,4,72979830710.1463,198272,314839040,1189632,1280,128,16,6
s,4,5206274251.86672,198272,453304320,1189632,1536,128,16,6
m,4,10412548503.73344,198272,453304320,1189632,1536,128,16,6
l,4,26031371259.3336,198272,453304320,1189632,1536,128,16,6
xl,4,52062742518.6672,198272,453304320,1189632,1536,128,16,6
m,4,7795298699.008301,198272,616935424,1189632,1792,128,16,6
l,4,19488246747.520752,198272,616935424,1189632,1792,128,16,6
xl,4,38976493495.041504,198272,616935424,1189632,1792,128,16,6
l,4,15129003194.761347,198272,805732352,1189632,2048,128,16,6
xl,4,30258006389.522694,198272,805732352,1189632,2048,128,16,6
s,4,15694605575.728355,789760,113405952,4738560,768,256,16,6
m,4,31389211151.45671,789760,113405952,4738560,768,256,16,6
l,4,78473027878.64177,789760,113405952,4738560,768,256,16,6
xl,4,156946055757.28354,789760,113405952,4738560,768,256,16,6
s,4,10010654539.839842,789760,201539584,4738560,1024,256,16,6
m,4,20021309079.679684,789760,201539584,4738560,1024,256,16,6
l,4,50053272699.19921,789760,201539584,4738560,1024,256,16,6
xl,4,100106545398.39842,789760,201539584,4738560,1024,256,16,6
s,4,6872466808.734301,789760,314839040,4738560,1280,256,16,6
m,4,13744933617.468601,789760,314839040,4738560,1280,256,16,6
l,4,34362334043.6715,789760,314839040,4738560,1280,256,16,6
xl,4,68724668087.343,789760,314839040,4738560,1280,256,16,6
s,4,4986040681.62447,789760,453304320,4738560,1536,256,16,6
m,4,9972081363.24894,789760,453304320,4738560,1536,256,16,6
l,4,24930203408.12235,789760,453304320,4738560,1536,256,16,6
xl,4,49860406816.2447,789760,453304320,4738560,1536,256,16,6
m,4,7545777515.707894,789760,616935424,4738560,1792,256,16,6
l,4,18864443789.269737,789760,616935424,4738560,1792,256,16,6
xl,4,37728887578.539474,789760,616935424,4738560,1792,256,16,6
l,4,14750348580.237648,789760,805732352,4738560,2048,256,16,6
xl,4,29500697160.475296,789760,805732352,4738560,2048,256,16,6
s,4,8807582920.222464,1774464,201539584,10646784,1024,384,16,6
m,4,17615165840.444927,1774464,201539584,10646784,1024,384,16,6
l,4,44037914601.11232,1774464,201539584,10646784,1024,384,16,6
xl,4,88075829202.22464,1774464,201539584,10646784,1024,384,16,6
s,4,6283257280.787207,1774464,314839040,10646784,1280,384,16,6
m,4,12566514561.574413,1774464,314839040,10646784,1280,384,16,6
l,4,31416286403.936035,1774464,314839040,10646784,1280,384,16,6
xl,4,62832572807.87207,1774464,314839040,10646784,1280,384,16,6
s,4,4668427373.387395,1774464,453304320,10646784,1536,384,16,6
m,4,9336854746.77479,1774464,453304320,10646784,1536,384,16,6
l,4,23342136866.936974,1774464,453304320,10646784,1536,384,16,6
xl,4,46684273733.87395,1774464,453304320,10646784,1536,384,16,6
m,4,7176333302.446395,1774464,616935424,10646784,1792,384,16,6
l,4,17940833256.115986,1774464,616935424,10646784,1792,384,16,6
xl,4,35881666512.23197,1774464,616935424,10646784,1792,384,16,6
l,4,14179570075.435312,1774464,805732352,10646784,2048,384,16,6
xl,4,28359140150.870625,1774464,805732352,10646784,2048,384,16,6
s,4,4291646272.7635784,3152384,453304320,18914304,1536,512,16,6
m,4,8583292545.527157,3152384,453304320,18914304,1536,512,16,6
l,4,21458231363.817894,3152384,453304320,18914304,1536,512,16,6
xl,4,42916462727.63579,3152384,453304320,18914304,1536,512,16,6
m,4,6722694137.423485,3152384,616935424,18914304,1792,512,16,6
l,4,16806735343.558712,3152384,616935424,18914304,1792,512,16,6
xl,4,33613470687.117424,3152384,616935424,18914304,1792,512,16,6
l,4,13461634556.89899,3152384,805732352,18914304,2048,512,16,6
xl,4,26923269113.79798,3152384,805732352,18914304,2048,512,16,6
l,4,15553712668.725431,4923520,616935424,29541120,1792,640,16,6
xl,4,31107425337.450863,4923520,616935424,29541120,1792,640,16,6
xl,4,25291305253.91459,4923520,805732352,29541120,2048,640,16,6
xl,4,23555980693.89512,7087872,805732352,42527232,2048,768,16,6
s,4,31607512574.732803,198272,56742912,1189632,512,128,18,6
m,4,63215025149.46561,198272,56742912,1189632,512,128,18,6
l,4,158037562873.664,198272,56742912,1189632,512,128,18,6
xl,4,316075125747.328,198272,56742912,1189632,512,128,18,6
s,4,16201993493.279413,198272,127581696,1189632,768,128,18,6
m,4,32403986986.558826,198272,127581696,1189632,768,128,18,6
l,4,81009967466.39706,198272,127581696,1189632,768,128,18,6
xl,4,162019934932.79413,198272,127581696,1189632,768,128,18,6
s,4,9763681417.167894,198272,226732032,1189632,1024,128,18,6
m,4,19527362834.33579,198272,226732032,1189632,1024,128,18,6
l,4,48818407085.83948,198272,226732032,1189632,1024,128,18,6
xl,4,97636814171.67896,198272,226732032,1189632,1024,128,18,6
s,4,6504623486.374115,198272,354193920,1189632,1280,128,18,6
m,4,13009246972.74823,198272,354193920,1189632,1280,128,18,6
l,4,32523117431.870575,198272,354193920,1189632,1280,128,18,6
xl,4,65046234863.74115,198272,354193920,1189632,1280,128,18,6
s,4,4636712465.515842,198272,509967360,1189632,1536,128,18,6
m,4,9273424931.031685,198272,509967360,1189632,1536,128,18,6
l,4,23183562327.57921,198272,509967360,1189632,1536,128,18,6
xl,4,46367124655.15842,198272,509967360,1189632,1536,128,18,6
m,4,6939140627.9578085,198272,694052352,1189632,1792,128,18,6
l,4,17347851569.894524,198272,694052352,1189632,1792,128,18,6
xl,4,34695703139.78905,198272,694052352,1189632,1792,128,18,6
l,4,13463043836.963186,198272,906448896,1189632,2048,128,18,6
xl,4,26926087673.926373,198272,906448896,1189632,2048,128,18,6
s,4,14244040293.541182,789760,127581696,4738560,768,256,18,6
m,4,28488080587.082363,789760,127581696,4738560,768,256,18,6
l,4,71220201467.70592,789760,127581696,4738560,768,256,18,6
xl,4,142440402935.41183,789760,127581696,4738560,768,256,18,6
s,4,9016776108.688364,789760,226732032,4738560,1024,256,18,6
m,4,18033552217.376728,789760,226732032,4738560,1024,256,18,6
l,4,45083880543.44182,789760,226732032,4738560,1024,256,18,6
xl,4,90167761086.88364,789760,226732032,4738560,1024,256,18,6
s,4,6164437606.028327,789760,354193920,4738560,1280,256,18,6
m,4,12328875212.056654,789760,354193920,4738560,1280,256,18,6
l,4,30822188030.141636,789760,354193920,4738560,1280,256,18,6
xl,4,61644376060.28327,789760,354193920,4738560,1280,256,18,6
s,4,4461217671.161575,789760,509967360,4738560,1536,256,18,6
m,4,8922435342.32315,789760,509967360,4738560,1536,256,18,6
l,4,22306088355.807877,789760,509967360,4738560,1536,256,18,6
xl,4,44612176711.61575,789760,509967360,4738560,1536,256,18,6
m,4,6740721854.736042,789760,694052352,4738560,1792,256,18,6
l,4,16851804636.840105,789760,694052352,4738560,1792,256,18,6
xl,4,33703609273.68021,789760,694052352,4738560,1792,256,18,6
l,4,13162361626.724691,789760,906448896,4738560,2048,256,18,6
xl,4,26324723253.449383,789760,906448896,4738560,2048,256,18,6
s,4,8028946342.744287,1774464,226732032,10646784,1024,384,18,6
m,4,16057892685.488573,1774464,226732032,10646784,1024,384,18,6
l,4,40144731713.72143,1774464,226732032,10646784,1024,384,18,6
xl,4,80289463427.44286,1774464,226732032,10646784,1024,384,18,6
s,4,5686155167.441348,1774464,354193920,10646784,1280,384,18,6
m,4,11372310334.882696,1774464,354193920,10646784,1280,384,18,6
l,4,28430775837.20674,1774464,354193920,10646784,1280,384,18,6
xl,4,56861551674.41348,1774464,354193920,10646784,1280,384,18,6
s,4,4205232008.369017,1774464,509967360,10646784,1536,384,18,6
m,4,8410464016.738034,1774464,509967360,10646784,1536,384,18,6
l,4,21026160041.845085,1774464,509967360,10646784,1536,384,18,6
xl,4,42052320083.69017,1774464,509967360,10646784,1536,384,18,6
l,4,16110889940.814003,1774464,694052352,10646784,1792,384,18,6
xl,4,32221779881.628006,1774464,694052352,10646784,1792,384,18,6
xl,4,25411927342.217342,1774464,906448896,10646784,2048,384,18,6
s,4,5136854009.787146,3152384,354193920,18914304,1280,512,18,6
m,4,10273708019.574291,3152384,354193920,18914304,1280,512,18,6
l,4,25684270048.935726,3152384,354193920,18914304,1280,512,18,6
xl,4,51368540097.87145,3152384,354193920,18914304,1280,512,18,6
m,4,7794082582.8567095,3152384,509967360,18914304,1536,512,18,6
l,4,19485206457.141773,3152384,509967360,18914304,1536,512,18,6
xl,4,38970412914.28355,3152384,509967360,18914304,1536,512,18,6
l,4,15190411442.866457,3152384,694052352,18914304,1792,512,18,6
xl,4,30380822885.732914,3152384,694052352,18914304,1792,512,18,6
xl,4,24252894437.433743,3152384,906448896,18914304,2048,512,18,6
m,4,7128299932.400906,4923520,509967360,29541120,1536,640,18,6
l,4,17820749831.002266,4923520,509967360,29541120,1536,640,18,6
xl,4,35641499662.00453,4923520,509967360,29541120,1536,640,18,6
l,4,14159416818.70482,4923520,694052352,29541120,1792,640,18,6
xl,4,28318833637.40964,4923520,694052352,29541120,1792,640,18,6
xl,4,22920597549.146347,4923520,906448896,29541120,2048,640,18,6
xl,4,21486124776.28647,7087872,906448896,42527232,2048,768,18,6
s,4,28748717807.1858,198272,63047680,1189632,512,128,20,6
m,4,57497435614.3716,198272,63047680,1189632,512,128,20,6
l,4,143743589035.929,198272,63047680,1189632,512,128,20,6
xl,4,287487178071.858,198272,63047680,1189632,512,128,20,6
s,4,14660727312.817698,198272,141757440,1189632,768,128,20,6
m,4,29321454625.635395,198272,141757440,1189632,768,128,20,6
l,4,73303636564.08849,198272,141757440,1189632,768,128,20,6
xl,4,146607273128.17697,198272,141757440,1189632,768,128,20,6
s,4,8815916608.481617,198272,251924480,1189632,1024,128,20,6
m,4,17631833216.963234,198272,251924480,1189632,1024,128,20,6
l,4,44079583042.40809,198272,251924480,1189632,1024,128,20,6
xl,4,88159166084.81618,198272,251924480,1189632,1024,128,20,6
s,4,5866842390.329942,198272,393548800,1189632,1280,128,20,6
m,4,11733684780.659883,198272,393548800,1189632,1280,128,20,6
l,4,29334211951.649708,198272,393548800,1189632,1280,128,20,6
xl,4,58668423903.299416,198272,393548800,1189632,1280,128,20,6
s,4,4179480955.2755413,198272,566630400,1189632,1536,128,20,6
m,4,8358961910.551083,198272,566630400,1189632,1536,128,20,6
l,4,20897404776.37771,198272,566630400,1189632,1536,128,20,6
xl,4,41794809552.75542,198272,566630400,1189632,1536,128,20,6
l,4,15631088308.896315,198272,771169280,1189632,1792,128,20,6
xl,4,31262176617.79263,198272,771169280,1189632,1792,128,20,6
xl,4,24255181585.93184,198272,1007165440,1189632,2048,128,20,6
s,4,13038924841.550985,789760,141757440,4738560,768,256,20,6
m,4,26077849683.10197,789760,141757440,4738560,768,256,20,6
l,4,65194624207.75493,789760,141757440,4738560,768,256,20,6
xl,4,130389248415.50986,789760,141757440,4738560,768,256,20,6
s,4,8202422667.559091,789760,251924480,4738560,1024,256,20,6
m,4,16404845335.118181,789760,251924480,4738560,1024,256,20,6
l,4,41012113337.79545,789760,251924480,4738560,1024,256,20,6
xl,4,82024226675.5909,789760,251924480,4738560,1024,256,20,6
s,4,5588670289.913389,789760,393548800,4738560,1280,256,20,6
m,4,11177340579.826778,789760,393548800,4738560,1280,256,20,6
l,4,27943351449.566944,789760,393548800,4738560,1280,256,20,6
xl,4,55886702899.13389,789760,393548800,4738560,1280,256,20,6
s,4,4036356919.8657217,789760,566630400,4738560,1536,256,20,6
m,4,8072713839.731443,789760,566630400,4738560,1536,256,20,6
l,4,20181784599.32861,789760,566630400,4738560,1536,256,20,6
xl,4,40363569198.65722,789760,566630400,4738560,1536,256,20,6
l,4,15227219348.947447,789760,771169280,4738560,1792,256,20,6
xl,4,30454438697.894894,789760,771169280,4738560,1792,256,20,6
xl,4,23766120083.930527,789760,1007165440,4738560,2048,256,20,6
s,4,7376798611.037343,1774464,251924480,10646784,1024,384,20,6
m,4,14753597222.074686,1774464,251924480,10646784,1024,384,20,6
l,4,36883993055.186714,1774464,251924480,10646784,1024,384,20,6
xl,4,73767986110.37343,1774464,251924480,10646784,1024,384,20,6
s,4,5192690353.642983,1774464,393548800,10646784,1280,384,20,6
m,4,10385380707.285967,1774464,393548800,10646784,1280,384,20,6
l,4,25963451768.21492,1774464,393548800,10646784,1280,384,20,6
xl,4,51926903536.42984,1774464,393548800,10646784,1280,384,20,6
m,4,7651310791.959636,1774464,566630400,10646784,1536,384,20,6
l,4,19128276979.89909,1774464,566630400,10646784,1536,384,20,6
xl,4,38256553959.79818,1774464,566630400,10646784,1536,384,20,6
l,4,14619698371.061512,1774464,771169280,10646784,1792,384,20,6
xl,4,29239396742.123024,1774464,771169280,10646784,1792,384,20,6
xl,4,23019621925.729492,1774464,1007165440,10646784,2048,384,20,6
s,4,4730719856.609989,3152384,393548800,18914304,1280,512,20,6
m,4,9461439713.219978,3152384,393548800,18914304,1280,512,20,6
l,4,23653599283.049946,3152384,393548800,18914304,1280,512,20,6
xl,4,47307198566.09989,3152384,393548800,18914304,1280,512,20,6
m,4,7137783198.686191,3152384,566630400,18914304,1536,512,20,6
l,4,17844457996.715477,3152384,566630400,18914304,1536,512,20,6
xl,4,35688915993.430954,3152384,566630400,18914304,1536,512,20,6
l,4,13857699825.814257,3152384,771169280,18914304,1792,512,20,6
xl,4,27715399651.628513,3152384,771169280,18914304,1792,512,20,6
xl,4,22064440876.477257,3152384,1007165440,18914304,2048,512,20,6
l,4,16438396517.269258,4923520,566630400,29541120,1536,640,20,6
xl,4,32876793034.538517,4923520,566630400,29541120,1536,640,20,6
xl,4,25989071283.65637,4923520,771169280,29541120,1792,640,20,6
xl,4,20956241690.85017,4923520,1007165440,29541120,2048,640,20,6
xl,4,24160135698.784573,7087872,771169280,42527232,1792,768,20,6
xl,4,19750642606.90786,7087872,1007165440,42527232,2048,768,20,6
xl,4,18497915950.797318,9645440,1007165440,57872640,2048,896,20,6
s,4,26364166331.314472,198272,69352448,1189632,512,128,22,6
m,4,52728332662.628944,198272,69352448,1189632,512,128,22,6
l,4,131820831656.57236,198272,69352448,1189632,512,128,22,6
xl,4,263641663313.1447,198272,69352448,1189632,512,128,22,6
s,4,13387224946.076258,198272,155933184,1189632,768,128,22,6
m,4,26774449892.152515,198272,155933184,1189632,768,128,22,6
l,4,66936124730.38129,198272,155933184,1189632,768,128,22,6
xl,4,133872249460.76257,198272,155933184,1189632,768,128,22,6
s,4,8035871099.998895,198272,277116928,1189632,1024,128,22,6
m,4,16071742199.99779,198272,277116928,1189632,1024,128,22,6
l,4,40179355499.99447,198272,277116928,1189632,1024,128,22,6
xl,4,80358710999.98894,198272,277116928,1189632,1024,128,22,6
s,4,5342962634.311395,198272,432903680,1189632,1280,128,22,6
m,4,10685925268.62279,198272,432903680,1189632,1280,128,22,6
l,4,26714813171.556973,198272,432903680,1189632,1280,128,22,6
xl,4,53429626343.113945,198272,432903680,1189632,1280,128,22,6
m,4,7608662968.004294,198272,623293440,1189632,1536,128,22,6
l,4,19021657420.010735,198272,623293440,1189632,1536,128,22,6
xl,4,38043314840.02147,198272,623293440,1189632,1536,128,22,6
l,4,14223513155.862122,198272,848286208,1189632,1792,128,22,6
xl,4,28447026311.724243,198272,848286208,1189632,1792,128,22,6
xl,4,22066333871.045757,198272,1107881984,1189632,2048,128,22,6
s,4,12021820084.325855,789760,155933184,4738560,768,256,22,6
m,4,24043640168.65171,789760,155933184,4738560,768,256,22,6
l,4,60109100421.62927,789760,155933184,4738560,768,256,22,6
xl,4,120218200843.25854,789760,155933184,4738560,768,256,22,6
s,4,7522981806.661534,789760,277116928,4738560,1024,256,22,6
m,4,15045963613.323069,789760,277116928,4738560,1024,256,22,6
l,4,37614909033.30767,789760,277116928,4738560,1024,256,22,6
xl,4,75229818066.61534,789760,277116928,4738560,1024,256,22,6
s,4,5111270310.143704,789760,432903680,4738560,1280,256,22,6
m,4,10222540620.287409,789760,432903680,4738560,1280,256,22,6
l,4,25556351550.71852,789760,432903680,4738560,1280,256,22,6
xl,4,51112703101.43704,789760,432903680,4738560,1280,256,22,6
m,4,7370764552.306837,789760,623293440,4738560,1536,256,22,6
l,4,18426911380.767094,789760,623293440,4738560,1536,256,22,6
xl,4,36853822761.53419,789760,623293440,4738560,1536,256,22,6
l,4,13888325948.743767,789760,848286208,4738560,1792,256,22,6
xl,4,27776651897.487534,789760,848286208,4738560,1792,256,22,6
xl,4,21660819978.13817,789760,1107881984,4738560,2048,256,22,6
s,4,6822633152.146029,1774464,277116928,10646784,1024,384,22,6
m,4,13645266304.292059,1774464,277116928,10646784,1024,384,22,6
l,4,34113165760.730145,1774464,277116928,10646784,1024,384,22,6
xl,4,68226331521.46029,1774464,277116928,10646784,1024,384,22,6
s,4,4778035409.447055,1774464,432903680,10646784,1280,384,22,6
m,4,9556070818.89411,1774464,432903680,10646784,1280,384,22,6
l,4,23890177047.235275,1774464,432903680,10646784,1280,384,22,6
xl,4,47780354094.47055,1774464,432903680,10646784,1280,384,22,6
m,4,7017858259.699158,1774464,623293440,10646784,1536,384,22,6
l,4,17544645649.247894,1774464,623293440,10646784,1536,384,22,6
xl,4,35089291298.49579,1774464,623293440,10646784,1536,384,22,6
l,4,13381164681.158747,1774464,848286208,10646784,1792,384,22,6
xl,4,26762329362.317493,1774464,848286208,10646784,1792,384,22,6
xl,4,21038989455.258484,1774464,1107881984,10646784,2048,384,22,6
s,4,4384100515.850803,3152384,432903680,18914304,1280,512,22,6
m,4,8768201031.701607,3152384,432903680,18914304,1280,512,22,6
l,4,21920502579.254017,3152384,432903680,18914304,1280,512,22,6
xl,4,43841005158.50803,3152384,432903680,18914304,1280,512,22,6
l,4,16458567176.655779,3152384,623293440,18914304,1536,512,22,6
xl,4,32917134353.311558,3152384,623293440,18914304,1536,512,22,6
xl,4,25479948462.82936,3152384,848286208,18914304,1792,512,22,6
xl,4,20238247892.30791,3152384,1107881984,18914304,2048,512,22,6
l,4,15255063192.085606,4923520,623293440,29541120,1536,640,22,6
xl,4,30510126384.17121,4923520,623293440,29541120,1536,640,22,6
xl,4,24013504118.91149,4923520,848286208,29541120,1792,640,22,6
xl,4,19302008489.795414,4923520,1107881984,29541120,2048,640,22,6
xl,4,22443656725.95814,7087872,848286208,42527232,1792,768,22,6
xl,4,18274565255.4024,7087872,1107881984,42527232,2048,768,22,6
xl,4,17196980265.29575,9645440,1107881984,57872640,2048,896,22,6
s,4,24344888780.862503,198272,75657216,1189632,512,128,24,6
m,4,48689777561.725006,198272,75657216,1189632,512,128,24,6
l,4,121724443904.31252,198272,75657216,1189632,512,128,24,6
xl,4,243448887808.62503,198272,75657216,1189632,512,128,24,6
s,4,12317285388.546305,198272,170108928,1189632,768,128,24,6
m,4,24634570777.09261,198272,170108928,1189632,768,128,24,6
l,4,61586426942.73152,198272,170108928,1189632,768,128,24,6
xl,4,123172853885.46304,198272,170108928,1189632,768,128,24,6
s,4,7382643723.536176,198272,302309376,1189632,1024,128,24,6
m,4,14765287447.072351,198272,302309376,1189632,1024,128,24,6
l,4,36913218617.68088,198272,302309376,1189632,1024,128,24,6
xl,4,73826437235.36176,198272,302309376,1189632,1024,128,24,6
s,4,4904973014.800462,198272,472258560,1189632,1280,128,24,6
m,4,9809946029.600924,198272,472258560,1189632,1280,128,24,6
l,4,24524865074.002308,198272,472258560,1189632,1280,128,24,6
xl,4,49049730148.004616,198272,472258560,1189632,1280,128,24,6
m,4,6981963187.291888,198272,679956480,1189632,1536,128,24,6
l,4,17454907968.22972,198272,679956480,1189632,1536,128,24,6
xl,4,34909815936.45944,198272,679956480,1189632,1536,128,24,6
l,4,13048499414.216326,198272,925403136,1189632,1792,128,24,6
xl,4,26096998828.43265,198272,925403136,1189632,1792,128,24,6
xl,4,20239840490.626686,198272,1208598528,1189632,2048,128,24,6
s,4,11151912240.695736,789760,170108928,4738560,768,256,24,6
m,4,22303824481.39147,789760,170108928,4738560,768,256,24,6
l,4,55759561203.47868,789760,170108928,4738560,768,256,24,6
xl,4,111519122406.95737,789760,170108928,4738560,768,256,24,6
s,4,6947492077.635834,789760,302309376,4738560,1024,256,24,6
m,4,13894984155.271667,789760,302309376,4738560,1024,256,24,6
l,4,34737460388.17917,789760,302309376,4738560,1024,256,24,6
xl,4,69474920776.35834,789760,302309376,4738560,1024,256,24,6
s,4,4709013126.46827,789760,472258560,4738560,1280,256,24,6
m,4,9418026252.93654,789760,472258560,4738560,1280,256,24,6
l,4,23545065632.34135,789760,472258560,4738560,1280,256,24,6
xl,4,47090131264.6827,789760,472258560,4738560,1280,256,24,6
m,4,6781123348.959211,789760,679956480,4738560,1536,256,24,6
l,4,16952808372.39803,789760,679956480,4738560,1536,256,24,6
xl,4,33905616744.79606,789760,679956480,4738560,1536,256,24,6
xl,4,25531709075.4482,789760,925403136,4738560,1792,256,24,6
xl,4,19898159627.175346,789760,1208598528,4738560,2048,256,24,6
s,4,6345910827.057989,1774464,302309376,10646784,1024,384,24,6
m,4,12691821654.115978,1774464,302309376,10646784,1024,384,24,6
l,4,31729554135.289944,1774464,302309376,10646784,1024,384,24,6
xl,4,63459108270.57989,1774464,302309376,10646784,1024,384,24,6
s,4,4424706712.7402525,1774464,472258560,10646784,1280,384,24,6
m,4,8849413425.480505,1774464,472258560,10646784,1280,384,24,6
l,4,22123533563.701263,1774464,472258560,10646784,1280,384,24,6
xl,4,44247067127.40253,1774464,472258560,10646784,1280,384,24,6
l,4,16203183041.421972,1774464,679956480,10646784,1536,384,24,6
xl,4,32406366082.843945,1774464,679956480,10646784,1536,384,24,6
xl,4,24672181708.52608,1774464,925403136,10646784,1792,384,24,6
xl,4,19372186189.95591,1774464,1208598528,10646784,2048,384,24,6
s,4,4084807131.7464676,3152384,472258560,18914304,1280,512,24,6
m,4,8169614263.492935,3152384,472258560,18914304,1280,512,24,6
l,4,20424035658.732338,3152384,472258560,18914304,1280,512,24,6
xl,4,40848071317.464676,3152384,472258560,18914304,1280,512,24,6
l,4,15272432833.55091,3152384,679956480,18914304,1536,512,24,6
xl,4,30544865667.10182,3152384,679956480,18914304,1536,512,24,6
xl,4,23578193438.064274,3152384,925403136,18914304,1792,512,24,6
xl,4,18691242210.985546,3152384,1208598528,18914304,2048,512,24,6
l,4,14230656121.135717,4923520,679956480,29541120,1536,640,24,6
xl,4,28461312242.271435,4923520,679956480,29541120,1536,640,24,6
xl,4,22317065585.10668,4923520,925403136,29541120,1792,640,24,6
xl,4,17889830132.484924,4923520,1208598528,29541120,2048,640,24,6
xl,4,20954896881.120087,7087872,925403136,42527232,1792,768,24,6
xl,4,17003776742.859911,7087872,1208598528,42527232,2048,768,24,6
xl,4,16067007390.052183,9645440,1208598528,57872640,2048,896,24,6
s,4,67560409816.041115,198272,25192448,1387904,1024,128,2,7
l,4,337802049080.20557,198272,25192448,1387904,1024,128,2,7
s,4,48772417754.0965,198272,39354880,1387904,1280,128,2,7
m,4,97544835508.193,198272,39354880,1387904,1280,128,2,7
l,4,243862088770.48245,198272,39354880,1387904,1280,128,2,7
xl,4,487724177540.9649,198272,39354880,1387904,1280,128,2,7
s,4,36516522411.79653,198272,56663040,1387904,1536,128,2,7
m,4,73033044823.59306,198272,56663040,1387904,1536,128,2,7
l,4,182582612058.98267,198272,56663040,1387904,1536,128,2,7
xl,4,365165224117.96533,198272,56663040,1387904,1536,128,2,7
s,4,28211940737.77159,198272,77116928,1387904,1792,128,2,7
m,4,56423881475.54318,198272,77116928,1387904,1792,128,2,7
l,4,141059703688.85794,198272,77116928,1387904,1792,128,2,7
xl,4,282119407377.7159,198272,77116928,1387904,1792,128,2,7
s,4,22377996950.863647,198272,100716544,1387904,2048,128,2,7
m,4,44755993901.727295,198272,100716544,1387904,2048,128,2,7
l,4,111889984754.31824,198272,100716544,1387904,2048,128,2,7
xl,4,223779969508.63647,198272,100716544,1387904,2048,128,2,7
s,4,18390552964.20404,789760,100716544,5528320,2048,256,2,7
m,4,36781105928.40808,789760,100716544,5528320,2048,256,2,7
l,4,91952764821.0202,789760,100716544,5528320,2048,256,2,7
xl,4,183905529642.0404,789760,100716544,5528320,2048,256,2,7
s,4,59637290768.52907,198272,28351488,1387904,768,128,4,7
m,4,119274581537.05814,198272,28351488,1387904,768,128,4,7
l,4,298186453842.6453,198272,28351488,1387904,768,128,4,7
xl,4,596372907685.2906,198272,28351488,1387904,768,128,4,7
s,4,38741094197.26593,198272,50384896,1387904,1024,128,4,7
m,4,77482188394.53186,198272,50384896,1387904,1024,128,4,7
l,4,193705470986.32965,198272,50384896,1387904,1024,128,4,7
xl,4,387410941972.6593,198272,50384896,1387904,1024,128,4,7
s,4,26870140266.43141,198272,78709760,1387904,1280,128,4,7
m,4,53740280532.86282,198272,78709760,1387904,1280,128,4,7
l,4,134350701332.15706,198272,78709760,1387904,1280,128,4,7
xl,4,268701402664.31412,198272,78709760,1387904,1280,128,4,7
s,4,19615929515.72821,198272,113326080,1387904,1536,128,4,7
m,4,39231859031.45642,198272,113326080,1387904,1536,128,4,7
l,4,98079647578.64105,198272,113326080,1387904,1536,128,4,7
xl,4,196159295157.2821,198272,113326080,1387904,1536,128,4,7
s,4,14902859584.541656,198272,154233856,1387904,1792,128,4,7
m,4,29805719169.083313,198272,154233856,1387904,1792,128,4,7
l,4,74514297922.70828,198272,154233856,1387904,1792,128,4,7
xl,4,149028595845.41656,198272,154233856,1387904,1792,128,4,7
s,4,11684597382.425842,198272,201433088,1387904,2048,128,4,7
m,4,23369194764.851685,198272,201433088,1387904,2048,128,4,7
l,4,58422986912.12921,198272,201433088,1387904,2048,128,4,7
xl,4,116845973824.25842,198272,201433088,1387904,2048,128,4,7
s,4,16483162910.615368,789760,113326080,5528320,1536,256,4,7
m,4,32966325821.230736,789760,113326080,5528320,1536,256,4,7
l,4,82415814553.07684,789760,113326080,5528320,1536,256,4,7
xl,4,164831629106.1537,789760,113326080,5528320,1536,256,4,7
s,4,13022493701.280247,789760,154233856,5528320,1792,256,4,7
m,4,26044987402.560493,789760,154233856,5528320,1792,256,4,7
l,4,65112468506.40123,789760,154233856,5528320,1792,256,4,7
xl,4,130224937012.80246,789760,154233856,5528320,1792,256,4,7
s,4,10496291534.245453,789760,201433088,5528320,2048,256,4,7
m,4,20992583068.490906,789760,201433088,5528320,2048,256,4,7
l,4,52481457671.227264,789760,201433088,5528320,2048,256,4,7
xl,4,104962915342.45453,789760,201433088,5528320,2048,256,4,7
s,4,9020469393.475183,1774464,201433088,12421248,2048,384,4,7
m,4,18040938786.950367,1774464,201433088,12421248,2048,384,4,7
l,4,45102346967.37592,1774464,201433088,12421248,2048,384,4,7
xl,4,90204693934.75185,1774464,201433088,12421248,2048,384,4,7
s,4,42998413530.53438,198272,42527232,1387904,768,128,6,7
m,4,85996827061.06876,198272,42527232,1387904,768,128,6,7
l,4,214992067652.67188,198272,42527232,1387904,768,128,6,7
xl,4,429984135305.34375,198272,42527232,1387904,768,128,6,7
s,4,27156792456.92933,198272,75577344,1387904,1024,128,6,7
m,4,54313584913.85866,198272,75577344,1387904,1024,128,6,7
l,4,135783962284.64664,198272,75577344,1387904,1024,128,6,7
xl,4,271567924569.29327,198272,75577344,1387904,1024,128,6,7
s,4,18543011776.74095,198272,118064640,1387904,1280,128,6,7
m,4,37086023553.4819,198272,118064640,1387904,1280,128,6,7
l,4,92715058883.70476,198272,118064640,1387904,1280,128,6,7
xl,4,185430117767.40952,198272,118064640,1387904,1280,128,6,7
s,4,13409663282.28221,198272,169989120,1387904,1536,128,6,7
m,4,26819326564.56442,198272,169989120,1387904,1536,128,6,7
l,4,67048316411.41104,198272,169989120,1387904,1536,128,6,7
xl,4,134096632822.82208,198272,169989120,1387904,1536,128,6,7
s,4,10125921094.28642,198272,231350784,1387904,1792,128,6,7
m,4,20251842188.57284,198272,231350784,1387904,1792,128,6,7
l,4,50629605471.432106,198272,231350784,1387904,1792,128,6,7
xl,4,101259210942.86421,198272,231350784,1387904,1792,128,6,7
s,4,7906466376.265319,198272,302149632,1387904,2048,128,6,7
m,4,15812932752.530638,198272,302149632,1387904,2048,128,6,7
l,4,39532331881.3266,198272,302149632,1387904,2048,128,6,7
xl,4,79064663762.6532,198272,302149632,1387904,2048,128,6,7
s,4,15718904736.89823,789760,118064640,5528320,1280,256,6,7
m,4,31437809473.79646,789760,118064640,5528320,1280,256,6,7
l,4,78594523684.49115,789760,118064640,5528320,1280,256,6,7
xl,4,157189047368.9823,789760,118064640,5528320,1280,256,6,7
s,4,11867734572.894474,789760,169989120,5528320,1536,256,6,7
m,4,23735469145.788948,789760,169989120,5528320,1536,256,6,7
l,4,59338672864.47237,789760,169989120,5528320,1536,256,6,7
xl,4,118677345728.94473,789760,169989120,5528320,1536,256,6,7
s,4,9221226821.524261,789760,231350784,5528320,1792,256,6,7
m,4,18442453643.048523,789760,231350784,5528320,1792,256,6,7
l,4,46106134107.62131,789760,231350784,5528320,1792,256,6,7
xl,4,92212268215.24261,789760,231350784,5528320,1792,256,6,7
s,4,7343883144.601412,789760,302149632,5528320,2048,256,6,7
m,4,14687766289.202824,789760,302149632,5528320,2048,256,6,7
l,4,36719415723.00706,789760,302149632,5528320,2048,256,6,7
xl,4,73438831446.01411,789760,302149632,5528320,2048,256,6,7
s,4,8062391818.826575,1774464,231350784,12421248,1792,384,6,7
m,4,16124783637.65315,1774464,231350784,12421248,1792,384,6,7
l,4,40311959094.13287,1774464,231350784,12421248,1792,384,6,7
xl,4,80623918188.26575,1774464,231350784,12421248,1792,384,6,7
s,4,6589569754.865896,1774464,302149632,12421248,2048,384,6,7
m,4,13179139509.731792,1774464,302149632,12421248,2048,384,6,7
l,4,32947848774.329483,1774464,302149632,12421248,2048,384,6,7
xl,4,65895697548.658966,1774464,302149632,12421248,2048,384,6,7
s,4,61067956421.906296,198272,25219072,1387904,512,128,8,7
m,4,122135912843.81259,198272,25219072,1387904,512,128,8,7
l,4,305339782109.5315,198272,25219072,1387904,512,128,8,7
xl,4,610679564219.063,198272,25219072,1387904,512,128,8,7
s,4,33618743014.0252,198272,56702976,1387904,768,128,8,7
m,4,67237486028.0504,198272,56702976,1387904,768,128,8,7
l,4,168093715070.126,198272,56702976,1387904,768,128,8,7
xl,4,336187430140.252,198272,56702976,1387904,768,128,8,7
s,4,20905624984.52984,198272,100769792,1387904,1024,128,8,7
m,4,41811249969.05968,198272,100769792,1387904,1024,128,8,7
l,4,104528124922.64919,198272,100769792,1387904,1024,128,8,7
xl,4,209056249845.29837,198272,100769792,1387904,1024,128,8,7
s,4,14156022470.250835,198272,157419520,1387904,1280,128,8,7
m,4,28312044940.50167,198272,157419520,1387904,1280,128,8,7
l,4,70780112351.25418,198272,157419520,1387904,1280,128,8,7
xl,4,141560224702.50836,198272,157419520,1387904,1280,128,8,7
s,4,10186701871.908337,198272,226652160,1387904,1536,128,8,7
m,4,20373403743.816673,198272,226652160,1387904,1536,128,8,7
l,4,50933509359.54168,198272,226652160,1387904,1536,128,8,7
xl,4,101867018719.08336,198272,226652160,1387904,1536,128,8,7
s,4,7668024827.224065,198272,308467712,1387904,1792,128,8,7
m,4,15336049654.44813,198272,308467712,1387904,1792,128,8,7
l,4,38340124136.12032,198272,308467712,1387904,1792,128,8,7
xl,4,76680248272.24065,198272,308467712,1387904,1792,128,8,7
s,4,5974616768.961665,198272,402866176,1387904,2048,128,8,7
m,4,11949233537.92333,198272,402866176,1387904,2048,128,8,7
l,4,29873083844.808327,198272,402866176,1387904,2048,128,8,7
xl,4,59746167689.61665,198272,402866176,1387904,2048,128,8,7
s,4,17384348189.858223,789760,100769792,5528320,1024,256,8,7
m,4,34768696379.716446,789760,100769792,5528320,1024,256,8,7
l,4,86921740949.2911,789760,100769792,5528320,1024,256,8,7
xl,4,173843481898.5822,789760,100769792,5528320,1024,256,8,7
s,4,12448602211.190437,789760,157419520,5528320,1280,256,8,7
m,4,24897204422.380875,789760,157419520,5528320,1280,256,8,7
l,4,62243011055.95219,789760,157419520,5528320,1280,256,8,7
xl,4,124486022111.90437,789760,157419520,5528320,1280,256,8,7
s,4,9271604916.294468,789760,226652160,5528320,1536,256,8,7
m,4,18543209832.588936,789760,226652160,5528320,1536,256,8,7
l,4,46358024581.472336,789760,226652160,5528320,1536,256,8,7
xl,4,92716049162.94467,789760,226652160,5528320,1536,256,8,7
s,4,7137724507.131557,789760,308467712,5528320,1792,256,8,7
m,4,14275449014.263115,789760,308467712,5528320,1792,256,8,7
l,4,35688622535.65779,789760,308467712,5528320,1792,256,8,7
xl,4,71377245071.31558,789760,308467712,5528320,1792,256,8,7
s,4,5647683582.247081,789760,402866176,5528320,2048,256,8,7
m,4,11295367164.494162,789760,402866176,5528320,2048,256,8,7
l,4,28238417911.2354,789760,402866176,5528320,2048,256,8,7
xl,4,56476835822.4708,789760,402866176,5528320,2048,256,8,7
s,4,8100877046.313946,1774464,226652160,12421248,1536,384,8,7
m,4,16201754092.627892,1774464,226652160,12421248,1536,384,8,7
l,4,40504385231.569725,1774464,226652160,12421248,1536,384,8,7
xl,4,81008770463.13945,1774464,226652160,12421248,1536,384,8,7
s,4,6423106576.08956,1774464,308467712,12421248,1792,384,8,7
m,4,12846213152.17912,1774464,308467712,12421248,1792,384,8,7
l,4,32115532880.447796,1774464,308467712,12421248,1792,384,8,7
xl,4,64231065760.89559,1774464,308467712,12421248,1792,384,8,7
s,4,5190734149.200469,1774464,402866176,12421248,2048,384,8,7
m,4,10381468298.400938,1774464,402866176,12421248,2048,384,8,7
l,4,25953670746.002346,1774464,402866176,12421248,2048,384,8,7
xl,4,51907341492.00469,1774464,402866176,12421248,2048,384,8,7
s,4,4669919620.596303,3152384,402866176,22066688,2048,512,8,7
m,4,9339839241.192606,3152384,402866176,22066688,2048,512,8,7
l,4,23349598102.981514,3152384,402866176,22066688,2048,512,8,7
xl,4,46699196205.96303,3152384,402866176,22066688,2048,512,8,7
s,4,51226065133.3271,198272,31523840,1387904,512,128,10,7
m,4,102452130266.6542,198272,31523840,1387904,512,128,10,7
l,4,256130325666.63553,198272,31523840,1387904,512,128,10,7
xl,4,512260651333.27106,198272,31523840,1387904,512,128,10,7
s,4,27598424814.384033,198272,70878720,1387904,768,128,10,7
m,4,55196849628.76807,198272,70878720,1387904,768,128,10,7
l,4,137992124071.92017,198272,70878720,1387904,768,128,10,7
xl,4,275984248143.84033,198272,70878720,1387904,768,128,10,7
s,4,16993845780.713589,198272,125962240,1387904,1024,128,10,7
m,4,33987691561.427177,198272,125962240,1387904,1024,128,10,7
l,4,84969228903.56795,198272,125962240,1387904,1024,128,10,7
xl,4,169938457807.1359,198272,125962240,1387904,1024,128,10,7
s,4,11447678978.508036,198272,196774400,1387904,1280,128,10,7
m,4,22895357957.01607,198272,196774400,1387904,1280,128,10,7
l,4,57238394892.54018,198272,196774400,1387904,1280,128,10,7
xl,4,114476789785.08035,198272,196774400,1387904,1280,128,10,7
s,4,8212789297.14555,198272,283315200,1387904,1536,128,10,7
m,4,16425578594.2911,198272,283315200,1387904,1536,128,10,7
l,4,41063946485.72775,198272,283315200,1387904,1536,128,10,7
xl,4,82127892971.4555,198272,283315200,1387904,1536,128,10,7
s,4,6170290947.482235,198272,385584640,1387904,1792,128,10,7
m,4,12340581894.96447,198272,385584640,1387904,1792,128,10,7
l,4,30851454737.411175,198272,385584640,1387904,1792,128,10,7
xl,4,61702909474.82235,198272,385584640,1387904,1792,128,10,7
s,4,4801442307.175229,198272,503582720,1387904,2048,128,10,7
m,4,9602884614.350458,198272,503582720,1387904,2048,128,10,7
l,4,24007211535.87615,198272,503582720,1387904,2048,128,10,7
xl,4,48014423071.7523,198272,503582720,1387904,2048,128,10,7
s,4,14591335221.568842,789760,125962240,5528320,1024,256,10,7
m,4,29182670443.137684,789760,125962240,5528320,1024,256,10,7
l,4,72956676107.84421,789760,125962240,5528320,1024,256,10,7
xl,4,145913352215.68842,789760,125962240,5528320,1024,256,10,7
s,4,10304716229.548847,789760,196774400,5528320,1280,256,10,7
m,4,20609432459.097694,789760,196774400,5528320,1280,256,10,7
l,4,51523581147.74424,789760,196774400,5528320,1280,256,10,7
xl,4,103047162295.48848,789760,196774400,5528320,1280,256,10,7
s,4,7607437712.734388,789760,283315200,5528320,1536,256,10,7
m,4,15214875425.468777,789760,283315200,5528320,1536,256,10,7
l,4,38037188563.67194,789760,283315200,5528320,1536,256,10,7
xl,4,76074377127.34389,789760,283315200,5528320,1536,256,10,7
s,4,5822216160.907051,789760,385584640,5528320,1792,256,10,7
m,4,11644432321.814102,789760,385584640,5528320,1792,256,10,7
l,4,29111080804.535255,789760,385584640,5528320,1792,256,10,7
xl,4,58222161609.07051,789760,385584640,5528320,1792,256,10,7
s,4,4588003186.496677,789760,503582720,5528320,2048,256,10,7
m,4,9176006372.993355,789760,503582720,5528320,2048,256,10,7
l,4,22940015932.483387,789760,503582720,5528320,2048,256,10,7
xl,4,45880031864.966774,789760,503582720,5528320,2048,256,10,7
s,4,8878615265.592766,1774464,196774400,12421248,1280,384,10,7
m,4,17757230531.18553,1774464,196774400,12421248,1280,384,10,7
l,4,44393076327.96383,1774464,196774400,12421248,1280,384,10,7
xl,4,88786152655.92766,1774464,196774400,12421248,1280,384,10,7
s,4,6800984477.868291,1774464,283315200,12421248,1536,384,10,7
m,4,13601968955.736582,1774464,283315200,12421248,1536,384,10,7
l,4,34004922389.341454,1774464,283315200,12421248,1536,384,10,7
xl,4,68009844778.68291,1774464,283315200,12421248,1536,384,10,7
s,4,5337798978.661273,1774464,385584640,12421248,1792,384,10,7
m,4,10675597957.322546,1774464,385584640,12421248,1792,384,10,7
l,4,26688994893.306366,1774464,385584640,12421248,1792,384,10,7
xl,4,53377989786.61273,1774464,385584640,12421248,1792,384,10,7
s,4,4281793826.3520913,1774464,503582720,12421248,2048,384,10,7
m,4,8563587652.704183,1774464,503582720,12421248,2048,384,10,7
l,4,21408969131.760456,1774464,503582720,12421248,2048,384,10,7
xl,4,42817938263.52091,1774464,503582720,12421248,2048,384,10,7
s,4,4788615935.226652,3152384,385584640,22066688,1792,512,10,7
m,4,9577231870.453304,3152384,385584640,22066688,1792,512,10,7
l,4,23943079676.133263,3152384,385584640,22066688,1792,512,10,7
xl,4,47886159352.266525,3152384,385584640,22066688,1792,512,10,7
m,4,7842139365.732787,3152384,503582720,22066688,2048,512,10,7
l,4,19605348414.331966,3152384,503582720,22066688,2048,512,10,7
xl,4,39210696828.66393,3152384,503582720,22066688,2048,512,10,7
m,4,7081747730.0165825,4923520,503582720,34464640,2048,640,10,7
l,4,17704369325.04146,4923520,503582720,34464640,2048,640,10,7
xl,4,35408738650.08292,4923520,503582720,34464640,2048,640,10,7
s,4,44116173059.62954,198272,37828608,1387904,512,128,12,7
m,4,88232346119.25908,198272,37828608,1387904,512,128,12,7
l,4,220580865298.14767,198272,37828608,1387904,512,128,12,7
xl,4,441161730596.29535,198272,37828608,1387904,512,128,12,7
s,4,23406819511.32553,198272,85054464,1387904,768,128,12,7
m,4,46813639022.65106,198272,85054464,1387904,768,128,12,7
l,4,117034097556.62766,198272,85054464,1387904,768,128,12,7
xl,4,234068195113.2553,198272,85054464,1387904,768,128,12,7
s,4,14315234753.8169,198272,151154688,1387904,1024,128,12,7
m,4,28630469507.6338,198272,151154688,1387904,1024,128,12,7
l,4,71576173769.0845,198272,151154688,1387904,1024,128,12,7
xl,4,143152347538.169,198272,151154688,1387904,1024,128,12,7
s,4,9609231750.377682,198272,236129280,1387904,1280,128,12,7
m,4,19218463500.755363,198272,236129280,1387904,1280,128,12,7
l,4,48046158751.888405,198272,236129280,1387904,1280,128,12,7
xl,4,96092317503.77681,198272,236129280,1387904,1280,128,12,7
s,4,6879688232.342813,198272,339978240,1387904,1536,128,12,7
m,4,13759376464.685625,198272,339978240,1387904,1536,128,12,7
l,4,34398441161.71406,198272,339978240,1387904,1536,128,12,7
xl,4,68796882323.42812,198272,339978240,1387904,1536,128,12,7
s,4,5162032482.977269,198272,462701568,1387904,1792,128,12,7
m,4,10324064965.954538,198272,462701568,1387904,1792,128,12,7
l,4,25810162414.886345,198272,462701568,1387904,1792,128,12,7
xl,4,51620324829.77269,198272,462701568,1387904,1792,128,12,7
s,4,4013376551.9406056,198272,604299264,1387904,2048,128,12,7
m,4,8026753103.881211,198272,604299264,1387904,2048,128,12,7
l,4,20066882759.70303,198272,604299264,1387904,2048,128,12,7
xl,4,40133765519.40606,198272,604299264,1387904,2048,128,12,7
s,4,19079751529.73816,789760,85054464,5528320,768,256,12,7
m,4,38159503059.47632,789760,85054464,5528320,768,256,12,7
l,4,95398757648.6908,789760,85054464,5528320,768,256,12,7
xl,4,190797515297.3816,789760,85054464,5528320,768,256,12,7
s,4,12571557304.175365,789760,151154688,5528320,1024,256,12,7
m,4,25143114608.35073,789760,151154688,5528320,1024,256,12,7
l,4,62857786520.87683,789760,151154688,5528320,1024,256,12,7
xl,4,125715573041.75366,789760,151154688,5528320,1024,256,12,7
s,4,8790777250.98752,789760,236129280,5528320,1280,256,12,7
m,4,17581554501.97504,789760,236129280,5528320,1280,256,12,7
l,4,43953886254.93761,789760,236129280,5528320,1280,256,12,7
xl,4,87907772509.87521,789760,236129280,5528320,1280,256,12,7
s,4,6449764691.944791,789760,339978240,5528320,1536,256,12,7
m,4,12899529383.889582,789760,339978240,5528320,1536,256,12,7
l,4,32248823459.723953,789760,339978240,5528320,1536,256,12,7
xl,4,64497646919.44791,789760,339978240,5528320,1536,256,12,7
s,4,4916151689.944841,789760,462701568,5528320,1792,256,12,7
m,4,9832303379.889683,789760,462701568,5528320,1792,256,12,7
l,4,24580758449.72421,789760,462701568,5528320,1792,256,12,7
xl,4,49161516899.44842,789760,462701568,5528320,1792,256,12,7
m,4,7726311068.453632,789760,604299264,5528320,2048,256,12,7
l,4,19315777671.134083,789760,604299264,5528320,2048,256,12,7
xl,4,38631555342.268166,789760,604299264,5528320,2048,256,12,7
s,4,7731391900.420662,1774464,236129280,12421248,1280,384,12,7
m,4,15462783800.841324,1774464,236129280,12421248,1280,384,12,7
l,4,38656959502.10331,1774464,236129280,12421248,1280,384,12,7
xl,4,77313919004.20662,1774464,236129280,12421248,1280,384,12,7
s,4,5860577517.249321,1774464,339978240,12421248,1536,384,12,7
m,4,11721155034.498642,1774464,339978240,12421248,1536,384,12,7
l,4,29302887586.2466,1774464,339978240,12421248,1536,384,12,7
xl,4,58605775172.4932,1774464,339978240,12421248,1536,384,12,7
s,4,4566244073.563142,1774464,462701568,12421248,1792,384,12,7
m,4,9132488147.126284,1774464,462701568,12421248,1792,384,12,7
l,4,22831220367.81571,1774464,462701568,12421248,1792,384,12,7
xl,4,45662440735.63142,1774464,462701568,12421248,1792,384,12,7
m,4,7287488385.201012,1774464,604299264,12421248,2048,384,12,7
l,4,18218720963.00253,1774464,604299264,12421248,2048,384,12,7
xl,4,36437441926.00506,1774464,604299264,12421248,2048,384,12,7
s,4,5205158186.839361,3152384,339978240,22066688,1536,512,12,7
m,4,10410316373.678722,3152384,339978240,22066688,1536,512,12,7
l,4,26025790934.196808,3152384,339978240,22066688,1536,512,12,7
xl,4,52051581868.393616,3152384,339978240,22066688,1536,512,12,7
s,4,4158283566.9956036,3152384,462701568,22066688,1792,512,12,7
m,4,8316567133.991207,3152384,462701568,22066688,1792,512,12,7
l,4,20791417834.978016,3152384,462701568,22066688,1792,512,12,7
xl,4,41582835669.95603,3152384,462701568,22066688,1792,512,12,7
m,4,6758390460.6562195,3152384,604299264,22066688,2048,512,12,7
l,4,16895976151.640549,3152384,604299264,22066688,2048,512,12,7
xl,4,33791952303.281097,3152384,604299264,22066688,2048,512,12,7
l,4,15464930239.555481,4923520,604299264,34464640,2048,640,12,7
xl,4,30929860479.110962,4923520,604299264,34464640,2048,640,12,7
s,4,38739365269.44623,198272,44133376,1387904,512,128,14,7
m,4,77478730538.89246,198272,44133376,1387904,512,128,14,7
l,4,193696826347.23117,198272,44133376,1387904,512,128,14,7
xl,4,387393652694.46234,198272,44133376,1387904,512,128,14,7
s,4,20320564215.909084,198272,99230208,1387904,768,128,14,7
m,4,40641128431.81817,198272,99230208,1387904,768,128,14,7
l,4,101602821079.54541,198272,99230208,1387904,768,128,14,7
xl,4,203205642159.09082,198272,99230208,1387904,768,128,14,7
s,4,12366065616.520588,198272,176347136,1387904,1024,128,14,7
m,4,24732131233.041176,198272,176347136,1387904,1024,128,14,7
l,4,61830328082.60294,198272,176347136,1387904,1024,128,14,7
xl,4,123660656165.20589,198272,176347136,1387904,1024,128,14,7
s,4,8279569123.274439,198272,275484160,1387904,1280,128,14,7
m,4,16559138246.548878,198272,275484160,1387904,1280,128,14,7
l,4,41397845616.37219,198272,275484160,1387904,1280,128,14,7
xl,4,82795691232.74438,198272,275484160,1387904,1280,128,14,7
s,4,5918927175.982301,198272,396641280,1387904,1536,128,14,7
m,4,11837854351.964602,198272,396641280,1387904,1536,128,14,7
l,4,29594635879.911503,198272,396641280,1387904,1536,128,14,7
xl,4,59189271759.823006,198272,396641280,1387904,1536,128,14,7
s,4,4437002585.388163,198272,539818496,1387904,1792,128,14,7
m,4,8874005170.776325,198272,539818496,1387904,1792,128,14,7
l,4,22185012926.94081,198272,539818496,1387904,1792,128,14,7
xl,4,44370025853.88162,198272,539818496,1387904,1792,128,14,7
m,4,6895059728.316996,198272,705015808,1387904,2048,128,14,7
l,4,17237649320.79249,198272,705015808,1387904,2048,128,14,7
xl,4,34475298641.58498,198272,705015808,1387904,2048,128,14,7
s,4,16977864124.931002,789760,99230208,5528320,768,256,14,7
m,4,33955728249.862003,789760,99230208,5528320,768,256,14,7
l,4,84889320624.65501,789760,99230208,5528320,768,256,14,7
xl,4,169778641249.31003,789760,99230208,5528320,768,256,14,7
s,4,11042956925.753872,789760,176347136,5528320,1024,256,14,7
m,4,22085913851.507744,789760,176347136,5528320,1024,256,14,7
l,4,55214784628.769356,789760,176347136,5528320,1024,256,14,7
xl,4,110429569257.53871,789760,176347136,5528320,1024,256,14,7
s,4,7664701559.821953,789760,275484160,5528320,1280,256,14,7
m,4,15329403119.643906,789760,275484160,5528320,1280,256,14,7
l,4,38323507799.109764,789760,275484160,5528320,1280,256,14,7
xl,4,76647015598.21953,789760,275484160,5528320,1280,256,14,7
s,4,5597896552.304775,789760,396641280,5528320,1536,256,14,7
m,4,11195793104.60955,789760,396641280,5528320,1536,256,14,7
l,4,27989482761.523876,789760,396641280,5528320,1536,256,14,7
xl,4,55978965523.04775,789760,396641280,5528320,1536,256,14,7
s,4,4254117713.683312,789760,539818496,5528320,1792,256,14,7
m,4,8508235427.366624,789760,539818496,5528320,1792,256,14,7
l,4,21270588568.416557,789760,539818496,5528320,1792,256,14,7
xl,4,42541177136.833115,789760,539818496,5528320,1792,256,14,7
m,4,6672188035.709977,789760,705015808,5528320,2048,256,14,7
l,4,16680470089.274944,789760,705015808,5528320,2048,256,14,7
xl,4,33360940178.54989,789760,705015808,5528320,2048,256,14,7
s,4,6846714442.49231,1774464,275484160,12421248,1280,384,14,7
m,4,13693428884.98462,1774464,275484160,12421248,1280,384,14,7
l,4,34233572212.461548,1774464,275484160,12421248,1280,384,14,7
xl,4,68467144424.923096,1774464,275484160,12421248,1280,384,14,7
s,4,5148647635.617438,1774464,396641280,12421248,1536,384,14,7
m,4,10297295271.234877,1774464,396641280,12421248,1536,384,14,7
l,4,25743238178.087193,1774464,396641280,12421248,1536,384,14,7
xl,4,51486476356.174385,1774464,396641280,12421248,1536,384,14,7
m,4,7979139338.114433,1774464,539818496,12421248,1792,384,14,7
l,4,19947848345.286083,1774464,539818496,12421248,1792,384,14,7
xl,4,39895696690.57217,1774464,539818496,12421248,1792,384,14,7
l,4,15855953055.419321,1774464,705015808,12421248,2048,384,14,7
xl,4,31711906110.838642,1774464,705015808,12421248,2048,384,14,7
s,4,4635827215.524874,3152384,396641280,22066688,1536,512,14,7
m,4,9271654431.049747,3152384,396641280,22066688,1536,512,14,7
l,4,23179136077.624367,3152384,396641280,22066688,1536,512,14,7
xl,4,46358272155.24873,3152384,396641280,22066688,1536,512,14,7
m,4,7349183582.135534,3152384,539818496,22066688,1792,512,14,7
l,4,18372958955.338837,3152384,539818496,22066688,1792,512,14,7
xl,4,36745917910.67767,3152384,539818496,22066688,1792,512,14,7
l,4,14844528150.165632,3152384,705015808,22066688,2048,512,14,7
xl,4,29689056300.331264,3152384,705015808,22066688,2048,512,14,7
m,4,6677288362.811157,4923520,539818496,34464640,1792,640,14,7
l,4,16693220907.027895,4923520,539818496,34464640,1792,640,14,7
xl,4,33386441814.05579,4923520,539818496,34464640,1792,640,14,7
l,4,13728412894.428286,4923520,705015808,34464640,2048,640,14,7
xl,4,27456825788.85657,4923520,705015808,34464640,2048,640,14,7
s,4,34530806451.79113,198272,50438144,1387904,512,128,16,7
m,4,69061612903.58226,198272,50438144,1387904,512,128,16,7
l,4,172654032258.95563,198272,50438144,1387904,512,128,16,7
xl,4,345308064517.91125,198272,50438144,1387904,512,128,16,7
s,4,17953362621.73098,198272,113405952,1387904,768,128,16,7
m,4,35906725243.46196,198272,113405952,1387904,768,128,16,7
l,4,89766813108.6549,198272,113405952,1387904,768,128,16,7
xl,4,179533626217.3098,198272,113405952,1387904,768,128,16,7
s,4,10884083638.523039,198272,201539584,1387904,1024,128,16,7
m,4,21768167277.046078,198272,201539584,1387904,1024,128,16,7
l,4,54420418192.6152,198272,201539584,1387904,1024,128,16,7
xl,4,108840836385.2304,198272,201539584,1387904,1024,128,16,7
s,4,7273157208.885774,198272,314839040,1387904,1280,128,16,7
m,4,14546314417.771547,198272,314839040,1387904,1280,128,16,7
l,4,36365786044.42886,198272,314839040,1387904,1280,128,16,7
xl,4,72731572088.85773,198272,314839040,1387904,1280,128,16,7
s,4,5193627576.849484,198272,453304320,1387904,1536,128,16,7
m,4,10387255153.698969,198272,453304320,1387904,1536,128,16,7
l,4,25968137884.24742,198272,453304320,1387904,1536,128,16,7
xl,4,51936275768.49484,198272,453304320,1387904,1536,128,16,7
m,4,7781113904.427255,198272,616935424,1387904,1792,128,16,7
l,4,19452784761.06814,198272,616935424,1387904,1792,128,16,7
xl,4,38905569522.13628,198272,616935424,1387904,1792,128,16,7
l,4,15107622837.543211,198272,805732352,1387904,2048,128,16,7
xl,4,30215245675.086422,198272,805732352,1387904,2048,128,16,7
s,4,15293123917.858551,789760,113405952,5528320,768,256,16,7
m,4,30586247835.717102,789760,113405952,5528320,768,256,16,7
l,4,76465619589.29276,789760,113405952,5528320,768,256,16,7
xl,4,152931239178.5855,789760,113405952,5528320,768,256,16,7
s,4,9845788176.61044,789760,201539584,5528320,1024,256,16,7
m,4,19691576353.22088,789760,201539584,5528320,1024,256,16,7
l,4,49228940883.0522,789760,201539584,5528320,1024,256,16,7
xl,4,98457881766.1044,789760,201539584,5528320,1024,256,16,7
s,4,6794361527.868188,789760,314839040,5528320,1280,256,16,7
m,4,13588723055.736376,789760,314839040,5528320,1280,256,16,7
l,4,33971807639.34094,789760,314839040,5528320,1280,256,16,7
xl,4,67943615278.68188,789760,314839040,5528320,1280,256,16,7
s,4,4944800206.336623,789760,453304320,5528320,1536,256,16,7
m,4,9889600412.673246,789760,453304320,5528320,1536,256,16,7
l,4,24724001031.683117,789760,453304320,5528320,1536,256,16,7
xl,4,49448002063.366234,789760,453304320,5528320,1536,256,16,7
m,4,7498455318.20445,789760,616935424,5528320,1792,256,16,7
l,4,18746138295.511124,789760,616935424,5528320,1792,256,16,7
xl,4,37492276591.02225,789760,616935424,5528320,1792,256,16,7
l,4,14677919017.717024,789760,805732352,5528320,2048,256,16,7
xl,4,29355838035.434048,789760,805732352,5528320,2048,256,16,7
s,4,8535809564.859451,1774464,201539584,12421248,1024,384,16,7
m,4,17071619129.718903,1774464,201539584,12421248,1024,384,16,7
l,4,42679047824.29726,1774464,201539584,12421248,1024,384,16,7
xl,4,85358095648.59451,1774464,201539584,12421248,1024,384,16,7
s,4,6143710128.550008,1774464,314839040,12421248,1280,384,16,7
m,4,12287420257.100016,1774464,314839040,12421248,1280,384,16,7
l,4,30718550642.75004,1774464,314839040,12421248,1280,384,16,7
xl,4,61437101285.50008,1774464,314839040,12421248,1280,384,16,7
s,4,4590949351.0307455,1774464,453304320,12421248,1536,384,16,7
m,4,9181898702.061491,1774464,453304320,12421248,1536,384,16,7
l,4,22954746755.153725,1774464,453304320,12421248,1536,384,16,7
xl,4,45909493510.30745,1774464,453304320,12421248,1536,384,16,7
m,4,7084440064.560219,1774464,616935424,12421248,1792,384,16,7
l,4,17711100161.400547,1774464,616935424,12421248,1792,384,16,7
xl,4,35422200322.801094,1774464,616935424,12421248,1792,384,16,7
l,4,14035679640.8447,1774464,805732352,12421248,2048,384,16,7
xl,4,28071359281.6894,1774464,805732352,12421248,2048,384,16,7
s,4,4178761674.457216,3152384,453304320,22066688,1536,512,16,7
m,4,8357523348.914432,3152384,453304320,22066688,1536,512,16,7
l,4,20893808372.28608,3152384,453304320,22066688,1536,512,16,7
xl,4,41787616744.57216,3152384,453304320,22066688,1536,512,16,7
l,4,16458504765.118967,3152384,616935424,22066688,1792,512,16,7
xl,4,32917009530.237934,3152384,616935424,22066688,1792,512,16,7
l,4,13237302948.449326,3152384,805732352,22066688,2048,512,16,7
xl,4,26474605896.89865,3152384,805732352,22066688,2048,512,16,7
l,4,15097620489.398668,4923520,616935424,34464640,1792,640,16,7
xl,4,30195240978.797337,4923520,616935424,34464640,1792,640,16,7
xl,4,24685009405.975983,4923520,805732352,34464640,2048,640,16,7
xl,4,22810941602.09163,7087872,805732352,49615104,2048,768,16,7
s,4,31147058970.103806,198272,56742912,1387904,512,128,18,7
m,4,62294117940.20761,198272,56742912,1387904,512,128,18,7
l,4,155735294850.51904,198272,56742912,1387904,512,128,18,7
xl,4,311470589701.0381,198272,56742912,1387904,512,128,18,7
s,4,16080140332.027884,198272,127581696,1387904,768,128,18,7
m,4,32160280664.055767,198272,127581696,1387904,768,128,18,7
l,4,80400701660.13942,198272,127581696,1387904,768,128,18,7
xl,4,160801403320.27884,198272,127581696,1387904,768,128,18,7
s,4,9719297361.669518,198272,226732032,1387904,1024,128,18,7
m,4,19438594723.339035,198272,226732032,1387904,1024,128,18,7
l,4,48596486808.34759,198272,226732032,1387904,1024,128,18,7
xl,4,97192973616.69518,198272,226732032,1387904,1024,128,18,7
s,4,6484894553.539393,198272,354193920,1387904,1280,128,18,7
m,4,12969789107.078787,198272,354193920,1387904,1280,128,18,7
l,4,32424472767.696964,198272,354193920,1387904,1280,128,18,7
xl,4,64848945535.39393,198272,354193920,1387904,1280,128,18,7
s,4,4626678836.682678,198272,509967360,1387904,1536,128,18,7
m,4,9253357673.365356,198272,509967360,1387904,1536,128,18,7
l,4,23133394183.413395,198272,509967360,1387904,1536,128,18,7
xl,4,46266788366.82679,198272,509967360,1387904,1536,128,18,7
m,4,6927898313.971243,198272,694052352,1387904,1792,128,18,7
l,4,17319745784.92811,198272,694052352,1387904,1792,128,18,7
xl,4,34639491569.85622,198272,694052352,1387904,1792,128,18,7
l,4,13446110270.496153,198272,906448896,1387904,2048,128,18,7
xl,4,26892220540.992306,198272,906448896,1387904,2048,128,18,7
s,4,13912558788.908419,789760,127581696,5528320,768,256,18,7
m,4,27825117577.816837,789760,127581696,5528320,768,256,18,7
l,4,69562793944.5421,789760,127581696,5528320,768,256,18,7
xl,4,139125587889.0842,789760,127581696,5528320,768,256,18,7
s,4,8882802155.976889,789760,226732032,5528320,1024,256,18,7
m,4,17765604311.953777,789760,226732032,5528320,1024,256,18,7
l,4,44414010779.884445,789760,226732032,5528320,1024,256,18,7
xl,4,88828021559.76889,789760,226732032,5528320,1024,256,18,7
s,4,6101523096.363844,789760,354193920,5528320,1280,256,18,7
m,4,12203046192.727688,789760,354193920,5528320,1280,256,18,7
l,4,30507615481.819218,789760,354193920,5528320,1280,256,18,7
xl,4,61015230963.638435,789760,354193920,5528320,1280,256,18,7
s,4,4428173328.19807,789760,509967360,5528320,1536,256,18,7
m,4,8856346656.39614,789760,509967360,5528320,1536,256,18,7
l,4,22140866640.990345,789760,509967360,5528320,1536,256,18,7
xl,4,44281733281.98069,789760,509967360,5528320,1536,256,18,7
m,4,6702933289.40499,789760,694052352,5528320,1792,256,18,7
l,4,16757333223.512474,789760,694052352,5528320,1792,256,18,7
xl,4,33514666447.02495,789760,694052352,5528320,1792,256,18,7
l,4,13104657273.583813,789760,906448896,5528320,2048,256,18,7
xl,4,26209314547.167625,789760,906448896,5528320,2048,256,18,7
s,4,7802483561.7276325,1774464,226732032,12421248,1024,384,18,7
m,4,15604967123.455265,1774464,226732032,12421248,1024,384,18,7
l,4,39012417808.63816,1774464,226732032,12421248,1024,384,18,7
xl,4,78024835617.27632,1774464,226732032,12421248,1024,384,18,7
s,4,5571628589.711154,1774464,354193920,12421248,1280,384,18,7
m,4,11143257179.422308,1774464,354193920,12421248,1280,384,18,7
l,4,27858142948.55577,1774464,354193920,12421248,1280,384,18,7
xl,4,55716285897.11154,1774464,354193920,12421248,1280,384,18,7
s,4,4142262115.1888204,1774464,509967360,12421248,1536,384,18,7
m,4,8284524230.377641,1774464,509967360,12421248,1536,384,18,7
l,4,20711310575.9441,1774464,509967360,12421248,1536,384,18,7
xl,4,41422621151.8882,1774464,509967360,12421248,1536,384,18,7
l,4,15925389473.873035,1774464,694052352,12421248,1792,384,18,7
xl,4,31850778947.74607,1774464,694052352,12421248,1792,384,18,7
xl,4,25180609431.987495,1774464,906448896,12421248,2048,384,18,7
s,4,4975960933.690902,3152384,354193920,22066688,1280,512,18,7
m,4,9951921867.381804,3152384,354193920,22066688,1280,512,18,7
l,4,24879804668.45451,3152384,354193920,22066688,1280,512,18,7
xl,4,49759609336.90902,3152384,354193920,22066688,1280,512,18,7
m,4,7607471047.790985,3152384,509967360,22066688,1536,512,18,7
l,4,19018677619.477463,3152384,509967360,22066688,1536,512,18,7
xl,4,38037355238.954926,3152384,509967360,22066688,1536,512,18,7
l,4,14905371638.373648,3152384,694052352,22066688,1792,512,18,7
xl,4,29810743276.747295,3152384,694052352,22066688,1792,512,18,7
xl,4,23888215687.119873,3152384,906448896,22066688,2048,512,18,7
m,4,6889824214.678544,4923520,509967360,34464640,1536,640,18,7
l,4,17224560536.69636,4923520,509967360,34464640,1536,640,18,7
xl,4,34449121073.39272,4923520,509967360,34464640,1536,640,18,7
l,4,13780435027.82854,4923520,694052352,34464640,1792,640,18,7
xl,4,27560870055.65708,4923520,694052352,34464640,1792,640,18,7
xl,4,22421516620.083725,4923520,906448896,34464640,2048,640,18,7
xl,4,20864538336.869957,7087872,906448896,49615104,2048,768,18,7
s,4,28367287842.18892,198272,63047680,1387904,512,128,20,7
m,4,56734575684.37784,198272,63047680,1387904,512,128,20,7
l,4,141836439210.9446,198272,63047680,1387904,512,128,20,7
xl,4,283672878421.8892,198272,63047680,1387904,512,128,20,7
s,4,14560883363.363699,198272,141757440,1387904,768,128,20,7
m,4,29121766726.727398,198272,141757440,1387904,768,128,20,7
l,4,72804416816.8185,198272,141757440,1387904,768,128,20,7
xl,4,145608833633.637,198272,141757440,1387904,768,128,20,7
s,4,8779715121.422758,198272,251924480,1387904,1024,128,20,7
m,4,17559430242.845516,198272,251924480,1387904,1024,128,20,7
l,4,43898575607.11379,198272,251924480,1387904,1024,128,20,7
xl,4,87797151214.22758,198272,251924480,1387904,1024,128,20,7
s,4,5850787871.775444,198272,393548800,1387904,1280,128,20,7
m,4,11701575743.550888,198272,393548800,1387904,1280,128,20,7
l,4,29253939358.877216,198272,393548800,1387904,1280,128,20,7
xl,4,58507878717.75443,198272,393548800,1387904,1280,128,20,7
s,4,4171326873.0492373,198272,566630400,1387904,1536,128,20,7
m,4,8342653746.0984745,198272,566630400,1387904,1536,128,20,7
l,4,20856634365.246185,198272,566630400,1387904,1536,128,20,7
xl,4,41713268730.49237,198272,566630400,1387904,1536,128,20,7
l,4,15608266377.616558,198272,771169280,1387904,1792,128,20,7
xl,4,31216532755.233116,198272,771169280,1387904,1792,128,20,7
xl,4,24227696622.100883,198272,1007165440,1387904,2048,128,20,7
s,4,12760612542.069187,789760,141757440,5528320,768,256,20,7
m,4,25521225084.138374,789760,141757440,5528320,768,256,20,7
l,4,63803062710.34594,789760,141757440,5528320,768,256,20,7
xl,4,127606125420.69188,789760,141757440,5528320,768,256,20,7
s,4,8091406744.789522,789760,251924480,5528320,1024,256,20,7
m,4,16182813489.579044,789760,251924480,5528320,1024,256,20,7
l,4,40457033723.94761,789760,251924480,5528320,1024,256,20,7
xl,4,80914067447.89522,789760,251924480,5528320,1024,256,20,7
s,4,5536910195.03744,789760,393548800,5528320,1280,256,20,7
m,4,11073820390.07488,789760,393548800,5528320,1280,256,20,7
l,4,27684550975.187202,789760,393548800,5528320,1280,256,20,7
xl,4,55369101950.374405,789760,393548800,5528320,1280,256,20,7
s,4,4009287691.3456607,789760,566630400,5528320,1536,256,20,7
m,4,8018575382.691321,789760,566630400,5528320,1536,256,20,7
l,4,20046438456.728302,789760,566630400,5528320,1536,256,20,7
xl,4,40092876913.456604,789760,566630400,5528320,1536,256,20,7
l,4,15150043118.234718,789760,771169280,5528320,1792,256,20,7
xl,4,30300086236.469437,789760,771169280,5528320,1792,256,20,7
xl,4,23672015102.821384,789760,1007165440,5528320,2048,256,20,7
s,4,7185191469.832658,1774464,251924480,12421248,1024,384,20,7
m,4,14370382939.665316,1774464,251924480,12421248,1024,384,20,7
l,4,35925957349.163284,1774464,251924480,12421248,1024,384,20,7
xl,4,71851914698.32657,1774464,251924480,12421248,1024,384,20,7
s,4,5097012041.833665,1774464,393548800,12421248,1280,384,20,7
m,4,10194024083.66733,1774464,393548800,12421248,1280,384,20,7
l,4,25485060209.168327,1774464,393548800,12421248,1280,384,20,7
xl,4,50970120418.336655,1774464,393548800,12421248,1280,384,20,7
m,4,7546939245.20706,1774464,566630400,12421248,1536,384,20,7
l,4,18867348113.01765,1774464,566630400,12421248,1536,384,20,7
xl,4,37734696226.0353,1774464,566630400,12421248,1536,384,20,7
l,4,14466784863.771032,1774464,771169280,12421248,1792,384,20,7
xl,4,28933569727.542065,1774464,771169280,12421248,1792,384,20,7
xl,4,22829644172.417362,1774464,1007165440,12421248,2048,384,20,7
s,4,4593923613.561204,3152384,393548800,22066688,1280,512,20,7
m,4,9187847227.122408,3152384,393548800,22066688,1280,512,20,7
l,4,22969618067.80602,3152384,393548800,22066688,1280,512,20,7
xl,4,45939236135.61204,3152384,393548800,22066688,1280,512,20,7
m,4,6980959516.689743,3152384,566630400,22066688,1536,512,20,7
l,4,17452398791.724358,3152384,566630400,22066688,1536,512,20,7
xl,4,34904797583.448715,3152384,566630400,22066688,1536,512,20,7
l,4,13620090055.599606,3152384,771169280,22066688,1792,512,20,7
xl,4,27240180111.19921,3152384,771169280,22066688,1792,512,20,7
xl,4,21762196091.802067,3152384,1007165440,22066688,2048,512,20,7
l,4,15929792688.40357,4923520,566630400,34464640,1536,640,20,7
xl,4,31859585376.80714,4923520,566630400,34464640,1536,640,20,7
xl,4,25349282696.417397,4923520,771169280,34464640,1792,640,20,7
xl,4,20538260149.761707,4923520,1007165440,34464640,2048,640,20,7
xl,4,23377024805.678947,7087872,771169280,49615104,1792,768,20,7
xl,4,19224184503.941605,7087872,1007165440,49615104,2048,768,20,7
xl,4,17877628576.333782,9645440,1007165440,67518080,2048,896,20,7
s,4,26043033925.94778,198272,69352448,1387904,512,128,22,7
m,4,52086067851.89556,198272,69352448,1387904,512,128,22,7
l,4,130215169629.73889,198272,69352448,1387904,512,128,22,7
xl,4,260430339259.47778,198272,69352448,1387904,512,128,22,7
s,4,13303924210.630283,198272,155933184,1387904,768,128,22,7
m,4,26607848421.260567,198272,155933184,1387904,768,128,22,7
l,4,66519621053.15141,198272,155933184,1387904,768,128,22,7
xl,4,133039242106.30283,198272,155933184,1387904,768,128,22,7
s,4,8005781583.320716,198272,277116928,1387904,1024,128,22,7
m,4,16011563166.641432,198272,277116928,1387904,1024,128,22,7
l,4,40028907916.603584,198272,277116928,1387904,1024,128,22,7
xl,4,80057815833.20717,198272,277116928,1387904,1024,128,22,7
s,4,5329644025.827199,198272,432903680,1387904,1280,128,22,7
m,4,10659288051.654398,198272,432903680,1387904,1280,128,22,7
l,4,26648220129.135994,198272,432903680,1387904,1280,128,22,7
xl,4,53296440258.27199,198272,432903680,1387904,1280,128,22,7
m,4,7595148680.80774,198272,623293440,1387904,1536,128,22,7
l,4,18987871702.01935,198272,623293440,1387904,1536,128,22,7
xl,4,37975743404.0387,198272,623293440,1387904,1536,128,22,7
l,4,14204613894.957857,198272,848286208,1387904,1792,128,22,7
xl,4,28409227789.915714,198272,848286208,1387904,1792,128,22,7
xl,4,22043583373.875893,198272,1107881984,1387904,2048,128,22,7
s,4,11784839379.238771,789760,155933184,5528320,768,256,22,7
m,4,23569678758.477543,789760,155933184,5528320,768,256,22,7
l,4,58924196896.193855,789760,155933184,5528320,768,256,22,7
xl,4,117848393792.38771,789760,155933184,5528320,768,256,22,7
s,4,7429491157.122445,789760,277116928,5528320,1024,256,22,7
m,4,14858982314.24489,789760,277116928,5528320,1024,256,22,7
l,4,37147455785.61223,789760,277116928,5528320,1024,256,22,7
xl,4,74294911571.22446,789760,277116928,5528320,1024,256,22,7
s,4,5067941225.50441,789760,432903680,5528320,1280,256,22,7
m,4,10135882451.00882,789760,432903680,5528320,1280,256,22,7
l,4,25339706127.52205,789760,432903680,5528320,1280,256,22,7
xl,4,50679412255.0441,789760,432903680,5528320,1280,256,22,7
m,4,7325605464.22186,789760,623293440,5528320,1536,256,22,7
l,4,18314013660.55465,789760,623293440,5528320,1536,256,22,7
xl,4,36628027321.1093,789760,623293440,5528320,1536,256,22,7
l,4,13824096271.271856,789760,848286208,5528320,1792,256,22,7
xl,4,27648192542.543713,789760,848286208,5528320,1792,256,22,7
xl,4,21582621521.209465,789760,1107881984,5528320,2048,256,22,7
s,4,6658412366.024754,1774464,277116928,12421248,1024,384,22,7
m,4,13316824732.049507,1774464,277116928,12421248,1024,384,22,7
l,4,33292061830.123764,1774464,277116928,12421248,1024,384,22,7
xl,4,66584123660.24753,1774464,277116928,12421248,1024,384,22,7
s,4,4696908141.853539,1774464,432903680,12421248,1280,384,22,7
m,4,9393816283.707079,1774464,432903680,12421248,1280,384,22,7
l,4,23484540709.2677,1774464,432903680,12421248,1280,384,22,7
xl,4,46969081418.5354,1774464,432903680,12421248,1280,384,22,7
m,4,6929953910.816926,1774464,623293440,12421248,1536,384,22,7
l,4,17324884777.042316,1774464,623293440,12421248,1536,384,22,7
xl,4,34649769554.08463,1774464,623293440,12421248,1536,384,22,7
l,4,13252948791.708513,1774464,848286208,12421248,1792,384,22,7
xl,4,26505897583.417027,1774464,848286208,12421248,1792,384,22,7
xl,4,20880184290.84513,1774464,1107881984,12421248,2048,384,22,7
s,4,4266366532.900717,3152384,432903680,22066688,1280,512,22,7
m,4,8532733065.801434,3152384,432903680,22066688,1280,512,22,7
l,4,21331832664.503586,3152384,432903680,22066688,1280,512,22,7
xl,4,42663665329.00717,3152384,432903680,22066688,1280,512,22,7
l,4,16124471633.31352,3152384,623293440,22066688,1536,512,22,7
xl,4,32248943266.62704,3152384,623293440,22066688,1536,512,22,7
xl,4,25077740997.09098,3152384,848286208,22066688,1792,512,22,7
xl,4,19983675415.48779,3152384,1107881984,22066688,2048,512,22,7
l,4,14816070690.815771,4923520,623293440,34464640,1536,640,22,7
xl,4,29632141381.631542,4923520,623293440,34464640,1536,640,22,7
xl,4,23466262010.689953,4923520,848286208,34464640,1792,640,22,7
xl,4,18946852109.360622,4923520,1107881984,34464640,2048,640,22,7
xl,4,21766306899.2158,7087872,848286208,49615104,1792,768,22,7
xl,4,17822957406.382706,7087872,1107881984,49615104,2048,768,22,7
xl,4,16659605659.403984,9645440,1107881984,67518080,2048,896,22,7
s,4,24070809002.559593,198272,75657216,1387904,512,128,24,7
m,4,48141618005.11919,198272,75657216,1387904,512,128,24,7
l,4,120354045012.79797,198272,75657216,1387904,512,128,24,7
xl,4,240708090025.59595,198272,75657216,1387904,512,128,24,7
s,4,12246732669.697586,198272,170108928,1387904,768,128,24,7
m,4,24493465339.395172,198272,170108928,1387904,768,128,24,7
l,4,61233663348.48793,198272,170108928,1387904,768,128,24,7
xl,4,122467326696.97586,198272,170108928,1387904,768,128,24,7
s,4,7357239535.47449,198272,302309376,1387904,1024,128,24,7
m,4,14714479070.94898,198272,302309376,1387904,1024,128,24,7
l,4,36786197677.37245,198272,302309376,1387904,1024,128,24,7
xl,4,73572395354.7449,198272,302309376,1387904,1024,128,24,7
s,4,4893746199.516702,198272,472258560,1387904,1280,128,24,7
m,4,9787492399.033403,198272,472258560,1387904,1280,128,24,7
l,4,24468730997.583508,198272,472258560,1387904,1280,128,24,7
xl,4,48937461995.167015,198272,472258560,1387904,1280,128,24,7
m,4,6970581802.677217,198272,679956480,1387904,1536,128,24,7
l,4,17426454506.693043,198272,679956480,1387904,1536,128,24,7
xl,4,34852909013.386086,198272,679956480,1387904,1536,128,24,7
l,4,13032591989.45582,198272,925403136,1387904,1792,128,24,7
xl,4,26065183978.91164,198272,925403136,1387904,1792,128,24,7
xl,4,20220698735.465443,198272,1208598528,1387904,2048,128,24,7
s,4,10947695588.901945,789760,170108928,5528320,768,256,24,7
m,4,21895391177.80389,789760,170108928,5528320,768,256,24,7
l,4,54738477944.50972,789760,170108928,5528320,768,256,24,7
xl,4,109476955889.01944,789760,170108928,5528320,768,256,24,7
s,4,6867682072.690624,789760,302309376,5528320,1024,256,24,7
m,4,13735364145.381248,789760,302309376,5528320,1024,256,24,7
l,4,34338410363.453117,789760,302309376,5528320,1024,256,24,7
xl,4,68676820726.906235,789760,302309376,5528320,1024,256,24,7
s,4,4672211123.540439,789760,472258560,5528320,1280,256,24,7
m,4,9344422247.080877,789760,472258560,5528320,1280,256,24,7
l,4,23361055617.702194,789760,472258560,5528320,1280,256,24,7
xl,4,46722111235.40439,789760,472258560,5528320,1280,256,24,7
m,4,6742881728.559848,789760,679956480,5528320,1536,256,24,7
l,4,16857204321.39962,789760,679956480,5528320,1536,256,24,7
xl,4,33714408642.79924,789760,679956480,5528320,1536,256,24,7
xl,4,25423134515.47248,789760,925403136,5528320,1792,256,24,7
xl,4,19832150829.440838,789760,1208598528,5528320,2048,256,24,7
s,4,6203598325.246819,1774464,302309376,12421248,1024,384,24,7
m,4,12407196650.493637,1774464,302309376,12421248,1024,384,24,7
l,4,31017991626.234093,1774464,302309376,12421248,1024,384,24,7
xl,4,62035983252.468185,1774464,302309376,12421248,1024,384,24,7
s,4,4355046830.341172,1774464,472258560,12421248,1280,384,24,7
m,4,8710093660.682344,1774464,472258560,12421248,1280,384,24,7
l,4,21775234151.70586,1774464,472258560,12421248,1280,384,24,7
xl,4,43550468303.41172,1774464,472258560,12421248,1280,384,24,7
l,4,16015563540.274914,1774464,679956480,12421248,1536,384,24,7
xl,4,32031127080.549828,1774464,679956480,12421248,1536,384,24,7
xl,4,24454077394.61173,1774464,925403136,12421248,1792,384,24,7
xl,4,19237466236.707756,1774464,1208598528,12421248,2048,384,24,7
m,4,7964823262.483363,3152384,472258560,22066688,1280,512,24,7
l,4,19912058156.20841,3152384,472258560,22066688,1280,512,24,7
xl,4,39824116312.41682,3152384,472258560,22066688,1280,512,24,7
l,4,14984335735.04664,3152384,679956480,22066688,1536,512,24,7
xl,4,29968671470.09328,3152384,679956480,22066688,1536,512,24,7
xl,4,23233378506.45583,3152384,925403136,22066688,1792,512,24,7
xl,4,18473892163.546383,3152384,1208598528,22066688,2048,512,24,7
l,4,13847902789.406322,4923520,679956480,34464640,1536,640,24,7
xl,4,27695805578.812645,4923520,679956480,34464640,1536,640,24,7
xl,4,21843650211.652737,4923520,925403136,34464640,1792,640,24,7
xl,4,17584329520.769344,4923520,1208598528,34464640,2048,640,24,7
xl,4,20363243778.067883,7087872,925403136,49615104,1792,768,24,7
xl,4,16612120436.96947,7087872,1208598528,49615104,2048,768,24,7
xl,4,15596966791.736872,9645440,1208598528,67518080,2048,896,24,7
s,4,65490972724.31968,198272,25192448,1586176,1024,128,2,8
m,4,130981945448.63936,198272,25192448,1586176,1024,128,2,8
l,4,327454863621.5984,198272,25192448,1586176,1024,128,2,8
xl,4,654909727243.1968,198272,25192448,1586176,1024,128,2,8
s,4,47684661713.56548,198272,39354880,1586176,1280,128,2,8
m,4,95369323427.13097,198272,39354880,1586176,1280,128,2,8
l,4,238423308567.82742,198272,39354880,1586176,1280,128,2,8
xl,4,476846617135.65485,198272,39354880,1586176,1280,128,2,8
s,4,35903321832.78128,198272,56663040,1586176,1536,128,2,8
m,4,71806643665.56256,198272,56663040,1586176,1536,128,2,8
l,4,179516609163.90643,198272,56663040,1586176,1536,128,2,8
xl,4,359033218327.81287,198272,56663040,1586176,1536,128,2,8
s,4,27844530398.653484,198272,77116928,1586176,1792,128,2,8
m,4,55689060797.30697,198272,77116928,1586176,1792,128,2,8
l,4,139222651993.26743,198272,77116928,1586176,1792,128,2,8
xl,4,278445303986.53485,198272,77116928,1586176,1792,128,2,8
s,4,22146204636.60027,198272,100716544,1586176,2048,128,2,8
m,4,44292409273.20054,198272,100716544,1586176,2048,128,2,8
l,4,110731023183.00136,198272,100716544,1586176,2048,128,2,8
xl,4,221462046366.00272,198272,100716544,1586176,2048,128,2,8
s,4,17841707231.572227,789760,100716544,6318080,2048,256,2,8
m,4,35683414463.144455,789760,100716544,6318080,2048,256,2,8
l,4,89208536157.86115,789760,100716544,6318080,2048,256,2,8
xl,4,178417072315.7223,789760,100716544,6318080,2048,256,2,8
s,4,58018963382.143524,198272,28351488,1586176,768,128,4,8
m,4,116037926764.28705,198272,28351488,1586176,768,128,4,8
l,4,290094816910.71765,198272,28351488,1586176,768,128,4,8
xl,4,580189633821.4353,198272,28351488,1586176,768,128,4,8
s,4,38051611379.197395,198272,50384896,1586176,1024,128,4,8
m,4,76103222758.39479,198272,50384896,1586176,1024,128,4,8
l,4,190258056895.987,198272,50384896,1586176,1024,128,4,8
xl,4,380516113791.974,198272,50384896,1586176,1024,128,4,8
s,4,26536641369.81718,198272,78709760,1586176,1280,128,4,8
m,4,53073282739.63436,198272,78709760,1586176,1280,128,4,8
l,4,132683206849.0859,198272,78709760,1586176,1280,128,4,8
xl,4,265366413698.1718,198272,78709760,1586176,1280,128,4,8
s,4,19437597226.86133,198272,113326080,1586176,1536,128,4,8
m,4,38875194453.72266,198272,113326080,1586176,1536,128,4,8
l,4,97187986134.30664,198272,113326080,1586176,1536,128,4,8
xl,4,194375972268.61328,198272,113326080,1586176,1536,128,4,8
s,4,14799702016.879711,198272,154233856,1586176,1792,128,4,8
m,4,29599404033.759422,198272,154233856,1586176,1792,128,4,8
l,4,73998510084.39856,198272,154233856,1586176,1792,128,4,8
xl,4,147997020168.79712,198272,154233856,1586176,1792,128,4,8
s,4,11621087830.508387,198272,201433088,1586176,2048,128,4,8
m,4,23242175661.016773,198272,201433088,1586176,2048,128,4,8
l,4,58105439152.54193,198272,201433088,1586176,2048,128,4,8
xl,4,116210878305.08386,198272,201433088,1586176,2048,128,4,8
s,4,16040892212.390652,789760,113326080,6318080,1536,256,4,8
m,4,32081784424.781303,789760,113326080,6318080,1536,256,4,8
l,4,80204461061.95326,789760,113326080,6318080,1536,256,4,8
xl,4,160408922123.90652,789760,113326080,6318080,1536,256,4,8
s,4,12744874928.934578,789760,154233856,6318080,1792,256,4,8
m,4,25489749857.869156,789760,154233856,6318080,1792,256,4,8
l,4,63724374644.67289,789760,154233856,6318080,1792,256,4,8
xl,4,127448749289.34578,789760,154233856,6318080,1792,256,4,8
s,4,10315185868.096334,789760,201433088,6318080,2048,256,4,8
m,4,20630371736.19267,789760,201433088,6318080,2048,256,4,8
l,4,51575929340.481674,789760,201433088,6318080,2048,256,4,8
xl,4,103151858680.96335,789760,201433088,6318080,2048,256,4,8
s,4,8735611748.601114,1774464,201433088,14195712,2048,384,4,8
m,4,17471223497.20223,1774464,201433088,14195712,2048,384,4,8
l,4,43678058743.00557,1774464,201433088,14195712,2048,384,4,8
xl,4,87356117486.01114,1774464,201433088,14195712,2048,384,4,8
s,4,42150725599.45076,198272,42527232,1586176,768,128,6,8
m,4,84301451198.90152,198272,42527232,1586176,768,128,6,8
l,4,210753627997.25378,198272,42527232,1586176,768,128,6,8
xl,4,421507255994.50757,198272,42527232,1586176,768,128,6,8
s,4,26816185133.793457,198272,75577344,1586176,1024,128,6,8
m,4,53632370267.586914,198272,75577344,1586176,1024,128,6,8
l,4,134080925668.96729,198272,75577344,1586176,1024,128,6,8
xl,4,268161851337.93457,198272,75577344,1586176,1024,128,6,8
s,4,18383574908.21449,198272,118064640,1586176,1280,128,6,8
m,4,36767149816.42898,198272,118064640,1586176,1280,128,6,8
l,4,91917874541.07243,198272,118064640,1586176,1280,128,6,8
xl,4,183835749082.14487,198272,118064640,1586176,1280,128,6,8
s,4,13326083943.667978,198272,169989120,1586176,1536,128,6,8
m,4,26652167887.335957,198272,169989120,1586176,1536,128,6,8
l,4,66630419718.33989,198272,169989120,1586176,1536,128,6,8
xl,4,133260839436.67978,198272,169989120,1586176,1536,128,6,8
s,4,10078190634.216505,198272,231350784,1586176,1792,128,6,8
m,4,20156381268.43301,198272,231350784,1586176,1792,128,6,8
l,4,50390953171.08253,198272,231350784,1586176,1792,128,6,8
xl,4,100781906342.16505,198272,231350784,1586176,1792,128,6,8
s,4,7877336386.462879,198272,302149632,1586176,2048,128,6,8
m,4,15754672772.925758,198272,302149632,1586176,2048,128,6,8
l,4,39386681932.3144,198272,302149632,1586176,2048,128,6,8
xl,4,78773363864.6288,198272,302149632,1586176,2048,128,6,8
s,4,15316194878.852575,789760,118064640,6318080,1280,256,6,8
m,4,30632389757.70515,789760,118064640,6318080,1280,256,6,8
l,4,76580974394.26288,789760,118064640,6318080,1280,256,6,8
xl,4,153161948788.52576,789760,118064640,6318080,1280,256,6,8
s,4,11636731407.85459,789760,169989120,6318080,1536,256,6,8
m,4,23273462815.70918,789760,169989120,6318080,1536,256,6,8
l,4,58183657039.27294,789760,169989120,6318080,1536,256,6,8
xl,4,116367314078.54588,789760,169989120,6318080,1536,256,6,8
s,4,9081155599.571312,789760,231350784,6318080,1792,256,6,8
m,4,18162311199.142624,789760,231350784,6318080,1792,256,6,8
l,4,45405777997.85656,789760,231350784,6318080,1792,256,6,8
xl,4,90811555995.71312,789760,231350784,6318080,1792,256,6,8
s,4,7254764581.148198,789760,302149632,6318080,2048,256,6,8
m,4,14509529162.296396,789760,302149632,6318080,2048,256,6,8
l,4,36273822905.74099,789760,302149632,6318080,2048,256,6,8
xl,4,72547645811.48198,789760,302149632,6318080,2048,256,6,8
s,4,7834065223.042731,1774464,231350784,14195712,1792,384,6,8
m,4,15668130446.085463,1774464,231350784,14195712,1792,384,6,8
l,4,39170326115.21365,1774464,231350784,14195712,1792,384,6,8
xl,4,78340652230.4273,1774464,231350784,14195712,1792,384,6,8
s,4,6436250942.524588,1774464,302149632,14195712,2048,384,6,8
m,4,12872501885.049175,1774464,302149632,14195712,2048,384,6,8
l,4,32181254712.62294,1774464,302149632,14195712,2048,384,6,8
xl,4,64362509425.24588,1774464,302149632,14195712,2048,384,6,8
s,4,59372156073.72407,198272,25219072,1586176,512,128,8,8
m,4,118744312147.44814,198272,25219072,1586176,512,128,8,8
l,4,296860780368.62036,198272,25219072,1586176,512,128,8,8
xl,4,593721560737.2407,198272,25219072,1586176,512,128,8,8
s,4,33098308861.767693,198272,56702976,1586176,768,128,8,8
m,4,66196617723.535385,198272,56702976,1586176,768,128,8,8
l,4,165491544308.83847,198272,56702976,1586176,768,128,8,8
xl,4,330983088617.67694,198272,56702976,1586176,768,128,8,8
s,4,20703193061.747192,198272,100769792,1586176,1024,128,8,8
m,4,41406386123.494385,198272,100769792,1586176,1024,128,8,8
l,4,103515965308.73595,198272,100769792,1586176,1024,128,8,8
xl,4,207031930617.4719,198272,100769792,1586176,1024,128,8,8
s,4,14062912746.489109,198272,157419520,1586176,1280,128,8,8
m,4,28125825492.978218,198272,157419520,1586176,1280,128,8,8
l,4,70314563732.44554,198272,157419520,1586176,1280,128,8,8
xl,4,140629127464.89108,198272,157419520,1586176,1280,128,8,8
s,4,10138398055.244375,198272,226652160,1586176,1536,128,8,8
m,4,20276796110.48875,198272,226652160,1586176,1536,128,8,8
l,4,50691990276.22187,198272,226652160,1586176,1536,128,8,8
xl,4,101383980552.44374,198272,226652160,1586176,1536,128,8,8
s,4,7640622291.399398,198272,308467712,1586176,1792,128,8,8
m,4,15281244582.798796,198272,308467712,1586176,1792,128,8,8
l,4,38203111456.99699,198272,308467712,1586176,1792,128,8,8
xl,4,76406222913.99397,198272,308467712,1586176,1792,128,8,8
s,4,5957967823.923271,198272,402866176,1586176,2048,128,8,8
m,4,11915935647.846542,198272,402866176,1586176,2048,128,8,8
l,4,29789839119.616356,198272,402866176,1586176,2048,128,8,8
xl,4,59579678239.23271,198272,402866176,1586176,2048,128,8,8
s,4,16893115501.339016,789760,100769792,6318080,1024,256,8,8
m,4,33786231002.678032,789760,100769792,6318080,1024,256,8,8
l,4,84465577506.69508,789760,100769792,6318080,1024,256,8,8
xl,4,168931155013.39017,789760,100769792,6318080,1024,256,8,8
s,4,12194674614.86291,789760,157419520,6318080,1280,256,8,8
m,4,24389349229.72582,789760,157419520,6318080,1280,256,8,8
l,4,60973373074.314545,789760,157419520,6318080,1280,256,8,8
xl,4,121946746148.62909,789760,157419520,6318080,1280,256,8,8
s,4,9130010769.030302,789760,226652160,6318080,1536,256,8,8
m,4,18260021538.060604,789760,226652160,6318080,1536,256,8,8
l,4,45650053845.15151,789760,226652160,6318080,1536,256,8,8
xl,4,91300107690.30302,789760,226652160,6318080,1536,256,8,8
s,4,7053510526.546253,789760,308467712,6318080,1792,256,8,8
m,4,14107021053.092506,789760,308467712,6318080,1792,256,8,8
l,4,35267552632.73127,789760,308467712,6318080,1792,256,8,8
xl,4,70535105265.46254,789760,308467712,6318080,1792,256,8,8
s,4,5594829768.576357,789760,402866176,6318080,2048,256,8,8
m,4,11189659537.152714,789760,402866176,6318080,2048,256,8,8
l,4,27974148842.881783,789760,402866176,6318080,2048,256,8,8
xl,4,55948297685.763565,789760,402866176,6318080,2048,256,8,8
s,4,7870396605.025721,1774464,226652160,14195712,1536,384,8,8
m,4,15740793210.051441,1774464,226652160,14195712,1536,384,8,8
l,4,39351983025.1286,1774464,226652160,14195712,1536,384,8,8
xl,4,78703966050.2572,1774464,226652160,14195712,1536,384,8,8
s,4,6277350415.761473,1774464,308467712,14195712,1792,384,8,8
m,4,12554700831.522945,1774464,308467712,14195712,1792,384,8,8
l,4,31386752078.807365,1774464,308467712,14195712,1792,384,8,8
xl,4,62773504157.61473,1774464,308467712,14195712,1792,384,8,8
s,4,5095127248.561177,1774464,402866176,14195712,2048,384,8,8
m,4,10190254497.122355,1774464,402866176,14195712,2048,384,8,8
l,4,25475636242.805885,1774464,402866176,14195712,2048,384,8,8
xl,4,50951272485.61177,1774464,402866176,14195712,2048,384,8,8
s,4,4536567492.220331,3152384,402866176,25219072,2048,512,8,8
m,4,9073134984.440662,3152384,402866176,25219072,2048,512,8,8
l,4,22682837461.101654,3152384,402866176,25219072,2048,512,8,8
xl,4,45365674922.20331,3152384,402866176,25219072,2048,512,8,8
s,4,50027455067.34096,198272,31523840,1586176,512,128,10,8
m,4,100054910134.68192,198272,31523840,1586176,512,128,10,8
l,4,250137275336.70477,198272,31523840,1586176,512,128,10,8
xl,4,500274550673.40955,198272,31523840,1586176,512,128,10,8
s,4,27246721020.605495,198272,70878720,1586176,768,128,10,8
m,4,54493442041.21099,198272,70878720,1586176,768,128,10,8
l,4,136233605103.02748,198272,70878720,1586176,768,128,10,8
xl,4,272467210206.05496,198272,70878720,1586176,768,128,10,8
s,4,16859839969.096588,198272,125962240,1586176,1024,128,10,8
m,4,33719679938.193176,198272,125962240,1586176,1024,128,10,8
l,4,84299199845.48294,198272,125962240,1586176,1024,128,10,8
xl,4,168598399690.96588,198272,125962240,1586176,1024,128,10,8
s,4,11386712053.189974,198272,196774400,1586176,1280,128,10,8
m,4,22773424106.379948,198272,196774400,1586176,1280,128,10,8
l,4,56933560265.94987,198272,196774400,1586176,1280,128,10,8
xl,4,113867120531.89973,198272,196774400,1586176,1280,128,10,8
s,4,8181362881.5362215,198272,283315200,1586176,1536,128,10,8
m,4,16362725763.072443,198272,283315200,1586176,1536,128,10,8
l,4,40906814407.68111,198272,283315200,1586176,1536,128,10,8
xl,4,81813628815.36221,198272,283315200,1586176,1536,128,10,8
s,4,6152535228.432312,198272,385584640,1586176,1792,128,10,8
m,4,12305070456.864624,198272,385584640,1586176,1792,128,10,8
l,4,30762676142.16156,198272,385584640,1586176,1792,128,10,8
xl,4,61525352284.32312,198272,385584640,1586176,1792,128,10,8
s,4,4790683905.770237,198272,503582720,1586176,2048,128,10,8
m,4,9581367811.540474,198272,503582720,1586176,2048,128,10,8
l,4,23953419528.851185,198272,503582720,1586176,2048,128,10,8
xl,4,47906839057.70237,198272,503582720,1586176,2048,128,10,8
s,4,14243689703.612747,789760,125962240,6318080,1024,256,10,8
m,4,28487379407.225494,789760,125962240,6318080,1024,256,10,8
l,4,71218448518.06374,789760,125962240,6318080,1024,256,10,8
xl,4,142436897036.12747,789760,125962240,6318080,1024,256,10,8
s,4,10130106221.862617,789760,196774400,6318080,1280,256,10,8
m,4,20260212443.725235,789760,196774400,6318080,1280,256,10,8
l,4,50650531109.31309,789760,196774400,6318080,1280,256,10,8
xl,4,101301062218.62617,789760,196774400,6318080,1280,256,10,8
s,4,7511849491.862444,789760,283315200,6318080,1536,256,10,8
m,4,15023698983.724888,789760,283315200,6318080,1536,256,10,8
l,4,37559247459.31222,789760,283315200,6318080,1536,256,10,8
xl,4,75118494918.62444,789760,283315200,6318080,1536,256,10,8
s,4,5766061387.057896,789760,385584640,6318080,1792,256,10,8
m,4,11532122774.115791,789760,385584640,6318080,1792,256,10,8
l,4,28830306935.28948,789760,385584640,6318080,1792,256,10,8
xl,4,57660613870.57896,789760,385584640,6318080,1792,256,10,8
s,4,4553061303.582975,789760,503582720,6318080,2048,256,10,8
m,4,9106122607.16595,789760,503582720,6318080,2048,256,10,8
l,4,22765306517.914875,789760,503582720,6318080,2048,256,10,8
xl,4,45530613035.82975,789760,503582720,6318080,2048,256,10,8
s,4,8602509290.021833,1774464,196774400,14195712,1280,384,10,8
m,4,17205018580.043667,1774464,196774400,14195712,1280,384,10,8
l,4,43012546450.10916,1774464,196774400,14195712,1280,384,10,8
xl,4,86025092900.21832,1774464,196774400,14195712,1280,384,10,8
s,4,6637791741.567509,1774464,283315200,14195712,1536,384,10,8
m,4,13275583483.135017,1774464,283315200,14195712,1536,384,10,8
l,4,33188958707.837543,1774464,283315200,14195712,1536,384,10,8
xl,4,66377917415.67509,1774464,283315200,14195712,1536,384,10,8
s,4,5236750560.248522,1774464,385584640,14195712,1792,384,10,8
m,4,10473501120.497044,1774464,385584640,14195712,1792,384,10,8
l,4,26183752801.24261,1774464,385584640,14195712,1792,384,10,8
xl,4,52367505602.48522,1774464,385584640,14195712,1792,384,10,8
s,4,4216527953.0166793,1774464,503582720,14195712,2048,384,10,8
m,4,8433055906.033359,1774464,503582720,14195712,2048,384,10,8
l,4,21082639765.083397,1774464,503582720,14195712,2048,384,10,8
xl,4,42165279530.166794,1774464,503582720,14195712,2048,384,10,8
s,4,4648500475.560193,3152384,385584640,25219072,1792,512,10,8
m,4,9297000951.120386,3152384,385584640,25219072,1792,512,10,8
l,4,23242502377.800964,3152384,385584640,25219072,1792,512,10,8
xl,4,46485004755.60193,3152384,385584640,25219072,1792,512,10,8
m,4,7653247401.44699,3152384,503582720,25219072,2048,512,10,8
l,4,19133118503.617477,3152384,503582720,25219072,2048,512,10,8
xl,4,38266237007.234955,3152384,503582720,25219072,2048,512,10,8
m,4,6846325193.874237,4923520,503582720,39388160,2048,640,10,8
l,4,17115812984.685593,4923520,503582720,39388160,2048,640,10,8
xl,4,34231625969.371185,4923520,503582720,39388160,2048,640,10,8
s,4,43224297449.558975,198272,37828608,1586176,512,128,12,8
m,4,86448594899.11795,198272,37828608,1586176,512,128,12,8
l,4,216121487247.79486,198272,37828608,1586176,512,128,12,8
xl,4,432242974495.5897,198272,37828608,1586176,512,128,12,8
s,4,23153344787.756065,198272,85054464,1586176,768,128,12,8
m,4,46306689575.51213,198272,85054464,1586176,768,128,12,8
l,4,115766723938.78033,198272,85054464,1586176,768,128,12,8
xl,4,231533447877.56067,198272,85054464,1586176,768,128,12,8
s,4,14220025891.823143,198272,151154688,1586176,1024,128,12,8
m,4,28440051783.646286,198272,151154688,1586176,1024,128,12,8
l,4,71100129459.11572,198272,151154688,1586176,1024,128,12,8
xl,4,142200258918.23145,198272,151154688,1586176,1024,128,12,8
s,4,9566237701.262161,198272,236129280,1586176,1280,128,12,8
m,4,19132475402.524323,198272,236129280,1586176,1280,128,12,8
l,4,47831188506.31081,198272,236129280,1586176,1280,128,12,8
xl,4,95662377012.62161,198272,236129280,1586176,1280,128,12,8
s,4,6857622373.448339,198272,339978240,1586176,1536,128,12,8
m,4,13715244746.896679,198272,339978240,1586176,1536,128,12,8
l,4,34288111867.2417,198272,339978240,1586176,1536,128,12,8
xl,4,68576223734.4834,198272,339978240,1586176,1536,128,12,8
s,4,5149599575.376378,198272,462701568,1586176,1792,128,12,8
m,4,10299199150.752756,198272,462701568,1586176,1792,128,12,8
l,4,25747997876.88189,198272,462701568,1586176,1792,128,12,8
xl,4,51495995753.76378,198272,462701568,1586176,1792,128,12,8
s,4,4005857139.982082,198272,604299264,1586176,2048,128,12,8
m,4,8011714279.964164,198272,604299264,1586176,2048,128,12,8
l,4,20029285699.910408,198272,604299264,1586176,2048,128,12,8
xl,4,40058571399.820816,198272,604299264,1586176,2048,128,12,8
s,4,18489658216.44911,789760,85054464,6318080,768,256,12,8
m,4,36979316432.89822,789760,85054464,6318080,768,256,12,8
l,4,92448291082.24554,789760,85054464,6318080,768,256,12,8
xl,4,184896582164.4911,789760,85054464,6318080,768,256,12,8
s,4,12312641004.364782,789760,151154688,6318080,1024,256,12,8
m,4,24625282008.729565,789760,151154688,6318080,1024,256,12,8
l,4,61563205021.82391,789760,151154688,6318080,1024,256,12,8
xl,4,123126410043.64783,789760,151154688,6318080,1024,256,12,8
s,4,8663387609.110168,789760,236129280,6318080,1280,256,12,8
m,4,17326775218.220337,789760,236129280,6318080,1280,256,12,8
l,4,43316938045.55084,789760,236129280,6318080,1280,256,12,8
xl,4,86633876091.10168,789760,236129280,6318080,1280,256,12,8
s,4,6380923794.413782,789760,339978240,6318080,1536,256,12,8
m,4,12761847588.827564,789760,339978240,6318080,1536,256,12,8
l,4,31904618972.06891,789760,339978240,6318080,1536,256,12,8
xl,4,63809237944.13782,789760,339978240,6318080,1536,256,12,8
s,4,4876054593.087393,789760,462701568,6318080,1792,256,12,8
m,4,9752109186.174786,789760,462701568,6318080,1792,256,12,8
l,4,24380272965.436966,789760,462701568,6318080,1792,256,12,8
xl,4,48760545930.87393,789760,462701568,6318080,1792,256,12,8
m,4,7676704848.754175,789760,604299264,6318080,2048,256,12,8
l,4,19191762121.885437,789760,604299264,6318080,2048,256,12,8
xl,4,38383524243.770874,789760,604299264,6318080,2048,256,12,8
s,4,7521183865.628574,1774464,236129280,14195712,1280,384,12,8
m,4,15042367731.257149,1774464,236129280,14195712,1280,384,12,8
l,4,37605919328.142876,1774464,236129280,14195712,1280,384,12,8
xl,4,75211838656.28575,1774464,236129280,14195712,1280,384,12,8
s,4,5738992108.105349,1774464,339978240,14195712,1536,384,12,8
m,4,11477984216.210697,1774464,339978240,14195712,1536,384,12,8
l,4,28694960540.52674,1774464,339978240,14195712,1536,384,12,8
xl,4,57389921081.05348,1774464,339978240,14195712,1536,384,12,8
s,4,4492093699.468438,1774464,462701568,14195712,1792,384,12,8
m,4,8984187398.936876,1774464,462701568,14195712,1792,384,12,8
l,4,22460468497.34219,1774464,462701568,14195712,1792,384,12,8
xl,4,44920936994.68438,1774464,462701568,14195712,1792,384,12,8
m,4,7192745201.54705,1774464,604299264,14195712,2048,384,12,8
l,4,17981863003.867626,1774464,604299264,14195712,2048,384,12,8
xl,4,35963726007.73525,1774464,604299264,14195712,2048,384,12,8
s,4,5040026682.304459,3152384,339978240,25219072,1536,512,12,8
m,4,10080053364.608917,3152384,339978240,25219072,1536,512,12,8
l,4,25200133411.522293,3152384,339978240,25219072,1536,512,12,8
xl,4,50400266823.044586,3152384,339978240,25219072,1536,512,12,8
s,4,4052219034.0443454,3152384,462701568,25219072,1792,512,12,8
m,4,8104438068.088691,3152384,462701568,25219072,1792,512,12,8
l,4,20261095170.221725,3152384,462701568,25219072,1792,512,12,8
xl,4,40522190340.44345,3152384,462701568,25219072,1792,512,12,8
l,4,16544076384.185959,3152384,604299264,25219072,2048,512,12,8
xl,4,33088152768.371918,3152384,604299264,25219072,2048,512,12,8
l,4,15013954569.93548,4923520,604299264,39388160,2048,640,12,8
xl,4,30027909139.87096,4923520,604299264,39388160,2048,640,12,8
s,4,38049943442.564064,198272,44133376,1586176,512,128,14,8
m,4,76099886885.12813,198272,44133376,1586176,512,128,14,8
l,4,190249717212.82034,198272,44133376,1586176,512,128,14,8
xl,4,380499434425.6407,198272,44133376,1586176,512,128,14,8
s,4,20129252344.81635,198272,99230208,1586176,768,128,14,8
m,4,40258504689.6327,198272,99230208,1586176,768,128,14,8
l,4,100646261724.08174,198272,99230208,1586176,768,128,14,8
xl,4,201292523448.16348,198272,99230208,1586176,768,128,14,8
s,4,12294954583.421366,198272,176347136,1586176,1024,128,14,8
m,4,24589909166.84273,198272,176347136,1586176,1024,128,14,8
l,4,61474772917.10683,198272,176347136,1586176,1024,128,14,8
xl,4,122949545834.21365,198272,176347136,1586176,1024,128,14,8
s,4,8247630554.713198,198272,275484160,1586176,1280,128,14,8
m,4,16495261109.426395,198272,275484160,1586176,1280,128,14,8
l,4,41238152773.56599,198272,275484160,1586176,1280,128,14,8
xl,4,82476305547.13197,198272,275484160,1586176,1280,128,14,8
s,4,5902586730.720593,198272,396641280,1586176,1536,128,14,8
m,4,11805173461.441187,198272,396641280,1586176,1536,128,14,8
l,4,29512933653.602966,198272,396641280,1586176,1536,128,14,8
xl,4,59025867307.20593,198272,396641280,1586176,1536,128,14,8
s,4,4427813811.916954,198272,539818496,1586176,1792,128,14,8
m,4,8855627623.833908,198272,539818496,1586176,1792,128,14,8
l,4,22139069059.58477,198272,539818496,1586176,1792,128,14,8
xl,4,44278138119.16954,198272,539818496,1586176,1792,128,14,8
m,4,6883959680.042365,198272,705015808,1586176,2048,128,14,8
l,4,17209899200.105915,198272,705015808,1586176,2048,128,14,8
xl,4,34419798400.21183,198272,705015808,1586176,2048,128,14,8
s,4,16509025286.015562,789760,99230208,6318080,768,256,14,8
m,4,33018050572.031124,789760,99230208,6318080,768,256,14,8
l,4,82545126430.0778,789760,99230208,6318080,768,256,14,8
xl,4,165090252860.1556,789760,99230208,6318080,768,256,14,8
s,4,10842675382.442846,789760,176347136,6318080,1024,256,14,8
m,4,21685350764.885693,789760,176347136,6318080,1024,256,14,8
l,4,54213376912.21423,789760,176347136,6318080,1024,256,14,8
xl,4,108426753824.42847,789760,176347136,6318080,1024,256,14,8
s,4,7567678047.485787,789760,275484160,6318080,1280,256,14,8
m,4,15135356094.971575,789760,275484160,6318080,1280,256,14,8
l,4,37838390237.42894,789760,275484160,6318080,1280,256,14,8
xl,4,75676780474.85788,789760,275484160,6318080,1280,256,14,8
s,4,5545966210.246958,789760,396641280,6318080,1536,256,14,8
m,4,11091932420.493916,789760,396641280,6318080,1536,256,14,8
l,4,27729831051.23479,789760,396641280,6318080,1536,256,14,8
xl,4,55459662102.46958,789760,396641280,6318080,1536,256,14,8
s,4,4224059812.1462603,789760,539818496,6318080,1792,256,14,8
m,4,8448119624.2925205,789760,539818496,6318080,1792,256,14,8
l,4,21120299060.7313,789760,539818496,6318080,1792,256,14,8
xl,4,42240598121.4626,789760,539818496,6318080,1792,256,14,8
l,4,16587904641.364725,789760,705015808,6318080,2048,256,14,8
xl,4,33175809282.72945,789760,705015808,6318080,2048,256,14,8
s,4,6681346386.43924,1774464,275484160,14195712,1280,384,14,8
m,4,13362692772.87848,1774464,275484160,14195712,1280,384,14,8
l,4,33406731932.1962,1774464,275484160,14195712,1280,384,14,8
xl,4,66813463864.3924,1774464,275484160,14195712,1280,384,14,8
s,4,5054570763.424576,1774464,396641280,14195712,1536,384,14,8
m,4,10109141526.849152,1774464,396641280,14195712,1536,384,14,8
l,4,25272853817.12288,1774464,396641280,14195712,1536,384,14,8
xl,4,50545707634.24576,1774464,396641280,14195712,1536,384,14,8
m,4,7865698669.740456,1774464,539818496,14195712,1792,384,14,8
l,4,19664246674.35114,1774464,539818496,14195712,1792,384,14,8
xl,4,39328493348.70228,1774464,539818496,14195712,1792,384,14,8
l,4,15676244074.25433,1774464,705015808,14195712,2048,384,14,8
xl,4,31352488148.50866,1774464,705015808,14195712,2048,384,14,8
s,4,4504387633.906436,3152384,396641280,25219072,1536,512,14,8
m,4,9008775267.812872,3152384,396641280,25219072,1536,512,14,8
l,4,22521938169.532177,3152384,396641280,25219072,1536,512,14,8
xl,4,45043876339.064354,3152384,396641280,25219072,1536,512,14,8
m,4,7183041127.220278,3152384,539818496,25219072,1792,512,14,8
l,4,17957602818.050694,3152384,539818496,25219072,1792,512,14,8
xl,4,35915205636.10139,3152384,539818496,25219072,1792,512,14,8
l,4,14572204831.947271,3152384,705015808,25219072,2048,512,14,8
xl,4,29144409663.894543,3152384,705015808,25219072,2048,512,14,8
l,4,16168977769.802807,4923520,539818496,39388160,1792,640,14,8
xl,4,32337955539.605614,4923520,539818496,39388160,1792,640,14,8
l,4,13371861410.177248,4923520,705015808,39388160,2048,640,14,8
xl,4,26743722820.354496,4923520,705015808,39388160,2048,640,14,8
s,4,33981981394.185547,198272,50438144,1586176,512,128,16,8
m,4,67963962788.37109,198272,50438144,1586176,512,128,16,8
l,4,169909906970.92773,198272,50438144,1586176,512,128,16,8
xl,4,339819813941.85547,198272,50438144,1586176,512,128,16,8
s,4,17803863523.84322,198272,113405952,1586176,768,128,16,8
m,4,35607727047.68644,198272,113405952,1586176,768,128,16,8
l,4,89019317619.2161,198272,113405952,1586176,768,128,16,8
xl,4,178038635238.4322,198272,113405952,1586176,768,128,16,8
s,4,10828957568.159191,198272,201539584,1586176,1024,128,16,8
m,4,21657915136.318382,198272,201539584,1586176,1024,128,16,8
l,4,54144787840.79596,198272,201539584,1586176,1024,128,16,8
xl,4,108289575681.59192,198272,201539584,1586176,1024,128,16,8
s,4,7248499676.542951,198272,314839040,1586176,1280,128,16,8
m,4,14496999353.085901,198272,314839040,1586176,1280,128,16,8
l,4,36242498382.71475,198272,314839040,1586176,1280,128,16,8
xl,4,72484996765.4295,198272,314839040,1586176,1280,128,16,8
s,4,5181042193.578658,198272,453304320,1586176,1536,128,16,8
m,4,10362084387.157316,198272,453304320,1586176,1536,128,16,8
l,4,25905210967.893288,198272,453304320,1586176,1536,128,16,8
xl,4,51810421935.786575,198272,453304320,1586176,1536,128,16,8
m,4,7766980639.092021,198272,616935424,1586176,1792,128,16,8
l,4,19417451597.730053,198272,616935424,1586176,1792,128,16,8
xl,4,38834903195.460106,198272,616935424,1586176,1792,128,16,8
l,4,15086302824.628996,198272,805732352,1586176,2048,128,16,8
xl,4,30172605649.25799,198272,805732352,1586176,2048,128,16,8
s,4,14911670422.021746,789760,113405952,6318080,768,256,16,8
m,4,29823340844.04349,789760,113405952,6318080,768,256,16,8
l,4,74558352110.10873,789760,113405952,6318080,768,256,16,8
xl,4,149116704220.21747,789760,113405952,6318080,768,256,16,8
s,4,9686264226.409994,789760,201539584,6318080,1024,256,16,8
m,4,19372528452.81999,789760,201539584,6318080,1024,256,16,8
l,4,48431321132.04997,789760,201539584,6318080,1024,256,16,8
xl,4,96862642264.09995,789760,201539584,6318080,1024,256,16,8
s,4,6718011623.342479,789760,314839040,6318080,1280,256,16,8
m,4,13436023246.684958,789760,314839040,6318080,1280,256,16,8
l,4,33590058116.71239,789760,314839040,6318080,1280,256,16,8
xl,4,67180116233.42478,789760,314839040,6318080,1280,256,16,8
s,4,4904236349.980116,789760,453304320,6318080,1536,256,16,8
m,4,9808472699.960232,789760,453304320,6318080,1536,256,16,8
l,4,24521181749.90058,789760,453304320,6318080,1536,256,16,8
xl,4,49042363499.80116,789760,453304320,6318080,1536,256,16,8
m,4,7451722969.500873,789760,616935424,6318080,1792,256,16,8
l,4,18629307423.752182,789760,616935424,6318080,1792,256,16,8
xl,4,37258614847.504364,789760,616935424,6318080,1792,256,16,8
l,4,14606197290.323715,789760,805732352,6318080,2048,256,16,8
xl,4,29212394580.64743,789760,805732352,6318080,2048,256,16,8
s,4,8280306252.094917,1774464,201539584,14195712,1024,384,16,8
m,4,16560612504.189835,1774464,201539584,14195712,1024,384,16,8
l,4,41401531260.47459,1774464,201539584,14195712,1024,384,16,8
xl,4,82803062520.94917,1774464,201539584,14195712,1024,384,16,8
s,4,6010226809.611978,1774464,314839040,14195712,1280,384,16,8
m,4,12020453619.223955,1774464,314839040,14195712,1280,384,16,8
l,4,30051134048.05989,1774464,314839040,14195712,1280,384,16,8
xl,4,60102268096.11978,1774464,314839040,14195712,1280,384,16,8
s,4,4516001022.567143,1774464,453304320,14195712,1536,384,16,8
m,4,9032002045.134287,1774464,453304320,14195712,1536,384,16,8
l,4,22580005112.835716,1774464,453304320,14195712,1536,384,16,8
xl,4,45160010225.67143,1774464,453304320,14195712,1536,384,16,8
m,4,6994870465.63118,1774464,616935424,14195712,1792,384,16,8
l,4,17487176164.07795,1774464,616935424,14195712,1792,384,16,8
xl,4,34974352328.1559,1774464,616935424,14195712,1792,384,16,8
l,4,13894680191.592745,1774464,805732352,14195712,2048,384,16,8
xl,4,27789360383.18549,1774464,805732352,14195712,2048,384,16,8
s,4,4071663359.8245525,3152384,453304320,25219072,1536,512,16,8
m,4,8143326719.649105,3152384,453304320,25219072,1536,512,16,8
l,4,20358316799.12276,3152384,453304320,25219072,1536,512,16,8
xl,4,40716633598.24552,3152384,453304320,25219072,1536,512,16,8
l,4,16124411729.861977,3152384,616935424,25219072,1792,512,16,8
xl,4,32248823459.723953,3152384,616935424,25219072,1792,512,16,8
l,4,13020325540.637249,3152384,805732352,25219072,2048,512,16,8
xl,4,26040651081.274498,3152384,805732352,25219072,2048,512,16,8
l,4,14667514894.920046,4923520,616935424,39388160,1792,640,16,8
xl,4,29335029789.84009,4923520,616935424,39388160,1792,640,16,8
xl,4,24107101875.069668,4923520,805732352,39388160,2048,640,16,8
xl,4,22111586457.152134,7087872,805732352,56702976,2048,768,16,8
s,4,30699828375.679447,198272,56742912,1586176,512,128,18,8
m,4,61399656751.358894,198272,56742912,1586176,512,128,18,8
l,4,153499141878.39725,198272,56742912,1586176,512,128,18,8
xl,4,306998283756.7945,198272,56742912,1586176,512,128,18,8
s,4,15960106373.470575,198272,127581696,1586176,768,128,18,8
m,4,31920212746.94115,198272,127581696,1586176,768,128,18,8
l,4,79800531867.35287,198272,127581696,1586176,768,128,18,8
xl,4,159601063734.70575,198272,127581696,1586176,768,128,18,8
s,4,9675315005.035809,198272,226732032,1586176,1024,128,18,8
m,4,19350630010.071617,198272,226732032,1586176,1024,128,18,8
l,4,48376575025.17904,198272,226732032,1586176,1024,128,18,8
xl,4,96753150050.35808,198272,226732032,1586176,1024,128,18,8
s,4,6465284937.003298,198272,354193920,1586176,1280,128,18,8
m,4,12930569874.006596,198272,354193920,1586176,1280,128,18,8
l,4,32326424685.01649,198272,354193920,1586176,1280,128,18,8
xl,4,64652849370.03298,198272,354193920,1586176,1280,128,18,8
s,4,4616688538.690288,198272,509967360,1586176,1536,128,18,8
m,4,9233377077.380575,198272,509967360,1586176,1536,128,18,8
l,4,23083442693.45144,198272,509967360,1586176,1536,128,18,8
xl,4,46166885386.90288,198272,509967360,1586176,1536,128,18,8
m,4,6916692369.0955105,198272,694052352,1586176,1792,128,18,8
l,4,17291730922.738777,198272,694052352,1586176,1792,128,18,8
xl,4,34583461845.477554,198272,694052352,1586176,1792,128,18,8
l,4,13429219247.96888,198272,906448896,1586176,2048,128,18,8
xl,4,26858438495.93776,198272,906448896,1586176,2048,128,18,8
s,4,13596154615.905369,789760,127581696,6318080,768,256,18,8
m,4,27192309231.810738,789760,127581696,6318080,768,256,18,8
l,4,67980773079.52685,789760,127581696,6318080,768,256,18,8
xl,4,135961546159.0537,789760,127581696,6318080,768,256,18,8
s,4,8752751164.746103,789760,226732032,6318080,1024,256,18,8
m,4,17505502329.492207,789760,226732032,6318080,1024,256,18,8
l,4,43763755823.730515,789760,226732032,6318080,1024,256,18,8
xl,4,87527511647.46103,789760,226732032,6318080,1024,256,18,8
s,4,6039879828.618168,789760,354193920,6318080,1280,256,18,8
m,4,12079759657.236336,789760,354193920,6318080,1280,256,18,8
l,4,30199399143.090843,789760,354193920,6318080,1280,256,18,8
xl,4,60398798286.18169,789760,354193920,6318080,1280,256,18,8
s,4,4395614906.437403,789760,509967360,6318080,1536,256,18,8
m,4,8791229812.874805,789760,509967360,6318080,1536,256,18,8
l,4,21978074532.18701,789760,509967360,6318080,1536,256,18,8
xl,4,43956149064.37402,789760,509967360,6318080,1536,256,18,8
m,4,6665566048.400755,789760,694052352,6318080,1792,256,18,8
l,4,16663915121.001886,789760,694052352,6318080,1792,256,18,8
xl,4,33327830242.003773,789760,694052352,6318080,1792,256,18,8
l,4,13047456668.665747,789760,906448896,6318080,2048,256,18,8
xl,4,26094913337.331493,789760,906448896,6318080,2048,256,18,8
s,4,7588445456.5609455,1774464,226732032,14195712,1024,384,18,8
m,4,15176890913.121891,1774464,226732032,14195712,1024,384,18,8
l,4,37942227282.804726,1774464,226732032,14195712,1024,384,18,8
xl,4,75884454565.60945,1774464,226732032,14195712,1024,384,18,8
s,4,5461624355.244322,1774464,354193920,14195712,1280,384,18,8
m,4,10923248710.488644,1774464,354193920,14195712,1280,384,18,8
l,4,27308121776.221607,1774464,354193920,14195712,1280,384,18,8
xl,4,54616243552.443214,1774464,354193920,14195712,1280,384,18,8
s,4,4081150244.444575,1774464,509967360,14195712,1536,384,18,8
m,4,8162300488.88915,1774464,509967360,14195712,1536,384,18,8
l,4,20405751222.222874,1774464,509967360,14195712,1536,384,18,8
xl,4,40811502444.44575,1774464,509967360,14195712,1536,384,18,8
l,4,15744112079.940792,1774464,694052352,14195712,1792,384,18,8
xl,4,31488224159.881584,1774464,694052352,14195712,1792,384,18,8
xl,4,24953464782.596233,1774464,906448896,14195712,2048,384,18,8
s,4,4824840533.230568,3152384,354193920,25219072,1280,512,18,8
m,4,9649681066.461136,3152384,354193920,25219072,1280,512,18,8
l,4,24124202666.15284,3152384,354193920,25219072,1280,512,18,8
xl,4,48248405332.30568,3152384,354193920,25219072,1280,512,18,8
m,4,7429586539.348516,3152384,509967360,25219072,1536,512,18,8
l,4,18573966348.371292,3152384,509967360,25219072,1536,512,18,8
xl,4,37147932696.742584,3152384,509967360,25219072,1536,512,18,8
l,4,14630832036.924568,3152384,694052352,25219072,1792,512,18,8
xl,4,29261664073.849136,3152384,694052352,25219072,1792,512,18,8
xl,4,23534341461.68067,3152384,906448896,25219072,2048,512,18,8
m,4,6666788268.884691,4923520,509967360,39388160,1536,640,18,8
l,4,16666970672.211727,4923520,509967360,39388160,1536,640,18,8
xl,4,33333941344.423454,4923520,509967360,39388160,1536,640,18,8
l,4,13421211561.32798,4923520,694052352,39388160,1792,640,18,8
xl,4,26842423122.65596,4923520,694052352,39388160,1792,640,18,8
xl,4,21943706843.311752,4923520,906448896,39388160,2048,640,18,8
xl,4,20277905285.246212,7087872,906448896,56702976,2048,768,18,8
s,4,27995846760.14144,198272,63047680,1586176,512,128,20,8
m,4,55991693520.28288,198272,63047680,1586176,512,128,20,8
l,4,139979233800.70718,198272,63047680,1586176,512,128,20,8
xl,4,279958467601.41437,198272,63047680,1586176,512,128,20,8
s,4,14462390149.469381,198272,141757440,1586176,768,128,20,8
m,4,28924780298.938763,198272,141757440,1586176,768,128,20,8
l,4,72311950747.34691,198272,141757440,1586176,768,128,20,8
xl,4,144623901494.69382,198272,141757440,1586176,768,128,20,8
s,4,8743809732.461807,198272,251924480,1586176,1024,128,20,8
m,4,17487619464.923615,198272,251924480,1586176,1024,128,20,8
l,4,43719048662.30903,198272,251924480,1586176,1024,128,20,8
xl,4,87438097324.61806,198272,251924480,1586176,1024,128,20,8
s,4,5834820979.290214,198272,393548800,1586176,1280,128,20,8
m,4,11669641958.580427,198272,393548800,1586176,1280,128,20,8
l,4,29174104896.451065,198272,393548800,1586176,1280,128,20,8
xl,4,58348209792.90213,198272,393548800,1586176,1280,128,20,8
s,4,4163204545.7664075,198272,566630400,1586176,1536,128,20,8
m,4,8326409091.532815,198272,566630400,1586176,1536,128,20,8
l,4,20816022728.832035,198272,566630400,1586176,1536,128,20,8
xl,4,41632045457.66407,198272,566630400,1586176,1536,128,20,8
l,4,15585510990.802603,198272,771169280,1586176,1792,128,20,8
xl,4,31171021981.605206,198272,771169280,1586176,1792,128,20,8
xl,4,24200273877.403503,198272,1007165440,1586176,2048,128,20,8
s,4,12493932946.161345,789760,141757440,6318080,768,256,20,8
m,4,24987865892.32269,789760,141757440,6318080,768,256,20,8
l,4,62469664730.80672,789760,141757440,6318080,768,256,20,8
xl,4,124939329461.61343,789760,141757440,6318080,768,256,20,8
s,4,7983355788.916496,789760,251924480,6318080,1024,256,20,8
m,4,15966711577.832993,789760,251924480,6318080,1024,256,20,8
l,4,39916778944.58248,789760,251924480,6318080,1024,256,20,8
xl,4,79833557889.16496,789760,251924480,6318080,1024,256,20,8
s,4,5486100065.762979,789760,393548800,6318080,1280,256,20,8
m,4,10972200131.525957,789760,393548800,6318080,1280,256,20,8
l,4,27430500328.81489,789760,393548800,6318080,1280,256,20,8
xl,4,54861000657.62978,789760,393548800,6318080,1280,256,20,8
m,4,7965158231.372936,789760,566630400,6318080,1536,256,20,8
l,4,19912895578.43234,789760,566630400,6318080,1536,256,20,8
xl,4,39825791156.86468,789760,566630400,6318080,1536,256,20,8
l,4,15073645248.295013,789760,771169280,6318080,1792,256,20,8
xl,4,30147290496.590027,789760,771169280,6318080,1792,256,20,8
xl,4,23578652423.80247,789760,1007165440,6318080,2048,256,20,8
s,4,7003286053.869052,1774464,251924480,14195712,1024,384,20,8
m,4,14006572107.738104,1774464,251924480,14195712,1024,384,20,8
l,4,35016430269.34526,1774464,251924480,14195712,1024,384,20,8
xl,4,70032860538.69052,1774464,251924480,14195712,1024,384,20,8
s,4,5004795795.523102,1774464,393548800,14195712,1280,384,20,8
m,4,10009591591.046204,1774464,393548800,14195712,1280,384,20,8
l,4,25023978977.61551,1774464,393548800,14195712,1280,384,20,8
xl,4,50047957955.23102,1774464,393548800,14195712,1280,384,20,8
m,4,7445376843.877357,1774464,566630400,14195712,1536,384,20,8
l,4,18613442109.693394,1774464,566630400,14195712,1536,384,20,8
xl,4,37226884219.38679,1774464,566630400,14195712,1536,384,20,8
l,4,14317037017.48951,1774464,771169280,14195712,1792,384,20,8
xl,4,28634074034.97902,1774464,771169280,14195712,1792,384,20,8
xl,4,22642776472.467,1774464,1007165440,14195712,2048,384,20,8
s,4,4464816389.605165,3152384,393548800,25219072,1280,512,20,8
m,4,8929632779.21033,3152384,393548800,25219072,1280,512,20,8
l,4,22324081948.02582,3152384,393548800,25219072,1280,512,20,8
xl,4,44648163896.05164,3152384,393548800,25219072,1280,512,20,8
m,4,6830878807.313259,3152384,566630400,25219072,1536,512,20,8
l,4,17077197018.283148,3152384,566630400,25219072,1536,512,20,8
xl,4,34154394036.566296,3152384,566630400,25219072,1536,512,20,8
l,4,13390491234.348764,3152384,771169280,25219072,1792,512,20,8
xl,4,26780982468.69753,3152384,771169280,25219072,1792,512,20,8
xl,4,21468119876.332638,3152384,1007165440,25219072,2048,512,20,8
l,4,15451716722.812025,4923520,566630400,39388160,1536,640,20,8
xl,4,30903433445.62405,4923520,566630400,39388160,1536,640,20,8
xl,4,24740237403.359684,4923520,771169280,39388160,1792,640,20,8
xl,4,20136626203.32451,4923520,1007165440,39388160,2048,640,20,8
xl,4,22643086554.84677,7087872,771169280,56702976,1792,768,20,8
xl,4,18725063458.49106,7087872,1007165440,56702976,2048,768,20,8
xl,4,17297591472.29294,9645440,1007165440,77163520,2048,896,20,8
s,4,25729630571.90588,198272,69352448,1586176,512,128,22,8
m,4,51459261143.81176,198272,69352448,1586176,512,128,22,8
l,4,128648152859.52939,198272,69352448,1586176,512,128,22,8
xl,4,257296305719.05878,198272,69352448,1586176,512,128,22,8
s,4,13221653726.369732,198272,155933184,1586176,768,128,22,8
m,4,26443307452.739464,198272,155933184,1586176,768,128,22,8
l,4,66108268631.848656,198272,155933184,1586176,768,128,22,8
xl,4,132216537263.69731,198272,155933184,1586176,768,128,22,8
s,4,7975916560.427458,198272,277116928,1586176,1024,128,22,8
m,4,15951833120.854916,198272,277116928,1586176,1024,128,22,8
l,4,39879582802.13729,198272,277116928,1586176,1024,128,22,8
xl,4,79759165604.27458,198272,277116928,1586176,1024,128,22,8
s,4,5316391651.853073,198272,432903680,1586176,1280,128,22,8
m,4,10632783303.706146,198272,432903680,1586176,1280,128,22,8
l,4,26581958259.265366,198272,432903680,1586176,1280,128,22,8
xl,4,53163916518.53073,198272,432903680,1586176,1280,128,22,8
m,4,7581682315.865501,198272,623293440,1586176,1536,128,22,8
l,4,18954205789.663754,198272,623293440,1586176,1536,128,22,8
xl,4,37908411579.32751,198272,623293440,1586176,1536,128,22,8
l,4,14185764791.57639,198272,848286208,1586176,1792,128,22,8
xl,4,28371529583.15278,198272,848286208,1586176,1792,128,22,8
xl,4,22020879740.135296,198272,1107881984,1586176,2048,128,22,8
s,4,11557021047.461819,789760,155933184,6318080,768,256,22,8
m,4,23114042094.923637,789760,155933184,6318080,768,256,22,8
l,4,57785105237.3091,789760,155933184,6318080,768,256,22,8
xl,4,115570210474.6182,789760,155933184,6318080,768,256,22,8
s,4,7338295664.98109,789760,277116928,6318080,1024,256,22,8
m,4,14676591329.96218,789760,277116928,6318080,1024,256,22,8
l,4,36691478324.90545,789760,277116928,6318080,1024,256,22,8
xl,4,73382956649.8109,789760,277116928,6318080,1024,256,22,8
s,4,5025340581.402155,789760,432903680,6318080,1280,256,22,8
m,4,10050681162.80431,789760,432903680,6318080,1280,256,22,8
l,4,25126702907.010777,789760,432903680,6318080,1280,256,22,8
xl,4,50253405814.02155,789760,432903680,6318080,1280,256,22,8
m,4,7280996366.491573,789760,623293440,6318080,1536,256,22,8
l,4,18202490916.22893,789760,623293440,6318080,1536,256,22,8
xl,4,36404981832.45786,789760,623293440,6318080,1536,256,22,8
l,4,13760457948.04051,789760,848286208,6318080,1792,256,22,8
xl,4,27520915896.08102,789760,848286208,6318080,1792,256,22,8
xl,4,21504985647.05646,789760,1107881984,6318080,2048,256,22,8
s,4,6501911353.876877,1774464,277116928,14195712,1024,384,22,8
m,4,13003822707.753754,1774464,277116928,14195712,1024,384,22,8
l,4,32509556769.384384,1774464,277116928,14195712,1024,384,22,8
xl,4,65019113538.76877,1774464,277116928,14195712,1024,384,22,8
s,4,4618489832.154473,1774464,432903680,14195712,1280,384,22,8
m,4,9236979664.308947,1774464,432903680,14195712,1280,384,22,8
l,4,23092449160.772366,1774464,432903680,14195712,1280,384,22,8
xl,4,46184898321.54473,1774464,432903680,14195712,1280,384,22,8
m,4,6844224465.594741,1774464,623293440,14195712,1536,384,22,8
l,4,17110561163.98685,1774464,623293440,14195712,1536,384,22,8
xl,4,34221122327.9737,1774464,623293440,14195712,1536,384,22,8
l,4,13127166665.11241,1774464,848286208,14195712,1792,384,22,8
xl,4,26254333330.22482,1774464,848286208,14195712,1792,384,22,8
xl,4,20723758532.468758,1774464,1107881984,14195712,2048,384,22,8
s,4,4154790613.177959,3152384,432903680,25219072,1280,512,22,8
m,4,8309581226.355918,3152384,432903680,25219072,1280,512,22,8
l,4,20773953065.889793,3152384,432903680,25219072,1280,512,22,8
xl,4,41547906131.77959,3152384,432903680,25219072,1280,512,22,8
l,4,15803669971.2267,3152384,623293440,25219072,1536,512,22,8
xl,4,31607339942.4534,3152384,623293440,25219072,1536,512,22,8
xl,4,24688034100.92974,3152384,848286208,25219072,1792,512,22,8
xl,4,19735427802.18445,3152384,1107881984,25219072,2048,512,22,8
l,4,14401637095.151546,4923520,623293440,39388160,1536,640,22,8
xl,4,28803274190.303093,4923520,623293440,39388160,1536,640,22,8
xl,4,22943406288.960197,4923520,848286208,39388160,1792,640,22,8
xl,4,18604529324.756794,4923520,1107881984,39388160,2048,640,22,8
xl,4,21128644167.128456,7087872,848286208,56702976,1792,768,22,8
xl,4,17393131866.878033,7087872,1107881984,56702976,2048,768,22,8
xl,4,16154797388.08202,9645440,1107881984,77163520,2048,896,22,8
s,4,23802831813.379704,198272,75657216,1586176,512,128,24,8
m,4,47605663626.75941,198272,75657216,1586176,512,128,24,8
l,4,119014159066.89853,198272,75657216,1586176,512,128,24,8
xl,4,238028318133.79706,198272,75657216,1586176,512,128,24,8
s,4,12176983591.660734,198272,170108928,1586176,768,128,24,8
m,4,24353967183.32147,198272,170108928,1586176,768,128,24,8
l,4,60884917958.30367,198272,170108928,1586176,768,128,24,8
xl,4,121769835916.60735,198272,170108928,1586176,768,128,24,8
s,4,7332009582.995181,198272,302309376,1586176,1024,128,24,8
m,4,14664019165.990362,198272,302309376,1586176,1024,128,24,8
l,4,36660047914.97591,198272,302309376,1586176,1024,128,24,8
xl,4,73320095829.95181,198272,302309376,1586176,1024,128,24,8
s,4,4882570660.1719885,198272,472258560,1586176,1280,128,24,8
m,4,9765141320.343977,198272,472258560,1586176,1280,128,24,8
l,4,24412853300.859943,198272,472258560,1586176,1280,128,24,8
xl,4,48825706601.71989,198272,472258560,1586176,1280,128,24,8
m,4,6959237463.546123,198272,679956480,1586176,1536,128,24,8
l,4,17398093658.865307,198272,679956480,1586176,1536,128,24,8
xl,4,34796187317.73061,198272,679956480,1586176,1536,128,24,8
l,4,13016723302.950426,198272,925403136,1586176,1792,128,24,8
xl,4,26033446605.900852,198272,925403136,1586176,1792,128,24,8
xl,4,20201593152.584347,198272,1208598528,1586176,2048,128,24,8
s,4,10750823771.120638,789760,170108928,6318080,768,256,24,8
m,4,21501647542.241276,789760,170108928,6318080,768,256,24,8
l,4,53754118855.603195,789760,170108928,6318080,768,256,24,8
xl,4,107508237711.20639,789760,170108928,6318080,768,256,24,8
s,4,6789684893.439969,789760,302309376,6318080,1024,256,24,8
m,4,13579369786.879938,789760,302309376,6318080,1024,256,24,8
l,4,33948424467.19985,789760,302309376,6318080,1024,256,24,8
xl,4,67896848934.3997,789760,302309376,6318080,1024,256,24,8
s,4,4635979891.8637295,789760,472258560,6318080,1280,256,24,8
m,4,9271959783.727459,789760,472258560,6318080,1280,256,24,8
l,4,23179899459.318645,789760,472258560,6318080,1280,256,24,8
xl,4,46359798918.63729,789760,472258560,6318080,1280,256,24,8
m,4,6705069010.71588,789760,679956480,6318080,1536,256,24,8
l,4,16762672526.789701,789760,679956480,6318080,1536,256,24,8
xl,4,33525345053.579403,789760,679956480,6318080,1536,256,24,8
xl,4,25315479480.041924,789760,925403136,6318080,1792,256,24,8
xl,4,19766578529.86499,789760,1208598528,6318080,2048,256,24,8
s,4,6067528779.987911,1774464,302309376,14195712,1024,384,24,8
m,4,12135057559.975822,1774464,302309376,14195712,1024,384,24,8
l,4,30337643899.939556,1774464,302309376,14195712,1024,384,24,8
xl,4,60675287799.87911,1774464,302309376,14195712,1024,384,24,8
s,4,4287546317.5053587,1774464,472258560,14195712,1280,384,24,8
m,4,8575092635.010717,1774464,472258560,14195712,1280,384,24,8
l,4,21437731587.526794,1774464,472258560,14195712,1280,384,24,8
xl,4,42875463175.05359,1774464,472258560,14195712,1280,384,24,8
l,4,15832239262.271353,1774464,679956480,14195712,1536,384,24,8
xl,4,31664478524.542706,1774464,679956480,14195712,1536,384,24,8
xl,4,24239795414.575356,1774464,925403136,14195712,1792,384,24,8
xl,4,19104607108.099857,1774464,1208598528,14195712,2048,384,24,8
m,4,7770048340.88955,3152384,472258560,25219072,1280,512,24,8
l,4,19425120852.223873,3152384,472258560,25219072,1280,512,24,8
xl,4,38850241704.44775,3152384,472258560,25219072,1280,512,24,8
l,4,14706906645.733444,3152384,679956480,25219072,1536,512,24,8
xl,4,29413813291.46689,3152384,679956480,25219072,1536,512,24,8
xl,4,22898503573.63206,3152384,925403136,25219072,1792,512,24,8
xl,4,18261538896.668793,3152384,1208598528,25219072,2048,512,24,8
l,4,13485199551.178038,4923520,679956480,39388160,1536,640,24,8
xl,4,26970399102.356075,4923520,679956480,39388160,1536,640,24,8
xl,4,21389902884.36509,4923520,925403136,39388160,1792,640,24,8
xl,4,17289087653.4614,4923520,1208598528,39388160,2048,640,24,8
xl,4,19804083430.89617,7087872,925403136,56702976,1792,768,24,8
xl,4,16238100330.363503,7087872,1208598528,56702976,2048,768,24,8
xl,4,15153646580.786951,9645440,1208598528,77163520,2048,896,24,8
s,4,63544545234.565796,198272,25192448,1784448,1024,128,2,9
m,4,127089090469.13159,198272,25192448,1784448,1024,128,2,9
l,4,317722726172.829,198272,25192448,1784448,1024,128,2,9
xl,4,635445452345.658,198272,25192448,1784448,1024,128,2,9
s,4,46644366927.72586,198272,39354880,1784448,1280,128,2,9
m,4,93288733855.45172,198272,39354880,1784448,1280,128,2,9
l,4,233221834638.6293,198272,39354880,1784448,1280,128,2,9
xl,4,466443669277.2586,198272,39354880,1784448,1280,128,2,9
s,4,35310375374.71371,198272,56663040,1784448,1536,128,2,9
m,4,70620750749.42741,198272,56663040,1784448,1536,128,2,9
l,4,176551876873.5685,198272,56663040,1784448,1536,128,2,9
xl,4,353103753747.137,198272,56663040,1784448,1536,128,2,9
s,4,27486566765.090565,198272,77116928,1784448,1792,128,2,9
m,4,54973133530.18113,198272,77116928,1784448,1792,128,2,9
l,4,137432833825.45282,198272,77116928,1784448,1792,128,2,9
xl,4,274865667650.90564,198272,77116928,1784448,1792,128,2,9
s,4,21919164925.408203,198272,100716544,1784448,2048,128,2,9
m,4,43838329850.81641,198272,100716544,1784448,2048,128,2,9
l,4,109595824627.04103,198272,100716544,1784448,2048,128,2,9
xl,4,219191649254.08206,198272,100716544,1784448,2048,128,2,9
s,4,17324671551.94685,789760,100716544,7107840,2048,256,2,9
m,4,34649343103.8937,789760,100716544,7107840,2048,256,2,9
l,4,86623357759.73425,789760,100716544,7107840,2048,256,2,9
xl,4,173246715519.4685,789760,100716544,7107840,2048,256,2,9
s,4,56486145981.8919,198272,28351488,1784448,768,128,4,9
m,4,112972291963.7838,198272,28351488,1784448,768,128,4,9
l,4,282430729909.4595,198272,28351488,1784448,768,128,4,9
xl,4,564861459818.919,198272,28351488,1784448,768,128,4,9
s,4,37386241145.44265,198272,50384896,1784448,1024,128,4,9
m,4,74772482290.8853,198272,50384896,1784448,1024,128,4,9
l,4,186931205727.21323,198272,50384896,1784448,1024,128,4,9
xl,4,373862411454.42645,198272,50384896,1784448,1024,128,4,9
s,4,26211319431.68827,198272,78709760,1784448,1280,128,4,9
m,4,52422638863.37654,198272,78709760,1784448,1280,128,4,9
l,4,131056597158.44135,198272,78709760,1784448,1280,128,4,9
xl,4,262113194316.8827,198272,78709760,1784448,1280,128,4,9
s,4,19262478233.399597,198272,113326080,1784448,1536,128,4,9
m,4,38524956466.799194,198272,113326080,1784448,1536,128,4,9
l,4,96312391166.99799,198272,113326080,1784448,1536,128,4,9
xl,4,192624782333.99597,198272,113326080,1784448,1536,128,4,9
s,4,14697962744.779871,198272,154233856,1784448,1792,128,4,9
m,4,29395925489.559742,198272,154233856,1784448,1792,128,4,9
l,4,73489813723.89935,198272,154233856,1784448,1792,128,4,9
xl,4,146979627447.7987,198272,154233856,1784448,1792,128,4,9
s,4,11558264936.144747,198272,201433088,1784448,2048,128,4,9
m,4,23116529872.289494,198272,201433088,1784448,2048,128,4,9
l,4,57791324680.72374,198272,201433088,1784448,2048,128,4,9
xl,4,115582649361.44748,198272,201433088,1784448,2048,128,4,9
s,4,15621735057.373009,789760,113326080,7107840,1536,256,4,9
m,4,31243470114.746017,789760,113326080,7107840,1536,256,4,9
l,4,78108675286.86505,789760,113326080,7107840,1536,256,4,9
xl,4,156217350573.7301,789760,113326080,7107840,1536,256,4,9
s,4,12478845860.497286,789760,154233856,7107840,1792,256,4,9
m,4,24957691720.99457,789760,154233856,7107840,1792,256,4,9
l,4,62394229302.48643,789760,154233856,7107840,1792,256,4,9
xl,4,124788458604.97285,789760,154233856,7107840,1792,256,4,9
s,4,10140223883.163855,789760,201433088,7107840,2048,256,4,9
m,4,20280447766.32771,789760,201433088,7107840,2048,256,4,9
l,4,50701119415.81927,789760,201433088,7107840,2048,256,4,9
xl,4,101402238831.63853,789760,201433088,7107840,2048,256,4,9
s,4,8468194410.232939,1774464,201433088,15970176,2048,384,4,9
m,4,16936388820.465878,1774464,201433088,15970176,2048,384,4,9
l,4,42340972051.164696,1774464,201433088,15970176,2048,384,4,9
xl,4,84681944102.32939,1774464,201433088,15970176,2048,384,4,9
s,4,41335814804.967705,198272,42527232,1784448,768,128,6,9
m,4,82671629609.93541,198272,42527232,1784448,768,128,6,9
l,4,206679074024.83853,198272,42527232,1784448,768,128,6,9
xl,4,413358148049.67706,198272,42527232,1784448,768,128,6,9
s,4,26484015942.953854,198272,75577344,1784448,1024,128,6,9
m,4,52968031885.90771,198272,75577344,1784448,1024,128,6,9
l,4,132420079714.76927,198272,75577344,1784448,1024,128,6,9
xl,4,264840159429.53854,198272,75577344,1784448,1024,128,6,9
s,4,18226856412.616367,198272,118064640,1784448,1280,128,6,9
m,4,36453712825.232735,198272,118064640,1784448,1280,128,6,9
l,4,91134282063.08183,198272,118064640,1784448,1280,128,6,9
xl,4,182268564126.16367,198272,118064640,1784448,1280,128,6,9
s,4,13243540013.07826,198272,169989120,1784448,1536,128,6,9
m,4,26487080026.15652,198272,169989120,1784448,1536,128,6,9
l,4,66217700065.391304,198272,169989120,1784448,1536,128,6,9
xl,4,132435400130.78261,198272,169989120,1784448,1536,128,6,9
s,4,10030908036.314135,198272,231350784,1784448,1792,128,6,9
m,4,20061816072.62827,198272,231350784,1784448,1792,128,6,9
l,4,50154540181.57067,198272,231350784,1784448,1792,128,6,9
xl,4,100309080363.14134,198272,231350784,1784448,1792,128,6,9
s,4,7848420257.4131155,198272,302149632,1784448,2048,128,6,9
m,4,15696840514.826231,198272,302149632,1784448,2048,128,6,9
l,4,39242101287.065575,198272,302149632,1784448,2048,128,6,9
xl,4,78484202574.13115,198272,302149632,1784448,2048,128,6,9
s,4,14933604001.919147,789760,118064640,7107840,1280,256,6,9
m,4,29867208003.838295,789760,118064640,7107840,1280,256,6,9
l,4,74668020009.59573,789760,118064640,7107840,1280,256,6,9
xl,4,149336040019.19147,789760,118064640,7107840,1280,256,6,9
s,4,11414549404.726683,789760,169989120,7107840,1536,256,6,9
m,4,22829098809.453365,789760,169989120,7107840,1536,256,6,9
l,4,57072747023.633415,789760,169989120,7107840,1536,256,6,9
xl,4,114145494047.26683,789760,169989120,7107840,1536,256,6,9
s,4,8945276092.726303,789760,231350784,7107840,1792,256,6,9
m,4,17890552185.452606,789760,231350784,7107840,1792,256,6,9
l,4,44726380463.631516,789760,231350784,7107840,1792,256,6,9
xl,4,89452760927.26303,789760,231350784,7107840,1792,256,6,9
s,4,7167783005.8631315,789760,302149632,7107840,2048,256,6,9
m,4,14335566011.726263,789760,302149632,7107840,2048,256,6,9
l,4,35838915029.31566,789760,302149632,7107840,2048,256,6,9
xl,4,71677830058.63132,789760,302149632,7107840,2048,256,6,9
s,4,7618314867.757024,1774464,231350784,15970176,1792,384,6,9
m,4,15236629735.514048,1774464,231350784,15970176,1792,384,6,9
l,4,38091574338.78512,1774464,231350784,15970176,1792,384,6,9
xl,4,76183148677.57024,1774464,231350784,15970176,1792,384,6,9
s,4,6289904411.567869,1774464,302149632,15970176,2048,384,6,9
m,4,12579808823.135738,1774464,302149632,15970176,2048,384,6,9
l,4,31449522057.839344,1774464,302149632,15970176,2048,384,6,9
xl,4,62899044115.67869,1774464,302149632,15970176,2048,384,6,9
s,4,57767992650.06276,198272,25219072,1784448,512,128,8,9
m,4,115535985300.12552,198272,25219072,1784448,512,128,8,9
l,4,288839963250.3138,198272,25219072,1784448,512,128,8,9
xl,4,577679926500.6276,198272,25219072,1784448,512,128,8,9
s,4,32593742210.09561,198272,56702976,1784448,768,128,8,9
m,4,65187484420.19122,198272,56702976,1784448,768,128,8,9
l,4,162968711050.47806,198272,56702976,1784448,768,128,8,9
xl,4,325937422100.9561,198272,56702976,1784448,768,128,8,9
s,4,20504643891.748604,198272,100769792,1784448,1024,128,8,9
m,4,41009287783.49721,198272,100769792,1784448,1024,128,8,9
l,4,102523219458.74301,198272,100769792,1784448,1024,128,8,9
xl,4,205046438917.48602,198272,100769792,1784448,1024,128,8,9
s,4,13971019857.625248,198272,157419520,1784448,1280,128,8,9
m,4,27942039715.250496,198272,157419520,1784448,1280,128,8,9
l,4,69855099288.12624,198272,157419520,1784448,1280,128,8,9
xl,4,139710198576.25247,198272,157419520,1784448,1280,128,8,9
s,4,10090550175.543283,198272,226652160,1784448,1536,128,8,9
m,4,20181100351.086567,198272,226652160,1784448,1536,128,8,9
l,4,50452750877.716415,198272,226652160,1784448,1536,128,8,9
xl,4,100905501755.43283,198272,226652160,1784448,1536,128,8,9
s,4,7613414910.160486,198272,308467712,1784448,1792,128,8,9
m,4,15226829820.320972,198272,308467712,1784448,1792,128,8,9
l,4,38067074550.80243,198272,308467712,1784448,1792,128,8,9
xl,4,76134149101.60486,198272,308467712,1784448,1792,128,8,9
s,4,5941411409.373133,198272,402866176,1784448,2048,128,8,9
m,4,11882822818.746265,198272,402866176,1784448,2048,128,8,9
l,4,29707057046.86566,198272,402866176,1784448,2048,128,8,9
xl,4,59414114093.73132,198272,402866176,1784448,2048,128,8,9
s,4,16428881605.856148,789760,100769792,7107840,1024,256,8,9
m,4,32857763211.712296,789760,100769792,7107840,1024,256,8,9
l,4,82144408029.28073,789760,100769792,7107840,1024,256,8,9
xl,4,164288816058.56146,789760,100769792,7107840,1024,256,8,9
s,4,11950899204.777607,789760,157419520,7107840,1280,256,8,9
m,4,23901798409.555214,789760,157419520,7107840,1280,256,8,9
l,4,59754496023.88803,789760,157419520,7107840,1280,256,8,9
xl,4,119508992047.77606,789760,157419520,7107840,1280,256,8,9
s,4,8992676364.368858,789760,226652160,7107840,1536,256,8,9
m,4,17985352728.737717,789760,226652160,7107840,1536,256,8,9
l,4,44963381821.84429,789760,226652160,7107840,1536,256,8,9
xl,4,89926763643.68858,789760,226652160,7107840,1536,256,8,9
s,4,6971260560.065496,789760,308467712,7107840,1792,256,8,9
m,4,13942521120.130993,789760,308467712,7107840,1792,256,8,9
l,4,34856302800.327484,789760,308467712,7107840,1792,256,8,9
xl,4,69712605600.65497,789760,308467712,7107840,1792,256,8,9
s,4,5542956046.930479,789760,402866176,7107840,2048,256,8,9
m,4,11085912093.860958,789760,402866176,7107840,2048,256,8,9
l,4,27714780234.652397,789760,402866176,7107840,2048,256,8,9
xl,4,55429560469.304794,789760,402866176,7107840,2048,256,8,9
s,4,7652668283.399979,1774464,226652160,15970176,1536,384,8,9
m,4,15305336566.799957,1774464,226652160,15970176,1536,384,8,9
l,4,38263341416.99989,1774464,226652160,15970176,1536,384,8,9
xl,4,76526682833.99979,1774464,226652160,15970176,1536,384,8,9
s,4,6138062607.452924,1774464,308467712,15970176,1792,384,8,9
m,4,12276125214.905848,1774464,308467712,15970176,1792,384,8,9
l,4,30690313037.26462,1774464,308467712,15970176,1792,384,8,9
xl,4,61380626074.52924,1774464,308467712,15970176,1792,384,8,9
s,4,5002978573.323414,1774464,402866176,15970176,2048,384,8,9
m,4,10005957146.646828,1774464,402866176,15970176,2048,384,8,9
l,4,25014892866.61707,1774464,402866176,15970176,2048,384,8,9
xl,4,50029785733.23414,1774464,402866176,15970176,2048,384,8,9
s,4,4410619812.75825,3152384,402866176,28371456,2048,512,8,9
m,4,8821239625.5165,3152384,402866176,28371456,2048,512,8,9
l,4,22053099063.791252,3152384,402866176,28371456,2048,512,8,9
xl,4,44106198127.582504,3152384,402866176,28371456,2048,512,8,9
s,4,48883653775.46056,198272,31523840,1784448,512,128,10,9
m,4,97767307550.92113,198272,31523840,1784448,512,128,10,9
l,4,244418268877.30283,198272,31523840,1784448,512,128,10,9
xl,4,488836537754.60565,198272,31523840,1784448,512,128,10,9
s,4,26903868388.858612,198272,70878720,1784448,768,128,10,9
m,4,53807736777.717224,198272,70878720,1784448,768,128,10,9
l,4,134519341944.29306,198272,70878720,1784448,768,128,10,9
xl,4,269038683888.58612,198272,70878720,1784448,768,128,10,9
s,4,16727931041.312368,198272,125962240,1784448,1024,128,10,9
m,4,33455862082.624737,198272,125962240,1784448,1024,128,10,9
l,4,83639655206.56184,198272,125962240,1784448,1024,128,10,9
xl,4,167279310413.1237,198272,125962240,1784448,1024,128,10,9
s,4,11326391071.106901,198272,196774400,1784448,1280,128,10,9
m,4,22652782142.213802,198272,196774400,1784448,1280,128,10,9
l,4,56631955355.53451,198272,196774400,1784448,1280,128,10,9
xl,4,113263910711.06902,198272,196774400,1784448,1280,128,10,9
s,4,8150176056.843109,198272,283315200,1784448,1536,128,10,9
m,4,16300352113.686218,198272,283315200,1784448,1536,128,10,9
l,4,40750880284.215546,198272,283315200,1784448,1536,128,10,9
xl,4,81501760568.43109,198272,283315200,1784448,1536,128,10,9
s,4,6134881404.399014,198272,385584640,1784448,1792,128,10,9
m,4,12269762808.798029,198272,385584640,1784448,1792,128,10,9
l,4,30674407021.99507,198272,385584640,1784448,1792,128,10,9
xl,4,61348814043.99014,198272,385584640,1784448,1792,128,10,9
s,4,4779973608.427316,198272,503582720,1784448,2048,128,10,9
m,4,9559947216.854631,198272,503582720,1784448,2048,128,10,9
l,4,23899868042.136578,198272,503582720,1784448,2048,128,10,9
xl,4,47799736084.273155,198272,503582720,1784448,2048,128,10,9
s,4,13912224326.492525,789760,125962240,7107840,1024,256,10,9
m,4,27824448652.98505,789760,125962240,7107840,1024,256,10,9
l,4,69561121632.46263,789760,125962240,7107840,1024,256,10,9
xl,4,139122243264.92526,789760,125962240,7107840,1024,256,10,9
s,4,9961315033.839783,789760,196774400,7107840,1280,256,10,9
m,4,19922630067.679565,789760,196774400,7107840,1280,256,10,9
l,4,49806575169.19891,789760,196774400,7107840,1280,256,10,9
xl,4,99613150338.39783,789760,196774400,7107840,1280,256,10,9
s,4,7418633613.508418,789760,283315200,7107840,1536,256,10,9
m,4,14837267227.016836,789760,283315200,7107840,1536,256,10,9
l,4,37093168067.54209,789760,283315200,7107840,1536,256,10,9
xl,4,74186336135.08418,789760,283315200,7107840,1536,256,10,9
s,4,5710979481.410168,789760,385584640,7107840,1792,256,10,9
m,4,11421958962.820335,789760,385584640,7107840,1792,256,10,9
l,4,28554897407.05084,789760,385584640,7107840,1792,256,10,9
xl,4,57109794814.10168,789760,385584640,7107840,1792,256,10,9
s,4,4518647627.326815,789760,503582720,7107840,2048,256,10,9
m,4,9037295254.65363,789760,503582720,7107840,2048,256,10,9
l,4,22593238136.63407,789760,503582720,7107840,2048,256,10,9
xl,4,45186476273.26814,789760,503582720,7107840,2048,256,10,9
s,4,8343058001.740162,1774464,196774400,15970176,1280,384,10,9
m,4,16686116003.480324,1774464,196774400,15970176,1280,384,10,9
l,4,41715290008.700806,1774464,196774400,15970176,1280,384,10,9
xl,4,83430580017.40161,1774464,196774400,15970176,1280,384,10,9
s,4,6482247250.956728,1774464,283315200,15970176,1536,384,10,9
m,4,12964494501.913456,1774464,283315200,15970176,1536,384,10,9
l,4,32411236254.783638,1774464,283315200,15970176,1536,384,10,9
xl,4,64822472509.567276,1774464,283315200,15970176,1536,384,10,9
s,4,5139456901.665661,1774464,385584640,15970176,1792,384,10,9
m,4,10278913803.331322,1774464,385584640,15970176,1792,384,10,9
l,4,25697284508.328304,1774464,385584640,15970176,1792,384,10,9
xl,4,51394569016.65661,1774464,385584640,15970176,1792,384,10,9
s,4,4153221856.871602,1774464,503582720,15970176,2048,384,10,9
m,4,8306443713.743204,1774464,503582720,15970176,2048,384,10,9
l,4,20766109284.35801,1774464,503582720,15970176,2048,384,10,9
xl,4,41532218568.71602,1774464,503582720,15970176,2048,384,10,9
s,4,4516351504.819417,3152384,385584640,28371456,1792,512,10,9
m,4,9032703009.638834,3152384,385584640,28371456,1792,512,10,9
l,4,22581757524.097084,3152384,385584640,28371456,1792,512,10,9
xl,4,45163515048.19417,3152384,385584640,28371456,1792,512,10,9
m,4,7473241014.294577,3152384,503582720,28371456,2048,512,10,9
l,4,18683102535.736443,3152384,503582720,28371456,2048,512,10,9
xl,4,37366205071.472885,3152384,503582720,28371456,2048,512,10,9
l,4,16565129051.631784,4923520,503582720,44311680,2048,640,10,9
xl,4,33130258103.26357,4923520,503582720,44311680,2048,640,10,9
s,4,42367768499.80138,198272,37828608,1784448,512,128,12,9
m,4,84735536999.60275,198272,37828608,1784448,512,128,12,9
l,4,211838842499.0069,198272,37828608,1784448,512,128,12,9
xl,4,423677684998.0138,198272,37828608,1784448,512,128,12,9
s,4,22905301056.28254,198272,85054464,1784448,768,128,12,9
m,4,45810602112.56508,198272,85054464,1784448,768,128,12,9
l,4,114526505281.41269,198272,85054464,1784448,768,128,12,9
xl,4,229053010562.82538,198272,85054464,1784448,768,128,12,9
s,4,14126075107.324268,198272,151154688,1784448,1024,128,12,9
m,4,28252150214.648537,198272,151154688,1784448,1024,128,12,9
l,4,70630375536.62134,198272,151154688,1784448,1024,128,12,9
xl,4,141260751073.24268,198272,151154688,1784448,1024,128,12,9
s,4,9523626670.177456,198272,236129280,1784448,1280,128,12,9
m,4,19047253340.35491,198272,236129280,1784448,1280,128,12,9
l,4,47618133350.88728,198272,236129280,1784448,1280,128,12,9
xl,4,95236266701.77457,198272,236129280,1784448,1280,128,12,9
s,4,6835697609.737008,198272,339978240,1784448,1536,128,12,9
m,4,13671395219.474016,198272,339978240,1784448,1536,128,12,9
l,4,34178488048.685043,198272,339978240,1784448,1536,128,12,9
xl,4,68356976097.37009,198272,339978240,1784448,1536,128,12,9
s,4,5137226413.924991,198272,462701568,1784448,1792,128,12,9
m,4,10274452827.849981,198272,462701568,1784448,1792,128,12,9
l,4,25686132069.624954,198272,462701568,1784448,1792,128,12,9
xl,4,51372264139.24991,198272,462701568,1784448,1792,128,12,9
m,4,7996731703.765744,198272,604299264,1784448,2048,128,12,9
l,4,19991829259.41436,198272,604299264,1784448,2048,128,12,9
xl,4,39983658518.82872,198272,604299264,1784448,2048,128,12,9
s,4,17934970380.03772,789760,85054464,7107840,768,256,12,9
m,4,35869940760.07544,789760,85054464,7107840,768,256,12,9
l,4,89674851900.18858,789760,85054464,7107840,768,256,12,9
xl,4,179349703800.37717,789760,85054464,7107840,768,256,12,9
s,4,12064174459.158234,789760,151154688,7107840,1024,256,12,9
m,4,24128348918.316467,789760,151154688,7107840,1024,256,12,9
l,4,60320872295.79117,789760,151154688,7107840,1024,256,12,9
xl,4,120641744591.58234,789760,151154688,7107840,1024,256,12,9
s,4,8539637307.25697,789760,236129280,7107840,1280,256,12,9
m,4,17079274614.51394,789760,236129280,7107840,1280,256,12,9
l,4,42698186536.28485,789760,236129280,7107840,1280,256,12,9
xl,4,85396373072.5697,789760,236129280,7107840,1280,256,12,9
s,4,6313536910.047958,789760,339978240,7107840,1536,256,12,9
m,4,12627073820.095917,789760,339978240,7107840,1536,256,12,9
l,4,31567684550.23979,789760,339978240,7107840,1536,256,12,9
xl,4,63135369100.47958,789760,339978240,7107840,1536,256,12,9
s,4,4836606284.152245,789760,462701568,7107840,1792,256,12,9
m,4,9673212568.30449,789760,462701568,7107840,1792,256,12,9
l,4,24183031420.761223,789760,462701568,7107840,1792,256,12,9
xl,4,48366062841.522446,789760,462701568,7107840,1792,256,12,9
m,4,7627731551.690513,789760,604299264,7107840,2048,256,12,9
l,4,19069328879.22628,789760,604299264,7107840,2048,256,12,9
xl,4,38138657758.45256,789760,604299264,7107840,2048,256,12,9
s,4,7322103920.4536,1774464,236129280,15970176,1280,384,12,9
m,4,14644207840.9072,1774464,236129280,15970176,1280,384,12,9
l,4,36610519602.268,1774464,236129280,15970176,1280,384,12,9
xl,4,73221039204.536,1774464,236129280,15970176,1280,384,12,9
s,4,5622349062.41707,1774464,339978240,15970176,1536,384,12,9
m,4,11244698124.83414,1774464,339978240,15970176,1536,384,12,9
l,4,28111745312.08535,1774464,339978240,15970176,1536,384,12,9
xl,4,56223490624.1707,1774464,339978240,15970176,1536,384,12,9
s,4,4420313071.325464,1774464,462701568,15970176,1792,384,12,9
m,4,8840626142.650928,1774464,462701568,15970176,1792,384,12,9
l,4,22101565356.627323,1774464,462701568,15970176,1792,384,12,9
xl,4,44203130713.25465,1774464,462701568,15970176,1792,384,12,9
m,4,7100433876.27227,1774464,604299264,15970176,2048,384,12,9
l,4,17751084690.680676,1774464,604299264,15970176,2048,384,12,9
xl,4,35502169381.36135,1774464,604299264,15970176,2048,384,12,9
s,4,4885050463.743703,3152384,339978240,28371456,1536,512,12,9
m,4,9770100927.487406,3152384,339978240,28371456,1536,512,12,9
l,4,24425252318.718513,3152384,339978240,28371456,1536,512,12,9
xl,4,48850504637.43703,3152384,339978240,28371456,1536,512,12,9
m,4,7902861316.290465,3152384,462701568,28371456,1792,512,12,9
l,4,19757153290.726162,3152384,462701568,28371456,1792,512,12,9
xl,4,39514306581.452324,3152384,462701568,28371456,1792,512,12,9
l,4,16206535885.886072,3152384,604299264,28371456,2048,512,12,9
xl,4,32413071771.772144,3152384,604299264,28371456,2048,512,12,9
l,4,14588535605.130123,4923520,604299264,44311680,2048,640,12,9
xl,4,29177071210.260246,4923520,604299264,44311680,2048,640,12,9
s,4,37384631028.6456,198272,44133376,1784448,512,128,14,9
m,4,74769262057.2912,198272,44133376,1784448,512,128,14,9
l,4,186923155143.228,198272,44133376,1784448,512,128,14,9
xl,4,373846310286.456,198272,44133376,1784448,512,128,14,9
s,4,19941509160.65071,198272,99230208,1784448,768,128,14,9
m,4,39883018321.30142,198272,99230208,1784448,768,128,14,9
l,4,99707545803.25356,198272,99230208,1784448,768,128,14,9
xl,4,199415091606.5071,198272,99230208,1784448,768,128,14,9
s,4,12224656721.859526,198272,176347136,1784448,1024,128,14,9
m,4,24449313443.71905,198272,176347136,1784448,1024,128,14,9
l,4,61123283609.29762,198272,176347136,1784448,1024,128,14,9
xl,4,122246567218.59525,198272,176347136,1784448,1024,128,14,9
s,4,8215937446.349929,198272,275484160,1784448,1280,128,14,9
m,4,16431874892.699858,198272,275484160,1784448,1280,128,14,9
l,4,41079687231.74964,198272,275484160,1784448,1280,128,14,9
xl,4,82159374463.49928,198272,275484160,1784448,1280,128,14,9
s,4,5886336259.548815,198272,396641280,1784448,1536,128,14,9
m,4,11772672519.09763,198272,396641280,1784448,1536,128,14,9
l,4,29431681297.744072,198272,396641280,1784448,1536,128,14,9
xl,4,58863362595.488144,198272,396641280,1784448,1536,128,14,9
s,4,4418663018.618479,198272,539818496,1784448,1792,128,14,9
m,4,8837326037.236958,198272,539818496,1784448,1792,128,14,9
l,4,22093315093.092392,198272,539818496,1784448,1792,128,14,9
xl,4,44186630186.184784,198272,539818496,1784448,1792,128,14,9
m,4,6872895313.268218,198272,705015808,1784448,2048,128,14,9
l,4,17182238283.170544,198272,705015808,1784448,2048,128,14,9
xl,4,34364476566.34109,198272,705015808,1784448,2048,128,14,9
s,4,16065384314.838348,789760,99230208,7107840,768,256,14,9
m,4,32130768629.676697,789760,99230208,7107840,768,256,14,9
l,4,80326921574.19174,789760,99230208,7107840,768,256,14,9
xl,4,160653843148.38348,789760,99230208,7107840,768,256,14,9
s,4,10649529273.766853,789760,176347136,7107840,1024,256,14,9
m,4,21299058547.533707,789760,176347136,7107840,1024,256,14,9
l,4,53247646368.83427,789760,176347136,7107840,1024,256,14,9
xl,4,106495292737.66853,789760,176347136,7107840,1024,256,14,9
s,4,7473080171.682359,789760,275484160,7107840,1280,256,14,9
m,4,14946160343.364717,789760,275484160,7107840,1280,256,14,9
l,4,37365400858.4118,789760,275484160,7107840,1280,256,14,9
xl,4,74730801716.8236,789760,275484160,7107840,1280,256,14,9
s,4,5494990502.898014,789760,396641280,7107840,1536,256,14,9
m,4,10989981005.796028,789760,396641280,7107840,1536,256,14,9
l,4,27474952514.49007,789760,396641280,7107840,1536,256,14,9
xl,4,54949905028.98014,789760,396641280,7107840,1536,256,14,9
s,4,4194423684.843487,789760,539818496,7107840,1792,256,14,9
m,4,8388847369.686974,789760,539818496,7107840,1792,256,14,9
l,4,20972118424.217434,789760,539818496,7107840,1792,256,14,9
xl,4,41944236848.43487,789760,539818496,7107840,1792,256,14,9
l,4,16496360876.39649,789760,705015808,7107840,2048,256,14,9
xl,4,32992721752.79298,789760,705015808,7107840,2048,256,14,9
s,4,6523778179.8512745,1774464,275484160,15970176,1280,384,14,9
m,4,13047556359.702549,1774464,275484160,15970176,1280,384,14,9
l,4,32618890899.256374,1774464,275484160,15970176,1280,384,14,9
xl,4,65237781798.51275,1774464,275484160,15970176,1280,384,14,9
s,4,4963870173.112788,1774464,396641280,15970176,1536,384,14,9
m,4,9927740346.225576,1774464,396641280,15970176,1536,384,14,9
l,4,24819350865.563942,1774464,396641280,15970176,1536,384,14,9
xl,4,49638701731.127884,1774464,396641280,15970176,1536,384,14,9
m,4,7755438392.596671,1774464,539818496,15970176,1792,384,14,9
l,4,19388595981.491676,1774464,539818496,15970176,1792,384,14,9
xl,4,38777191962.98335,1774464,539818496,15970176,1792,384,14,9
l,4,15500563030.051054,1774464,705015808,15970176,2048,384,14,9
xl,4,31001126060.102108,1774464,705015808,15970176,2048,384,14,9
s,4,4380195963.659932,3152384,396641280,28371456,1536,512,14,9
m,4,8760391927.319864,3152384,396641280,28371456,1536,512,14,9
l,4,21900979818.29966,3152384,396641280,28371456,1536,512,14,9
xl,4,43801959636.59932,3152384,396641280,28371456,1536,512,14,9
m,4,7024244545.30885,3152384,539818496,28371456,1792,512,14,9
l,4,17560611363.272125,3152384,539818496,28371456,1792,512,14,9
xl,4,35121222726.54425,3152384,539818496,28371456,1792,512,14,9
l,4,14309693079.292093,3152384,705015808,28371456,2048,512,14,9
xl,4,28619386158.584187,3152384,705015808,28371456,2048,512,14,9
l,4,15676659295.376053,4923520,539818496,44311680,1792,640,14,9
xl,4,31353318590.752106,4923520,539818496,44311680,1792,640,14,9
l,4,13033361652.22153,4923520,705015808,44311680,2048,640,14,9
xl,4,26066723304.44306,4923520,705015808,44311680,2048,640,14,9
s,4,33450329204.759903,198272,50438144,1784448,512,128,16,9
m,4,66900658409.519806,198272,50438144,1784448,512,128,16,9
l,4,167251646023.7995,198272,50438144,1784448,512,128,16,9
xl,4,334503292047.599,198272,50438144,1784448,512,128,16,9
s,4,17656833646.63619,198272,113405952,1784448,768,128,16,9
m,4,35313667293.27238,198272,113405952,1784448,768,128,16,9
l,4,88284168233.18095,198272,113405952,1784448,768,128,16,9
xl,4,176568336466.3619,198272,113405952,1784448,768,128,16,9
s,4,10774387092.52561,198272,201539584,1784448,1024,128,16,9
m,4,21548774185.05122,198272,201539584,1784448,1024,128,16,9
l,4,53871935462.628044,198272,201539584,1784448,1024,128,16,9
xl,4,107743870925.25609,198272,201539584,1784448,1024,128,16,9
s,4,7224008767.7505455,198272,314839040,1784448,1280,128,16,9
m,4,14448017535.501091,198272,314839040,1784448,1280,128,16,9
l,4,36120043838.75272,198272,314839040,1784448,1280,128,16,9
xl,4,72240087677.50545,198272,314839040,1784448,1280,128,16,9
s,4,5168517657.558332,198272,453304320,1784448,1536,128,16,9
m,4,10337035315.116665,198272,453304320,1784448,1536,128,16,9
l,4,25842588287.791664,198272,453304320,1784448,1536,128,16,9
xl,4,51685176575.58333,198272,453304320,1784448,1536,128,16,9
m,4,7752898622.725471,198272,616935424,1784448,1792,128,16,9
l,4,19382246556.813675,198272,616935424,1784448,1792,128,16,9
xl,4,38764493113.62735,198272,616935424,1784448,1792,128,16,9
l,4,15065042900.90345,198272,805732352,1784448,2048,128,16,9
xl,4,30130085801.8069,198272,805732352,1784448,2048,128,16,9
s,4,14548782883.741026,789760,113405952,7107840,768,256,16,9
m,4,29097565767.48205,789760,113405952,7107840,768,256,16,9
l,4,72743914418.70512,789760,113405952,7107840,768,256,16,9
xl,4,145487828837.41025,789760,113405952,7107840,768,256,16,9
s,4,9531827152.134062,789760,201539584,7107840,1024,256,16,9
m,4,19063654304.268124,789760,201539584,7107840,1024,256,16,9
l,4,47659135760.67031,789760,201539584,7107840,1024,256,16,9
xl,4,95318271521.34062,789760,201539584,7107840,1024,256,16,9
s,4,6643358575.970047,789760,314839040,7107840,1280,256,16,9
m,4,13286717151.940094,789760,314839040,7107840,1280,256,16,9
l,4,33216792879.850235,789760,314839040,7107840,1280,256,16,9
xl,4,66433585759.70047,789760,314839040,7107840,1280,256,16,9
s,4,4864332596.445317,789760,453304320,7107840,1536,256,16,9
m,4,9728665192.890635,789760,453304320,7107840,1536,256,16,9
l,4,24321662982.226585,789760,453304320,7107840,1536,256,16,9
xl,4,48643325964.45317,789760,453304320,7107840,1536,256,16,9
m,4,7405569509.62333,789760,616935424,7107840,1792,256,16,9
l,4,18513923774.058327,789760,616935424,7107840,1792,256,16,9
xl,4,37027847548.11665,789760,616935424,7107840,1792,256,16,9
l,4,14535173072.282555,789760,805732352,7107840,2048,256,16,9
xl,4,29070346144.56511,789760,805732352,7107840,2048,256,16,9
s,4,8039654405.486209,1774464,201539584,15970176,1024,384,16,9
m,4,16079308810.972418,1774464,201539584,15970176,1024,384,16,9
l,4,40198272027.431046,1774464,201539584,15970176,1024,384,16,9
xl,4,80396544054.86209,1774464,201539584,15970176,1024,384,16,9
s,4,5882420485.20463,1774464,314839040,15970176,1280,384,16,9
m,4,11764840970.40926,1774464,314839040,15970176,1280,384,16,9
l,4,29412102426.02315,1774464,314839040,15970176,1280,384,16,9
xl,4,58824204852.0463,1774464,314839040,15970176,1280,384,16,9
s,4,4443460484.554745,1774464,453304320,15970176,1536,384,16,9
m,4,8886920969.10949,1774464,453304320,15970176,1536,384,16,9
l,4,22217302422.773724,1774464,453304320,15970176,1536,384,16,9
xl,4,44434604845.54745,1774464,453304320,15970176,1536,384,16,9
m,4,6907537471.732975,1774464,616935424,15970176,1792,384,16,9
l,4,17268843679.33244,1774464,616935424,15970176,1792,384,16,9
xl,4,34537687358.66488,1774464,616935424,15970176,1792,384,16,9
l,4,13756485467.56071,1774464,805732352,15970176,2048,384,16,9
xl,4,27512970935.12142,1774464,805732352,15970176,2048,384,16,9
m,4,7939835105.504529,3152384,453304320,28371456,1536,512,16,9
l,4,19849587763.761322,3152384,453304320,28371456,1536,512,16,9
xl,4,39699175527.522644,3152384,453304320,28371456,1536,512,16,9
l,4,15803612427.657383,3152384,616935424,28371456,1792,512,16,9
xl,4,31607224855.314766,3152384,616935424,28371456,1792,512,16,9
xl,4,25620693059.014008,3152384,805732352,28371456,2048,512,16,9
l,4,14261236462.43572,4923520,616935424,44311680,1792,640,16,9
xl,4,28522472924.87144,4923520,616935424,44311680,1792,640,16,9
xl,4,23555634451.22721,4923520,805732352,44311680,2048,640,16,9
xl,4,21453838410.92483,7087872,805732352,63790848,2048,768,16,9
s,4,30265259259.47448,198272,56742912,1784448,512,128,18,9
m,4,60530518518.94896,198272,56742912,1784448,512,128,18,9
l,4,151326296297.3724,198272,56742912,1784448,512,128,18,9
xl,4,302652592594.7448,198272,56742912,1784448,512,128,18,9
s,4,15841851179.875729,198272,127581696,1784448,768,128,18,9
m,4,31683702359.751457,198272,127581696,1784448,768,128,18,9
l,4,79209255899.37865,198272,127581696,1784448,768,128,18,9
xl,4,158418511798.7573,198272,127581696,1784448,768,128,18,9
s,4,9631728918.457012,198272,226732032,1784448,1024,128,18,9
m,4,19263457836.914024,198272,226732032,1784448,1024,128,18,9
l,4,48158644592.285065,198272,226732032,1784448,1024,128,18,9
xl,4,96317289184.57013,198272,226732032,1784448,1024,128,18,9
s,4,6445793557.630448,198272,354193920,1784448,1280,128,18,9
m,4,12891587115.260897,198272,354193920,1784448,1280,128,18,9
l,4,32228967788.15224,198272,354193920,1784448,1280,128,18,9
xl,4,64457935576.30448,198272,354193920,1784448,1280,128,18,9
s,4,4606741291.453116,198272,509967360,1784448,1536,128,18,9
m,4,9213482582.906233,198272,509967360,1784448,1536,128,18,9
l,4,23033706457.265583,198272,509967360,1784448,1536,128,18,9
xl,4,46067412914.531166,198272,509967360,1784448,1536,128,18,9
m,4,6905522617.133409,198272,694052352,1784448,1792,128,18,9
l,4,17263806542.83352,198272,694052352,1784448,1792,128,18,9
xl,4,34527613085.66704,198272,694052352,1784448,1792,128,18,9
l,4,13412370609.251247,198272,906448896,1784448,2048,128,18,9
xl,4,26824741218.502495,198272,906448896,1784448,2048,128,18,9
s,4,13293821967.434603,789760,127581696,7107840,768,256,18,9
m,4,26587643934.869205,789760,127581696,7107840,768,256,18,9
l,4,66469109837.17301,789760,127581696,7107840,768,256,18,9
xl,4,132938219674.34602,789760,127581696,7107840,768,256,18,9
s,4,8626453315.843027,789760,226732032,7107840,1024,256,18,9
m,4,17252906631.686054,789760,226732032,7107840,1024,256,18,9
l,4,43132266579.21513,789760,226732032,7107840,1024,256,18,9
xl,4,86264533158.43027,789760,226732032,7107840,1024,256,18,9
s,4,5979469658.353195,789760,354193920,7107840,1280,256,18,9
m,4,11958939316.70639,789760,354193920,7107840,1280,256,18,9
l,4,29897348291.765972,789760,354193920,7107840,1280,256,18,9
xl,4,59794696583.531944,789760,354193920,7107840,1280,256,18,9
s,4,4363531765.81309,789760,509967360,7107840,1536,256,18,9
m,4,8727063531.62618,789760,509967360,7107840,1536,256,18,9
l,4,21817658829.06545,789760,509967360,7107840,1536,256,18,9
xl,4,43635317658.1309,789760,509967360,7107840,1536,256,18,9
l,4,16571532811.104677,789760,694052352,7107840,1792,256,18,9
xl,4,33143065622.209354,789760,694052352,7107840,1792,256,18,9
xl,4,25981506488.39279,789760,906448896,7107840,2048,256,18,9
s,4,7385836824.766117,1774464,226732032,15970176,1024,384,18,9
m,4,14771673649.532234,1774464,226732032,15970176,1024,384,18,9
l,4,36929184123.83059,1774464,226732032,15970176,1024,384,18,9
xl,4,73858368247.66118,1774464,226732032,15970176,1024,384,18,9
s,4,5355879787.663789,1774464,354193920,15970176,1280,384,18,9
m,4,10711759575.327578,1774464,354193920,15970176,1280,384,18,9
l,4,26779398938.318947,1774464,354193920,15970176,1280,384,18,9
xl,4,53558797876.63789,1774464,354193920,15970176,1280,384,18,9
s,4,4021815356.076088,1774464,509967360,15970176,1536,384,18,9
m,4,8043630712.152176,1774464,509967360,15970176,1536,384,18,9
l,4,20109076780.38044,1774464,509967360,15970176,1536,384,18,9
xl,4,40218153560.76088,1774464,509967360,15970176,1536,384,18,9
l,4,15566915169.428312,1774464,694052352,15970176,1792,384,18,9
xl,4,31133830338.856625,1774464,694052352,15970176,1792,384,18,9
xl,4,24730381467.51904,1774464,906448896,15970176,2048,384,18,9
s,4,4682628661.403542,3152384,354193920,28371456,1280,512,18,9
m,4,9365257322.807083,3152384,354193920,28371456,1280,512,18,9
l,4,23413143307.017708,3152384,354193920,28371456,1280,512,18,9
xl,4,46826286614.035416,3152384,354193920,28371456,1280,512,18,9
m,4,7259830856.395203,3152384,509967360,28371456,1536,512,18,9
l,4,18149577140.988007,3152384,509967360,28371456,1536,512,18,9
xl,4,36299154281.97601,3152384,509967360,28371456,1536,512,18,9
l,4,14366222927.370077,3152384,694052352,28371456,1792,512,18,9
xl,4,28732445854.740154,3152384,694052352,28371456,1792,512,18,9
xl,4,23190798603.53545,3152384,906448896,28371456,2048,512,18,9
l,4,16144349183.312912,4923520,509967360,44311680,1536,640,18,9
xl,4,32288698366.625824,4923520,509967360,44311680,1536,640,18,9
l,4,13080240515.695494,4923520,694052352,44311680,1792,640,18,9
xl,4,26160481031.390987,4923520,694052352,44311680,1792,640,18,9
xl,4,21485836708.328564,4923520,906448896,44311680,2048,640,18,9
xl,4,19723357972.067684,7087872,906448896,63790848,2048,768,18,9
s,4,27634007249.394924,198272,63047680,1784448,512,128,20,9
m,4,55268014498.78985,198272,63047680,1784448,512,128,20,9
l,4,138170036246.97464,198272,63047680,1784448,512,128,20,9
xl,4,276340072493.9493,198272,63047680,1784448,512,128,20,9
s,4,14365220445.2253,198272,141757440,1784448,768,128,20,9
m,4,28730440890.4506,198272,141757440,1784448,768,128,20,9
l,4,71826102226.1265,198272,141757440,1784448,768,128,20,9
xl,4,143652204452.253,198272,141757440,1784448,768,128,20,9
s,4,8708196823.639925,198272,251924480,1784448,1024,128,20,9
m,4,17416393647.27985,198272,251924480,1784448,1024,128,20,9
l,4,43540984118.19963,198272,251924480,1784448,1024,128,20,9
xl,4,87081968236.39926,198272,251924480,1784448,1024,128,20,9
s,4,5818940997.427935,198272,393548800,1784448,1280,128,20,9
m,4,11637881994.85587,198272,393548800,1784448,1280,128,20,9
l,4,29094704987.139675,198272,393548800,1784448,1280,128,20,9
xl,4,58189409974.27935,198272,393548800,1784448,1280,128,20,9
s,4,4155113788.2897058,198272,566630400,1784448,1536,128,20,9
m,4,8310227576.5794115,198272,566630400,1784448,1536,128,20,9
l,4,20775568941.44853,198272,566630400,1784448,1536,128,20,9
xl,4,41551137882.89706,198272,566630400,1784448,1536,128,20,9
l,4,15562821857.831406,198272,771169280,1784448,1792,128,20,9
xl,4,31125643715.66281,198272,771169280,1784448,1792,128,20,9
xl,4,24172913140.805557,198272,1007165440,1784448,2048,128,20,9
s,4,12238171660.232325,789760,141757440,7107840,768,256,20,9
m,4,24476343320.46465,789760,141757440,7107840,768,256,20,9
l,4,61190858301.16163,789760,141757440,7107840,768,256,20,9
xl,4,122381716602.32326,789760,141757440,7107840,768,256,20,9
s,4,7878152584.563459,789760,251924480,7107840,1024,256,20,9
m,4,15756305169.126919,789760,251924480,7107840,1024,256,20,9
l,4,39390762922.8173,789760,251924480,7107840,1024,256,20,9
xl,4,78781525845.6346,789760,251924480,7107840,1024,256,20,9
s,4,5436213987.474267,789760,393548800,7107840,1280,256,20,9
m,4,10872427974.948534,789760,393548800,7107840,1280,256,20,9
l,4,27181069937.371334,789760,393548800,7107840,1280,256,20,9
xl,4,54362139874.74267,789760,393548800,7107840,1280,256,20,9
m,4,7912448065.855875,789760,566630400,7107840,1536,256,20,9
l,4,19781120164.639687,789760,566630400,7107840,1536,256,20,9
xl,4,39562240329.27937,789760,566630400,7107840,1536,256,20,9
l,4,14998014022.975134,789760,771169280,7107840,1792,256,20,9
xl,4,29996028045.950268,789760,771169280,7107840,1792,256,20,9
xl,4,23486023298.435734,789760,1007165440,7107840,2048,256,20,9
s,4,6830363709.763967,1774464,251924480,15970176,1024,384,20,9
m,4,13660727419.527933,1774464,251924480,15970176,1024,384,20,9
l,4,34151818548.81983,1774464,251924480,15970176,1024,384,20,9
xl,4,68303637097.63966,1774464,251924480,15970176,1024,384,20,9
s,4,4915857044.674837,1774464,393548800,15970176,1280,384,20,9
m,4,9831714089.349674,1774464,393548800,15970176,1280,384,20,9
l,4,24579285223.374184,1774464,393548800,15970176,1280,384,20,9
xl,4,49158570446.74837,1774464,393548800,15970176,1280,384,20,9
m,4,7346511682.305333,1774464,566630400,15970176,1536,384,20,9
l,4,18366279205.763332,1774464,566630400,15970176,1536,384,20,9
xl,4,36732558411.526665,1774464,566630400,15970176,1536,384,20,9
l,4,14170357534.671577,1774464,771169280,15970176,1792,384,20,9
xl,4,28340715069.343155,1774464,771169280,15970176,1792,384,20,9
xl,4,22458943075.670685,1774464,1007165440,15970176,2048,384,20,9
s,4,4342767631.219677,3152384,393548800,28371456,1280,512,20,9
m,4,8685535262.439354,3152384,393548800,28371456,1280,512,20,9
l,4,21713838156.098385,3152384,393548800,28371456,1280,512,20,9
xl,4,43427676312.19677,3152384,393548800,28371456,1280,512,20,9
m,4,6687115330.377735,3152384,566630400,28371456,1536,512,20,9
l,4,16717788325.944338,3152384,566630400,28371456,1536,512,20,9
xl,4,33435576651.888676,3152384,566630400,28371456,1536,512,20,9
l,4,13168504947.818167,3152384,771169280,28371456,1792,512,20,9
xl,4,26337009895.636333,3152384,771169280,28371456,1792,512,20,9
xl,4,21181885495.539536,3152384,1007165440,28371456,2048,512,20,9
l,4,15001500150.015001,4923520,566630400,44311680,1536,640,20,9
xl,4,30003000300.030003,4923520,566630400,44311680,1536,640,20,9
xl,4,24159771467.889732,4923520,771169280,44311680,1792,640,20,9
xl,4,19750399195.06853,4923520,1007165440,44311680,2048,640,20,9
xl,4,21953830497.319946,7087872,771169280,63790848,1792,768,20,9
xl,4,18251204083.036728,7087872,1007165440,63790848,2048,768,20,9
xl,4,16754010011.981932,9645440,1007165440,86808960,2048,896,20,9
s,4,25423680551.657257,198272,69352448,1784448,512,128,22,9
m,4,50847361103.314514,198272,69352448,1784448,512,128,22,9
l,4,127118402758.28629,198272,69352448,1784448,512,128,22,9
xl,4,254236805516.57257,198272,69352448,1784448,512,128,22,9
s,4,13140394497.769917,198272,155933184,1784448,768,128,22,9
m,4,26280788995.539833,198272,155933184,1784448,768,128,22,9
l,4,65701972488.84959,198272,155933184,1784448,768,128,22,9
xl,4,131403944977.69917,198272,155933184,1784448,768,128,22,9
s,4,7946273528.280215,198272,277116928,1784448,1024,128,22,9
m,4,15892547056.56043,198272,277116928,1784448,1024,128,22,9
l,4,39731367641.40108,198272,277116928,1784448,1024,128,22,9
xl,4,79462735282.80215,198272,277116928,1784448,1024,128,22,9
s,4,5303205019.530219,198272,432903680,1784448,1280,128,22,9
m,4,10606410039.060438,198272,432903680,1784448,1280,128,22,9
l,4,26516025097.651096,198272,432903680,1784448,1280,128,22,9
xl,4,53032050195.30219,198272,432903680,1784448,1280,128,22,9
m,4,7568263618.727105,198272,623293440,1784448,1536,128,22,9
l,4,18920659046.817764,198272,623293440,1784448,1536,128,22,9
xl,4,37841318093.63553,198272,623293440,1784448,1536,128,22,9
l,4,14166965646.309666,198272,848286208,1784448,1792,128,22,9
xl,4,28333931292.61933,198272,848286208,1784448,1792,128,22,9
xl,4,21998222825.172977,198272,1107881984,1784448,2048,128,22,9
s,4,11337843799.705107,789760,155933184,7107840,768,256,22,9
m,4,22675687599.410213,789760,155933184,7107840,768,256,22,9
l,4,56689218998.525536,789760,155933184,7107840,768,256,22,9
xl,4,113378437997.05107,789760,155933184,7107840,768,256,22,9
s,4,7249311837.325907,789760,277116928,7107840,1024,256,22,9
m,4,14498623674.651814,789760,277116928,7107840,1024,256,22,9
l,4,36246559186.62953,789760,277116928,7107840,1024,256,22,9
xl,4,72493118373.25906,789760,277116928,7107840,1024,256,22,9
s,4,4983450161.352156,789760,432903680,7107840,1280,256,22,9
m,4,9966900322.704311,789760,432903680,7107840,1280,256,22,9
l,4,24917250806.76078,789760,432903680,7107840,1280,256,22,9
xl,4,49834501613.52156,789760,432903680,7107840,1280,256,22,9
m,4,7236927272.4704275,789760,623293440,7107840,1536,256,22,9
l,4,18092318181.176067,789760,623293440,7107840,1536,256,22,9
xl,4,36184636362.352135,789760,623293440,7107840,1536,256,22,9
l,4,13697402849.69097,789760,848286208,7107840,1792,256,22,9
xl,4,27394805699.38194,789760,848286208,7107840,1792,256,22,9
xl,4,21427906306.35968,789760,1107881984,7107840,2048,256,22,9
s,4,6352598273.678878,1774464,277116928,15970176,1024,384,22,9
m,4,12705196547.357756,1774464,277116928,15970176,1024,384,22,9
l,4,31762991368.39439,1774464,277116928,15970176,1024,384,22,9
xl,4,63525982736.78878,1774464,277116928,15970176,1024,384,22,9
s,4,4542647024.406298,1774464,432903680,15970176,1280,384,22,9
m,4,9085294048.812595,1774464,432903680,15970176,1280,384,22,9
l,4,22713235122.03149,1774464,432903680,15970176,1280,384,22,9
xl,4,45426470244.06298,1774464,432903680,15970176,1280,384,22,9
m,4,6760590194.115474,1774464,623293440,15970176,1536,384,22,9
l,4,16901475485.288685,1774464,623293440,15970176,1536,384,22,9
xl,4,33802950970.57737,1774464,623293440,15970176,1536,384,22,9
l,4,13003749657.221159,1774464,848286208,15970176,1792,384,22,9
xl,4,26007499314.442318,1774464,848286208,15970176,1792,384,22,9
xl,4,20569659101.17896,1774464,1107881984,15970176,2048,384,22,9
s,4,4048901924.841497,3152384,432903680,28371456,1280,512,22,9
m,4,8097803849.682994,3152384,432903680,28371456,1280,512,22,9
l,4,20244509624.207485,3152384,432903680,28371456,1280,512,22,9
xl,4,40489019248.41497,3152384,432903680,28371456,1280,512,22,9
l,4,15495384210.158863,3152384,623293440,28371456,1536,512,22,9
xl,4,30990768420.317726,3152384,623293440,28371456,1536,512,22,9
xl,4,24310253917.29597,3152384,848286208,28371456,1792,512,22,9
xl,4,19493272232.37328,3152384,1107881984,28371456,2048,512,22,9
l,4,14009757605.639624,4923520,623293440,44311680,1536,640,22,9
xl,4,28019515211.279247,4923520,623293440,44311680,1536,640,22,9
xl,4,22443342410.498283,4923520,848286208,44311680,1792,640,22,9
xl,4,18274356866.90391,4923520,1107881984,44311680,2048,640,22,9
xl,4,20527279802.391594,7087872,848286208,63790848,1792,768,22,9
xl,4,16983549815.170065,7087872,1107881984,63790848,2048,768,22,9
xl,4,15679682107.365332,9645440,1107881984,86808960,2048,896,22,9
s,4,23540755639.42342,198272,75657216,1784448,512,128,24,9
m,4,47081511278.84684,198272,75657216,1784448,512,128,24,9
l,4,117703778197.11711,198272,75657216,1784448,512,128,24,9
xl,4,235407556394.23422,198272,75657216,1784448,512,128,24,9
s,4,12108024501.217196,198272,170108928,1784448,768,128,24,9
m,4,24216049002.43439,198272,170108928,1784448,768,128,24,9
l,4,60540122506.085976,198272,170108928,1784448,768,128,24,9
xl,4,121080245012.17195,198272,170108928,1784448,768,128,24,9
s,4,7306952079.722238,198272,302309376,1784448,1024,128,24,9
m,4,14613904159.444475,198272,302309376,1784448,1024,128,24,9
l,4,36534760398.61119,198272,302309376,1784448,1024,128,24,9
xl,4,73069520797.22238,198272,302309376,1784448,1024,128,24,9
s,4,4871446046.279829,198272,472258560,1784448,1280,128,24,9
m,4,9742892092.559658,198272,472258560,1784448,1280,128,24,9
l,4,24357230231.399143,198272,472258560,1784448,1280,128,24,9
xl,4,48714460462.79829,198272,472258560,1784448,1280,128,24,9
m,4,6947929989.322421,198272,679956480,1784448,1536,128,24,9
l,4,17369824973.306053,198272,679956480,1784448,1536,128,24,9
xl,4,34739649946.61211,198272,679956480,1784448,1536,128,24,9
l,4,13000893213.36733,198272,925403136,1784448,1792,128,24,9
xl,4,26001786426.73466,198272,925403136,1784448,1792,128,24,9
xl,4,20182523639.54775,198272,1208598528,1784448,2048,128,24,9
s,4,10560907541.873575,789760,170108928,7107840,768,256,24,9
m,4,21121815083.74715,789760,170108928,7107840,768,256,24,9
l,4,52804537709.36788,789760,170108928,7107840,768,256,24,9
xl,4,105609075418.73576,789760,170108928,7107840,768,256,24,9
s,4,6713439467.977646,789760,302309376,7107840,1024,256,24,9
m,4,13426878935.955292,789760,302309376,7107840,1024,256,24,9
l,4,33567197339.88823,789760,302309376,7107840,1024,256,24,9
xl,4,67134394679.77646,789760,302309376,7107840,1024,256,24,9
s,4,4600306255.2682705,789760,472258560,7107840,1280,256,24,9
m,4,9200612510.536541,789760,472258560,7107840,1280,256,24,9
l,4,23001531276.341354,789760,472258560,7107840,1280,256,24,9
xl,4,46003062552.68271,789760,472258560,7107840,1280,256,24,9
m,4,6667678020.06875,789760,679956480,7107840,1536,256,24,9
l,4,16669195050.171877,789760,679956480,7107840,1536,256,24,9
xl,4,33338390100.343754,789760,679956480,7107840,1536,256,24,9
xl,4,25208732337.148766,789760,925403136,7107840,1792,256,24,9
xl,4,19701438413.051342,789760,1208598528,7107840,2048,256,24,9
s,4,5937300209.847939,1774464,302309376,15970176,1024,384,24,9
m,4,11874600419.695877,1774464,302309376,15970176,1024,384,24,9
l,4,29686501049.239693,1774464,302309376,15970176,1024,384,24,9
xl,4,59373002098.479385,1774464,302309376,15970176,1024,384,24,9
s,4,4222106300.0716476,1774464,472258560,15970176,1280,384,24,9
m,4,8444212600.143295,1774464,472258560,15970176,1280,384,24,9
l,4,21110531500.35824,1774464,472258560,15970176,1280,384,24,9
xl,4,42221063000.71648,1774464,472258560,15970176,1280,384,24,9
l,4,15653064379.125334,1774464,679956480,15970176,1536,384,24,9
xl,4,31306128758.250668,1774464,679956480,15970176,1536,384,24,9
xl,4,24029236160.17881,1774464,925403136,15970176,1792,384,24,9
xl,4,18973570514.500694,1774464,1208598528,15970176,2048,384,24,9
m,4,7584572227.699295,3152384,472258560,28371456,1280,512,24,9
l,4,18961430569.248238,3152384,472258560,28371456,1280,512,24,9
xl,4,37922861138.496475,3152384,472258560,28371456,1280,512,24,9
l,4,14439563794.870771,3152384,679956480,28371456,1536,512,24,9
xl,4,28879127589.741543,3152384,679956480,28371456,1536,512,24,9
xl,4,22573144935.33751,3152384,925403136,28371456,1792,512,24,9
xl,4,18054012057.884686,3152384,1208598528,28371456,2048,512,24,9
l,4,13141011165.696419,4923520,679956480,44311680,1536,640,24,9
xl,4,26282022331.392838,4923520,679956480,44311680,1536,640,24,9
xl,4,20954622881.49601,4923520,925403136,44311680,1792,640,24,9
xl,4,17003596328.637892,4923520,1208598528,44311680,2048,640,24,9
xl,4,19274810690.51932,7087872,925403136,63790848,1792,768,24,9
xl,4,15880551421.530409,7087872,1208598528,63790848,2048,768,24,9
xl,4,14734831269.207441,9645440,1208598528,86808960,2048,896,24,9
l,6,510351842812.24493,198272,25192448,991360,1024,128,2,5
l,6,370068908125.9342,198272,39354880,991360,1280,128,2,5
s,6,55520811865.28608,198272,56663040,991360,1536,128,2,5
m,6,111041623730.57216,198272,56663040,991360,1536,128,2,5
l,6,277604059326.4304,198272,56663040,991360,1536,128,2,5
xl,6,555208118652.8608,198272,56663040,991360,1536,128,2,5
s,6,42922208095.86778,198272,77116928,991360,1792,128,2,5
m,6,85844416191.73557,198272,77116928,991360,1792,128,2,5
l,6,214611040479.3389,198272,77116928,991360,1792,128,2,5
xl,6,429222080958.6778,198272,77116928,991360,1792,128,2,5
s,6,34047081308.422184,198272,100716544,991360,2048,128,2,5
m,6,68094162616.84437,198272,100716544,991360,2048,128,2,5
l,6,170235406542.11093,198272,100716544,991360,2048,128,2,5
xl,6,340470813084.22186,198272,100716544,991360,2048,128,2,5
s,6,27395298883.15599,789760,100716544,3948800,2048,256,2,5
m,6,54790597766.31198,789760,100716544,3948800,2048,256,2,5
l,6,136976494415.77994,789760,100716544,3948800,2048,256,2,5
xl,6,273952988831.55988,789760,100716544,3948800,2048,256,2,5
l,6,457315288525.7033,198272,28351488,991360,768,128,4,5
s,6,59565713826.20735,198272,50384896,991360,1024,128,4,5
m,6,119131427652.4147,198272,50384896,991360,1024,128,4,5
l,6,297828569131.03674,198272,50384896,991360,1024,128,4,5
xl,6,595657138262.0735,198272,50384896,991360,1024,128,4,5
s,6,41295266290.07276,198272,78709760,991360,1280,128,4,5
m,6,82590532580.14552,198272,78709760,991360,1280,128,4,5
l,6,206476331450.36383,198272,78709760,991360,1280,128,4,5
xl,6,412952662900.72766,198272,78709760,991360,1280,128,4,5
s,6,30105624983.140858,198272,113326080,991360,1536,128,4,5
m,6,60211249966.281715,198272,113326080,991360,1536,128,4,5
l,6,150528124915.70428,198272,113326080,991360,1536,128,4,5
xl,6,301056249831.40857,198272,113326080,991360,1536,128,4,5
s,6,22836378064.80251,198272,154233856,991360,1792,128,4,5
m,6,45672756129.60502,198272,154233856,991360,1792,128,4,5
l,6,114181890324.01254,198272,154233856,991360,1792,128,4,5
xl,6,228363780648.0251,198272,154233856,991360,1792,128,4,5
s,6,17877560747.443027,198272,201433088,991360,2048,128,4,5
m,6,35755121494.886055,198272,201433088,991360,2048,128,4,5
l,6,89387803737.21513,198272,201433088,991360,2048,128,4,5
xl,6,178775607474.43027,198272,201433088,991360,2048,128,4,5
s,6,24784434899.022263,789760,113326080,3948800,1536,256,4,5
m,6,49568869798.044525,789760,113326080,3948800,1536,256,4,5
l,6,123922174495.11131,789760,113326080,3948800,1536,256,4,5
xl,6,247844348990.22263,789760,113326080,3948800,1536,256,4,5
s,6,19638147012.199535,789760,154233856,3948800,1792,256,4,5
m,6,39276294024.39907,789760,154233856,3948800,1792,256,4,5
l,6,98190735060.99768,789760,154233856,3948800,1792,256,4,5
xl,6,196381470121.99536,789760,154233856,3948800,1792,256,4,5
s,6,15856011527.60579,789760,201433088,3948800,2048,256,4,5
m,6,31712023055.21158,789760,201433088,3948800,2048,256,4,5
l,6,79280057638.02895,789760,201433088,3948800,2048,256,4,5
xl,6,158560115276.0579,789760,201433088,3948800,2048,256,4,5
s,6,13418413477.270664,1774464,201433088,8872320,2048,384,4,5
m,6,26836826954.54133,1774464,201433088,8872320,2048,384,4,5
l,6,67092067386.353325,1774464,201433088,8872320,2048,384,4,5
xl,6,134184134772.70665,1774464,201433088,8872320,2048,384,4,5
s,6,66680038237.00112,198272,42527232,991360,768,128,6,5
l,6,333400191185.0056,198272,42527232,991360,768,128,6,5
s,6,42053559413.26873,198272,75577344,991360,1024,128,6,5
m,6,84107118826.53746,198272,75577344,991360,1024,128,6,5
l,6,210267797066.34366,198272,75577344,991360,1024,128,6,5
xl,6,420535594132.6873,198272,75577344,991360,1024,128,6,5
s,6,28636306988.541813,198272,118064640,991360,1280,128,6,5
m,6,57272613977.083626,198272,118064640,991360,1280,128,6,5
l,6,143181534942.70905,198272,118064640,991360,1280,128,6,5
xl,6,286363069885.4181,198272,118064640,991360,1280,128,6,5
s,6,20651981400.660336,198272,169989120,991360,1536,128,6,5
m,6,41303962801.32067,198272,169989120,991360,1536,128,6,5
l,6,103259907003.30167,198272,169989120,991360,1536,128,6,5
xl,6,206519814006.60333,198272,169989120,991360,1536,128,6,5
s,6,15556551174.830742,198272,231350784,991360,1792,128,6,5
m,6,31113102349.661484,198272,231350784,991360,1792,128,6,5
l,6,77782755874.1537,198272,231350784,991360,1792,128,6,5
xl,6,155565511748.3074,198272,231350784,991360,1792,128,6,5
s,6,12121066374.571592,198272,302149632,991360,2048,128,6,5
m,6,24242132749.143185,198272,302149632,991360,2048,128,6,5
l,6,60605331872.85796,198272,302149632,991360,2048,128,6,5
xl,6,121210663745.71593,198272,302149632,991360,2048,128,6,5
s,6,23779955133.88305,789760,118064640,3948800,1280,256,6,5
m,6,47559910267.7661,789760,118064640,3948800,1280,256,6,5
l,6,118899775669.41525,789760,118064640,3948800,1280,256,6,5
xl,6,237799551338.8305,789760,118064640,3948800,1280,256,6,5
s,6,18000820261.37767,789760,169989120,3948800,1536,256,6,5
m,6,36001640522.75534,789760,169989120,3948800,1536,256,6,5
l,6,90004101306.88835,789760,169989120,3948800,1536,256,6,5
xl,6,180008202613.7767,789760,169989120,3948800,1536,256,6,5
s,6,14003029135.26254,789760,231350784,3948800,1792,256,6,5
m,6,28006058270.52508,789760,231350784,3948800,1792,256,6,5
l,6,70015145676.3127,789760,231350784,3948800,1792,256,6,5
xl,6,140030291352.6254,789760,231350784,3948800,1792,256,6,5
s,6,11156666009.762173,789760,302149632,3948800,2048,256,6,5
m,6,22313332019.524345,789760,302149632,3948800,2048,256,6,5
l,6,55783330048.81086,789760,302149632,3948800,2048,256,6,5
xl,6,111566660097.62172,789760,302149632,3948800,2048,256,6,5
s,6,12067090707.452017,1774464,231350784,8872320,1792,384,6,5
m,6,24134181414.904034,1774464,231350784,8872320,1792,384,6,5
l,6,60335453537.260086,1774464,231350784,8872320,1792,384,6,5
xl,6,120670907074.52017,1774464,231350784,8872320,1792,384,6,5
s,6,9892233219.923498,1774464,302149632,8872320,2048,384,6,5
m,6,19784466439.846996,1774464,302149632,8872320,2048,384,6,5
l,6,49461166099.617485,1774464,302149632,8872320,2048,384,6,5
xl,6,98922332199.23497,1774464,302149632,8872320,2048,384,6,5
l,6,476339037263.07404,198272,25219072,991360,512,128,8,5
s,6,52464223596.644966,198272,56702976,991360,768,128,8,5
m,6,104928447193.28993,198272,56702976,991360,768,128,8,5
l,6,262321117983.22482,198272,56702976,991360,768,128,8,5
xl,6,524642235966.44965,198272,56702976,991360,768,128,8,5
s,6,32498956610.842087,198272,100769792,991360,1024,128,8,5
m,6,64997913221.68417,198272,100769792,991360,1024,128,8,5
l,6,162494783054.21042,198272,100769792,991360,1024,128,8,5
xl,6,324989566108.42084,198272,100769792,991360,1024,128,8,5
s,6,21917540524.943398,198272,157419520,991360,1280,128,8,5
m,6,43835081049.886795,198272,157419520,991360,1280,128,8,5
l,6,109587702624.71698,198272,157419520,991360,1280,128,8,5
xl,6,219175405249.43396,198272,157419520,991360,1280,128,8,5
s,6,15716691176.322666,198272,226652160,991360,1536,128,8,5
m,6,31433382352.645332,198272,226652160,991360,1536,128,8,5
l,6,78583455881.61333,198272,226652160,991360,1536,128,8,5
xl,6,157166911763.22665,198272,226652160,991360,1536,128,8,5
s,6,11796150446.917286,198272,308467712,991360,1792,128,8,5
m,6,23592300893.83457,198272,308467712,991360,1792,128,8,5
l,6,58980752234.58643,198272,308467712,991360,1792,128,8,5
xl,6,117961504469.17287,198272,308467712,991360,1792,128,8,5
s,6,9168765139.135498,198272,402866176,991360,2048,128,8,5
m,6,18337530278.270996,198272,402866176,991360,2048,128,8,5
l,6,45843825695.67749,198272,402866176,991360,2048,128,8,5
xl,6,91687651391.35498,198272,402866176,991360,2048,128,8,5
s,6,26384013933.87267,789760,100769792,3948800,1024,256,8,5
m,6,52768027867.74534,789760,100769792,3948800,1024,256,8,5
l,6,131920069669.36336,789760,100769792,3948800,1024,256,8,5
xl,6,263840139338.7267,789760,100769792,3948800,1024,256,8,5
s,6,18954802883.815933,789760,157419520,3948800,1280,256,8,5
m,6,37909605767.63187,789760,157419520,3948800,1280,256,8,5
l,6,94774014419.07967,789760,157419520,3948800,1280,256,8,5
xl,6,189548028838.15933,789760,157419520,3948800,1280,256,8,5
s,6,14132648815.661417,789760,226652160,3948800,1536,256,8,5
m,6,28265297631.322834,789760,226652160,3948800,1536,256,8,5
l,6,70663244078.30708,789760,226652160,3948800,1536,256,8,5
xl,6,141326488156.61417,789760,226652160,3948800,1536,256,8,5
s,6,10880808093.244076,789760,308467712,3948800,1792,256,8,5
m,6,21761616186.48815,789760,308467712,3948800,1792,256,8,5
l,6,54404040466.220375,789760,308467712,3948800,1792,256,8,5
xl,6,108808080932.44075,789760,308467712,3948800,1792,256,8,5
s,6,8606040005.02636,789760,402866176,3948800,2048,256,8,5
m,6,17212080010.05272,789760,402866176,3948800,2048,256,8,5
l,6,43030200025.13179,789760,402866176,3948800,2048,256,8,5
xl,6,86060400050.26358,789760,402866176,3948800,2048,256,8,5
s,6,12163224636.270931,1774464,226652160,8872320,1536,384,8,5
m,6,24326449272.541862,1774464,226652160,8872320,1536,384,8,5
l,6,60816123181.35465,1774464,226652160,8872320,1536,384,8,5
xl,6,121632246362.7093,1774464,226652160,8872320,1536,384,8,5
s,6,9674750875.195198,1774464,308467712,8872320,1792,384,8,5
m,6,19349501750.390396,1774464,308467712,8872320,1792,384,8,5
l,6,48373754375.97599,1774464,308467712,8872320,1792,384,8,5
xl,6,96747508751.95198,1774464,308467712,8872320,1792,384,8,5
s,6,7833653480.715795,1774464,402866176,8872320,2048,384,8,5
m,6,15667306961.43159,1774464,402866176,8872320,2048,384,8,5
l,6,39168267403.57897,1774464,402866176,8872320,2048,384,8,5
xl,6,78336534807.15794,1774464,402866176,8872320,2048,384,8,5
s,6,6971719882.353553,3152384,402866176,15761920,2048,512,8,5
m,6,13943439764.707106,3152384,402866176,15761920,2048,512,8,5
l,6,34858599411.76777,3152384,402866176,15761920,2048,512,8,5
xl,6,69717198823.53554,3152384,402866176,15761920,2048,512,8,5
l,6,402596890854.9261,198272,31523840,991360,512,128,10,5
s,6,43244694394.934074,198272,70878720,991360,768,128,10,5
m,6,86489388789.86815,198272,70878720,991360,768,128,10,5
l,6,216223471974.67038,198272,70878720,991360,768,128,10,5
xl,6,432446943949.34076,198272,70878720,991360,768,128,10,5
s,6,26482183128.14949,198272,125962240,991360,1024,128,10,5
m,6,52964366256.29898,198272,125962240,991360,1024,128,10,5
l,6,132410915640.74744,198272,125962240,991360,1024,128,10,5
xl,6,264821831281.49487,198272,125962240,991360,1024,128,10,5
s,6,17752400327.012527,198272,196774400,991360,1280,128,10,5
m,6,35504800654.025055,198272,196774400,991360,1280,128,10,5
l,6,88762001635.06264,198272,196774400,991360,1280,128,10,5
xl,6,177524003270.12527,198272,196774400,991360,1280,128,10,5
s,6,12685245172.30013,198272,283315200,991360,1536,128,10,5
m,6,25370490344.60026,198272,283315200,991360,1536,128,10,5
l,6,63426225861.500656,198272,283315200,991360,1536,128,10,5
xl,6,126852451723.00131,198272,283315200,991360,1536,128,10,5
s,6,9499812341.894474,198272,385584640,991360,1792,128,10,5
m,6,18999624683.788948,198272,385584640,991360,1792,128,10,5
l,6,47499061709.472374,198272,385584640,991360,1792,128,10,5
xl,6,94998123418.94475,198272,385584640,991360,1792,128,10,5
s,6,7372951658.66644,198272,503582720,991360,2048,128,10,5
m,6,14745903317.33288,198272,503582720,991360,2048,128,10,5
l,6,36864758293.3322,198272,503582720,991360,2048,128,10,5
xl,6,73729516586.6644,198272,503582720,991360,2048,128,10,5
s,6,22275308117.76993,789760,125962240,3948800,1024,256,10,5
m,6,44550616235.53986,789760,125962240,3948800,1024,256,10,5
l,6,111376540588.84967,789760,125962240,3948800,1024,256,10,5
xl,6,222753081177.69934,789760,125962240,3948800,1024,256,10,5
s,6,15757478383.521837,789760,196774400,3948800,1280,256,10,5
m,6,31514956767.043674,789760,196774400,3948800,1280,256,10,5
l,6,78787391917.60919,789760,196774400,3948800,1280,256,10,5
xl,6,157574783835.21838,789760,196774400,3948800,1280,256,10,5
s,6,11632876108.56656,789760,283315200,3948800,1536,256,10,5
m,6,23265752217.13312,789760,283315200,3948800,1536,256,10,5
l,6,58164380542.83281,789760,283315200,3948800,1536,256,10,5
xl,6,116328761085.66562,789760,283315200,3948800,1536,256,10,5
s,6,8897053833.819569,789760,385584640,3948800,1792,256,10,5
m,6,17794107667.639137,789760,385584640,3948800,1792,256,10,5
l,6,44485269169.09785,789760,385584640,3948800,1792,256,10,5
xl,6,88970538338.1957,789760,385584640,3948800,1792,256,10,5
s,6,7004644959.566716,789760,503582720,3948800,2048,256,10,5
m,6,14009289919.133432,789760,503582720,3948800,2048,256,10,5
l,6,35023224797.83358,789760,503582720,3948800,2048,256,10,5
xl,6,70046449595.66716,789760,503582720,3948800,2048,256,10,5
s,6,13347779791.125366,1774464,196774400,8872320,1280,384,10,5
m,6,26695559582.250732,1774464,196774400,8872320,1280,384,10,5
l,6,66738898955.62683,1774464,196774400,8872320,1280,384,10,5
xl,6,133477797911.25366,1774464,196774400,8872320,1280,384,10,5
s,6,10264815824.56855,1774464,283315200,8872320,1536,384,10,5
m,6,20529631649.1371,1774464,283315200,8872320,1536,384,10,5
l,6,51324079122.84274,1774464,283315200,8872320,1536,384,10,5
xl,6,102648158245.68549,1774464,283315200,8872320,1536,384,10,5
s,6,8074045244.200336,1774464,385584640,8872320,1792,384,10,5
m,6,16148090488.400673,1774464,385584640,8872320,1792,384,10,5
l,6,40370226221.00168,1774464,385584640,8872320,1792,384,10,5
xl,6,80740452442.00336,1774464,385584640,8872320,1792,384,10,5
s,6,6484272442.176142,1774464,503582720,8872320,2048,384,10,5
m,6,12968544884.352283,1774464,503582720,8872320,2048,384,10,5
l,6,32421362210.88071,1774464,503582720,8872320,2048,384,10,5
xl,6,64842724421.76142,1774464,503582720,8872320,2048,384,10,5
s,6,7161480816.699784,3152384,385584640,15761920,1792,512,10,5
m,6,14322961633.399569,3152384,385584640,15761920,1792,512,10,5
l,6,35807404083.49892,3152384,385584640,15761920,1792,512,10,5
xl,6,71614808166.99783,3152384,385584640,15761920,1792,512,10,5
s,6,5882298317.981282,3152384,503582720,15761920,2048,512,10,5
m,6,11764596635.962564,3152384,503582720,15761920,2048,512,10,5
l,6,29411491589.90641,3152384,503582720,15761920,2048,512,10,5
xl,6,58822983179.81282,3152384,503582720,15761920,2048,512,10,5
s,6,5260133964.84196,4923520,503582720,24617600,2048,640,10,5
m,6,10520267929.68392,4923520,503582720,24617600,2048,640,10,5
l,6,26300669824.2098,4923520,503582720,24617600,2048,640,10,5
xl,6,52601339648.4196,4923520,503582720,24617600,2048,640,10,5
s,6,69725204601.64038,198272,37828608,991360,512,128,12,5
l,6,348626023008.2019,198272,37828608,991360,512,128,12,5
s,6,36781149219.651146,198272,85054464,991360,768,128,12,5
m,6,73562298439.30229,198272,85054464,991360,768,128,12,5
l,6,183905746098.2557,198272,85054464,991360,768,128,12,5
xl,6,367811492196.5114,198272,85054464,991360,768,128,12,5
s,6,22345242215.275135,198272,151154688,991360,1024,128,12,5
m,6,44690484430.55027,198272,151154688,991360,1024,128,12,5
l,6,111726211076.37569,198272,151154688,991360,1024,128,12,5
xl,6,223452422152.75137,198272,151154688,991360,1024,128,12,5
s,6,14917521619.66573,198272,236129280,991360,1280,128,12,5
m,6,29835043239.33146,198272,236129280,991360,1280,128,12,5
l,6,74587608098.32864,198272,236129280,991360,1280,128,12,5
xl,6,149175216196.6573,198272,236129280,991360,1280,128,12,5
s,6,10634127484.302326,198272,339978240,991360,1536,128,12,5
m,6,21268254968.604652,198272,339978240,991360,1536,128,12,5
l,6,53170637421.511635,198272,339978240,991360,1536,128,12,5
xl,6,106341274843.02327,198272,339978240,991360,1536,128,12,5
s,6,7951840093.966577,198272,462701568,991360,1792,128,12,5
m,6,15903680187.933153,198272,462701568,991360,1792,128,12,5
l,6,39759200469.83288,198272,462701568,991360,1792,128,12,5
xl,6,79518400939.66576,198272,462701568,991360,1792,128,12,5
s,6,6165386239.2525,198272,604299264,991360,2048,128,12,5
m,6,12330772478.505,198272,604299264,991360,2048,128,12,5
l,6,30826931196.2625,198272,604299264,991360,2048,128,12,5
xl,6,61653862392.525,198272,604299264,991360,2048,128,12,5
s,6,29138072504.848576,789760,85054464,3948800,768,256,12,5
m,6,58276145009.69715,789760,85054464,3948800,768,256,12,5
l,6,145690362524.2429,789760,85054464,3948800,768,256,12,5
xl,6,291380725048.4858,789760,85054464,3948800,768,256,12,5
s,6,19273847763.12348,789760,151154688,3948800,1024,256,12,5
m,6,38547695526.24696,789760,151154688,3948800,1024,256,12,5
l,6,96369238815.6174,789760,151154688,3948800,1024,256,12,5
xl,6,192738477631.2348,789760,151154688,3948800,1024,256,12,5
s,6,13483124736.809404,789760,236129280,3948800,1280,256,12,5
m,6,26966249473.61881,789760,236129280,3948800,1280,256,12,5
l,6,67415623684.04703,789760,236129280,3948800,1280,256,12,5
xl,6,134831247368.09406,789760,236129280,3948800,1280,256,12,5
s,6,9884510955.517487,789760,339978240,3948800,1536,256,12,5
m,6,19769021911.034973,789760,339978240,3948800,1536,256,12,5
l,6,49422554777.58743,789760,339978240,3948800,1536,256,12,5
xl,6,98845109555.17487,789760,339978240,3948800,1536,256,12,5
s,6,7525101330.004469,789760,462701568,3948800,1792,256,12,5
m,6,15050202660.008938,789760,462701568,3948800,1792,256,12,5
l,6,37625506650.02235,789760,462701568,3948800,1792,256,12,5
xl,6,75251013300.0447,789760,462701568,3948800,1792,256,12,5
s,6,5905720138.789147,789760,604299264,3948800,2048,256,12,5
m,6,11811440277.578295,789760,604299264,3948800,2048,256,12,5
l,6,29528600693.94574,789760,604299264,3948800,2048,256,12,5
xl,6,59057201387.89148,789760,604299264,3948800,2048,256,12,5
s,6,11679012161.121782,1774464,236129280,8872320,1280,384,12,5
m,6,23358024322.243565,1774464,236129280,8872320,1280,384,12,5
l,6,58395060805.60892,1774464,236129280,8872320,1280,384,12,5
xl,6,116790121611.21783,1774464,236129280,8872320,1280,384,12,5
s,6,8879001233.115692,1774464,339978240,8872320,1536,384,12,5
m,6,17758002466.231384,1774464,339978240,8872320,1536,384,12,5
l,6,44395006165.57845,1774464,339978240,8872320,1536,384,12,5
xl,6,88790012331.1569,1774464,339978240,8872320,1536,384,12,5
s,6,6927823825.329277,1774464,462701568,8872320,1792,384,12,5
m,6,13855647650.658554,1774464,462701568,8872320,1792,384,12,5
l,6,34639119126.646385,1774464,462701568,8872320,1792,384,12,5
xl,6,69278238253.29277,1774464,462701568,8872320,1792,384,12,5
s,6,5531455128.481985,1774464,604299264,8872320,2048,384,12,5
m,6,11062910256.96397,1774464,604299264,8872320,2048,384,12,5
l,6,27657275642.409924,1774464,604299264,8872320,2048,384,12,5
xl,6,55314551284.81985,1774464,604299264,8872320,2048,384,12,5
s,6,7787703950.6212225,3152384,339978240,15761920,1536,512,12,5
m,6,15575407901.242445,3152384,339978240,15761920,1536,512,12,5
l,6,38938519753.10612,3152384,339978240,15761920,1536,512,12,5
xl,6,77877039506.21223,3152384,339978240,15761920,1536,512,12,5
s,6,6245013980.837699,3152384,462701568,15761920,1792,512,12,5
m,6,12490027961.675398,3152384,462701568,15761920,1792,512,12,5
l,6,31225069904.188496,3152384,462701568,15761920,1792,512,12,5
xl,6,62450139808.37699,3152384,462701568,15761920,1792,512,12,5
s,6,5087336130.798425,3152384,604299264,15761920,2048,512,12,5
m,6,10174672261.59685,3152384,604299264,15761920,2048,512,12,5
l,6,25436680653.992123,3152384,604299264,15761920,2048,512,12,5
xl,6,50873361307.984245,3152384,604299264,15761920,2048,512,12,5
s,6,4615224658.798287,4923520,604299264,24617600,2048,640,12,5
m,6,9230449317.596575,4923520,604299264,24617600,2048,640,12,5
l,6,23076123293.991436,4923520,604299264,24617600,2048,640,12,5
xl,6,46152246587.98287,4923520,604299264,24617600,2048,640,12,5
s,6,61482989693.37586,198272,44133376,991360,512,128,14,5
m,6,122965979386.75172,198272,44133376,991360,512,128,14,5
l,6,307414948466.87933,198272,44133376,991360,512,128,14,5
xl,6,614829896933.7587,198272,44133376,991360,512,128,14,5
s,6,31998509125.462833,198272,99230208,991360,768,128,14,5
m,6,63997018250.92567,198272,99230208,991360,768,128,14,5
l,6,159992545627.31418,198272,99230208,991360,768,128,14,5
xl,6,319985091254.62836,198272,99230208,991360,768,128,14,5
s,6,19326183107.801323,198272,176347136,991360,1024,128,14,5
m,6,38652366215.602646,198272,176347136,991360,1024,128,14,5
l,6,96630915539.00662,198272,176347136,991360,1024,128,14,5
xl,6,193261831078.01324,198272,176347136,991360,1024,128,14,5
s,6,12863371388.856504,198272,275484160,991360,1280,128,14,5
m,6,25726742777.71301,198272,275484160,991360,1280,128,14,5
l,6,64316856944.282524,198272,275484160,991360,1280,128,14,5
xl,6,128633713888.56505,198272,275484160,991360,1280,128,14,5
s,6,9153989733.47097,198272,396641280,991360,1536,128,14,5
m,6,18307979466.94194,198272,396641280,991360,1536,128,14,5
l,6,45769948667.35485,198272,396641280,991360,1536,128,14,5
xl,6,91539897334.7097,198272,396641280,991360,1536,128,14,5
s,6,6837659452.519703,198272,539818496,991360,1792,128,14,5
m,6,13675318905.039406,198272,539818496,991360,1792,128,14,5
l,6,34188297262.598515,198272,539818496,991360,1792,128,14,5
xl,6,68376594525.19703,198272,539818496,991360,1792,128,14,5
s,6,5297710419.4853325,198272,705015808,991360,2048,128,14,5
m,6,10595420838.970665,198272,705015808,991360,2048,128,14,5
l,6,26488552097.426662,198272,705015808,991360,2048,128,14,5
xl,6,52977104194.853325,198272,705015808,991360,2048,128,14,5
s,6,26053216926.1706,789760,99230208,3948800,768,256,14,5
m,6,52106433852.3412,789760,99230208,3948800,768,256,14,5
l,6,130266084630.85301,789760,99230208,3948800,768,256,14,5
xl,6,260532169261.70602,789760,99230208,3948800,768,256,14,5
s,6,16985197254.09573,789760,176347136,3948800,1024,256,14,5
m,6,33970394508.19146,789760,176347136,3948800,1024,256,14,5
l,6,84925986270.47865,789760,176347136,3948800,1024,256,14,5
xl,6,169851972540.9573,789760,176347136,3948800,1024,256,14,5
s,6,11782499223.555393,789760,275484160,3948800,1280,256,14,5
m,6,23564998447.110786,789760,275484160,3948800,1280,256,14,5
l,6,58912496117.77697,789760,275484160,3948800,1280,256,14,5
xl,6,117824992235.55394,789760,275484160,3948800,1280,256,14,5
s,6,8593021311.79276,789760,396641280,3948800,1536,256,14,5
m,6,17186042623.58552,789760,396641280,3948800,1536,256,14,5
l,6,42965106558.9638,789760,396641280,3948800,1536,256,14,5
xl,6,85930213117.9276,789760,396641280,3948800,1536,256,14,5
s,6,6519738082.855386,789760,539818496,3948800,1792,256,14,5
m,6,13039476165.710772,789760,539818496,3948800,1792,256,14,5
l,6,32598690414.276928,789760,539818496,3948800,1792,256,14,5
xl,6,65197380828.553856,789760,539818496,3948800,1792,256,14,5
s,6,5104845635.995789,789760,705015808,3948800,2048,256,14,5
m,6,10209691271.991577,789760,705015808,3948800,2048,256,14,5
l,6,25524228179.978943,789760,705015808,3948800,2048,256,14,5
xl,6,51048456359.957886,789760,705015808,3948800,2048,256,14,5
s,6,10381140107.310831,1774464,275484160,8872320,1280,384,14,5
m,6,20762280214.621662,1774464,275484160,8872320,1280,384,14,5
l,6,51905700536.55416,1774464,275484160,8872320,1280,384,14,5
xl,6,103811401073.10832,1774464,275484160,8872320,1280,384,14,5
s,6,7822865296.517886,1774464,396641280,8872320,1536,384,14,5
m,6,15645730593.035772,1774464,396641280,8872320,1536,384,14,5
l,6,39114326482.58943,1774464,396641280,8872320,1536,384,14,5
xl,6,78228652965.17886,1774464,396641280,8872320,1536,384,14,5
s,6,6066588429.161764,1774464,539818496,8872320,1792,384,14,5
m,6,12133176858.323528,1774464,539818496,8872320,1792,384,14,5
l,6,30332942145.808823,1774464,539818496,8872320,1792,384,14,5
xl,6,60665884291.617645,1774464,539818496,8872320,1792,384,14,5
s,6,4822781928.651737,1774464,705015808,8872320,2048,384,14,5
m,6,9645563857.303474,1774464,705015808,8872320,2048,384,14,5
l,6,24113909643.25869,1774464,705015808,8872320,2048,384,14,5
xl,6,48227819286.51738,1774464,705015808,8872320,2048,384,14,5
s,6,6963173834.687791,3152384,396641280,15761920,1536,512,14,5
m,6,13926347669.375582,3152384,396641280,15761920,1536,512,14,5
l,6,34815869173.43896,3152384,396641280,15761920,1536,512,14,5
xl,6,69631738346.87791,3152384,396641280,15761920,1536,512,14,5
s,6,5536498845.787746,3152384,539818496,15761920,1792,512,14,5
m,6,11072997691.575493,3152384,539818496,15761920,1792,512,14,5
l,6,27682494228.938736,3152384,539818496,15761920,1792,512,14,5
xl,6,55364988457.87747,3152384,539818496,15761920,1792,512,14,5
s,6,4481662615.802002,3152384,705015808,15761920,2048,512,14,5
m,6,8963325231.604004,3152384,705015808,15761920,2048,512,14,5
l,6,22408313079.01001,3152384,705015808,15761920,2048,512,14,5
xl,6,44816626158.02002,3152384,705015808,15761920,2048,512,14,5
s,6,4981885599.298279,4923520,539818496,24617600,1792,640,14,5
m,6,9963771198.596558,4923520,539818496,24617600,1792,640,14,5
l,6,24909427996.491394,4923520,539818496,24617600,1792,640,14,5
xl,6,49818855992.98279,4923520,539818496,24617600,1792,640,14,5
s,6,4111180711.459165,4923520,705015808,24617600,2048,640,14,5
m,6,8222361422.91833,4923520,705015808,24617600,2048,640,14,5
l,6,20555903557.295826,4923520,705015808,24617600,2048,640,14,5
xl,6,41111807114.59165,4923520,705015808,24617600,2048,640,14,5
s,6,54983402469.57815,198272,50438144,991360,512,128,16,5
m,6,109966804939.1563,198272,50438144,991360,512,128,16,5
l,6,274917012347.89075,198272,50438144,991360,512,128,16,5
xl,6,549834024695.7815,198272,50438144,991360,512,128,16,5
s,6,28316521625.667362,198272,113405952,991360,768,128,16,5
m,6,56633043251.334724,198272,113405952,991360,768,128,16,5
l,6,141582608128.33682,198272,113405952,991360,768,128,16,5
xl,6,283165216256.67365,198272,113405952,991360,768,128,16,5
s,6,17025828432.863619,198272,201539584,991360,1024,128,16,5
m,6,34051656865.727238,198272,201539584,991360,1024,128,16,5
l,6,85129142164.3181,198272,201539584,991360,1024,128,16,5
xl,6,170258284328.6362,198272,201539584,991360,1024,128,16,5
s,6,11306465398.014822,198272,314839040,991360,1280,128,16,5
m,6,22612930796.029644,198272,314839040,991360,1280,128,16,5
l,6,56532326990.074104,198272,314839040,991360,1280,128,16,5
xl,6,113064653980.14821,198272,314839040,991360,1280,128,16,5
s,6,8035542554.690547,198272,453304320,991360,1536,128,16,5
m,6,16071085109.381094,198272,453304320,991360,1536,128,16,5
l,6,40177712773.452736,198272,453304320,991360,1536,128,16,5
xl,6,80355425546.90547,198272,453304320,991360,1536,128,16,5
s,6,5997336226.140466,198272,616935424,991360,1792,128,16,5
m,6,11994672452.280931,198272,616935424,991360,1792,128,16,5
l,6,29986681130.702328,198272,616935424,991360,1792,128,16,5
xl,6,59973362261.404655,198272,616935424,991360,1792,128,16,5
s,6,4644126644.523195,198272,805732352,991360,2048,128,16,5
m,6,9288253289.04639,198272,805732352,991360,2048,128,16,5
l,6,23220633222.61598,198272,805732352,991360,2048,128,16,5
xl,6,46441266445.23196,198272,805732352,991360,2048,128,16,5
s,6,23559017411.810116,789760,113405952,3948800,768,256,16,5
m,6,47118034823.62023,789760,113405952,3948800,768,256,16,5
l,6,117795087059.05058,789760,113405952,3948800,768,256,16,5
xl,6,235590174118.10117,789760,113405952,3948800,768,256,16,5
s,6,15182382948.866116,789760,201539584,3948800,1024,256,16,5
m,6,30364765897.73223,789760,201539584,3948800,1024,256,16,5
l,6,75911914744.33058,789760,201539584,3948800,1024,256,16,5
xl,6,151823829488.66116,789760,201539584,3948800,1024,256,16,5
s,6,10462824000.554268,789760,314839040,3948800,1280,256,16,5
m,6,20925648001.108536,789760,314839040,3948800,1280,256,16,5
l,6,52314120002.77134,789760,314839040,3948800,1280,256,16,5
xl,6,104628240005.54268,789760,314839040,3948800,1280,256,16,5
s,6,7600018677.805903,789760,453304320,3948800,1536,256,16,5
m,6,15200037355.611807,789760,453304320,3948800,1536,256,16,5
l,6,38000093389.02952,789760,453304320,3948800,1536,256,16,5
xl,6,76000186778.05904,789760,453304320,3948800,1536,256,16,5
s,6,5751350266.429072,789760,616935424,3948800,1792,256,16,5
m,6,11502700532.858145,789760,616935424,3948800,1792,256,16,5
l,6,28756751332.145363,789760,616935424,3948800,1792,256,16,5
xl,6,57513502664.290726,789760,616935424,3948800,1792,256,16,5
s,6,4495245541.462493,789760,805732352,3948800,2048,256,16,5
m,6,8990491082.924986,789760,805732352,3948800,2048,256,16,5
l,6,22476227707.312466,789760,805732352,3948800,2048,256,16,5
xl,6,44952455414.62493,789760,805732352,3948800,2048,256,16,5
s,6,12932811197.377954,1774464,201539584,8872320,1024,384,16,5
m,6,25865622394.75591,1774464,201539584,8872320,1024,384,16,5
l,6,64664055986.88978,1774464,201539584,8872320,1024,384,16,5
xl,6,129328111973.77956,1774464,201539584,8872320,1024,384,16,5
s,6,9342879185.011492,1774464,314839040,8872320,1280,384,16,5
m,6,18685758370.022984,1774464,314839040,8872320,1280,384,16,5
l,6,46714395925.05746,1774464,314839040,8872320,1280,384,16,5
xl,6,93428791850.11491,1774464,314839040,8872320,1280,384,16,5
s,6,6991270420.102643,1774464,453304320,8872320,1536,384,16,5
m,6,13982540840.205286,1774464,453304320,8872320,1536,384,16,5
l,6,34956352100.513214,1774464,453304320,8872320,1536,384,16,5
xl,6,69912704201.02643,1774464,453304320,8872320,1536,384,16,5
s,6,5395806433.467764,1774464,616935424,8872320,1792,384,16,5
m,6,10791612866.935528,1774464,616935424,8872320,1792,384,16,5
l,6,26979032167.338818,1774464,616935424,8872320,1792,384,16,5
xl,6,53958064334.677635,1774464,616935424,8872320,1792,384,16,5
s,6,4275072629.115379,1774464,805732352,8872320,2048,384,16,5
m,6,8550145258.230758,1774464,805732352,8872320,2048,384,16,5
l,6,21375363145.576893,1774464,805732352,8872320,2048,384,16,5
xl,6,42750726291.153786,1774464,805732352,8872320,2048,384,16,5
s,6,6296523754.718868,3152384,453304320,15761920,1536,512,16,5
m,6,12593047509.437737,3152384,453304320,15761920,1536,512,16,5
l,6,31482618773.59434,3152384,453304320,15761920,1536,512,16,5
xl,6,62965237547.18868,3152384,453304320,15761920,1536,512,16,5
s,6,4972369011.562343,3152384,616935424,15761920,1792,512,16,5
m,6,9944738023.124685,3152384,616935424,15761920,1792,512,16,5
l,6,24861845057.811714,3152384,616935424,15761920,1792,512,16,5
xl,6,49723690115.62343,3152384,616935424,15761920,1792,512,16,5
s,6,4004863079.2054687,3152384,805732352,15761920,2048,512,16,5
m,6,8009726158.410937,3152384,805732352,15761920,2048,512,16,5
l,6,20024315396.027344,3152384,805732352,15761920,2048,512,16,5
xl,6,40048630792.05469,3152384,805732352,15761920,2048,512,16,5
s,6,4520406781.416161,4923520,616935424,24617600,1792,640,16,5
m,6,9040813562.832321,4923520,616935424,24617600,1792,640,16,5
l,6,22602033907.080803,4923520,616935424,24617600,1792,640,16,5
xl,6,45204067814.161606,4923520,616935424,24617600,1792,640,16,5
m,6,7412786492.49384,4923520,805732352,24617600,2048,640,16,5
l,6,18531966231.2346,4923520,805732352,24617600,2048,640,16,5
xl,6,37063932462.4692,4923520,805732352,24617600,2048,640,16,5
m,6,6797239400.966785,7087872,805732352,35439360,2048,768,16,5
l,6,16993098502.416964,7087872,805732352,35439360,2048,768,16,5
xl,6,33986197004.833927,7087872,805732352,35439360,2048,768,16,5
s,6,49726622917.84685,198272,56742912,991360,512,128,18,5
m,6,99453245835.6937,198272,56742912,991360,512,128,18,5
l,6,248633114589.23422,198272,56742912,991360,512,128,18,5
xl,6,497266229178.46844,198272,56742912,991360,512,128,18,5
s,6,25394446864.25307,198272,127581696,991360,768,128,18,5
m,6,50788893728.50614,198272,127581696,991360,768,128,18,5
l,6,126972234321.26535,198272,127581696,991360,768,128,18,5
xl,6,253944468642.5307,198272,127581696,991360,768,128,18,5
s,6,15214838386.769466,198272,226732032,991360,1024,128,18,5
m,6,30429676773.538933,198272,226732032,991360,1024,128,18,5
l,6,76074191933.84734,198272,226732032,991360,1024,128,18,5
xl,6,152148383867.69467,198272,226732032,991360,1024,128,18,5
s,6,10085746596.988413,198272,354193920,991360,1280,128,18,5
m,6,20171493193.976826,198272,354193920,991360,1280,128,18,5
l,6,50428732984.94206,198272,354193920,991360,1280,128,18,5
xl,6,100857465969.88412,198272,354193920,991360,1280,128,18,5
s,6,7160645003.40503,198272,509967360,991360,1536,128,18,5
m,6,14321290006.81006,198272,509967360,991360,1536,128,18,5
l,6,35803225017.02515,198272,509967360,991360,1536,128,18,5
xl,6,71606450034.0503,198272,509967360,991360,1536,128,18,5
s,6,5340952750.770123,198272,694052352,991360,1792,128,18,5
m,6,10681905501.540245,198272,694052352,991360,1792,128,18,5
l,6,26704763753.850613,198272,694052352,991360,1792,128,18,5
xl,6,53409527507.701225,198272,694052352,991360,1792,128,18,5
s,6,4134098787.630882,198272,906448896,991360,2048,128,18,5
m,6,8268197575.261764,198272,906448896,991360,2048,128,18,5
l,6,20670493938.154408,198272,906448896,991360,2048,128,18,5
xl,6,41340987876.308815,198272,906448896,991360,2048,128,18,5
s,6,21500656372.037727,789760,127581696,3948800,768,256,18,5
m,6,43001312744.075455,789760,127581696,3948800,768,256,18,5
l,6,107503281860.18863,789760,127581696,3948800,768,256,18,5
xl,6,215006563720.37726,789760,127581696,3948800,768,256,18,5
s,6,13725548758.4198,789760,226732032,3948800,1024,256,18,5
m,6,27451097516.8396,789760,226732032,3948800,1024,256,18,5
l,6,68627743792.09901,789760,226732032,3948800,1024,256,18,5
xl,6,137255487584.19801,789760,226732032,3948800,1024,256,18,5
s,6,9408989031.979122,789760,354193920,3948800,1280,256,18,5
m,6,18817978063.958244,789760,354193920,3948800,1280,256,18,5
l,6,47044945159.89561,789760,354193920,3948800,1280,256,18,5
xl,6,94089890319.79121,789760,354193920,3948800,1280,256,18,5
s,6,6812743514.704189,789760,509967360,3948800,1536,256,18,5
m,6,13625487029.408379,789760,509967360,3948800,1536,256,18,5
l,6,34063717573.520947,789760,509967360,3948800,1536,256,18,5
xl,6,68127435147.04189,789760,509967360,3948800,1536,256,18,5
s,6,5144984849.871812,789760,694052352,3948800,1792,256,18,5
m,6,10289969699.743624,789760,694052352,3948800,1792,256,18,5
l,6,25724924249.35906,789760,694052352,3948800,1792,256,18,5
xl,6,51449848498.71812,789760,694052352,3948800,1792,256,18,5
s,6,4015706101.20042,789760,906448896,3948800,2048,256,18,5
m,6,8031412202.40084,789760,906448896,3948800,2048,256,18,5
l,6,20078530506.002098,789760,906448896,3948800,2048,256,18,5
xl,6,40157061012.004196,789760,906448896,3948800,2048,256,18,5
s,6,11860464763.223375,1774464,226732032,8872320,1024,384,18,5
m,6,23720929526.44675,1774464,226732032,8872320,1024,384,18,5
l,6,59302323816.116875,1774464,226732032,8872320,1024,384,18,5
xl,6,118604647632.23375,1774464,226732032,8872320,1024,384,18,5
s,6,8493417261.885348,1774464,354193920,8872320,1280,384,18,5
m,6,16986834523.770697,1774464,354193920,8872320,1280,384,18,5
l,6,42467086309.42674,1774464,354193920,8872320,1280,384,18,5
xl,6,84934172618.85349,1774464,354193920,8872320,1280,384,18,5
s,6,6319489102.167433,1774464,509967360,8872320,1536,384,18,5
m,6,12638978204.334866,1774464,509967360,8872320,1536,384,18,5
l,6,31597445510.837166,1774464,509967360,8872320,1536,384,18,5
xl,6,63194891021.67433,1774464,509967360,8872320,1536,384,18,5
s,6,4858592416.80224,1774464,694052352,8872320,1792,384,18,5
m,6,9717184833.60448,1774464,694052352,8872320,1792,384,18,5
l,6,24292962084.011204,1774464,694052352,8872320,1792,384,18,5
xl,6,48585924168.02241,1774464,694052352,8872320,1792,384,18,5
m,6,7678159089.4907255,1774464,906448896,8872320,2048,384,18,5
l,6,19195397723.726814,1774464,906448896,8872320,2048,384,18,5
xl,6,38390795447.45363,1774464,906448896,8872320,2048,384,18,5
s,6,7489485960.029873,3152384,354193920,15761920,1280,512,18,5
m,6,14978971920.059746,3152384,354193920,15761920,1280,512,18,5
l,6,37447429800.14936,3152384,354193920,15761920,1280,512,18,5
xl,6,74894859600.29872,3152384,354193920,15761920,1280,512,18,5
s,6,5746369765.378941,3152384,509967360,15761920,1536,512,18,5
m,6,11492739530.757881,3152384,509967360,15761920,1536,512,18,5
l,6,28731848826.894703,3152384,509967360,15761920,1536,512,18,5
xl,6,57463697653.789406,3152384,509967360,15761920,1536,512,18,5
s,6,4512570215.592554,3152384,694052352,15761920,1792,512,18,5
m,6,9025140431.185108,3152384,694052352,15761920,1792,512,18,5
l,6,22562851077.96277,3152384,694052352,15761920,1792,512,18,5
xl,6,45125702155.92554,3152384,694052352,15761920,1792,512,18,5
m,6,7239520880.399872,3152384,906448896,15761920,2048,512,18,5
l,6,18098802200.99968,3152384,906448896,15761920,2048,512,18,5
xl,6,36197604401.99936,3152384,906448896,15761920,2048,512,18,5
s,6,5151172489.277319,4923520,509967360,24617600,1536,640,18,5
m,6,10302344978.554638,4923520,509967360,24617600,1536,640,18,5
l,6,25755862446.386597,4923520,509967360,24617600,1536,640,18,5
xl,6,51511724892.77319,4923520,509967360,24617600,1536,640,18,5
s,6,4137174679.0611567,4923520,694052352,24617600,1792,640,18,5
m,6,8274349358.1223135,4923520,694052352,24617600,1792,640,18,5
l,6,20685873395.305782,4923520,694052352,24617600,1792,640,18,5
xl,6,41371746790.611565,4923520,694052352,24617600,1792,640,18,5
m,6,6748343578.578576,4923520,906448896,24617600,2048,640,18,5
l,6,16870858946.446442,4923520,906448896,24617600,2048,640,18,5
xl,6,33741717892.892883,4923520,906448896,24617600,2048,640,18,5
l,6,15585935411.484655,7087872,906448896,35439360,2048,768,18,5
xl,6,31171870822.96931,7087872,906448896,35439360,2048,768,18,5
s,6,45387295408.39767,198272,63047680,991360,512,128,20,5
m,6,90774590816.79533,198272,63047680,991360,512,128,20,5
l,6,226936477041.9883,198272,63047680,991360,512,128,20,5
xl,6,453872954083.9766,198272,63047680,991360,512,128,20,5
s,6,23019036927.6915,198272,141757440,991360,768,128,20,5
m,6,46038073855.383,198272,141757440,991360,768,128,20,5
l,6,115095184638.4575,198272,141757440,991360,768,128,20,5
xl,6,230190369276.915,198272,141757440,991360,768,128,20,5
s,6,13752069052.507967,198272,251924480,991360,1024,128,20,5
m,6,27504138105.015934,198272,251924480,991360,1024,128,20,5
l,6,68760345262.53984,198272,251924480,991360,1024,128,20,5
xl,6,137520690525.07968,198272,251924480,991360,1024,128,20,5
s,6,9102935123.319933,198272,393548800,991360,1280,128,20,5
m,6,18205870246.639866,198272,393548800,991360,1280,128,20,5
l,6,45514675616.59967,198272,393548800,991360,1280,128,20,5
xl,6,91029351233.19934,198272,393548800,991360,1280,128,20,5
s,6,6457556187.971298,198272,566630400,991360,1536,128,20,5
m,6,12915112375.942596,198272,566630400,991360,1536,128,20,5
l,6,32287780939.85649,198272,566630400,991360,1536,128,20,5
xl,6,64575561879.71298,198272,566630400,991360,1536,128,20,5
s,6,4814072559.488841,198272,771169280,991360,1792,128,20,5
m,6,9628145118.977682,198272,771169280,991360,1792,128,20,5
l,6,24070362797.444206,198272,771169280,991360,1792,128,20,5
xl,6,48140725594.88841,198272,771169280,991360,1792,128,20,5
m,6,7450020496.8223295,198272,1007165440,991360,2048,128,20,5
l,6,18625051242.055824,198272,1007165440,991360,2048,128,20,5
xl,6,37250102484.11165,198272,1007165440,991360,2048,128,20,5
s,6,19773074703.62534,789760,141757440,3948800,768,256,20,5
m,6,39546149407.25068,789760,141757440,3948800,768,256,20,5
l,6,98865373518.1267,789760,141757440,3948800,768,256,20,5
xl,6,197730747036.2534,789760,141757440,3948800,768,256,20,5
s,6,12523818639.733109,789760,251924480,3948800,1024,256,20,5
m,6,25047637279.466217,789760,251924480,3948800,1024,256,20,5
l,6,62619093198.66555,789760,251924480,3948800,1024,256,20,5
xl,6,125238186397.3311,789760,251924480,3948800,1024,256,20,5
s,6,8548016975.566749,789760,393548800,3948800,1280,256,20,5
m,6,17096033951.133497,789760,393548800,3948800,1280,256,20,5
l,6,42740084877.83375,789760,393548800,3948800,1280,256,20,5
xl,6,85480169755.6675,789760,393548800,3948800,1280,256,20,5
s,6,6173263860.903426,789760,566630400,3948800,1536,256,20,5
m,6,12346527721.806852,789760,566630400,3948800,1536,256,20,5
l,6,30866319304.51713,789760,566630400,3948800,1536,256,20,5
xl,6,61732638609.03426,789760,566630400,3948800,1536,256,20,5
s,6,4654283311.769603,789760,771169280,3948800,1792,256,20,5
m,6,9308566623.539206,789760,771169280,3948800,1792,256,20,5
l,6,23271416558.84801,789760,771169280,3948800,1792,256,20,5
xl,6,46542833117.69602,789760,771169280,3948800,1792,256,20,5
m,6,7257232230.839015,789760,1007165440,3948800,2048,256,20,5
l,6,18143080577.097538,789760,1007165440,3948800,2048,256,20,5
xl,6,36286161154.195076,789760,1007165440,3948800,2048,256,20,5
s,6,10952333114.80645,1774464,251924480,8872320,1024,384,20,5
m,6,21904666229.6129,1774464,251924480,8872320,1024,384,20,5
l,6,54761665574.03225,1774464,251924480,8872320,1024,384,20,5
xl,6,109523331148.0645,1774464,251924480,8872320,1024,384,20,5
s,6,7785549029.511558,1774464,393548800,8872320,1280,384,20,5
m,6,15571098059.023115,1774464,393548800,8872320,1280,384,20,5
l,6,38927745147.557785,1774464,393548800,8872320,1280,384,20,5
xl,6,77855490295.11557,1774464,393548800,8872320,1280,384,20,5
s,6,5765491182.949644,1774464,566630400,8872320,1536,384,20,5
m,6,11530982365.899288,1774464,566630400,8872320,1536,384,20,5
l,6,28827455914.74822,1774464,566630400,8872320,1536,384,20,5
xl,6,57654911829.49644,1774464,566630400,8872320,1536,384,20,5
s,6,4418664060.743335,1774464,771169280,8872320,1792,384,20,5
m,6,8837328121.48667,1774464,771169280,8872320,1792,384,20,5
l,6,22093320303.716675,1774464,771169280,8872320,1792,384,20,5
xl,6,44186640607.43335,1774464,771169280,8872320,1792,384,20,5
m,6,6967571623.085001,1774464,1007165440,8872320,2048,384,20,5
l,6,17418929057.7125,1774464,1007165440,8872320,2048,384,20,5
xl,6,34837858115.425,1774464,1007165440,8872320,2048,384,20,5
s,6,6933593118.426859,3152384,393548800,15761920,1280,512,20,5
m,6,13867186236.853718,3152384,393548800,15761920,1280,512,20,5
l,6,34667965592.13429,3152384,393548800,15761920,1280,512,20,5
xl,6,69335931184.26859,3152384,393548800,15761920,1280,512,20,5
s,6,5284629287.905927,3152384,566630400,15761920,1536,512,20,5
m,6,10569258575.811853,3152384,566630400,15761920,1536,512,20,5
l,6,26423146439.529636,3152384,566630400,15761920,1536,512,20,5
xl,6,52846292879.05927,3152384,566630400,15761920,1536,512,20,5
s,6,4130609566.7708826,3152384,771169280,15761920,1792,512,20,5
m,6,8261219133.541765,3152384,771169280,15761920,1792,512,20,5
l,6,20653047833.854412,3152384,771169280,15761920,1792,512,20,5
xl,6,41306095667.708824,3152384,771169280,15761920,1792,512,20,5
l,6,16511114071.31537,3152384,1007165440,15761920,2048,512,20,5
xl,6,33022228142.63074,3152384,1007165440,15761920,2048,512,20,5
s,6,4777016512.426357,4923520,566630400,24617600,1536,640,20,5
m,6,9554033024.852715,4923520,566630400,24617600,1536,640,20,5
l,6,23885082562.131786,4923520,566630400,24617600,1536,640,20,5
xl,6,47770165124.26357,4923520,566630400,24617600,1536,640,20,5
m,6,7627687489.770586,4923520,771169280,24617600,1792,640,20,5
l,6,19069218724.426464,4923520,771169280,24617600,1792,640,20,5
xl,6,38138437448.85293,4923520,771169280,24617600,1792,640,20,5
l,6,15483041160.64382,4923520,1007165440,24617600,2048,640,20,5
xl,6,30966082321.28764,4923520,1007165440,24617600,2048,640,20,5
m,6,6977498146.30224,7087872,771169280,35439360,1792,768,20,5
l,6,17443745365.7556,7087872,771169280,35439360,1792,768,20,5
xl,6,34887490731.5112,7087872,771169280,35439360,1792,768,20,5
l,6,14393998392.43076,7087872,1007165440,35439360,2048,768,20,5
xl,6,28787996784.86152,7087872,1007165440,35439360,2048,768,20,5
l,6,13293438934.347313,9645440,1007165440,48227200,2048,896,20,5
xl,6,26586877868.694626,9645440,1007165440,48227200,2048,896,20,5
s,6,41744515622.496216,198272,69352448,991360,512,128,22,5
m,6,83489031244.99243,198272,69352448,991360,512,128,22,5
l,6,208722578112.4811,198272,69352448,991360,512,128,22,5
xl,6,417445156224.9622,198272,69352448,991360,512,128,22,5
s,6,21050008083.203102,198272,155933184,991360,768,128,22,5
m,6,42100016166.406204,198272,155933184,991360,768,128,22,5
l,6,105250040416.01552,198272,155933184,991360,768,128,22,5
xl,6,210500080832.03104,198272,155933184,991360,768,128,22,5
s,6,12545894568.185003,198272,277116928,991360,1024,128,22,5
m,6,25091789136.370007,198272,277116928,991360,1024,128,22,5
l,6,62729472840.92502,198272,277116928,991360,1024,128,22,5
xl,6,125458945681.85004,198272,277116928,991360,1024,128,22,5
s,6,8294657376.449952,198272,432903680,991360,1280,128,22,5
m,6,16589314752.899904,198272,432903680,991360,1280,128,22,5
l,6,41473286882.249756,198272,432903680,991360,1280,128,22,5
xl,6,82946573764.49951,198272,432903680,991360,1280,128,22,5
s,6,5880192350.970525,198272,623293440,991360,1536,128,22,5
m,6,11760384701.94105,198272,623293440,991360,1536,128,22,5
l,6,29400961754.852623,198272,623293440,991360,1536,128,22,5
xl,6,58801923509.705246,198272,623293440,991360,1536,128,22,5
s,6,4381810854.693491,198272,848286208,991360,1792,128,22,5
m,6,8763621709.386982,198272,848286208,991360,1792,128,22,5
l,6,21909054273.467453,198272,848286208,991360,1792,128,22,5
xl,6,43818108546.934906,198272,848286208,991360,1792,128,22,5
m,6,6779187930.170431,198272,1107881984,991360,2048,128,22,5
l,6,16947969825.426077,198272,1107881984,991360,2048,128,22,5
xl,6,33895939650.852154,198272,1107881984,991360,2048,128,22,5
s,6,18302468051.211765,789760,155933184,3948800,768,256,22,5
m,6,36604936102.42353,789760,155933184,3948800,768,256,22,5
l,6,91512340256.05882,789760,155933184,3948800,768,256,22,5
xl,6,183024680512.11765,789760,155933184,3948800,768,256,22,5
s,6,11515580622.325987,789760,277116928,3948800,1024,256,22,5
m,6,23031161244.651974,789760,277116928,3948800,1024,256,22,5
l,6,57577903111.62994,789760,277116928,3948800,1024,256,22,5
xl,6,115155806223.25987,789760,277116928,3948800,1024,256,22,5
s,6,7831402397.46931,789760,432903680,3948800,1280,256,22,5
m,6,15662804794.93862,789760,432903680,3948800,1280,256,22,5
l,6,39157011987.34655,789760,432903680,3948800,1280,256,22,5
xl,6,78314023974.6931,789760,432903680,3948800,1280,256,22,5
s,6,5643532457.625649,789760,623293440,3948800,1536,256,22,5
m,6,11287064915.251299,789760,623293440,3948800,1536,256,22,5
l,6,28217662288.128246,789760,623293440,3948800,1536,256,22,5
xl,6,56435324576.25649,789760,623293440,3948800,1536,256,22,5
s,6,4249032944.268259,789760,848286208,3948800,1792,256,22,5
m,6,8498065888.536518,789760,848286208,3948800,1792,256,22,5
l,6,21245164721.341293,789760,848286208,3948800,1792,256,22,5
xl,6,42490329442.68259,789760,848286208,3948800,1792,256,22,5
l,6,16547956775.312124,789760,1107881984,3948800,2048,256,22,5
xl,6,33095913550.62425,789760,1107881984,3948800,2048,256,22,5
s,6,10173378247.34011,1774464,277116928,8872320,1024,384,22,5
m,6,20346756494.68022,1774464,277116928,8872320,1024,384,22,5
l,6,50866891236.700554,1774464,277116928,8872320,1024,384,22,5
xl,6,101733782473.40111,1774464,277116928,8872320,1024,384,22,5
s,6,7186595449.338346,1774464,432903680,8872320,1280,384,22,5
m,6,14373190898.676691,1774464,432903680,8872320,1280,384,22,5
l,6,35932977246.69173,1774464,432903680,8872320,1280,384,22,5
xl,6,71865954493.38345,1774464,432903680,8872320,1280,384,22,5
s,6,5300796900.602849,1774464,623293440,8872320,1536,384,22,5
m,6,10601593801.205698,1774464,623293440,8872320,1536,384,22,5
l,6,26503984503.014244,1774464,623293440,8872320,1536,384,22,5
xl,6,53007969006.02849,1774464,623293440,8872320,1536,384,22,5
s,6,4051788908.309102,1774464,848286208,8872320,1792,384,22,5
m,6,8103577816.618204,1774464,848286208,8872320,1792,384,22,5
l,6,20258944541.54551,1774464,848286208,8872320,1792,384,22,5
xl,6,40517889083.09102,1774464,848286208,8872320,1792,384,22,5
l,6,15943419857.684322,1774464,1107881984,8872320,2048,384,22,5
xl,6,31886839715.368645,1774464,1107881984,8872320,2048,384,22,5
s,6,6454518743.179757,3152384,432903680,15761920,1280,512,22,5
m,6,12909037486.359514,3152384,432903680,15761920,1280,512,22,5
l,6,32272593715.898785,3152384,432903680,15761920,1280,512,22,5
xl,6,64545187431.79757,3152384,432903680,15761920,1280,512,22,5
s,6,4891574532.882025,3152384,623293440,15761920,1536,512,22,5
m,6,9783149065.76405,3152384,623293440,15761920,1536,512,22,5
l,6,24457872664.410126,3152384,623293440,15761920,1536,512,22,5
xl,6,48915745328.82025,3152384,623293440,15761920,1536,512,22,5
m,6,7616528006.298608,3152384,848286208,15761920,1792,512,22,5
l,6,19041320015.74652,3152384,848286208,15761920,1792,512,22,5
xl,6,38082640031.49304,3152384,848286208,15761920,1792,512,22,5
l,6,15179515625.276712,3152384,1107881984,15761920,2048,512,22,5
xl,6,30359031250.553425,3152384,1107881984,15761920,2048,512,22,5
s,6,4453533611.708875,4923520,623293440,24617600,1536,640,22,5
m,6,8907067223.41775,4923520,623293440,24617600,1536,640,22,5
l,6,22267668058.544373,4923520,623293440,24617600,1536,640,22,5
xl,6,44535336117.088745,4923520,623293440,24617600,1536,640,22,5
m,6,7074775435.507014,4923520,848286208,24617600,1792,640,22,5
l,6,17686938588.767536,4923520,848286208,24617600,1792,640,22,5
xl,6,35373877177.53507,4923520,848286208,24617600,1792,640,22,5
l,6,14306195745.744326,4923520,1107881984,24617600,2048,640,22,5
xl,6,28612391491.48865,4923520,1107881984,24617600,2048,640,22,5
l,6,16279883271.315918,7087872,848286208,35439360,1792,768,22,5
xl,6,32559766542.631836,7087872,848286208,35439360,1792,768,22,5
l,6,13371417032.23951,7087872,1107881984,35439360,2048,768,22,5
xl,6,26742834064.47902,7087872,1107881984,35439360,2048,768,22,5
xl,6,24832976712.283512,9645440,1107881984,48227200,2048,896,22,5
s,6,38643029910.32345,198272,75657216,991360,512,128,24,5
m,6,77286059820.6469,198272,75657216,991360,512,128,24,5
l,6,193215149551.61725,198272,75657216,991360,512,128,24,5
xl,6,386430299103.2345,198272,75657216,991360,512,128,24,5
s,6,19391293340.316265,198272,170108928,991360,768,128,24,5
m,6,38782586680.63253,198272,170108928,991360,768,128,24,5
l,6,96956466701.58133,198272,170108928,991360,768,128,24,5
xl,6,193912933403.16266,198272,170108928,991360,768,128,24,5
s,6,11534242490.008575,198272,302309376,991360,1024,128,24,5
m,6,23068484980.01715,198272,302309376,991360,1024,128,24,5
l,6,57671212450.04288,198272,302309376,991360,1024,128,24,5
xl,6,115342424900.08575,198272,302309376,991360,1024,128,24,5
s,6,7618212720.976926,198272,472258560,991360,1280,128,24,5
m,6,15236425441.953852,198272,472258560,991360,1280,128,24,5
l,6,38091063604.88463,198272,472258560,991360,1280,128,24,5
xl,6,76182127209.76926,198272,472258560,991360,1280,128,24,5
s,6,5397598319.19652,198272,679956480,991360,1536,128,24,5
m,6,10795196638.39304,198272,679956480,991360,1536,128,24,5
l,6,26987991595.982597,198272,679956480,991360,1536,128,24,5
xl,6,53975983191.965195,198272,679956480,991360,1536,128,24,5
s,6,4020779905.209952,198272,925403136,991360,1792,128,24,5
m,6,8041559810.419904,198272,925403136,991360,1792,128,24,5
l,6,20103899526.04976,198272,925403136,991360,1792,128,24,5
xl,6,40207799052.09952,198272,925403136,991360,1792,128,24,5
l,6,15547962953.159685,198272,1208598528,991360,2048,128,24,5
xl,6,31095925906.31937,198272,1208598528,991360,2048,128,24,5
s,6,17035468663.45982,789760,170108928,3948800,768,256,24,5
m,6,34070937326.91964,789760,170108928,3948800,768,256,24,5
l,6,85177343317.2991,789760,170108928,3948800,768,256,24,5
xl,6,170354686634.5982,789760,170108928,3948800,768,256,24,5
s,6,10657584926.457548,789760,302309376,3948800,1024,256,24,5
m,6,21315169852.915096,789760,302309376,3948800,1024,256,24,5
l,6,53287924632.28774,789760,302309376,3948800,1024,256,24,5
xl,6,106575849264.57549,789760,302309376,3948800,1024,256,24,5
s,6,7225647371.760366,789760,472258560,3948800,1280,256,24,5
m,6,14451294743.520733,789760,472258560,3948800,1280,256,24,5
l,6,36128236858.801834,789760,472258560,3948800,1280,256,24,5
xl,6,72256473717.60367,789760,472258560,3948800,1280,256,24,5
s,6,5197529402.215927,789760,679956480,3948800,1536,256,24,5
m,6,10395058804.431854,789760,679956480,3948800,1536,256,24,5
l,6,25987647011.079636,789760,679956480,3948800,1536,256,24,5
xl,6,51975294022.15927,789760,679956480,3948800,1536,256,24,5
m,6,7817401510.747237,789760,925403136,3948800,1792,256,24,5
l,6,19543503776.868095,789760,925403136,3948800,1792,256,24,5
xl,6,39087007553.73619,789760,925403136,3948800,1792,256,24,5
l,6,15210649732.759836,789760,1208598528,3948800,2048,256,24,5
xl,6,30421299465.519672,789760,1208598528,3948800,2048,256,24,5
s,6,9497868222.473202,1774464,302309376,8872320,1024,384,24,5
m,6,18995736444.946404,1774464,302309376,8872320,1024,384,24,5
l,6,47489341112.366005,1774464,302309376,8872320,1024,384,24,5
xl,6,94978682224.73201,1774464,302309376,8872320,1024,384,24,5
s,6,6673215315.296077,1774464,472258560,8872320,1280,384,24,5
m,6,13346430630.592154,1774464,472258560,8872320,1280,384,24,5
l,6,33366076576.480385,1774464,472258560,8872320,1280,384,24,5
xl,6,66732153152.96077,1774464,472258560,8872320,1280,384,24,5
s,6,4905423436.151009,1774464,679956480,8872320,1536,384,24,5
m,6,9810846872.302017,1774464,679956480,8872320,1536,384,24,5
l,6,24527117180.755043,1774464,679956480,8872320,1536,384,24,5
xl,6,49054234361.510086,1774464,679956480,8872320,1536,384,24,5
m,6,7482330924.46174,1774464,925403136,8872320,1792,384,24,5
l,6,18705827311.154346,1774464,925403136,8872320,1792,384,24,5
xl,6,37411654622.30869,1774464,925403136,8872320,1792,384,24,5
l,6,14698362324.931921,1774464,1208598528,8872320,2048,384,24,5
xl,6,29396724649.863842,1774464,1208598528,8872320,2048,384,24,5
s,6,6037368704.135318,3152384,472258560,15761920,1280,512,24,5
m,6,12074737408.270636,3152384,472258560,15761920,1280,512,24,5
l,6,30186843520.676586,3152384,472258560,15761920,1280,512,24,5
xl,6,60373687041.35317,3152384,472258560,15761920,1280,512,24,5
s,6,4552940573.125616,3152384,679956480,15761920,1536,512,24,5
m,6,9105881146.251232,3152384,679956480,15761920,1536,512,24,5
l,6,22764702865.62808,3152384,679956480,15761920,1536,512,24,5
xl,6,45529405731.25616,3152384,679956480,15761920,1536,512,24,5
m,6,7065174140.151349,3152384,925403136,15761920,1792,512,24,5
l,6,17662935350.378372,3152384,925403136,15761920,1792,512,24,5
xl,6,35325870700.756744,3152384,925403136,15761920,1792,512,24,5
l,6,14046671087.28516,3152384,1208598528,15761920,2048,512,24,5
xl,6,28093342174.57032,3152384,1208598528,15761920,2048,512,24,5
s,6,4171082452.623177,4923520,679956480,24617600,1536,640,24,5
m,6,8342164905.246354,4923520,679956480,24617600,1536,640,24,5
l,6,20855412263.115887,4923520,679956480,24617600,1536,640,24,5
xl,6,41710824526.23177,4923520,679956480,24617600,1536,640,24,5
l,6,16491510117.818514,4923520,925403136,24617600,1792,640,24,5
xl,6,32983020235.637028,4923520,925403136,24617600,1792,640,24,5
l,6,13295613783.394753,4923520,1208598528,24617600,2048,640,24,5
xl,6,26591227566.789505,4923520,1208598528,24617600,2048,640,24,5
l,6,15261614845.873806,7087872,925403136,35439360,1792,768,24,5
xl,6,30523229691.747612,7087872,925403136,35439360,1792,768,24,5
xl,6,24968982531.140514,7087872,1208598528,35439360,2048,768,24,5
xl,6,23296159868.46206,9645440,1208598528,48227200,2048,896,24,5
l,6,487487054324.2533,198272,25192448,1189632,1024,128,2,6
l,6,357896555333.3396,198272,39354880,1189632,1280,128,2,6
s,6,54139553578.23469,198272,56663040,1189632,1536,128,2,6
m,6,108279107156.46938,198272,56663040,1189632,1536,128,2,6
l,6,270697767891.17343,198272,56663040,1189632,1536,128,2,6
xl,6,541395535782.34686,198272,56663040,1189632,1536,128,2,6
s,6,42092001740.44113,198272,77116928,1189632,1792,128,2,6
m,6,84184003480.88226,198272,77116928,1189632,1792,128,2,6
l,6,210460008702.20566,198272,77116928,1189632,1792,128,2,6
xl,6,420920017404.4113,198272,77116928,1189632,1792,128,2,6
s,6,33522609529.323036,198272,100716544,1189632,2048,128,2,6
m,6,67045219058.64607,198272,100716544,1189632,2048,128,2,6
l,6,167613047646.61517,198272,100716544,1189632,2048,128,2,6
xl,6,335226095293.23035,198272,100716544,1189632,2048,128,2,6
s,6,26217440094.148926,789760,100716544,4738560,2048,256,2,6
m,6,52434880188.29785,789760,100716544,4738560,2048,256,2,6
l,6,131087200470.74463,789760,100716544,4738560,2048,256,2,6
xl,6,262174400941.48926,789760,100716544,4738560,2048,256,2,6
l,6,438869976518.7008,198272,28351488,1189632,768,128,4,6
s,6,57978740790.16762,198272,50384896,1189632,1024,128,4,6
m,6,115957481580.33524,198272,50384896,1189632,1024,128,4,6
l,6,289893703950.8381,198272,50384896,1189632,1024,128,4,6
xl,6,579787407901.6761,198272,50384896,1189632,1024,128,4,6
s,6,40526240322.68208,198272,78709760,1189632,1280,128,4,6
m,6,81052480645.36417,198272,78709760,1189632,1280,128,4,6
l,6,202631201613.41043,198272,78709760,1189632,1280,128,4,6
xl,6,405262403226.82086,198272,78709760,1189632,1280,128,4,6
s,6,29694822743.288494,198272,113326080,1189632,1536,128,4,6
m,6,59389645486.57699,198272,113326080,1189632,1536,128,4,6
l,6,148474113716.44247,198272,113326080,1189632,1536,128,4,6
xl,6,296948227432.88495,198272,113326080,1189632,1536,128,4,6
s,6,22599226919.995712,198272,154233856,1189632,1792,128,4,6
m,6,45198453839.991425,198272,154233856,1189632,1792,128,4,6
l,6,112996134599.97858,198272,154233856,1189632,1792,128,4,6
xl,6,225992269199.95715,198272,154233856,1189632,1792,128,4,6
s,6,17731891543.479393,198272,201433088,1189632,2048,128,4,6
m,6,35463783086.958786,198272,201433088,1189632,2048,128,4,6
l,6,88659457717.39696,198272,201433088,1189632,2048,128,4,6
xl,6,177318915434.7939,198272,201433088,1189632,2048,128,4,6
s,6,23816419229.94848,789760,113326080,4738560,1536,256,4,6
m,6,47632838459.89696,789760,113326080,4738560,1536,256,4,6
l,6,119082096149.7424,789760,113326080,4738560,1536,256,4,6
xl,6,238164192299.4848,789760,113326080,4738560,1536,256,4,6
s,6,19025427336.187756,789760,154233856,4738560,1792,256,4,6
m,6,38050854672.37551,789760,154233856,4738560,1792,256,4,6
l,6,95127136680.93878,789760,154233856,4738560,1792,256,4,6
xl,6,190254273361.87756,789760,154233856,4738560,1792,256,4,6
s,6,15454159428.960619,789760,201433088,4738560,2048,256,4,6
m,6,30908318857.921238,789760,201433088,4738560,2048,256,4,6
l,6,77270797144.80309,789760,201433088,4738560,2048,256,4,6
xl,6,154541594289.60617,789760,201433088,4738560,2048,256,4,6
s,6,12809722005.126345,1774464,201433088,10646784,2048,384,4,6
m,6,25619444010.25269,1774464,201433088,10646784,2048,384,4,6
l,6,64048610025.63173,1774464,201433088,10646784,2048,384,4,6
xl,6,128097220051.26346,1774464,201433088,10646784,2048,384,4,6
s,6,64697649767.295494,198272,42527232,1189632,768,128,6,6
m,6,129395299534.59099,198272,42527232,1189632,768,128,6,6
l,6,323488248836.4775,198272,42527232,1189632,768,128,6,6
xl,6,646976497672.955,198272,42527232,1189632,768,128,6,6
s,6,41256303963.24558,198272,75577344,1189632,1024,128,6,6
m,6,82512607926.49117,198272,75577344,1189632,1024,128,6,6
l,6,206281519816.2279,198272,75577344,1189632,1024,128,6,6
xl,6,412563039632.4558,198272,75577344,1189632,1024,128,6,6
s,6,28264377297.328587,198272,118064640,1189632,1280,128,6,6
m,6,56528754594.65717,198272,118064640,1189632,1280,128,6,6
l,6,141321886486.64294,198272,118064640,1189632,1280,128,6,6
xl,6,282643772973.2859,198272,118064640,1189632,1280,128,6,6
s,6,20457836562.507366,198272,169989120,1189632,1536,128,6,6
m,6,40915673125.01473,198272,169989120,1189632,1536,128,6,6
l,6,102289182812.53682,198272,169989120,1189632,1536,128,6,6
xl,6,204578365625.07364,198272,169989120,1189632,1536,128,6,6
s,6,15446133770.932598,198272,231350784,1189632,1792,128,6,6
m,6,30892267541.865196,198272,231350784,1189632,1792,128,6,6
l,6,77230668854.663,198272,231350784,1189632,1792,128,6,6
xl,6,154461337709.326,198272,231350784,1189632,1792,128,6,6
s,6,12053927536.030636,198272,302149632,1189632,2048,128,6,6
m,6,24107855072.06127,198272,302149632,1189632,2048,128,6,6
l,6,60269637680.15318,198272,302149632,1189632,2048,128,6,6
xl,6,120539275360.30637,198272,302149632,1189632,2048,128,6,6
s,6,22887401309.525555,789760,118064640,4738560,1280,256,6,6
m,6,45774802619.05111,789760,118064640,4738560,1280,256,6,6
l,6,114437006547.62776,789760,118064640,4738560,1280,256,6,6
xl,6,228874013095.25552,789760,118064640,4738560,1280,256,6,6
s,6,17484669441.8334,789760,169989120,4738560,1536,256,6,6
m,6,34969338883.6668,789760,169989120,4738560,1536,256,6,6
l,6,87423347209.167,789760,169989120,4738560,1536,256,6,6
xl,6,174846694418.334,789760,169989120,4738560,1536,256,6,6
s,6,13688681278.439604,789760,231350784,4738560,1792,256,6,6
m,6,27377362556.879208,789760,231350784,4738560,1792,256,6,6
l,6,68443406392.19802,789760,231350784,4738560,1792,256,6,6
xl,6,136886812784.39604,789760,231350784,4738560,1792,256,6,6
s,6,10956208822.184763,789760,302149632,4738560,2048,256,6,6
m,6,21912417644.369526,789760,302149632,4738560,2048,256,6,6
l,6,54781044110.92381,789760,302149632,4738560,2048,256,6,6
xl,6,109562088221.84763,789760,302149632,4738560,2048,256,6,6
s,6,11572565354.44268,1774464,231350784,10646784,1792,384,6,6
m,6,23145130708.88536,1774464,231350784,10646784,1792,384,6,6
l,6,57862826772.2134,1774464,231350784,10646784,1792,384,6,6
xl,6,115725653544.4268,1774464,231350784,10646784,1792,384,6,6
s,6,9557428369.75045,1774464,302149632,10646784,2048,384,6,6
m,6,19114856739.5009,1774464,302149632,10646784,2048,384,6,6
l,6,47787141848.75225,1774464,302149632,10646784,2048,384,6,6
xl,6,95574283697.5045,1774464,302149632,10646784,2048,384,6,6
l,6,456360722666.3715,198272,25219072,1189632,512,128,8,6
s,6,51229172267.72283,198272,56702976,1189632,768,128,8,6
m,6,102458344535.44566,198272,56702976,1189632,768,128,8,6
l,6,256145861338.61417,198272,56702976,1189632,768,128,8,6
xl,6,512291722677.22833,198272,56702976,1189632,768,128,8,6
s,6,32020761108.755516,198272,100769792,1189632,1024,128,8,6
m,6,64041522217.51103,198272,100769792,1189632,1024,128,8,6
l,6,160103805543.7776,198272,100769792,1189632,1024,128,8,6
xl,6,320207611087.5552,198272,100769792,1189632,1024,128,8,6
s,6,21698998020.015255,198272,157419520,1189632,1280,128,8,6
m,6,43397996040.03051,198272,157419520,1189632,1280,128,8,6
l,6,108494990100.07626,198272,157419520,1189632,1280,128,8,6
xl,6,216989980200.15253,198272,157419520,1189632,1280,128,8,6
s,6,15603997020.011065,198272,226652160,1189632,1536,128,8,6
m,6,31207994040.02213,198272,226652160,1189632,1536,128,8,6
l,6,78019985100.05533,198272,226652160,1189632,1536,128,8,6
xl,6,156039970200.11066,198272,226652160,1189632,1536,128,8,6
s,6,11732553354.75065,198272,308467712,1189632,1792,128,8,6
m,6,23465106709.5013,198272,308467712,1189632,1792,128,8,6
l,6,58662766773.75325,198272,308467712,1189632,1792,128,8,6
xl,6,117325533547.5065,198272,308467712,1189632,1792,128,8,6
s,6,9130297088.796785,198272,402866176,1189632,2048,128,8,6
m,6,18260594177.59357,198272,402866176,1189632,2048,128,8,6
l,6,45651485443.983925,198272,402866176,1189632,2048,128,8,6
xl,6,91302970887.96785,198272,402866176,1189632,2048,128,8,6
s,6,25289773624.502884,789760,100769792,4738560,1024,256,8,6
m,6,50579547249.00577,789760,100769792,4738560,1024,256,8,6
l,6,126448868122.51442,789760,100769792,4738560,1024,256,8,6
xl,6,252897736245.02884,789760,100769792,4738560,1024,256,8,6
s,6,18383362251.9707,789760,157419520,4738560,1280,256,8,6
m,6,36766724503.9414,789760,157419520,4738560,1280,256,8,6
l,6,91916811259.8535,789760,157419520,4738560,1280,256,8,6
xl,6,183833622519.707,789760,157419520,4738560,1280,256,8,6
s,6,13812520995.031912,789760,226652160,4738560,1536,256,8,6
m,6,27625041990.063824,789760,226652160,4738560,1536,256,8,6
l,6,69062604975.15956,789760,226652160,4738560,1536,256,8,6
xl,6,138125209950.31912,789760,226652160,4738560,1536,256,8,6
s,6,10690056553.165218,789760,308467712,4738560,1792,256,8,6
m,6,21380113106.330437,789760,308467712,4738560,1792,256,8,6
l,6,53450282765.826096,789760,308467712,4738560,1792,256,8,6
xl,6,106900565531.65219,789760,308467712,4738560,1792,256,8,6
s,6,8486270261.710147,789760,402866176,4738560,2048,256,8,6
m,6,16972540523.420294,789760,402866176,4738560,2048,256,8,6
l,6,42431351308.550735,789760,402866176,4738560,2048,256,8,6
xl,6,84862702617.10147,789760,402866176,4738560,2048,256,8,6
s,6,11660952488.988329,1774464,226652160,10646784,1536,384,8,6
m,6,23321904977.976658,1774464,226652160,10646784,1536,384,8,6
l,6,58304762444.94165,1774464,226652160,10646784,1536,384,8,6
xl,6,116609524889.8833,1774464,226652160,10646784,1536,384,8,6
s,6,9354267205.819033,1774464,308467712,10646784,1792,384,8,6
m,6,18708534411.638065,1774464,308467712,10646784,1792,384,8,6
l,6,46771336029.09517,1774464,308467712,10646784,1792,384,8,6
xl,6,93542672058.19034,1774464,308467712,10646784,1792,384,8,6
s,6,7622206537.287955,1774464,402866176,10646784,2048,384,8,6
m,6,15244413074.57591,1774464,402866176,10646784,2048,384,8,6
l,6,38111032686.43977,1774464,402866176,10646784,2048,384,8,6
xl,6,76222065372.87955,1774464,402866176,10646784,2048,384,8,6
s,6,6684488169.434382,3152384,402866176,18914304,2048,512,8,6
m,6,13368976338.868765,3152384,402866176,18914304,2048,512,8,6
l,6,33422440847.17191,3152384,402866176,18914304,2048,512,8,6
xl,6,66844881694.34382,3152384,402866176,18914304,2048,512,8,6
l,6,388232196824.01807,198272,31523840,1189632,512,128,10,6
s,6,42402088489.42729,198272,70878720,1189632,768,128,10,6
m,6,84804176978.85458,198272,70878720,1189632,768,128,10,6
l,6,212010442447.13647,198272,70878720,1189632,768,128,10,6
xl,6,424020884894.27295,198272,70878720,1189632,768,128,10,6
s,6,26163793497.314865,198272,125962240,1189632,1024,128,10,6
m,6,52327586994.62973,198272,125962240,1189632,1024,128,10,6
l,6,130818967486.57433,198272,125962240,1189632,1024,128,10,6
xl,6,261637934973.14865,198272,125962240,1189632,1024,128,10,6
s,6,17608755442.99012,198272,196774400,1189632,1280,128,10,6
m,6,35217510885.98024,198272,196774400,1189632,1280,128,10,6
l,6,88043777214.95059,198272,196774400,1189632,1280,128,10,6
xl,6,176087554429.90118,198272,196774400,1189632,1280,128,10,6
s,6,12611729836.971699,198272,283315200,1189632,1536,128,10,6
m,6,25223459673.943398,198272,283315200,1189632,1536,128,10,6
l,6,63058649184.8585,198272,283315200,1189632,1536,128,10,6
xl,6,126117298369.717,198272,283315200,1189632,1536,128,10,6
s,6,9458522544.869688,198272,385584640,1189632,1792,128,10,6
m,6,18917045089.739376,198272,385584640,1189632,1792,128,10,6
l,6,47292612724.34844,198272,385584640,1189632,1792,128,10,6
xl,6,94585225448.69688,198272,385584640,1189632,1792,128,10,6
s,6,7348056306.153129,198272,503582720,1189632,2048,128,10,6
m,6,14696112612.306257,198272,503582720,1189632,2048,128,10,6
l,6,36740281530.76564,198272,503582720,1189632,2048,128,10,6
xl,6,73480563061.53128,198272,503582720,1189632,2048,128,10,6
s,6,21490266953.331783,789760,125962240,4738560,1024,256,10,6
m,6,42980533906.66357,789760,125962240,4738560,1024,256,10,6
l,6,107451334766.65892,789760,125962240,4738560,1024,256,10,6
xl,6,214902669533.31784,789760,125962240,4738560,1024,256,10,6
s,6,15360542667.08209,789760,196774400,4738560,1280,256,10,6
m,6,30721085334.16418,789760,196774400,4738560,1280,256,10,6
l,6,76802713335.41045,789760,196774400,4738560,1280,256,10,6
xl,6,153605426670.8209,789760,196774400,4738560,1280,256,10,6
s,6,11415108123.90415,789760,283315200,4738560,1536,256,10,6
m,6,22830216247.8083,789760,283315200,4738560,1536,256,10,6
l,6,57075540619.520744,789760,283315200,4738560,1536,256,10,6
xl,6,114151081239.04149,789760,283315200,4738560,1536,256,10,6
s,6,8769107306.608086,789760,385584640,4738560,1792,256,10,6
m,6,17538214613.21617,789760,385584640,4738560,1792,256,10,6
l,6,43845536533.04043,789760,385584640,4738560,1792,256,10,6
xl,6,87691073066.08086,789760,385584640,4738560,1792,256,10,6
s,6,6925095217.440688,789760,503582720,4738560,2048,256,10,6
m,6,13850190434.881376,789760,503582720,4738560,2048,256,10,6
l,6,34625476087.20344,789760,503582720,4738560,2048,256,10,6
xl,6,69250952174.40688,789760,503582720,4738560,2048,256,10,6
s,6,12745335825.634897,1774464,196774400,10646784,1280,384,10,6
m,6,25490671651.269794,1774464,196774400,10646784,1280,384,10,6
l,6,63726679128.174484,1774464,196774400,10646784,1280,384,10,6
xl,6,127453358256.34897,1774464,196774400,10646784,1280,384,10,6
s,6,9904774703.617445,1774464,283315200,10646784,1536,384,10,6
m,6,19809549407.23489,1774464,283315200,10646784,1536,384,10,6
l,6,49523873518.08722,1774464,283315200,10646784,1536,384,10,6
xl,6,99047747036.17444,1774464,283315200,10646784,1536,384,10,6
s,6,7849607717.326128,1774464,385584640,10646784,1792,384,10,6
m,6,15699215434.652256,1774464,385584640,10646784,1792,384,10,6
l,6,39248038586.63064,1774464,385584640,10646784,1792,384,10,6
xl,6,78496077173.26128,1774464,385584640,10646784,1792,384,10,6
s,6,6338720108.946245,1774464,503582720,10646784,2048,384,10,6
m,6,12677440217.89249,1774464,503582720,10646784,2048,384,10,6
l,6,31693600544.731224,1774464,503582720,10646784,2048,384,10,6
xl,6,63387201089.46245,1774464,503582720,10646784,2048,384,10,6
s,6,6858739669.719963,3152384,385584640,18914304,1792,512,10,6
m,6,13717479339.439926,3152384,385584640,18914304,1792,512,10,6
l,6,34293698348.599815,3152384,385584640,18914304,1792,512,10,6
xl,6,68587396697.19963,3152384,385584640,18914304,1792,512,10,6
s,6,5676495350.6732235,3152384,503582720,18914304,2048,512,10,6
m,6,11352990701.346447,3152384,503582720,18914304,2048,512,10,6
l,6,28382476753.36612,3152384,503582720,18914304,2048,512,10,6
xl,6,56764953506.73224,3152384,503582720,18914304,2048,512,10,6
s,6,5009623822.381388,4923520,503582720,29541120,2048,640,10,6
m,6,10019247644.762775,4923520,503582720,29541120,2048,640,10,6
l,6,25048119111.90694,4923520,503582720,29541120,2048,640,10,6
xl,6,50096238223.81388,4923520,503582720,29541120,2048,640,10,6
s,6,67560555877.44407,198272,37828608,1189632,512,128,12,6
l,6,337802779387.22034,198272,37828608,1189632,512,128,12,6
s,6,36169818745.8043,198272,85054464,1189632,768,128,12,6
m,6,72339637491.6086,198272,85054464,1189632,768,128,12,6
l,6,180849093729.0215,198272,85054464,1189632,768,128,12,6
xl,6,361698187458.043,198272,85054464,1189632,768,128,12,6
s,6,22118131347.01897,198272,151154688,1189632,1024,128,12,6
m,6,44236262694.03794,198272,151154688,1189632,1024,128,12,6
l,6,110590656735.09486,198272,151154688,1189632,1024,128,12,6
xl,6,221181313470.18973,198272,151154688,1189632,1024,128,12,6
s,6,14815959704.38249,198272,236129280,1189632,1280,128,12,6
m,6,29631919408.76498,198272,236129280,1189632,1280,128,12,6
l,6,74079798521.91245,198272,236129280,1189632,1280,128,12,6
xl,6,148159597043.8249,198272,236129280,1189632,1280,128,12,6
s,6,10582415513.380915,198272,339978240,1189632,1536,128,12,6
m,6,21164831026.76183,198272,339978240,1189632,1536,128,12,6
l,6,52912077566.90457,198272,339978240,1189632,1536,128,12,6
xl,6,105824155133.80914,198272,339978240,1189632,1536,128,12,6
s,6,7922889621.090656,198272,462701568,1189632,1792,128,12,6
m,6,15845779242.181313,198272,462701568,1189632,1792,128,12,6
l,6,39614448105.45328,198272,462701568,1189632,1792,128,12,6
xl,6,79228896210.90656,198272,462701568,1189632,1792,128,12,6
s,6,6147968317.797828,198272,604299264,1189632,2048,128,12,6
m,6,12295936635.595655,198272,604299264,1189632,2048,128,12,6
l,6,30739841588.989136,198272,604299264,1189632,2048,128,12,6
xl,6,61479683177.97827,198272,604299264,1189632,2048,128,12,6
s,6,27809220736.69073,789760,85054464,4738560,768,256,12,6
m,6,55618441473.38146,789760,85054464,4738560,768,256,12,6
l,6,139046103683.45364,789760,85054464,4738560,768,256,12,6
xl,6,278092207366.9073,789760,85054464,4738560,768,256,12,6
s,6,18683308063.536396,789760,151154688,4738560,1024,256,12,6
m,6,37366616127.07279,789760,151154688,4738560,1024,256,12,6
l,6,93416540317.68199,789760,151154688,4738560,1024,256,12,6
xl,6,186833080635.36398,789760,151154688,4738560,1024,256,12,6
s,6,13191442658.381737,789760,236129280,4738560,1280,256,12,6
m,6,26382885316.763474,789760,236129280,4738560,1280,256,12,6
l,6,65957213291.90868,789760,236129280,4738560,1280,256,12,6
xl,6,131914426583.81737,789760,236129280,4738560,1280,256,12,6
s,6,9726839228.576054,789760,339978240,4738560,1536,256,12,6
m,6,19453678457.152107,789760,339978240,4738560,1536,256,12,6
l,6,48634196142.880264,789760,339978240,4738560,1536,256,12,6
xl,6,97268392285.76053,789760,339978240,4738560,1536,256,12,6
s,6,7433368474.335017,789760,462701568,4738560,1792,256,12,6
m,6,14866736948.670034,789760,462701568,4738560,1792,256,12,6
l,6,37166842371.67509,789760,462701568,4738560,1792,256,12,6
xl,6,74333684743.35017,789760,462701568,4738560,1792,256,12,6
s,6,5849071859.918753,789760,604299264,4738560,2048,256,12,6
m,6,11698143719.837505,789760,604299264,4738560,2048,256,12,6
l,6,29245359299.593765,789760,604299264,4738560,2048,256,12,6
xl,6,58490718599.18753,789760,604299264,4738560,2048,256,12,6
s,6,11215171956.399717,1774464,236129280,10646784,1280,384,12,6
m,6,22430343912.799435,1774464,236129280,10646784,1280,384,12,6
l,6,56075859781.99859,1774464,236129280,10646784,1280,384,12,6
xl,6,112151719563.99718,1774464,236129280,10646784,1280,384,12,6
s,6,8608331652.986994,1774464,339978240,10646784,1536,384,12,6
m,6,17216663305.973988,1774464,339978240,10646784,1536,384,12,6
l,6,43041658264.934975,1774464,339978240,10646784,1536,384,12,6
xl,6,86083316529.86995,1774464,339978240,10646784,1536,384,12,6
s,6,6761932376.348599,1774464,462701568,10646784,1792,384,12,6
m,6,13523864752.697199,1774464,462701568,10646784,1792,384,12,6
l,6,33809661881.743,1774464,462701568,10646784,1792,384,12,6
xl,6,67619323763.486,1774464,462701568,10646784,1792,384,12,6
s,6,5425185220.163565,1774464,604299264,10646784,2048,384,12,6
m,6,10850370440.32713,1774464,604299264,10646784,2048,384,12,6
l,6,27125926100.81782,1774464,604299264,10646784,2048,384,12,6
xl,6,54251852201.63564,1774464,604299264,10646784,2048,384,12,6
s,6,7431021100.770829,3152384,339978240,18914304,1536,512,12,6
m,6,14862042201.541658,3152384,339978240,18914304,1536,512,12,6
l,6,37155105503.85414,3152384,339978240,18914304,1536,512,12,6
xl,6,74310211007.70828,3152384,339978240,18914304,1536,512,12,6
s,6,6013547319.401147,3152384,462701568,18914304,1792,512,12,6
m,6,12027094638.802294,3152384,462701568,18914304,1792,512,12,6
l,6,30067736597.005733,3152384,462701568,18914304,1792,512,12,6
xl,6,60135473194.01147,3152384,462701568,18914304,1792,512,12,6
s,6,4932669456.531897,3152384,604299264,18914304,2048,512,12,6
m,6,9865338913.063793,3152384,604299264,18914304,2048,512,12,6
l,6,24663347282.65948,3152384,604299264,18914304,2048,512,12,6
xl,6,49326694565.31896,3152384,604299264,18914304,2048,512,12,6
s,6,4421243018.680425,4923520,604299264,29541120,2048,640,12,6
m,6,8842486037.36085,4923520,604299264,29541120,2048,640,12,6
l,6,22106215093.402122,4923520,604299264,29541120,2048,640,12,6
xl,6,44212430186.804245,4923520,604299264,29541120,2048,640,12,6
s,6,59793659555.08285,198272,44133376,1189632,512,128,14,6
m,6,119587319110.1657,198272,44133376,1189632,512,128,14,6
l,6,298968297775.41425,198272,44133376,1189632,512,128,14,6
xl,6,597936595550.8285,198272,44133376,1189632,512,128,14,6
s,6,31534822516.973305,198272,99230208,1189632,768,128,14,6
m,6,63069645033.94661,198272,99230208,1189632,768,128,14,6
l,6,157674112584.86655,198272,99230208,1189632,768,128,14,6
xl,6,315348225169.7331,198272,99230208,1189632,768,128,14,6
s,6,19156062566.83236,198272,176347136,1189632,1024,128,14,6
m,6,38312125133.66472,198272,176347136,1189632,1024,128,14,6
l,6,95780312834.1618,198272,176347136,1189632,1024,128,14,6
xl,6,191560625668.3236,198272,176347136,1189632,1024,128,14,6
s,6,12787783104.454235,198272,275484160,1189632,1280,128,14,6
m,6,25575566208.90847,198272,275484160,1189632,1280,128,14,6
l,6,63938915522.27117,198272,275484160,1189632,1280,128,14,6
xl,6,127877831044.54234,198272,275484160,1189632,1280,128,14,6
s,6,9115645306.011484,198272,396641280,1189632,1536,128,14,6
m,6,18231290612.02297,198272,396641280,1189632,1536,128,14,6
l,6,45578226530.05742,198272,396641280,1189632,1536,128,14,6
xl,6,91156453060.11484,198272,396641280,1189632,1536,128,14,6
s,6,6816242537.15059,198272,539818496,1189632,1792,128,14,6
m,6,13632485074.30118,198272,539818496,1189632,1792,128,14,6
l,6,34081212685.75295,198272,539818496,1189632,1792,128,14,6
xl,6,68162425371.5059,198272,539818496,1189632,1792,128,14,6
s,6,5284844972.316311,198272,705015808,1189632,2048,128,14,6
m,6,10569689944.632622,198272,705015808,1189632,2048,128,14,6
l,6,26424224861.581554,198272,705015808,1189632,2048,128,14,6
xl,6,52848449723.16311,198272,705015808,1189632,2048,128,14,6
s,6,24985688197.8003,789760,99230208,4738560,768,256,14,6
m,6,49971376395.6006,789760,99230208,4738560,768,256,14,6
l,6,124928440989.0015,789760,99230208,4738560,768,256,14,6
xl,6,249856881978.003,789760,99230208,4738560,768,256,14,6
s,6,16524902113.451323,789760,176347136,4738560,1024,256,14,6
m,6,33049804226.902645,789760,176347136,4738560,1024,256,14,6
l,6,82624510567.25662,789760,176347136,4738560,1024,256,14,6
xl,6,165249021134.51324,789760,176347136,4738560,1024,256,14,6
s,6,11559147087.87243,789760,275484160,4738560,1280,256,14,6
m,6,23118294175.74486,789760,275484160,4738560,1280,256,14,6
l,6,57795735439.36215,789760,275484160,4738560,1280,256,14,6
xl,6,115591470878.7243,789760,275484160,4738560,1280,256,14,6
s,6,8473611141.239507,789760,396641280,4738560,1536,256,14,6
m,6,16947222282.479013,789760,396641280,4738560,1536,256,14,6
l,6,42368055706.19753,789760,396641280,4738560,1536,256,14,6
xl,6,84736111412.39507,789760,396641280,4738560,1536,256,14,6
s,6,6450766786.3193865,789760,539818496,4738560,1792,256,14,6
m,6,12901533572.638773,789760,539818496,4738560,1792,256,14,6
l,6,32253833931.59693,789760,539818496,4738560,1792,256,14,6
xl,6,64507667863.19386,789760,539818496,4738560,1792,256,14,6
s,6,5062464605.383206,789760,705015808,4738560,2048,256,14,6
m,6,10124929210.766413,789760,705015808,4738560,2048,256,14,6
l,6,25312323026.91603,789760,705015808,4738560,2048,256,14,6
xl,6,50624646053.83206,789760,705015808,4738560,2048,256,14,6
s,6,10013038854.032736,1774464,275484160,10646784,1280,384,14,6
m,6,20026077708.06547,1774464,275484160,10646784,1280,384,14,6
l,6,50065194270.16368,1774464,275484160,10646784,1280,384,14,6
xl,6,100130388540.32736,1774464,275484160,10646784,1280,384,14,6
s,6,7611992505.414867,1774464,396641280,10646784,1536,384,14,6
m,6,15223985010.829735,1774464,396641280,10646784,1536,384,14,6
l,6,38059962527.07433,1774464,396641280,10646784,1536,384,14,6
xl,6,76119925054.14867,1774464,396641280,10646784,1536,384,14,6
s,6,5938999163.231394,1774464,539818496,10646784,1792,384,14,6
m,6,11877998326.462788,1774464,539818496,10646784,1792,384,14,6
l,6,29694995816.15697,1774464,539818496,10646784,1792,384,14,6
xl,6,59389991632.31394,1774464,539818496,10646784,1792,384,14,6
s,6,4741798334.581558,1774464,705015808,10646784,2048,384,14,6
m,6,9483596669.163116,1774464,705015808,10646784,2048,384,14,6
l,6,23708991672.90779,1774464,705015808,10646784,2048,384,14,6
xl,6,47417983345.81558,1774464,705015808,10646784,2048,384,14,6
s,6,6676631405.506758,3152384,396641280,18914304,1536,512,14,6
m,6,13353262811.013515,3152384,396641280,18914304,1536,512,14,6
l,6,33383157027.533787,3152384,396641280,18914304,1536,512,14,6
xl,6,66766314055.06757,3152384,396641280,18914304,1536,512,14,6
s,6,5353805754.728042,3152384,539818496,18914304,1792,512,14,6
m,6,10707611509.456083,3152384,539818496,18914304,1792,512,14,6
l,6,26769028773.64021,3152384,539818496,18914304,1792,512,14,6
xl,6,53538057547.28042,3152384,539818496,18914304,1792,512,14,6
s,6,4361195364.529495,3152384,705015808,18914304,2048,512,14,6
m,6,8722390729.05899,3152384,705015808,18914304,2048,512,14,6
l,6,21805976822.647476,3152384,705015808,18914304,2048,512,14,6
xl,6,43611953645.29495,3152384,705015808,18914304,2048,512,14,6
s,6,4756609735.092127,4923520,539818496,29541120,1792,640,14,6
m,6,9513219470.184254,4923520,539818496,29541120,1792,640,14,6
l,6,23783048675.460632,4923520,539818496,29541120,1792,640,14,6
xl,6,47566097350.921265,4923520,539818496,29541120,1792,640,14,6
m,6,7913092553.970711,4923520,705015808,29541120,2048,640,14,6
l,6,19782731384.926777,4923520,705015808,29541120,2048,640,14,6
xl,6,39565462769.85355,4923520,705015808,29541120,2048,640,14,6
s,6,53628428048.94691,198272,50438144,1189632,512,128,16,6
m,6,107256856097.89381,198272,50438144,1189632,512,128,16,6
l,6,268142140244.73453,198272,50438144,1189632,512,128,16,6
xl,6,536284280489.46906,198272,50438144,1189632,512,128,16,6
s,6,27952799573.507366,198272,113405952,1189632,768,128,16,6
m,6,55905599147.01473,198272,113405952,1189632,768,128,16,6
l,6,139763997867.53683,198272,113405952,1189632,768,128,16,6
xl,6,279527995735.07367,198272,113405952,1189632,768,128,16,6
s,6,16893657378.966034,198272,201539584,1189632,1024,128,16,6
m,6,33787314757.932068,198272,201539584,1189632,1024,128,16,6
l,6,84468286894.83017,198272,201539584,1189632,1024,128,16,6
xl,6,168936573789.66034,198272,201539584,1189632,1024,128,16,6
s,6,11248025751.792557,198272,314839040,1189632,1280,128,16,6
m,6,22496051503.585114,198272,314839040,1189632,1280,128,16,6
l,6,56240128758.96278,198272,314839040,1189632,1280,128,16,6
xl,6,112480257517.92557,198272,314839040,1189632,1280,128,16,6
s,6,8005980531.504879,198272,453304320,1189632,1536,128,16,6
m,6,16011961063.009758,198272,453304320,1189632,1536,128,16,6
l,6,40029902657.5244,198272,453304320,1189632,1536,128,16,6
xl,6,80059805315.0488,198272,453304320,1189632,1536,128,16,6
s,6,5980853615.926832,198272,616935424,1189632,1792,128,16,6
m,6,11961707231.853664,198272,616935424,1189632,1792,128,16,6
l,6,29904268079.634163,198272,616935424,1189632,1792,128,16,6
xl,6,59808536159.268326,198272,616935424,1189632,1792,128,16,6
s,6,4634236862.944557,198272,805732352,1189632,2048,128,16,6
m,6,9268473725.889114,198272,805732352,1189632,2048,128,16,6
l,6,23171184314.722786,198272,805732352,1189632,2048,128,16,6
xl,6,46342368629.44557,198272,805732352,1189632,2048,128,16,6
s,6,22682666233.095062,789760,113405952,4738560,768,256,16,6
m,6,45365332466.190125,789760,113405952,4738560,768,256,16,6
l,6,113413331165.47531,789760,113405952,4738560,768,256,16,6
xl,6,226826662330.95062,789760,113405952,4738560,768,256,16,6
s,6,14813553084.147125,789760,201539584,4738560,1024,256,16,6
m,6,29627106168.29425,789760,201539584,4738560,1024,256,16,6
l,6,74067765420.73563,789760,201539584,4738560,1024,256,16,6
xl,6,148135530841.47125,789760,201539584,4738560,1024,256,16,6
s,6,10286327472.798119,789760,314839040,4738560,1280,256,16,6
m,6,20572654945.596237,789760,314839040,4738560,1280,256,16,6
l,6,51431637363.99059,789760,314839040,4738560,1280,256,16,6
xl,6,102863274727.98119,789760,314839040,4738560,1280,256,16,6
s,6,7506461562.112666,789760,453304320,4738560,1536,256,16,6
m,6,15012923124.225332,789760,453304320,4738560,1536,256,16,6
l,6,37532307810.56333,789760,453304320,4738560,1536,256,16,6
xl,6,75064615621.12666,789760,453304320,4738560,1536,256,16,6
s,6,5697611272.343302,789760,616935424,4738560,1792,256,16,6
m,6,11395222544.686604,789760,616935424,4738560,1792,256,16,6
l,6,28488056361.71651,789760,616935424,4738560,1792,256,16,6
xl,6,56976112723.43302,789760,616935424,4738560,1792,256,16,6
s,6,4462349480.426924,789760,805732352,4738560,2048,256,16,6
m,6,8924698960.853848,789760,805732352,4738560,2048,256,16,6
l,6,22311747402.13462,789760,805732352,4738560,2048,256,16,6
xl,6,44623494804.26924,789760,805732352,4738560,2048,256,16,6
s,6,12366448959.557938,1774464,201539584,10646784,1024,384,16,6
m,6,24732897919.115875,1774464,201539584,10646784,1024,384,16,6
l,6,61832244797.78969,1774464,201539584,10646784,1024,384,16,6
xl,6,123664489595.57938,1774464,201539584,10646784,1024,384,16,6
s,6,9043665424.637163,1774464,314839040,10646784,1280,384,16,6
m,6,18087330849.274326,1774464,314839040,10646784,1280,384,16,6
l,6,45218327123.18582,1774464,314839040,10646784,1280,384,16,6
xl,6,90436654246.37164,1774464,314839040,10646784,1280,384,16,6
s,6,6822363554.912058,1774464,453304320,10646784,1536,384,16,6
m,6,13644727109.824116,1774464,453304320,10646784,1536,384,16,6
l,6,34111817774.56029,1774464,453304320,10646784,1536,384,16,6
xl,6,68223635549.12058,1774464,453304320,10646784,1536,384,16,6
s,6,5294637096.896792,1774464,616935424,10646784,1792,384,16,6
m,6,10589274193.793585,1774464,616935424,10646784,1792,384,16,6
l,6,26473185484.48396,1774464,616935424,10646784,1792,384,16,6
xl,6,52946370968.96792,1774464,616935424,10646784,1792,384,16,6
s,6,4211317110.2669916,1774464,805732352,10646784,2048,384,16,6
m,6,8422634220.533983,1774464,805732352,10646784,2048,384,16,6
l,6,21056585551.334957,1774464,805732352,10646784,2048,384,16,6
xl,6,42113171102.669914,1774464,805732352,10646784,2048,384,16,6
s,6,6061294917.589664,3152384,453304320,18914304,1536,512,16,6
m,6,12122589835.179329,3152384,453304320,18914304,1536,512,16,6
l,6,30306474587.948322,3152384,453304320,18914304,1536,512,16,6
xl,6,60612949175.896645,3152384,453304320,18914304,1536,512,16,6
s,6,4824512291.349056,3152384,616935424,18914304,1792,512,16,6
m,6,9649024582.698112,3152384,616935424,18914304,1792,512,16,6
l,6,24122561456.74528,3152384,616935424,18914304,1792,512,16,6
xl,6,48245122913.49056,3152384,616935424,18914304,1792,512,16,6
m,6,7816778384.641456,3152384,805732352,18914304,2048,512,16,6
l,6,19541945961.60364,3152384,805732352,18914304,2048,512,16,6
xl,6,39083891923.20728,3152384,805732352,18914304,2048,512,16,6
s,6,4334152979.089206,4923520,616935424,29541120,1792,640,16,6
m,6,8668305958.178411,4923520,616935424,29541120,1792,640,16,6
l,6,21670764895.44603,4923520,616935424,29541120,1792,640,16,6
xl,6,43341529790.89206,4923520,616935424,29541120,1792,640,16,6
m,6,7160486397.824352,4923520,805732352,29541120,2048,640,16,6
l,6,17901215994.56088,4923520,805732352,29541120,2048,640,16,6
xl,6,35802431989.12176,4923520,805732352,29541120,2048,640,16,6
l,6,16243910311.83362,7087872,805732352,42527232,2048,768,16,6
xl,6,32487820623.66724,7087872,805732352,42527232,2048,768,16,6
s,6,48615735007.68517,198272,56742912,1189632,512,128,18,6
m,6,97231470015.37035,198272,56742912,1189632,512,128,18,6
l,6,243078675038.42587,198272,56742912,1189632,512,128,18,6
xl,6,486157350076.85175,198272,56742912,1189632,512,128,18,6
s,6,25101530671.25911,198272,127581696,1189632,768,128,18,6
m,6,50203061342.51822,198272,127581696,1189632,768,128,18,6
l,6,125507653356.29555,198272,127581696,1189632,768,128,18,6
xl,6,251015306712.5911,198272,127581696,1189632,768,128,18,6
s,6,15109202060.073221,198272,226732032,1189632,1024,128,18,6
m,6,30218404120.146442,198272,226732032,1189632,1024,128,18,6
l,6,75546010300.3661,198272,226732032,1189632,1024,128,18,6
xl,6,151092020600.7322,198272,226732032,1189632,1024,128,18,6
s,6,10039218810.63688,198272,354193920,1189632,1280,128,18,6
m,6,20078437621.27376,198272,354193920,1189632,1280,128,18,6
l,6,50196094053.18441,198272,354193920,1189632,1280,128,18,6
xl,6,100392188106.36882,198272,354193920,1189632,1280,128,18,6
s,6,7137160465.292617,198272,509967360,1189632,1536,128,18,6
m,6,14274320930.585234,198272,509967360,1189632,1536,128,18,6
l,6,35685802326.46308,198272,509967360,1189632,1536,128,18,6
xl,6,71371604652.92616,198272,509967360,1189632,1536,128,18,6
s,6,5327876678.323776,198272,694052352,1189632,1792,128,18,6
m,6,10655753356.647552,198272,694052352,1189632,1792,128,18,6
l,6,26639383391.618885,198272,694052352,1189632,1792,128,18,6
xl,6,53278766783.23777,198272,694052352,1189632,1792,128,18,6
s,6,4126260126.8326535,198272,906448896,1189632,2048,128,18,6
m,6,8252520253.665307,198272,906448896,1189632,2048,128,18,6
l,6,20631300634.16327,198272,906448896,1189632,2048,128,18,6
xl,6,41262601268.32654,198272,906448896,1189632,2048,128,18,6
s,6,20768369872.37255,789760,127581696,4738560,768,256,18,6
m,6,41536739744.7451,789760,127581696,4738560,768,256,18,6
l,6,103841849361.86276,789760,127581696,4738560,768,256,18,6
xl,6,207683698723.72552,789760,127581696,4738560,768,256,18,6
s,6,13423401133.32165,789760,226732032,4738560,1024,256,18,6
m,6,26846802266.6433,789760,226732032,4738560,1024,256,18,6
l,6,67117005666.608246,789760,226732032,4738560,1024,256,18,6
xl,6,134234011333.21649,789760,226732032,4738560,1024,256,18,6
s,6,9266013153.29099,789760,354193920,4738560,1280,256,18,6
m,6,18532026306.58198,789760,354193920,4738560,1280,256,18,6
l,6,46330065766.454956,789760,354193920,4738560,1280,256,18,6
xl,6,92660131532.90991,789760,354193920,4738560,1280,256,18,6
s,6,6737469384.939115,789760,509967360,4738560,1536,256,18,6
m,6,13474938769.87823,789760,509967360,4738560,1536,256,18,6
l,6,33687346924.695576,789760,509967360,4738560,1536,256,18,6
xl,6,67374693849.39115,789760,509967360,4738560,1536,256,18,6
s,6,5101937528.12188,789760,694052352,4738560,1792,256,18,6
m,6,10203875056.24376,789760,694052352,4738560,1792,256,18,6
l,6,25509687640.609398,789760,694052352,4738560,1792,256,18,6
xl,6,51019375281.218796,789760,694052352,4738560,1792,256,18,6
m,6,7978867363.394131,789760,906448896,4738560,2048,256,18,6
l,6,19947168408.48533,789760,906448896,4738560,2048,256,18,6
xl,6,39894336816.97066,789760,906448896,4738560,2048,256,18,6
s,6,11382394549.854525,1774464,226732032,10646784,1024,384,18,6
m,6,22764789099.70905,1774464,226732032,10646784,1024,384,18,6
l,6,56911972749.27262,1774464,226732032,10646784,1024,384,18,6
xl,6,113823945498.54524,1774464,226732032,10646784,1024,384,18,6
s,6,8245417394.901931,1774464,354193920,10646784,1280,384,18,6
m,6,16490834789.803862,1774464,354193920,10646784,1280,384,18,6
l,6,41227086974.50965,1774464,354193920,10646784,1280,384,18,6
xl,6,82454173949.0193,1774464,354193920,10646784,1280,384,18,6
s,6,6181161639.058137,1774464,509967360,10646784,1536,384,18,6
m,6,12362323278.116274,1774464,509967360,10646784,1536,384,18,6
l,6,30905808195.290688,1774464,509967360,10646784,1536,384,18,6
xl,6,61811616390.581375,1774464,509967360,10646784,1536,384,18,6
s,6,4776411953.226929,1774464,694052352,10646784,1792,384,18,6
m,6,9552823906.453857,1774464,694052352,10646784,1792,384,18,6
l,6,23882059766.134644,1774464,694052352,10646784,1792,384,18,6
xl,6,47764119532.26929,1774464,694052352,10646784,1792,384,18,6
m,6,7575173598.738328,1774464,906448896,10646784,2048,384,18,6
l,6,18937933996.845818,1774464,906448896,10646784,2048,384,18,6
xl,6,37875867993.691635,1774464,906448896,10646784,2048,384,18,6
s,6,7159017704.880777,3152384,354193920,18914304,1280,512,18,6
m,6,14318035409.761555,3152384,354193920,18914304,1280,512,18,6
l,6,35795088524.403885,3152384,354193920,18914304,1280,512,18,6
xl,6,71590177048.80777,3152384,354193920,18914304,1280,512,18,6
s,6,5549809406.225448,3152384,509967360,18914304,1536,512,18,6
m,6,11099618812.450895,3152384,509967360,18914304,1536,512,18,6
l,6,27749047031.12724,3152384,509967360,18914304,1536,512,18,6
xl,6,55498094062.25448,3152384,509967360,18914304,1536,512,18,6
s,6,4390458276.737399,3152384,694052352,18914304,1792,512,18,6
m,6,8780916553.474798,3152384,694052352,18914304,1792,512,18,6
l,6,21952291383.686996,3152384,694052352,18914304,1792,512,18,6
xl,6,43904582767.37399,3152384,694052352,18914304,1792,512,18,6
m,6,7081530281.303309,3152384,906448896,18914304,2048,512,18,6
l,6,17703825703.258274,3152384,906448896,18914304,2048,512,18,6
xl,6,35407651406.51655,3152384,906448896,18914304,2048,512,18,6
s,6,4910696045.9861145,4923520,509967360,29541120,1536,640,18,6
m,6,9821392091.972229,4923520,509967360,29541120,1536,640,18,6
l,6,24553480229.930576,4923520,509967360,29541120,1536,640,18,6
xl,6,49106960459.86115,4923520,509967360,29541120,1536,640,18,6
m,6,7961231731.202322,4923520,694052352,29541120,1792,640,18,6
l,6,19903079328.005806,4923520,694052352,29541120,1792,640,18,6
xl,6,39806158656.01161,4923520,694052352,29541120,1792,640,18,6
l,6,16346515581.969433,4923520,906448896,29541120,2048,640,18,6
xl,6,32693031163.938866,4923520,906448896,29541120,2048,640,18,6
l,6,14953377999.193045,7087872,906448896,42527232,2048,768,18,6
xl,6,29906755998.38609,7087872,906448896,42527232,2048,768,18,6
s,6,44460020765.7196,198272,63047680,1189632,512,128,20,6
m,6,88920041531.4392,198272,63047680,1189632,512,128,20,6
l,6,222300103828.598,198272,63047680,1189632,512,128,20,6
xl,6,444600207657.196,198272,63047680,1189632,512,128,20,6
s,6,22778096873.60598,198272,141757440,1189632,768,128,20,6
m,6,45556193747.21196,198272,141757440,1189632,768,128,20,6
l,6,113890484368.0299,198272,141757440,1189632,768,128,20,6
xl,6,227780968736.0598,198272,141757440,1189632,768,128,20,6
s,6,13665710633.47991,198272,251924480,1189632,1024,128,20,6
m,6,27331421266.95982,198272,251924480,1189632,1024,128,20,6
l,6,68328553167.39955,198272,251924480,1189632,1024,128,20,6
xl,6,136657106334.7991,198272,251924480,1189632,1024,128,20,6
s,6,9065016334.513554,198272,393548800,1189632,1280,128,20,6
m,6,18130032669.027107,198272,393548800,1189632,1280,128,20,6
l,6,45325081672.567764,198272,393548800,1189632,1280,128,20,6
xl,6,90650163345.13553,198272,393548800,1189632,1280,128,20,6
s,6,6438450881.933851,198272,566630400,1189632,1536,128,20,6
m,6,12876901763.867702,198272,566630400,1189632,1536,128,20,6
l,6,32192254409.669254,198272,566630400,1189632,1536,128,20,6
xl,6,64384508819.33851,198272,566630400,1189632,1536,128,20,6
s,6,4803446554.561489,198272,771169280,1189632,1792,128,20,6
m,6,9606893109.122978,198272,771169280,1189632,1792,128,20,6
l,6,24017232772.807446,198272,771169280,1189632,1792,128,20,6
xl,6,48034465545.61489,198272,771169280,1189632,1792,128,20,6
m,6,7437289963.319835,198272,1007165440,1189632,2048,128,20,6
l,6,18593224908.299587,198272,1007165440,1189632,2048,128,20,6
xl,6,37186449816.599174,198272,1007165440,1189632,2048,128,20,6
s,6,19152039615.61091,789760,141757440,4738560,768,256,20,6
m,6,38304079231.22182,789760,141757440,4738560,768,256,20,6
l,6,95760198078.05453,789760,141757440,4738560,768,256,20,6
xl,6,191520396156.10907,789760,141757440,4738560,768,256,20,6
s,6,12271777666.534454,789760,251924480,4738560,1024,256,20,6
m,6,24543555333.06891,789760,251924480,4738560,1024,256,20,6
l,6,61358888332.67227,789760,251924480,4738560,1024,256,20,6
xl,6,122717776665.34454,789760,251924480,4738560,1024,256,20,6
s,6,8429845706.026163,789760,393548800,4738560,1280,256,20,6
m,6,16859691412.052326,789760,393548800,4738560,1280,256,20,6
l,6,42149228530.13082,789760,393548800,4738560,1280,256,20,6
xl,6,84298457060.26164,789760,393548800,4738560,1280,256,20,6
s,6,6111393593.303868,789760,566630400,4738560,1536,256,20,6
m,6,12222787186.607737,789760,566630400,4738560,1536,256,20,6
l,6,30556967966.51934,789760,566630400,4738560,1536,256,20,6
xl,6,61113935933.03868,789760,566630400,4738560,1536,256,20,6
s,6,4619027536.69814,789760,771169280,4738560,1792,256,20,6
m,6,9238055073.39628,789760,771169280,4738560,1792,256,20,6
l,6,23095137683.490704,789760,771169280,4738560,1792,256,20,6
xl,6,46190275366.98141,789760,771169280,4738560,1792,256,20,6
m,6,7214302096.35544,789760,1007165440,4738560,2048,256,20,6
l,6,18035755240.8886,789760,1007165440,4738560,2048,256,20,6
xl,6,36071510481.7772,789760,1007165440,4738560,2048,256,20,6
s,6,10543407804.976667,1774464,251924480,10646784,1024,384,20,6
m,6,21086815609.953335,1774464,251924480,10646784,1024,384,20,6
l,6,52717039024.88333,1774464,251924480,10646784,1024,384,20,6
xl,6,105434078049.76666,1774464,251924480,10646784,1024,384,20,6
s,6,7576656370.96931,1774464,393548800,10646784,1280,384,20,6
m,6,15153312741.93862,1774464,393548800,10646784,1280,384,20,6
l,6,37883281854.84655,1774464,393548800,10646784,1280,384,20,6
xl,6,75766563709.6931,1774464,393548800,10646784,1280,384,20,6
s,6,5650132240.215055,1774464,566630400,10646784,1536,384,20,6
m,6,11300264480.43011,1774464,566630400,10646784,1536,384,20,6
l,6,28250661201.07528,1774464,566630400,10646784,1536,384,20,6
xl,6,56501322402.15056,1774464,566630400,10646784,1536,384,20,6
s,6,4350587866.142899,1774464,771169280,10646784,1792,384,20,6
m,6,8701175732.285797,1774464,771169280,10646784,1792,384,20,6
l,6,21752939330.714493,1774464,771169280,10646784,1792,384,20,6
xl,6,43505878661.428986,1774464,771169280,10646784,1792,384,20,6
m,6,6882660586.742255,1774464,1007165440,10646784,2048,384,20,6
l,6,17206651466.855637,1774464,1007165440,10646784,2048,384,20,6
xl,6,34413302933.71127,1774464,1007165440,10646784,2048,384,20,6
s,6,6649430401.064467,3152384,393548800,18914304,1280,512,20,6
m,6,13298860802.128935,3152384,393548800,18914304,1280,512,20,6
l,6,33247152005.32234,3152384,393548800,18914304,1280,512,20,6
xl,6,66494304010.64468,3152384,393548800,18914304,1280,512,20,6
s,6,5117930214.0326605,3152384,566630400,18914304,1536,512,20,6
m,6,10235860428.065321,3152384,566630400,18914304,1536,512,20,6
l,6,25589651070.163303,3152384,566630400,18914304,1536,512,20,6
xl,6,51179302140.32661,3152384,566630400,18914304,1536,512,20,6
s,6,4028059873.9298725,3152384,771169280,18914304,1792,512,20,6
m,6,8056119747.859745,3152384,771169280,18914304,1792,512,20,6
l,6,20140299369.649364,3152384,771169280,18914304,1792,512,20,6
xl,6,40280598739.29873,3152384,771169280,18914304,1792,512,20,6
l,6,16181764910.71256,3152384,1007165440,18914304,2048,512,20,6
xl,6,32363529821.42512,3152384,1007165440,18914304,2048,512,20,6
s,6,4569501756.150914,4923520,566630400,29541120,1536,640,20,6
m,6,9139003512.301828,4923520,566630400,29541120,1536,640,20,6
l,6,22847508780.75457,4923520,566630400,29541120,1536,640,20,6
xl,6,45695017561.50914,4923520,566630400,29541120,1536,640,20,6
m,6,7360810027.847541,4923520,771169280,29541120,1792,640,20,6
l,6,18402025069.61885,4923520,771169280,29541120,1792,640,20,6
xl,6,36804050139.2377,4923520,771169280,29541120,1792,640,20,6
l,6,15040283900.158255,4923520,1007165440,29541120,2048,640,20,6
xl,6,30080567800.31651,4923520,1007165440,29541120,2048,640,20,6
m,6,6662086468.340336,7087872,771169280,42527232,1792,768,20,6
l,6,16655216170.85084,7087872,771169280,42527232,1792,768,20,6
xl,6,33310432341.70168,7087872,771169280,42527232,1792,768,20,6
l,6,13852811655.55403,7087872,1007165440,42527232,2048,768,20,6
xl,6,27705623311.10806,7087872,1007165440,42527232,2048,768,20,6
xl,6,25349772790.271667,9645440,1007165440,57872640,2048,896,20,6
s,6,40958825418.848404,198272,69352448,1189632,512,128,22,6
m,6,81917650837.69681,198272,69352448,1189632,512,128,22,6
l,6,204794127094.24203,198272,69352448,1189632,512,128,22,6
xl,6,409588254188.4841,198272,69352448,1189632,512,128,22,6
s,6,20848344141.114937,198272,155933184,1189632,768,128,22,6
m,6,41696688282.22987,198272,155933184,1189632,768,128,22,6
l,6,104241720705.57468,198272,155933184,1189632,768,128,22,6
xl,6,208483441411.14935,198272,155933184,1189632,768,128,22,6
s,6,12473980951.925474,198272,277116928,1189632,1024,128,22,6
m,6,24947961903.85095,198272,277116928,1189632,1024,128,22,6
l,6,62369904759.62737,198272,277116928,1189632,1024,128,22,6
xl,6,124739809519.25475,198272,277116928,1189632,1024,128,22,6
s,6,8263161831.426737,198272,432903680,1189632,1280,128,22,6
m,6,16526323662.853474,198272,432903680,1189632,1280,128,22,6
l,6,41315809157.13368,198272,432903680,1189632,1280,128,22,6
xl,6,82631618314.26736,198272,432903680,1189632,1280,128,22,6
s,6,5864346499.745159,198272,623293440,1189632,1536,128,22,6
m,6,11728692999.490318,198272,623293440,1189632,1536,128,22,6
l,6,29321732498.725796,198272,623293440,1189632,1536,128,22,6
xl,6,58643464997.45159,198272,623293440,1189632,1536,128,22,6
s,6,4373005677.778288,198272,848286208,1189632,1792,128,22,6
m,6,8746011355.556576,198272,848286208,1189632,1792,128,22,6
l,6,21865028388.89144,198272,848286208,1189632,1792,128,22,6
xl,6,43730056777.78288,198272,848286208,1189632,1792,128,22,6
m,6,6768645181.7152,198272,1107881984,1189632,2048,128,22,6
l,6,16921612954.288002,198272,1107881984,1189632,2048,128,22,6
xl,6,33843225908.576004,198272,1107881984,1189632,2048,128,22,6
s,6,17769129818.703697,789760,155933184,4738560,768,256,22,6
m,6,35538259637.407394,789760,155933184,4738560,768,256,22,6
l,6,88845649093.5185,789760,155933184,4738560,768,256,22,6
xl,6,177691298187.037,789760,155933184,4738560,768,256,22,6
s,6,11302141763.493128,789760,277116928,4738560,1024,256,22,6
m,6,22604283526.986256,789760,277116928,4738560,1024,256,22,6
l,6,56510708817.46564,789760,277116928,4738560,1024,256,22,6
xl,6,113021417634.93127,789760,277116928,4738560,1024,256,22,6
s,6,7732099059.133734,789760,432903680,4738560,1280,256,22,6
m,6,15464198118.267467,789760,432903680,4738560,1280,256,22,6
l,6,38660495295.66867,789760,432903680,4738560,1280,256,22,6
xl,6,77320990591.33734,789760,432903680,4738560,1280,256,22,6
s,6,5591780351.289062,789760,623293440,4738560,1536,256,22,6
m,6,11183560702.578123,789760,623293440,4738560,1536,256,22,6
l,6,27958901756.44531,789760,623293440,4738560,1536,256,22,6
xl,6,55917803512.89062,789760,623293440,4738560,1536,256,22,6
s,6,4219629963.115972,789760,848286208,4738560,1792,256,22,6
m,6,8439259926.231944,789760,848286208,4738560,1792,256,22,6
l,6,21098149815.57986,789760,848286208,4738560,1792,256,22,6
xl,6,42196299631.15972,789760,848286208,4738560,1792,256,22,6
l,6,16458627279.358944,789760,1107881984,4738560,2048,256,22,6
xl,6,32917254558.717888,789760,1107881984,4738560,2048,256,22,6
s,6,9819612418.768578,1774464,277116928,10646784,1024,384,22,6
m,6,19639224837.537155,1774464,277116928,10646784,1024,384,22,6
l,6,49098062093.84289,1774464,277116928,10646784,1024,384,22,6
xl,6,98196124187.68578,1774464,277116928,10646784,1024,384,22,6
s,6,7008239149.629302,1774464,432903680,10646784,1280,384,22,6
m,6,14016478299.258604,1774464,432903680,10646784,1280,384,22,6
l,6,35041195748.14651,1774464,432903680,10646784,1280,384,22,6
xl,6,70082391496.29301,1774464,432903680,10646784,1280,384,22,6
s,6,5203126737.844331,1774464,623293440,10646784,1536,384,22,6
m,6,10406253475.688662,1774464,623293440,10646784,1536,384,22,6
l,6,26015633689.221653,1774464,623293440,10646784,1536,384,22,6
xl,6,52031267378.443306,1774464,623293440,10646784,1536,384,22,6
m,6,7988949261.966537,1774464,848286208,10646784,1792,384,22,6
l,6,19972373154.916344,1774464,848286208,10646784,1792,384,22,6
xl,6,39944746309.83269,1774464,848286208,10646784,1792,384,22,6
l,6,15765398230.48106,1774464,1107881984,10646784,2048,384,22,6
xl,6,31530796460.96212,1774464,1107881984,10646784,2048,384,22,6
s,6,6207568374.908811,3152384,432903680,18914304,1280,512,22,6
m,6,12415136749.817621,3152384,432903680,18914304,1280,512,22,6
l,6,31037841874.544056,3152384,432903680,18914304,1280,512,22,6
xl,6,62075683749.08811,3152384,432903680,18914304,1280,512,22,6
s,6,4748414561.358937,3152384,623293440,18914304,1536,512,22,6
m,6,9496829122.717875,3152384,623293440,18914304,1536,512,22,6
l,6,23742072806.794685,3152384,623293440,18914304,1536,512,22,6
xl,6,47484145613.58937,3152384,623293440,18914304,1536,512,22,6
m,6,7441852344.843906,3152384,848286208,18914304,1792,512,22,6
l,6,18604630862.109768,3152384,848286208,18914304,1792,512,22,6
xl,6,37209261724.219536,3152384,848286208,18914304,1792,512,22,6
l,6,14900698883.568302,3152384,1107881984,18914304,2048,512,22,6
xl,6,29801397767.136604,3152384,1107881984,18914304,2048,512,22,6
s,6,4272639520.479958,4923520,623293440,29541120,1536,640,22,6
m,6,8545279040.959916,4923520,623293440,29541120,1536,640,22,6
l,6,21363197602.39979,4923520,623293440,29541120,1536,640,22,6
xl,6,42726395204.79958,4923520,623293440,29541120,1536,640,22,6
m,6,6844602483.501896,4923520,848286208,29541120,1792,640,22,6
l,6,17111506208.754742,4923520,848286208,29541120,1792,640,22,6
xl,6,34223012417.509483,4923520,848286208,29541120,1792,640,22,6
l,6,13927363903.862051,4923520,1107881984,29541120,2048,640,22,6
xl,6,27854727807.724102,4923520,1107881984,29541120,2048,640,22,6
l,6,15590988781.73243,7087872,848286208,42527232,1792,768,22,6
xl,6,31181977563.46486,7087872,848286208,42527232,1792,768,22,6
xl,6,25806284679.53978,7087872,1107881984,42527232,2048,768,22,6
xl,6,23750385201.931095,9645440,1107881984,57872640,2048,896,22,6
s,6,37968808471.96506,198272,75657216,1189632,512,128,24,6
m,6,75937616943.93011,198272,75657216,1189632,512,128,24,6
l,6,189844042359.8253,198272,75657216,1189632,512,128,24,6
xl,6,379688084719.6506,198272,75657216,1189632,512,128,24,6
s,6,19220029669.5754,198272,170108928,1189632,768,128,24,6
m,6,38440059339.1508,198272,170108928,1189632,768,128,24,6
l,6,96100148347.877,198272,170108928,1189632,768,128,24,6
xl,6,192200296695.754,198272,170108928,1189632,768,128,24,6
s,6,11473430838.526054,198272,302309376,1189632,1024,128,24,6
m,6,22946861677.05211,198272,302309376,1189632,1024,128,24,6
l,6,57367154192.63028,198272,302309376,1189632,1024,128,24,6
xl,6,114734308385.26056,198272,302309376,1189632,1024,128,24,6
s,6,7591636518.759724,198272,472258560,1189632,1280,128,24,6
m,6,15183273037.519447,198272,472258560,1189632,1280,128,24,6
l,6,37958182593.798615,198272,472258560,1189632,1280,128,24,6
xl,6,75916365187.59723,198272,472258560,1189632,1280,128,24,6
s,6,5384243755.827906,198272,679956480,1189632,1536,128,24,6
m,6,10768487511.655811,198272,679956480,1189632,1536,128,24,6
l,6,26921218779.139526,198272,679956480,1189632,1536,128,24,6
xl,6,53842437558.27905,198272,679956480,1189632,1536,128,24,6
s,6,4013364697.082791,198272,925403136,1189632,1792,128,24,6
m,6,8026729394.165582,198272,925403136,1189632,1792,128,24,6
l,6,20066823485.41395,198272,925403136,1189632,1792,128,24,6
xl,6,40133646970.8279,198272,925403136,1189632,1792,128,24,6
l,6,15525777858.8596,198272,1208598528,1189632,2048,128,24,6
xl,6,31051555717.7192,198272,1208598528,1189632,2048,128,24,6
s,6,16572481937.320486,789760,170108928,4738560,768,256,24,6
m,6,33144963874.640972,789760,170108928,4738560,768,256,24,6
l,6,82862409686.60243,789760,170108928,4738560,768,256,24,6
xl,6,165724819373.20486,789760,170108928,4738560,768,256,24,6
s,6,10474513915.517431,789760,302309376,4738560,1024,256,24,6
m,6,20949027831.034863,789760,302309376,4738560,1024,256,24,6
l,6,52372569577.58716,789760,302309376,4738560,1024,256,24,6
xl,6,104745139155.17432,789760,302309376,4738560,1024,256,24,6
s,6,7141029039.423051,789760,472258560,4738560,1280,256,24,6
m,6,14282058078.846102,789760,472258560,4738560,1280,256,24,6
l,6,35705145197.11525,789760,472258560,4738560,1280,256,24,6
xl,6,71410290394.2305,789760,472258560,4738560,1280,256,24,6
s,6,5153602079.25168,789760,679956480,4738560,1536,256,24,6
m,6,10307204158.50336,789760,679956480,4738560,1536,256,24,6
l,6,25768010396.258404,789760,679956480,4738560,1536,256,24,6
xl,6,51536020792.51681,789760,679956480,4738560,1536,256,24,6
m,6,7767610976.168721,789760,925403136,4738560,1792,256,24,6
l,6,19419027440.421803,789760,925403136,4738560,1792,256,24,6
xl,6,38838054880.843605,789760,925403136,4738560,1792,256,24,6
l,6,15135142046.577297,789760,1208598528,4738560,2048,256,24,6
xl,6,30270284093.154594,789760,1208598528,4738560,2048,256,24,6
s,6,9188809000.975042,1774464,302309376,10646784,1024,384,24,6
m,6,18377618001.950085,1774464,302309376,10646784,1024,384,24,6
l,6,45944045004.875206,1774464,302309376,10646784,1024,384,24,6
xl,6,91888090009.75041,1774464,302309376,10646784,1024,384,24,6
s,6,6519157770.710895,1774464,472258560,10646784,1280,384,24,6
m,6,13038315541.42179,1774464,472258560,10646784,1280,384,24,6
l,6,32595788853.554474,1774464,472258560,10646784,1280,384,24,6
xl,6,65191577707.10895,1774464,472258560,10646784,1280,384,24,6
s,6,4821664750.344229,1774464,679956480,10646784,1536,384,24,6
m,6,9643329500.688457,1774464,679956480,10646784,1536,384,24,6
l,6,24108323751.72114,1774464,679956480,10646784,1536,384,24,6
xl,6,48216647503.44228,1774464,679956480,10646784,1536,384,24,6
m,6,7384498177.860306,1774464,925403136,10646784,1792,384,24,6
l,6,18461245444.650764,1774464,925403136,10646784,1792,384,24,6
xl,6,36922490889.30153,1774464,925403136,10646784,1792,384,24,6
l,6,14546927223.468733,1774464,1208598528,10646784,2048,384,24,6
xl,6,29093854446.937466,1774464,1208598528,10646784,2048,384,24,6
s,6,5820771642.467157,3152384,472258560,18914304,1280,512,24,6
m,6,11641543284.934315,3152384,472258560,18914304,1280,512,24,6
l,6,29103858212.33579,3152384,472258560,18914304,1280,512,24,6
xl,6,58207716424.67158,3152384,472258560,18914304,1280,512,24,6
s,6,4428664071.162467,3152384,679956480,18914304,1536,512,24,6
m,6,8857328142.324934,3152384,679956480,18914304,1536,512,24,6
l,6,22143320355.812336,3152384,679956480,18914304,1536,512,24,6
xl,6,44286640711.62467,3152384,679956480,18914304,1536,512,24,6
m,6,6914622446.125688,3152384,925403136,18914304,1792,512,24,6
l,6,17286556115.314217,3152384,925403136,18914304,1792,512,24,6
xl,6,34573112230.62843,3152384,925403136,18914304,1792,512,24,6
l,6,13807589800.145632,3152384,1208598528,18914304,2048,512,24,6
xl,6,27615179600.291264,3152384,1208598528,18914304,2048,512,24,6
s,6,4011996189.566499,4923520,679956480,29541120,1536,640,24,6
m,6,8023992379.132998,4923520,679956480,29541120,1536,640,24,6
l,6,20059980947.832497,4923520,679956480,29541120,1536,640,24,6
xl,6,40119961895.66499,4923520,679956480,29541120,1536,640,24,6
l,6,15990131453.71939,4923520,925403136,29541120,1792,640,24,6
xl,6,31980262907.43878,4923520,925403136,29541120,1792,640,24,6
xl,6,25935598713.12954,4923520,1208598528,29541120,2048,640,24,6
l,6,14654596094.008507,7087872,925403136,42527232,1792,768,24,6
xl,6,29309192188.017014,7087872,925403136,42527232,1792,768,24,6
xl,6,24150654332.03232,7087872,1208598528,42527232,2048,768,24,6
xl,6,22340839569.465935,9645440,1208598528,57872640,2048,896,24,6
l,6,466583189490.59625,198272,25192448,1387904,1024,128,2,7
s,6,69299890407.42082,198272,39354880,1387904,1280,128,2,7
l,6,346499452037.1041,198272,39354880,1387904,1280,128,2,7
s,6,52825353465.005104,198272,56663040,1387904,1536,128,2,7
m,6,105650706930.01021,198272,56663040,1387904,1536,128,2,7
l,6,264126767325.0255,198272,56663040,1387904,1536,128,2,7
xl,6,528253534650.051,198272,56663040,1387904,1536,128,2,7
s,6,41293301879.05531,198272,77116928,1387904,1792,128,2,7
m,6,82586603758.11063,198272,77116928,1387904,1792,128,2,7
l,6,206466509395.27658,198272,77116928,1387904,1792,128,2,7
xl,6,412933018790.55316,198272,77116928,1387904,1792,128,2,7
s,6,33014050870.839268,198272,100716544,1387904,2048,128,2,7
m,6,66028101741.678535,198272,100716544,1387904,2048,128,2,7
l,6,165070254354.19635,198272,100716544,1387904,2048,128,2,7
xl,6,330140508708.3927,198272,100716544,1387904,2048,128,2,7
s,6,25136690021.144417,789760,100716544,5528320,2048,256,2,7
m,6,50273380042.28883,789760,100716544,5528320,2048,256,2,7
l,6,125683450105.72209,789760,100716544,5528320,2048,256,2,7
xl,6,251366900211.44418,789760,100716544,5528320,2048,256,2,7
l,6,421854919705.822,198272,28351488,1387904,768,128,4,7
s,6,56474134810.96024,198272,50384896,1387904,1024,128,4,7
m,6,112948269621.92049,198272,50384896,1387904,1024,128,4,7
l,6,282370674054.8012,198272,50384896,1387904,1024,128,4,7
xl,6,564741348109.6024,198272,50384896,1387904,1024,128,4,7
s,6,39785333261.22242,198272,78709760,1387904,1280,128,4,7
m,6,79570666522.44484,198272,78709760,1387904,1280,128,4,7
l,6,198926666306.1121,198272,78709760,1387904,1280,128,4,7
xl,6,397853332612.2242,198272,78709760,1387904,1280,128,4,7
s,6,29295080676.308575,198272,113326080,1387904,1536,128,4,7
m,6,58590161352.61715,198272,113326080,1387904,1536,128,4,7
l,6,146475403381.54288,198272,113326080,1387904,1536,128,4,7
xl,6,292950806763.08575,198272,113326080,1387904,1536,128,4,7
s,6,22366950683.138397,198272,154233856,1387904,1792,128,4,7
m,6,44733901366.276794,198272,154233856,1387904,1792,128,4,7
l,6,111834753415.69199,198272,154233856,1387904,1792,128,4,7
xl,6,223669506831.38397,198272,154233856,1387904,1792,128,4,7
s,6,17588577024.779232,198272,201433088,1387904,2048,128,4,7
m,6,35177154049.558464,198272,201433088,1387904,2048,128,4,7
l,6,87942885123.89616,198272,201433088,1387904,2048,128,4,7
xl,6,175885770247.79233,198272,201433088,1387904,2048,128,4,7
s,6,22921177554.409374,789760,113326080,5528320,1536,256,4,7
m,6,45842355108.81875,789760,113326080,5528320,1536,256,4,7
l,6,114605887772.04688,789760,113326080,5528320,1536,256,4,7
xl,6,229211775544.09375,789760,113326080,5528320,1536,256,4,7
s,6,18449785125.26941,789760,154233856,5528320,1792,256,4,7
m,6,36899570250.53882,789760,154233856,5528320,1792,256,4,7
l,6,92248925626.34705,789760,154233856,5528320,1792,256,4,7
xl,6,184497851252.6941,789760,154233856,5528320,1792,256,4,7
s,6,15072172807.4652,789760,201433088,5528320,2048,256,4,7
m,6,30144345614.9304,789760,201433088,5528320,2048,256,4,7
l,6,75360864037.326,789760,201433088,5528320,2048,256,4,7
xl,6,150721728074.652,789760,201433088,5528320,2048,256,4,7
s,6,12253857585.976545,1774464,201433088,12421248,2048,384,4,7
m,6,24507715171.95309,1774464,201433088,12421248,2048,384,4,7
l,6,61269287929.88273,1774464,201433088,12421248,2048,384,4,7
xl,6,122538575859.76546,1774464,201433088,12421248,2048,384,4,7
s,6,62829730425.27183,198272,42527232,1387904,768,128,6,7
m,6,125659460850.54366,198272,42527232,1387904,768,128,6,7
l,6,314148652126.35913,198272,42527232,1387904,768,128,6,7
xl,6,628297304252.7183,198272,42527232,1387904,768,128,6,7
s,6,40488714985.35928,198272,75577344,1387904,1024,128,6,7
m,6,80977429970.71857,198272,75577344,1387904,1024,128,6,7
l,6,202443574926.79642,198272,75577344,1387904,1024,128,6,7
xl,6,404887149853.59283,198272,75577344,1387904,1024,128,6,7
s,6,27901985014.178673,198272,118064640,1387904,1280,128,6,7
m,6,55803970028.357346,198272,118064640,1387904,1280,128,6,7
l,6,139509925070.89337,198272,118064640,1387904,1280,128,6,7
xl,6,279019850141.78674,198272,118064640,1387904,1280,128,6,7
s,6,20267307956.71811,198272,169989120,1387904,1536,128,6,7
m,6,40534615913.43622,198272,169989120,1387904,1536,128,6,7
l,6,101336539783.59055,198272,169989120,1387904,1536,128,6,7
xl,6,202673079567.1811,198272,169989120,1387904,1536,128,6,7
s,6,15337272762.966743,198272,231350784,1387904,1792,128,6,7
m,6,30674545525.933487,198272,231350784,1387904,1792,128,6,7
l,6,76686363814.83372,198272,231350784,1387904,1792,128,6,7
xl,6,153372727629.66745,198272,231350784,1387904,1792,128,6,7
s,6,11987528367.287128,198272,302149632,1387904,2048,128,6,7
m,6,23975056734.574257,198272,302149632,1387904,2048,128,6,7
l,6,59937641836.43564,198272,302149632,1387904,2048,128,6,7
xl,6,119875283672.87128,198272,302149632,1387904,2048,128,6,7
s,6,22059425621.969917,789760,118064640,5528320,1280,256,6,7
m,6,44118851243.939835,789760,118064640,5528320,1280,256,6,7
l,6,110297128109.84958,789760,118064640,5528320,1280,256,6,7
xl,6,220594256219.69916,789760,118064640,5528320,1280,256,6,7
s,6,16997293486.963484,789760,169989120,5528320,1536,256,6,7
m,6,33994586973.926968,789760,169989120,5528320,1536,256,6,7
l,6,84986467434.81741,789760,169989120,5528320,1536,256,6,7
xl,6,169972934869.63483,789760,169989120,5528320,1536,256,6,7
s,6,13388136868.31557,789760,231350784,5528320,1792,256,6,7
m,6,26776273736.63114,789760,231350784,5528320,1792,256,6,7
l,6,66940684341.57786,789760,231350784,5528320,1792,256,6,7
xl,6,133881368683.15572,789760,231350784,5528320,1792,256,6,7
s,6,10762827913.230598,789760,302149632,5528320,2048,256,6,7
m,6,21525655826.461197,789760,302149632,5528320,2048,256,6,7
l,6,53814139566.15299,789760,302149632,5528320,2048,256,6,7
xl,6,107628279132.30598,789760,302149632,5528320,2048,256,6,7
s,6,11116976922.223139,1774464,231350784,12421248,1792,384,6,7
m,6,22233953844.446278,1774464,231350784,12421248,1792,384,6,7
l,6,55584884611.1157,1774464,231350784,12421248,1792,384,6,7
xl,6,111169769222.2314,1774464,231350784,12421248,1792,384,6,7
s,6,9244544683.24788,1774464,302149632,12421248,2048,384,6,7
m,6,18489089366.49576,1774464,302149632,12421248,2048,384,6,7
l,6,46222723416.2394,1774464,302149632,12421248,2048,384,6,7
xl,6,92445446832.4788,1774464,302149632,12421248,2048,384,6,7
l,6,437990786469.6149,198272,25219072,1387904,512,128,8,7
s,6,50050931828.22841,198272,56702976,1387904,768,128,8,7
m,6,100101863656.45682,198272,56702976,1387904,768,128,8,7
l,6,250254659141.14203,198272,56702976,1387904,768,128,8,7
xl,6,500509318282.28406,198272,56702976,1387904,768,128,8,7
s,6,31556434053.370033,198272,100769792,1387904,1024,128,8,7
m,6,63112868106.74007,198272,100769792,1387904,1024,128,8,7
l,6,157782170266.85016,198272,100769792,1387904,1024,128,8,7
xl,6,315564340533.7003,198272,100769792,1387904,1024,128,8,7
s,6,21484770716.326263,198272,157419520,1387904,1280,128,8,7
m,6,42969541432.65253,198272,157419520,1387904,1280,128,8,7
l,6,107423853581.63132,198272,157419520,1387904,1280,128,8,7
xl,6,214847707163.26263,198272,157419520,1387904,1280,128,8,7
s,6,15492907470.90308,198272,226652160,1387904,1536,128,8,7
m,6,30985814941.80616,198272,226652160,1387904,1536,128,8,7
l,6,77464537354.5154,198272,226652160,1387904,1536,128,8,7
xl,6,154929074709.0308,198272,226652160,1387904,1536,128,8,7
s,6,11669638332.774584,198272,308467712,1387904,1792,128,8,7
m,6,23339276665.549168,198272,308467712,1387904,1792,128,8,7
l,6,58348191663.87292,198272,308467712,1387904,1792,128,8,7
xl,6,116696383327.74583,198272,308467712,1387904,1792,128,8,7
s,6,9092150479.409206,198272,402866176,1387904,2048,128,8,7
m,6,18184300958.818413,198272,402866176,1387904,2048,128,8,7
l,6,45460752397.04603,198272,402866176,1387904,2048,128,8,7
xl,6,90921504794.09206,198272,402866176,1387904,2048,128,8,7
s,6,24282683091.392567,789760,100769792,5528320,1024,256,8,7
m,6,48565366182.78513,789760,100769792,5528320,1024,256,8,7
l,6,121413415456.96283,789760,100769792,5528320,1024,256,8,7
xl,6,242826830913.92566,789760,100769792,5528320,1024,256,8,7
s,6,17845368339.712032,789760,157419520,5528320,1280,256,8,7
m,6,35690736679.424065,789760,157419520,5528320,1280,256,8,7
l,6,89226841698.56017,789760,157419520,5528320,1280,256,8,7
xl,6,178453683397.12033,789760,157419520,5528320,1280,256,8,7
s,6,13506574784.499899,789760,226652160,5528320,1536,256,8,7
m,6,27013149568.999798,789760,226652160,5528320,1536,256,8,7
l,6,67532873922.49949,789760,226652160,5528320,1536,256,8,7
xl,6,135065747844.99898,789760,226652160,5528320,1536,256,8,7
s,6,10505877917.220472,789760,308467712,5528320,1792,256,8,7
m,6,21011755834.440945,789760,308467712,5528320,1792,256,8,7
l,6,52529389586.102356,789760,308467712,5528320,1792,256,8,7
xl,6,105058779172.20471,789760,308467712,5528320,1792,256,8,7
s,6,8369788417.586731,789760,402866176,5528320,2048,256,8,7
m,6,16739576835.173462,789760,402866176,5528320,2048,256,8,7
l,6,41848942087.933655,789760,402866176,5528320,2048,256,8,7
xl,6,83697884175.86731,789760,402866176,5528320,2048,256,8,7
s,6,11198517280.47681,1774464,226652160,12421248,1536,384,8,7
m,6,22397034560.95362,1774464,226652160,12421248,1536,384,8,7
l,6,55992586402.38405,1774464,226652160,12421248,1536,384,8,7
xl,6,111985172804.7681,1774464,226652160,12421248,1536,384,8,7
s,6,9054335286.755241,1774464,308467712,12421248,1792,384,8,7
m,6,18108670573.510483,1774464,308467712,12421248,1792,384,8,7
l,6,45271676433.77621,1774464,308467712,12421248,1792,384,8,7
xl,6,90543352867.55241,1774464,308467712,12421248,1792,384,8,7
s,6,7421874386.10082,1774464,402866176,12421248,2048,384,8,7
m,6,14843748772.20164,1774464,402866176,12421248,2048,384,8,7
l,6,37109371930.5041,1774464,402866176,12421248,2048,384,8,7
xl,6,74218743861.0082,1774464,402866176,12421248,2048,384,8,7
s,6,6419987578.447534,3152384,402866176,22066688,2048,512,8,7
m,6,12839975156.895067,3152384,402866176,22066688,2048,512,8,7
l,6,32099937892.237667,3152384,402866176,22066688,2048,512,8,7
xl,6,64199875784.475334,3152384,402866176,22066688,2048,512,8,7
l,6,374857255528.5237,198272,31523840,1387904,512,128,10,7
s,6,41591690712.20946,198272,70878720,1387904,768,128,10,7
m,6,83183381424.41891,198272,70878720,1387904,768,128,10,7
l,6,207958453561.04727,198272,70878720,1387904,768,128,10,7
xl,6,415916907122.09454,198272,70878720,1387904,768,128,10,7
s,6,25852968776.225616,198272,125962240,1387904,1024,128,10,7
m,6,51705937552.45123,198272,125962240,1387904,1024,128,10,7
l,6,129264843881.12808,198272,125962240,1387904,1024,128,10,7
xl,6,258529687762.25616,198272,125962240,1387904,1024,128,10,7
s,6,17467416526.846367,198272,196774400,1387904,1280,128,10,7
m,6,34934833053.69273,198272,196774400,1387904,1280,128,10,7
l,6,87337082634.23183,198272,196774400,1387904,1280,128,10,7
xl,6,174674165268.46365,198272,196774400,1387904,1280,128,10,7
s,6,12539061684.96099,198272,283315200,1387904,1536,128,10,7
m,6,25078123369.92198,198272,283315200,1387904,1536,128,10,7
l,6,62695308424.804955,198272,283315200,1387904,1536,128,10,7
xl,6,125390616849.60991,198272,283315200,1387904,1536,128,10,7
s,6,9417590116.90217,198272,385584640,1387904,1792,128,10,7
m,6,18835180233.80434,198272,385584640,1387904,1792,128,10,7
l,6,47087950584.51086,198272,385584640,1387904,1792,128,10,7
xl,6,94175901169.02171,198272,385584640,1387904,1792,128,10,7
s,6,7323328510.112892,198272,503582720,1387904,2048,128,10,7
m,6,14646657020.225784,198272,503582720,1387904,2048,128,10,7
l,6,36616642550.56446,198272,503582720,1387904,2048,128,10,7
xl,6,73233285101.12892,198272,503582720,1387904,2048,128,10,7
s,6,20758675944.59773,789760,125962240,5528320,1024,256,10,7
m,6,41517351889.19546,789760,125962240,5528320,1024,256,10,7
l,6,103793379722.98865,789760,125962240,5528320,1024,256,10,7
xl,6,207586759445.9773,789760,125962240,5528320,1024,256,10,7
s,6,14983113441.191687,789760,196774400,5528320,1280,256,10,7
m,6,29966226882.383373,789760,196774400,5528320,1280,256,10,7
l,6,74915567205.95844,789760,196774400,5528320,1280,256,10,7
xl,6,149831134411.91687,789760,196774400,5528320,1280,256,10,7
s,6,11205343568.383791,789760,283315200,5528320,1536,256,10,7
m,6,22410687136.767582,789760,283315200,5528320,1536,256,10,7
l,6,56026717841.91896,789760,283315200,5528320,1536,256,10,7
xl,6,112053435683.83792,789760,283315200,5528320,1536,256,10,7
s,6,8644788549.628315,789760,385584640,5528320,1792,256,10,7
m,6,17289577099.25663,789760,385584640,5528320,1792,256,10,7
l,6,43223942748.14158,789760,385584640,5528320,1792,256,10,7
xl,6,86447885496.28316,789760,385584640,5528320,1792,256,10,7
s,6,6847332033.064352,789760,503582720,5528320,2048,256,10,7
m,6,13694664066.128704,789760,503582720,5528320,2048,256,10,7
l,6,34236660165.321762,789760,503582720,5528320,2048,256,10,7
xl,6,68473320330.643524,789760,503582720,5528320,2048,256,10,7
s,6,12194925252.280344,1774464,196774400,12421248,1280,384,10,7
m,6,24389850504.560688,1774464,196774400,12421248,1280,384,10,7
l,6,60974626261.40172,1774464,196774400,12421248,1280,384,10,7
xl,6,121949252522.80344,1774464,196774400,12421248,1280,384,10,7
s,6,9569134778.737106,1774464,283315200,12421248,1536,384,10,7
m,6,19138269557.474213,1774464,283315200,12421248,1536,384,10,7
l,6,47845673893.68553,1774464,283315200,12421248,1536,384,10,7
xl,6,95691347787.37106,1774464,283315200,12421248,1536,384,10,7
s,6,7637310289.999994,1774464,385584640,12421248,1792,384,10,7
m,6,15274620579.999989,1774464,385584640,12421248,1792,384,10,7
l,6,38186551449.99997,1774464,385584640,12421248,1792,384,10,7
xl,6,76373102899.99994,1774464,385584640,12421248,1792,384,10,7
s,6,6199558738.50235,1774464,503582720,12421248,2048,384,10,7
m,6,12399117477.0047,1774464,503582720,12421248,2048,384,10,7
l,6,30997793692.51175,1774464,503582720,12421248,2048,384,10,7
xl,6,61995587385.0235,1774464,503582720,12421248,2048,384,10,7
s,6,6580556260.310282,3152384,385584640,22066688,1792,512,10,7
m,6,13161112520.620564,3152384,385584640,22066688,1792,512,10,7
l,6,32902781301.55141,3152384,385584640,22066688,1792,512,10,7
xl,6,65805562603.10282,3152384,385584640,22066688,1792,512,10,7
s,6,5484606363.888172,3152384,503582720,22066688,2048,512,10,7
m,6,10969212727.776344,3152384,503582720,22066688,2048,512,10,7
l,6,27423031819.44086,3152384,503582720,22066688,2048,512,10,7
xl,6,54846063638.88172,3152384,503582720,22066688,2048,512,10,7
s,6,4781889722.159673,4923520,503582720,34464640,2048,640,10,7
m,6,9563779444.319345,4923520,503582720,34464640,2048,640,10,7
l,6,23909448610.798363,4923520,503582720,34464640,2048,640,10,7
xl,6,47818897221.596725,4923520,503582720,34464640,2048,640,10,7
s,6,65526265023.86205,198272,37828608,1387904,512,128,12,7
m,6,131052530047.7241,198272,37828608,1387904,512,128,12,7
l,6,327631325119.31024,198272,37828608,1387904,512,128,12,7
xl,6,655262650238.6205,198272,37828608,1387904,512,128,12,7
s,6,35578477582.712845,198272,85054464,1387904,768,128,12,7
m,6,71156955165.42569,198272,85054464,1387904,768,128,12,7
l,6,177892387913.5642,198272,85054464,1387904,768,128,12,7
xl,6,355784775827.1284,198272,85054464,1387904,768,128,12,7
s,6,21895590613.412853,198272,151154688,1387904,1024,128,12,7
m,6,43791181226.82571,198272,151154688,1387904,1024,128,12,7
l,6,109477953067.06427,198272,151154688,1387904,1024,128,12,7
xl,6,218955906134.12854,198272,151154688,1387904,1024,128,12,7
s,6,14715771351.289244,198272,236129280,1387904,1280,128,12,7
m,6,29431542702.578487,198272,236129280,1387904,1280,128,12,7
l,6,73578856756.44621,198272,236129280,1387904,1280,128,12,7
xl,6,147157713512.89243,198272,236129280,1387904,1280,128,12,7
s,6,10531204041.825562,198272,339978240,1387904,1536,128,12,7
m,6,21062408083.651123,198272,339978240,1387904,1536,128,12,7
l,6,52656020209.12781,198272,339978240,1387904,1536,128,12,7
xl,6,105312040418.25562,198272,339978240,1387904,1536,128,12,7
s,6,7894149185.020669,198272,462701568,1387904,1792,128,12,7
m,6,15788298370.041338,198272,462701568,1387904,1792,128,12,7
l,6,39470745925.10334,198272,462701568,1387904,1792,128,12,7
xl,6,78941491850.20668,198272,462701568,1387904,1792,128,12,7
s,6,6130648534.333593,198272,604299264,1387904,2048,128,12,7
m,6,12261297068.667187,198272,604299264,1387904,2048,128,12,7
l,6,30653242671.66797,198272,604299264,1387904,2048,128,12,7
xl,6,61306485343.33594,198272,604299264,1387904,2048,128,12,7
s,6,26596287924.178875,789760,85054464,5528320,768,256,12,7
m,6,53192575848.35775,789760,85054464,5528320,768,256,12,7
l,6,132981439620.89438,789760,85054464,5528320,768,256,12,7
xl,6,265962879241.78876,789760,85054464,5528320,768,256,12,7
s,6,18127880157.599438,789760,151154688,5528320,1024,256,12,7
m,6,36255760315.198875,789760,151154688,5528320,1024,256,12,7
l,6,90639400787.9972,789760,151154688,5528320,1024,256,12,7
xl,6,181278801575.9944,789760,151154688,5528320,1024,256,12,7
s,6,12912113339.018795,789760,236129280,5528320,1280,256,12,7
m,6,25824226678.03759,789760,236129280,5528320,1280,256,12,7
l,6,64560566695.09398,789760,236129280,5528320,1280,256,12,7
xl,6,129121133390.18796,789760,236129280,5528320,1280,256,12,7
s,6,9574118690.885561,789760,339978240,5528320,1536,256,12,7
m,6,19148237381.771122,789760,339978240,5528320,1536,256,12,7
l,6,47870593454.42781,789760,339978240,5528320,1536,256,12,7
xl,6,95741186908.85562,789760,339978240,5528320,1536,256,12,7
s,6,7343845176.233484,789760,462701568,5528320,1792,256,12,7
m,6,14687690352.466969,789760,462701568,5528320,1792,256,12,7
l,6,36719225881.16742,789760,462701568,5528320,1792,256,12,7
xl,6,73438451762.33484,789760,462701568,5528320,1792,256,12,7
s,6,5793500008.157248,789760,604299264,5528320,2048,256,12,7
m,6,11587000016.314495,789760,604299264,5528320,2048,256,12,7
l,6,28967500040.78624,789760,604299264,5528320,2048,256,12,7
xl,6,57935000081.57248,789760,604299264,5528320,2048,256,12,7
s,6,10786767863.232758,1774464,236129280,12421248,1280,384,12,7
m,6,21573535726.465515,1774464,236129280,12421248,1280,384,12,7
l,6,53933839316.16379,1774464,236129280,12421248,1280,384,12,7
xl,6,107867678632.32758,1774464,236129280,12421248,1280,384,12,7
s,6,8353676205.629282,1774464,339978240,12421248,1536,384,12,7
m,6,16707352411.258564,1774464,339978240,12421248,1536,384,12,7
l,6,41768381028.14641,1774464,339978240,12421248,1536,384,12,7
xl,6,83536762056.29282,1774464,339978240,12421248,1536,384,12,7
s,6,6603799900.425263,1774464,462701568,12421248,1792,384,12,7
m,6,13207599800.850527,1774464,462701568,12421248,1792,384,12,7
l,6,33018999502.126316,1774464,462701568,12421248,1792,384,12,7
xl,6,66037999004.25263,1774464,462701568,12421248,1792,384,12,7
s,6,5322921641.824095,1774464,604299264,12421248,2048,384,12,7
m,6,10645843283.64819,1774464,604299264,12421248,2048,384,12,7
l,6,26614608209.120472,1774464,604299264,12421248,2048,384,12,7
xl,6,53229216418.240944,1774464,604299264,12421248,2048,384,12,7
s,6,7105580051.805931,3152384,339978240,22066688,1536,512,12,7
m,6,14211160103.611862,3152384,339978240,22066688,1536,512,12,7
l,6,35527900259.029655,3152384,339978240,22066688,1536,512,12,7
xl,6,71055800518.05931,3152384,339978240,22066688,1536,512,12,7
s,6,5798625697.8762,3152384,462701568,22066688,1792,512,12,7
m,6,11597251395.7524,3152384,462701568,22066688,1792,512,12,7
l,6,28993128489.381,3152384,462701568,22066688,1792,512,12,7
xl,6,57986256978.762,3152384,462701568,22066688,1792,512,12,7
s,6,4787129744.237062,3152384,604299264,22066688,2048,512,12,7
m,6,9574259488.474125,3152384,604299264,22066688,2048,512,12,7
l,6,23935648721.18531,3152384,604299264,22066688,2048,512,12,7
xl,6,47871297442.37062,3152384,604299264,22066688,2048,512,12,7
s,6,4242910063.340878,4923520,604299264,34464640,2048,640,12,7
m,6,8485820126.681756,4923520,604299264,34464640,2048,640,12,7
l,6,21214550316.70439,4923520,604299264,34464640,2048,640,12,7
xl,6,42429100633.40878,4923520,604299264,34464640,2048,640,12,7
s,6,58194680264.24168,198272,44133376,1387904,512,128,14,7
m,6,116389360528.48335,198272,44133376,1387904,512,128,14,7
l,6,290973401321.2084,198272,44133376,1387904,512,128,14,7
xl,6,581946802642.4167,198272,44133376,1387904,512,128,14,7
s,6,31084382410.516766,198272,99230208,1387904,768,128,14,7
m,6,62168764821.03353,198272,99230208,1387904,768,128,14,7
l,6,155421912052.58383,198272,99230208,1387904,768,128,14,7
xl,6,310843824105.16766,198272,99230208,1387904,768,128,14,7
s,6,18988910896.166294,198272,176347136,1387904,1024,128,14,7
m,6,37977821792.33259,198272,176347136,1387904,1024,128,14,7
l,6,94944554480.83147,198272,176347136,1387904,1024,128,14,7
xl,6,189889108961.66293,198272,176347136,1387904,1024,128,14,7
s,6,12713077980.504297,198272,275484160,1387904,1280,128,14,7
m,6,25426155961.008595,198272,275484160,1387904,1280,128,14,7
l,6,63565389902.52149,198272,275484160,1387904,1280,128,14,7
xl,6,127130779805.04298,198272,275484160,1387904,1280,128,14,7
s,6,9077620774.476461,198272,396641280,1387904,1536,128,14,7
m,6,18155241548.952923,198272,396641280,1387904,1536,128,14,7
l,6,45388103872.3823,198272,396641280,1387904,1536,128,14,7
xl,6,90776207744.7646,198272,396641280,1387904,1536,128,14,7
s,6,6794959366.979615,198272,539818496,1387904,1792,128,14,7
m,6,13589918733.95923,198272,539818496,1387904,1792,128,14,7
l,6,33974796834.898075,198272,539818496,1387904,1792,128,14,7
xl,6,67949593669.79615,198272,539818496,1387904,1792,128,14,7
s,6,5272041861.035152,198272,705015808,1387904,2048,128,14,7
m,6,10544083722.070305,198272,705015808,1387904,2048,128,14,7
l,6,26360209305.175762,198272,705015808,1387904,2048,128,14,7
xl,6,52720418610.351524,198272,705015808,1387904,2048,128,14,7
s,6,24002199753.60302,789760,99230208,5528320,768,256,14,7
m,6,48004399507.20604,789760,99230208,5528320,768,256,14,7
l,6,120010998768.01509,789760,99230208,5528320,768,256,14,7
xl,6,240021997536.03018,789760,99230208,5528320,768,256,14,7
s,6,16088896527.003132,789760,176347136,5528320,1024,256,14,7
m,6,32177793054.006264,789760,176347136,5528320,1024,256,14,7
l,6,80444482635.01566,789760,176347136,5528320,1024,256,14,7
xl,6,160888965270.0313,789760,176347136,5528320,1024,256,14,7
s,6,11344105262.724133,789760,275484160,5528320,1280,256,14,7
m,6,22688210525.448265,789760,275484160,5528320,1280,256,14,7
l,6,56720526313.62066,789760,275484160,5528320,1280,256,14,7
xl,6,113441052627.24132,789760,275484160,5528320,1280,256,14,7
s,6,8357474176.073393,789760,396641280,5528320,1536,256,14,7
m,6,16714948352.146786,789760,396641280,5528320,1536,256,14,7
l,6,41787370880.36697,789760,396641280,5528320,1536,256,14,7
xl,6,83574741760.73393,789760,396641280,5528320,1536,256,14,7
s,6,6383239487.225658,789760,539818496,5528320,1792,256,14,7
m,6,12766478974.451317,789760,539818496,5528320,1792,256,14,7
l,6,31916197436.128296,789760,539818496,5528320,1792,256,14,7
xl,6,63832394872.25659,789760,539818496,5528320,1792,256,14,7
s,6,5020781485.2657795,789760,705015808,5528320,2048,256,14,7
m,6,10041562970.531559,789760,705015808,5528320,2048,256,14,7
l,6,25103907426.328896,789760,705015808,5528320,2048,256,14,7
xl,6,50207814852.65779,789760,705015808,5528320,2048,256,14,7
s,6,9670148409.242336,1774464,275484160,12421248,1280,384,14,7
m,6,19340296818.484673,1774464,275484160,12421248,1280,384,14,7
l,6,48350742046.21168,1774464,275484160,12421248,1280,384,14,7
xl,6,96701484092.42336,1774464,275484160,12421248,1280,384,14,7
s,6,7412189862.116665,1774464,396641280,12421248,1536,384,14,7
m,6,14824379724.23333,1774464,396641280,12421248,1536,384,14,7
l,6,37060949310.58333,1774464,396641280,12421248,1536,384,14,7
xl,6,74121898621.16666,1774464,396641280,12421248,1536,384,14,7
s,6,5816666130.357931,1774464,539818496,12421248,1792,384,14,7
m,6,11633332260.715862,1774464,539818496,12421248,1792,384,14,7
l,6,29083330651.789658,1774464,539818496,12421248,1792,384,14,7
xl,6,58166661303.579315,1774464,539818496,12421248,1792,384,14,7
s,6,4663489559.475759,1774464,705015808,12421248,2048,384,14,7
m,6,9326979118.951517,1774464,705015808,12421248,2048,384,14,7
l,6,23317447797.37879,1774464,705015808,12421248,2048,384,14,7
xl,6,46634895594.75758,1774464,705015808,12421248,2048,384,14,7
s,6,6412739949.338328,3152384,396641280,22066688,1536,512,14,7
m,6,12825479898.676657,3152384,396641280,22066688,1536,512,14,7
l,6,32063699746.691643,3152384,396641280,22066688,1536,512,14,7
xl,6,64127399493.383286,3152384,396641280,22066688,1536,512,14,7
s,6,5182784510.282161,3152384,539818496,22066688,1792,512,14,7
m,6,10365569020.564322,3152384,539818496,22066688,1792,512,14,7
l,6,25913922551.410805,3152384,539818496,22066688,1792,512,14,7
xl,6,51827845102.82161,3152384,539818496,22066688,1792,512,14,7
s,6,4247034914.2592716,3152384,705015808,22066688,2048,512,14,7
m,6,8494069828.518543,3152384,705015808,22066688,2048,512,14,7
l,6,21235174571.29636,3152384,705015808,22066688,2048,512,14,7
xl,6,42470349142.59272,3152384,705015808,22066688,2048,512,14,7
s,6,4550825955.143209,4923520,539818496,34464640,1792,640,14,7
m,6,9101651910.286419,4923520,539818496,34464640,1792,640,14,7
l,6,22754129775.71605,4923520,539818496,34464640,1792,640,14,7
xl,6,45508259551.4321,4923520,539818496,34464640,1792,640,14,7
m,6,7626245480.161432,4923520,705015808,34464640,2048,640,14,7
l,6,19065613700.40358,4923520,705015808,34464640,2048,640,14,7
xl,6,38131227400.80716,4923520,705015808,34464640,2048,640,14,7
s,6,52338629651.549095,198272,50438144,1387904,512,128,16,7
m,6,104677259303.09819,198272,50438144,1387904,512,128,16,7
l,6,261693148257.74548,198272,50438144,1387904,512,128,16,7
xl,6,523386296515.49097,198272,50438144,1387904,512,128,16,7
s,6,27598302947.23381,198272,113405952,1387904,768,128,16,7
m,6,55196605894.46762,198272,113405952,1387904,768,128,16,7
l,6,137991514736.16907,198272,113405952,1387904,768,128,16,7
xl,6,275983029472.33813,198272,113405952,1387904,768,128,16,7
s,6,16763522598.295042,198272,201539584,1387904,1024,128,16,7
m,6,33527045196.590084,198272,201539584,1387904,1024,128,16,7
l,6,83817612991.4752,198272,201539584,1387904,1024,128,16,7
xl,6,167635225982.9504,198272,201539584,1387904,1024,128,16,7
s,6,11190187112.307663,198272,314839040,1387904,1280,128,16,7
m,6,22380374224.615326,198272,314839040,1387904,1280,128,16,7
l,6,55950935561.538315,198272,314839040,1387904,1280,128,16,7
xl,6,111901871123.07663,198272,314839040,1387904,1280,128,16,7
s,6,7976635222.983328,198272,453304320,1387904,1536,128,16,7
m,6,15953270445.966656,198272,453304320,1387904,1536,128,16,7
l,6,39883176114.91664,198272,453304320,1387904,1536,128,16,7
xl,6,79766352229.83328,198272,453304320,1387904,1536,128,16,7
s,6,5964461356.436042,198272,616935424,1387904,1792,128,16,7
m,6,11928922712.872084,198272,616935424,1387904,1792,128,16,7
l,6,29822306782.18021,198272,616935424,1387904,1792,128,16,7
xl,6,59644613564.36042,198272,616935424,1387904,1792,128,16,7
s,6,4624389112.923489,198272,805732352,1387904,2048,128,16,7
m,6,9248778225.846977,198272,805732352,1387904,2048,128,16,7
l,6,23121945564.617443,198272,805732352,1387904,2048,128,16,7
xl,6,46243891129.234886,198272,805732352,1387904,2048,128,16,7
s,6,21869174052.03254,789760,113405952,5528320,768,256,16,7
m,6,43738348104.06508,789760,113405952,5528320,768,256,16,7
l,6,109345870260.16269,789760,113405952,5528320,768,256,16,7
xl,6,218691740520.32538,789760,113405952,5528320,768,256,16,7
s,6,14462218378.260992,789760,201539584,5528320,1024,256,16,7
m,6,28924436756.521984,789760,201539584,5528320,1024,256,16,7
l,6,72311091891.30496,789760,201539584,5528320,1024,256,16,7
xl,6,144622183782.60992,789760,201539584,5528320,1024,256,16,7
s,6,10115686774.693325,789760,314839040,5528320,1280,256,16,7
m,6,20231373549.38665,789760,314839040,5528320,1280,256,16,7
l,6,50578433873.46662,789760,314839040,5528320,1280,256,16,7
xl,6,101156867746.93324,789760,314839040,5528320,1280,256,16,7
s,6,7415179834.127766,789760,453304320,5528320,1536,256,16,7
m,6,14830359668.255531,789760,453304320,5528320,1536,256,16,7
l,6,37075899170.63883,789760,453304320,5528320,1536,256,16,7
xl,6,74151798341.27766,789760,453304320,5528320,1536,256,16,7
s,6,5644867225.744384,789760,616935424,5528320,1792,256,16,7
m,6,11289734451.488768,789760,616935424,5528320,1792,256,16,7
l,6,28224336128.721916,789760,616935424,5528320,1792,256,16,7
xl,6,56448672257.44383,789760,616935424,5528320,1792,256,16,7
s,6,4429931386.260173,789760,805732352,5528320,2048,256,16,7
m,6,8859862772.520346,789760,805732352,5528320,2048,256,16,7
l,6,22149656931.300865,789760,805732352,5528320,2048,256,16,7
xl,6,44299313862.60173,789760,805732352,5528320,2048,256,16,7
s,6,11847610547.691904,1774464,201539584,12421248,1024,384,16,7
m,6,23695221095.38381,1774464,201539584,12421248,1024,384,16,7
l,6,59238052738.45952,1774464,201539584,12421248,1024,384,16,7
xl,6,118476105476.91904,1774464,201539584,12421248,1024,384,16,7
s,6,8763022087.697758,1774464,314839040,12421248,1280,384,16,7
m,6,17526044175.395515,1774464,314839040,12421248,1280,384,16,7
l,6,43815110438.48879,1774464,314839040,12421248,1280,384,16,7
xl,6,87630220876.97758,1774464,314839040,12421248,1280,384,16,7
s,6,6661425634.615368,1774464,453304320,12421248,1536,384,16,7
m,6,13322851269.230736,1774464,453304320,12421248,1536,384,16,7
l,6,33307128173.07684,1774464,453304320,12421248,1536,384,16,7
xl,6,66614256346.15368,1774464,453304320,12421248,1536,384,16,7
s,6,5197191711.491114,1774464,616935424,12421248,1792,384,16,7
m,6,10394383422.982227,1774464,616935424,12421248,1792,384,16,7
l,6,25985958557.455566,1774464,616935424,12421248,1792,384,16,7
xl,6,51971917114.91113,1774464,616935424,12421248,1792,384,16,7
s,6,4149435261.4719043,1774464,805732352,12421248,2048,384,16,7
m,6,8298870522.943809,1774464,805732352,12421248,2048,384,16,7
l,6,20747176307.35952,1774464,805732352,12421248,2048,384,16,7
xl,6,41494352614.71904,1774464,805732352,12421248,2048,384,16,7
s,6,5843008732.540155,3152384,453304320,22066688,1536,512,16,7
m,6,11686017465.08031,3152384,453304320,22066688,1536,512,16,7
l,6,29215043662.700775,3152384,453304320,22066688,1536,512,16,7
xl,6,58430087325.40155,3152384,453304320,22066688,1536,512,16,7
s,6,4685194885.946269,3152384,616935424,22066688,1792,512,16,7
m,6,9370389771.892538,3152384,616935424,22066688,1792,512,16,7
l,6,23425974429.731342,3152384,616935424,22066688,1792,512,16,7
xl,6,46851948859.462685,3152384,616935424,22066688,1792,512,16,7
m,6,7632907856.587312,3152384,805732352,22066688,2048,512,16,7
l,6,19082269641.468277,3152384,805732352,22066688,2048,512,16,7
xl,6,38164539282.936554,3152384,805732352,22066688,2048,512,16,7
s,6,4162640192.505375,4923520,616935424,34464640,1792,640,16,7
m,6,8325280385.01075,4923520,616935424,34464640,1792,640,16,7
l,6,20813200962.526875,4923520,616935424,34464640,1792,640,16,7
xl,6,41626401925.05375,4923520,616935424,34464640,1792,640,16,7
m,6,6924795466.546922,4923520,805732352,34464640,2048,640,16,7
l,6,17311988666.367306,4923520,805732352,34464640,2048,640,16,7
xl,6,34623977332.73461,4923520,805732352,34464640,2048,640,16,7
l,6,15557992764.389074,7087872,805732352,49615104,2048,768,16,7
xl,6,31115985528.77815,7087872,805732352,49615104,2048,768,16,7
s,6,47553396758.151794,198272,56742912,1387904,512,128,18,7
m,6,95106793516.30359,198272,56742912,1387904,512,128,18,7
l,6,237766983790.75897,198272,56742912,1387904,512,128,18,7
xl,6,475533967581.51794,198272,56742912,1387904,512,128,18,7
s,6,24815294797.761303,198272,127581696,1387904,768,128,18,7
m,6,49630589595.522606,198272,127581696,1387904,768,128,18,7
l,6,124076473988.80652,198272,127581696,1387904,768,128,18,7
xl,6,248152947977.61304,198272,127581696,1387904,768,128,18,7
s,6,15005022481.124882,198272,226732032,1387904,1024,128,18,7
m,6,30010044962.249763,198272,226732032,1387904,1024,128,18,7
l,6,75025112405.6244,198272,226732032,1387904,1024,128,18,7
xl,6,150050224811.2488,198272,226732032,1387904,1024,128,18,7
s,6,9993118338.98704,198272,354193920,1387904,1280,128,18,7
m,6,19986236677.97408,198272,354193920,1387904,1280,128,18,7
l,6,49965591694.9352,198272,354193920,1387904,1280,128,18,7
xl,6,99931183389.8704,198272,354193920,1387904,1280,128,18,7
s,6,7113829466.597099,198272,509967360,1387904,1536,128,18,7
m,6,14227658933.194199,198272,509967360,1387904,1536,128,18,7
l,6,35569147332.9855,198272,509967360,1387904,1536,128,18,7
xl,6,71138294665.971,198272,509967360,1387904,1536,128,18,7
s,6,5314864476.908487,198272,694052352,1387904,1792,128,18,7
m,6,10629728953.816975,198272,694052352,1387904,1792,128,18,7
l,6,26574322384.542435,198272,694052352,1387904,1792,128,18,7
xl,6,53148644769.08487,198272,694052352,1387904,1792,128,18,7
s,6,4118451135.5327578,198272,906448896,1387904,2048,128,18,7
m,6,8236902271.0655155,198272,906448896,1387904,2048,128,18,7
l,6,20592255677.663788,198272,906448896,1387904,2048,128,18,7
xl,6,41184511355.327576,198272,906448896,1387904,2048,128,18,7
s,6,20084322017.558517,789760,127581696,5528320,768,256,18,7
m,6,40168644035.117035,789760,127581696,5528320,768,256,18,7
l,6,100421610087.79259,789760,127581696,5528320,768,256,18,7
xl,6,200843220175.58517,789760,127581696,5528320,768,256,18,7
s,6,13134269642.14264,789760,226732032,5528320,1024,256,18,7
m,6,26268539284.28528,789760,226732032,5528320,1024,256,18,7
l,6,65671348210.713196,789760,226732032,5528320,1024,256,18,7
xl,6,131342696421.42639,789760,226732032,5528320,1024,256,18,7
s,6,9127317462.412977,789760,354193920,5528320,1280,256,18,7
m,6,18254634924.825954,789760,354193920,5528320,1280,256,18,7
l,6,45636587312.06488,789760,354193920,5528320,1280,256,18,7
xl,6,91273174624.12976,789760,354193920,5528320,1280,256,18,7
s,6,6663840487.490318,789760,509967360,5528320,1536,256,18,7
m,6,13327680974.980637,789760,509967360,5528320,1536,256,18,7
l,6,33319202437.451595,789760,509967360,5528320,1536,256,18,7
xl,6,66638404874.90319,789760,509967360,5528320,1536,256,18,7
s,6,5059604570.450096,789760,694052352,5528320,1792,256,18,7
m,6,10119209140.900192,789760,694052352,5528320,1792,256,18,7
l,6,25298022852.25048,789760,694052352,5528320,1792,256,18,7
xl,6,50596045704.50096,789760,694052352,5528320,1792,256,18,7
m,6,7927005595.83179,789760,906448896,5528320,2048,256,18,7
l,6,19817513989.579475,789760,906448896,5528320,2048,256,18,7
xl,6,39635027979.15895,789760,906448896,5528320,2048,256,18,7
s,6,10941371057.079994,1774464,226732032,12421248,1024,384,18,7
m,6,21882742114.15999,1774464,226732032,12421248,1024,384,18,7
l,6,54706855285.39997,1774464,226732032,12421248,1024,384,18,7
xl,6,109413710570.79994,1774464,226732032,12421248,1024,384,18,7
s,6,8011489373.04776,1774464,354193920,12421248,1280,384,18,7
m,6,16022978746.09552,1774464,354193920,12421248,1280,384,18,7
l,6,40057446865.2388,1774464,354193920,12421248,1280,384,18,7
xl,6,80114893730.4776,1774464,354193920,12421248,1280,384,18,7
s,6,6048760168.691695,1774464,509967360,12421248,1536,384,18,7
m,6,12097520337.38339,1774464,509967360,12421248,1536,384,18,7
l,6,30243800843.458473,1774464,509967360,12421248,1536,384,18,7
xl,6,60487601686.91695,1774464,509967360,12421248,1536,384,18,7
s,6,4696965324.521976,1774464,694052352,12421248,1792,384,18,7
m,6,9393930649.043953,1774464,694052352,12421248,1792,384,18,7
l,6,23484826622.609882,1774464,694052352,12421248,1792,384,18,7
xl,6,46969653245.219765,1774464,694052352,12421248,1792,384,18,7
m,6,7474914187.985122,1774464,906448896,12421248,2048,384,18,7
l,6,18687285469.962807,1774464,906448896,12421248,2048,384,18,7
xl,6,37374570939.92561,1774464,906448896,12421248,2048,384,18,7
s,6,6856480372.255323,3152384,354193920,22066688,1280,512,18,7
m,6,13712960744.510647,3152384,354193920,22066688,1280,512,18,7
l,6,34282401861.27662,3152384,354193920,22066688,1280,512,18,7
xl,6,68564803722.55324,3152384,354193920,22066688,1280,512,18,7
s,6,5366251378.911954,3152384,509967360,22066688,1536,512,18,7
m,6,10732502757.823908,3152384,509967360,22066688,1536,512,18,7
l,6,26831256894.559772,3152384,509967360,22066688,1536,512,18,7
xl,6,53662513789.119545,3152384,509967360,22066688,1536,512,18,7
s,6,4274781008.0986924,3152384,694052352,22066688,1792,512,18,7
m,6,8549562016.197385,3152384,694052352,22066688,1792,512,18,7
l,6,21373905040.49346,3152384,694052352,22066688,1792,512,18,7
xl,6,42747810080.98692,3152384,694052352,22066688,1792,512,18,7
m,6,6930288175.797349,3152384,906448896,22066688,2048,512,18,7
l,6,17325720439.493374,3152384,906448896,22066688,2048,512,18,7
xl,6,34651440878.98675,3152384,906448896,22066688,2048,512,18,7
s,6,4691670895.426034,4923520,509967360,34464640,1536,640,18,7
m,6,9383341790.852068,4923520,509967360,34464640,1536,640,18,7
l,6,23458354477.13017,4923520,509967360,34464640,1536,640,18,7
xl,6,46916708954.26034,4923520,509967360,34464640,1536,640,18,7
m,6,7670947996.618401,4923520,694052352,34464640,1792,640,18,7
l,6,19177369991.546,4923520,694052352,34464640,1792,640,18,7
xl,6,38354739983.092,4923520,694052352,34464640,1792,640,18,7
l,6,15853782768.37385,4923520,906448896,34464640,2048,640,18,7
xl,6,31707565536.7477,4923520,906448896,34464640,2048,640,18,7
l,6,14370162888.210526,7087872,906448896,49615104,2048,768,18,7
xl,6,28740325776.42105,7087872,906448896,49615104,2048,768,18,7
s,6,43569876480.16265,198272,63047680,1387904,512,128,20,7
m,6,87139752960.3253,198272,63047680,1387904,512,128,20,7
l,6,217849382400.81326,198272,63047680,1387904,512,128,20,7
xl,6,435698764801.6265,198272,63047680,1387904,512,128,20,7
s,6,22542148407.40623,198272,141757440,1387904,768,128,20,7
m,6,45084296814.81246,198272,141757440,1387904,768,128,20,7
l,6,112710742037.03116,198272,141757440,1387904,768,128,20,7
xl,6,225421484074.06232,198272,141757440,1387904,768,128,20,7
s,6,13580430050.290115,198272,251924480,1387904,1024,128,20,7
m,6,27160860100.58023,198272,251924480,1387904,1024,128,20,7
l,6,67902150251.45058,198272,251924480,1387904,1024,128,20,7
xl,6,135804300502.90115,198272,251924480,1387904,1024,128,20,7
s,6,9027412140.942665,198272,393548800,1387904,1280,128,20,7
m,6,18054824281.88533,198272,393548800,1387904,1280,128,20,7
l,6,45137060704.713326,198272,393548800,1387904,1280,128,20,7
xl,6,90274121409.42665,198272,393548800,1387904,1280,128,20,7
s,6,6419458292.214563,198272,566630400,1387904,1536,128,20,7
m,6,12838916584.429127,198272,566630400,1387904,1536,128,20,7
l,6,32097291461.072815,198272,566630400,1387904,1536,128,20,7
xl,6,64194582922.14563,198272,566630400,1387904,1536,128,20,7
s,6,4792867355.451831,198272,771169280,1387904,1792,128,20,7
m,6,9585734710.903662,198272,771169280,1387904,1792,128,20,7
l,6,23964336777.259155,198272,771169280,1387904,1792,128,20,7
xl,6,47928673554.51831,198272,771169280,1387904,1792,128,20,7
m,6,7424602863.259672,198272,1007165440,1387904,2048,128,20,7
l,6,18561507158.14918,198272,1007165440,1387904,2048,128,20,7
xl,6,37123014316.29836,198272,1007165440,1387904,2048,128,20,7
s,6,18568827662.26482,789760,141757440,5528320,768,256,20,7
m,6,37137655324.52964,789760,141757440,5528320,768,256,20,7
l,6,92844138311.3241,789760,141757440,5528320,768,256,20,7
xl,6,185688276622.6482,789760,141757440,5528320,768,256,20,7
s,6,12029681175.209507,789760,251924480,5528320,1024,256,20,7
m,6,24059362350.419014,789760,251924480,5528320,1024,256,20,7
l,6,60148405876.04754,789760,251924480,5528320,1024,256,20,7
xl,6,120296811752.09508,789760,251924480,5528320,1024,256,20,7
s,6,8314897179.530128,789760,393548800,5528320,1280,256,20,7
m,6,16629794359.060255,789760,393548800,5528320,1280,256,20,7
l,6,41574485897.650635,789760,393548800,5528320,1280,256,20,7
xl,6,83148971795.30127,789760,393548800,5528320,1280,256,20,7
s,6,6050751183.817368,789760,566630400,5528320,1536,256,20,7
m,6,12101502367.634735,789760,566630400,5528320,1536,256,20,7
l,6,30253755919.086838,789760,566630400,5528320,1536,256,20,7
xl,6,60507511838.173676,789760,566630400,5528320,1536,256,20,7
s,6,4584301864.757444,789760,771169280,5528320,1792,256,20,7
m,6,9168603729.514889,789760,771169280,5528320,1792,256,20,7
l,6,22921509323.78722,789760,771169280,5528320,1792,256,20,7
xl,6,45843018647.57444,789760,771169280,5528320,1792,256,20,7
m,6,7171876881.174901,789760,1007165440,5528320,2048,256,20,7
l,6,17929692202.937252,789760,1007165440,5528320,2048,256,20,7
xl,6,35859384405.874504,789760,1007165440,5528320,2048,256,20,7
s,6,10163919359.052166,1774464,251924480,12421248,1024,384,20,7
m,6,20327838718.104332,1774464,251924480,12421248,1024,384,20,7
l,6,50819596795.26083,1774464,251924480,12421248,1024,384,20,7
xl,6,101639193590.52167,1774464,251924480,12421248,1024,384,20,7
s,6,7378680332.873004,1774464,393548800,12421248,1280,384,20,7
m,6,14757360665.746008,1774464,393548800,12421248,1280,384,20,7
l,6,36893401664.36502,1774464,393548800,12421248,1280,384,20,7
xl,6,73786803328.73004,1774464,393548800,12421248,1280,384,20,7
s,6,5539299066.845248,1774464,566630400,12421248,1536,384,20,7
m,6,11078598133.690496,1774464,566630400,12421248,1536,384,20,7
l,6,27696495334.22624,1774464,566630400,12421248,1536,384,20,7
xl,6,55392990668.45248,1774464,566630400,12421248,1536,384,20,7
s,6,4284577477.8996525,1774464,771169280,12421248,1792,384,20,7
m,6,8569154955.799305,1774464,771169280,12421248,1792,384,20,7
l,6,21422887389.498264,1774464,771169280,12421248,1792,384,20,7
xl,6,42845774778.99653,1774464,771169280,12421248,1792,384,20,7
m,6,6799794187.569417,1774464,1007165440,12421248,2048,384,20,7
l,6,16999485468.923544,1774464,1007165440,12421248,2048,384,20,7
xl,6,33998970937.847088,1774464,1007165440,12421248,2048,384,20,7
s,6,6387642630.091476,3152384,393548800,22066688,1280,512,20,7
m,6,12775285260.182953,3152384,393548800,22066688,1280,512,20,7
l,6,31938213150.457382,3152384,393548800,22066688,1280,512,20,7
xl,6,63876426300.914764,3152384,393548800,22066688,1280,512,20,7
s,6,4961426299.7190485,3152384,566630400,22066688,1536,512,20,7
m,6,9922852599.438097,3152384,566630400,22066688,1536,512,20,7
l,6,24807131498.59524,3152384,566630400,22066688,1536,512,20,7
xl,6,49614262997.19048,3152384,566630400,22066688,1536,512,20,7
m,6,7860957564.02328,3152384,771169280,22066688,1792,512,20,7
l,6,19652393910.0582,3152384,771169280,22066688,1792,512,20,7
xl,6,39304787820.1164,3152384,771169280,22066688,1792,512,20,7
l,6,15865297921.828661,3152384,1007165440,22066688,2048,512,20,7
xl,6,31730595843.657322,3152384,1007165440,22066688,2048,512,20,7
s,6,4379265404.503987,4923520,566630400,34464640,1536,640,20,7
m,6,8758530809.007975,4923520,566630400,34464640,1536,640,20,7
l,6,21896327022.519936,4923520,566630400,34464640,1536,640,20,7
xl,6,43792654045.03987,4923520,566630400,34464640,1536,640,20,7
m,6,7111976265.638995,4923520,771169280,34464640,1792,640,20,7
l,6,17779940664.09749,4923520,771169280,34464640,1792,640,20,7
xl,6,35559881328.19498,4923520,771169280,34464640,1792,640,20,7
l,6,14622145058.98567,4923520,1007165440,34464640,2048,640,20,7
xl,6,29244290117.97134,4923520,1007165440,34464640,2048,640,20,7
l,6,15934893308.529371,7087872,771169280,49615104,1792,768,20,7
xl,6,31869786617.058743,7087872,771169280,49615104,1792,768,20,7
l,6,13350845468.223293,7087872,1007165440,49615104,2048,768,20,7
xl,6,26701690936.446587,7087872,1007165440,49615104,2048,768,20,7
xl,6,24222675612.440697,9645440,1007165440,67518080,2048,896,20,7
s,6,40202164423.22424,198272,69352448,1387904,512,128,22,7
m,6,80404328846.44849,198272,69352448,1387904,512,128,22,7
l,6,201010822116.12122,198272,69352448,1387904,512,128,22,7
xl,6,402021644232.24243,198272,69352448,1387904,512,128,22,7
s,6,20650507506.87249,198272,155933184,1387904,768,128,22,7
m,6,41301015013.74498,198272,155933184,1387904,768,128,22,7
l,6,103252537534.36244,198272,155933184,1387904,768,128,22,7
xl,6,206505075068.72488,198272,155933184,1387904,768,128,22,7
s,6,12402887060.950705,198272,277116928,1387904,1024,128,22,7
m,6,24805774121.90141,198272,277116928,1387904,1024,128,22,7
l,6,62014435304.753525,198272,277116928,1387904,1024,128,22,7
xl,6,124028870609.50705,198272,277116928,1387904,1024,128,22,7
s,6,8231904564.361102,198272,432903680,1387904,1280,128,22,7
m,6,16463809128.722204,198272,432903680,1387904,1280,128,22,7
l,6,41159522821.80551,198272,432903680,1387904,1280,128,22,7
xl,6,82319045643.61102,198272,432903680,1387904,1280,128,22,7
s,6,5848585821.306146,198272,623293440,1387904,1536,128,22,7
m,6,11697171642.612291,198272,623293440,1387904,1536,128,22,7
l,6,29242929106.530727,198272,623293440,1387904,1536,128,22,7
xl,6,58485858213.061455,198272,623293440,1387904,1536,128,22,7
s,6,4364235817.611327,198272,848286208,1387904,1792,128,22,7
m,6,8728471635.222654,198272,848286208,1387904,1792,128,22,7
l,6,21821179088.056637,198272,848286208,1387904,1792,128,22,7
xl,6,43642358176.11327,198272,848286208,1387904,1792,128,22,7
m,6,6758135173.747112,198272,1107881984,1387904,2048,128,22,7
l,6,16895337934.36778,198272,1107881984,1387904,2048,128,22,7
xl,6,33790675868.73556,198272,1107881984,1387904,2048,128,22,7
s,6,17265994664.945778,789760,155933184,5528320,768,256,22,7
m,6,34531989329.891556,789760,155933184,5528320,768,256,22,7
l,6,86329973324.72888,789760,155933184,5528320,768,256,22,7
xl,6,172659946649.45776,789760,155933184,5528320,768,256,22,7
s,6,11096471012.903767,789760,277116928,5528320,1024,256,22,7
m,6,22192942025.807533,789760,277116928,5528320,1024,256,22,7
l,6,55482355064.51884,789760,277116928,5528320,1024,256,22,7
xl,6,110964710129.03767,789760,277116928,5528320,1024,256,22,7
s,6,7635282549.41924,789760,432903680,5528320,1280,256,22,7
m,6,15270565098.83848,789760,432903680,5528320,1280,256,22,7
l,6,38176412747.0962,789760,432903680,5528320,1280,256,22,7
xl,6,76352825494.1924,789760,432903680,5528320,1280,256,22,7
s,6,5540968770.568076,789760,623293440,5528320,1536,256,22,7
m,6,11081937541.136152,789760,623293440,5528320,1536,256,22,7
l,6,27704843852.84038,789760,623293440,5528320,1536,256,22,7
xl,6,55409687705.68076,789760,623293440,5528320,1536,256,22,7
s,6,4190631118.108627,789760,848286208,5528320,1792,256,22,7
m,6,8381262236.217254,789760,848286208,5528320,1792,256,22,7
l,6,20953155590.543137,789760,848286208,5528320,1792,256,22,7
xl,6,41906311181.08627,789760,848286208,5528320,1792,256,22,7
l,6,16370257045.477371,789760,1107881984,5528320,2048,256,22,7
xl,6,32740514090.954742,789760,1107881984,5528320,2048,256,22,7
s,6,9489623268.95482,1774464,277116928,12421248,1024,384,22,7
m,6,18979246537.90964,1774464,277116928,12421248,1024,384,22,7
l,6,47448116344.7741,1774464,277116928,12421248,1024,384,22,7
xl,6,94896232689.5482,1774464,277116928,12421248,1024,384,22,7
s,6,6838521323.254457,1774464,432903680,12421248,1280,384,22,7
m,6,13677042646.508915,1774464,432903680,12421248,1280,384,22,7
l,6,34192606616.272285,1774464,432903680,12421248,1280,384,22,7
xl,6,68385213232.54457,1774464,432903680,12421248,1280,384,22,7
s,6,5108990711.936629,1774464,623293440,12421248,1536,384,22,7
m,6,10217981423.873259,1774464,623293440,12421248,1536,384,22,7
l,6,25544953559.683147,1774464,623293440,12421248,1536,384,22,7
xl,6,51089907119.366295,1774464,623293440,12421248,1536,384,22,7
m,6,7877518413.7116,1774464,848286208,12421248,1792,384,22,7
l,6,19693796034.279003,1774464,848286208,12421248,1792,384,22,7
xl,6,39387592068.55801,1774464,848286208,12421248,1792,384,22,7
l,6,15591308224.377787,1774464,1107881984,12421248,2048,384,22,7
xl,6,31182616448.755573,1774464,1107881984,12421248,2048,384,22,7
s,6,5978818339.542467,3152384,432903680,22066688,1280,512,22,7
m,6,11957636679.084934,3152384,432903680,22066688,1280,512,22,7
l,6,29894091697.712334,3152384,432903680,22066688,1280,512,22,7
xl,6,59788183395.42467,3152384,432903680,22066688,1280,512,22,7
s,6,4613395943.636556,3152384,623293440,22066688,1536,512,22,7
m,6,9226791887.273111,3152384,623293440,22066688,1536,512,22,7
l,6,23066979718.182777,3152384,623293440,22066688,1536,512,22,7
xl,6,46133959436.365555,3152384,623293440,22066688,1536,512,22,7
m,6,7275008999.936368,3152384,848286208,22066688,1792,512,22,7
l,6,18187522499.84092,3152384,848286208,22066688,1792,512,22,7
xl,6,36375044999.68184,3152384,848286208,22066688,1792,512,22,7
l,6,14631939989.448023,3152384,1107881984,22066688,2048,512,22,7
xl,6,29263879978.896046,3152384,1107881984,22066688,2048,512,22,7
s,6,4105866988.303864,4923520,623293440,34464640,1536,640,22,7
m,6,8211733976.607728,4923520,623293440,34464640,1536,640,22,7
l,6,20529334941.51932,4923520,623293440,34464640,1536,640,22,7
xl,6,41058669883.03864,4923520,623293440,34464640,1536,640,22,7
l,6,16572336636.515728,4923520,848286208,34464640,1792,640,22,7
xl,6,33144673273.031456,4923520,848286208,34464640,1792,640,22,7
l,6,13568077624.773932,4923520,1107881984,34464640,2048,640,22,7
xl,6,27136155249.547863,4923520,1107881984,34464640,2048,640,22,7
l,6,14958029448.406576,7087872,848286208,49615104,1792,768,22,7
xl,6,29916058896.813152,7087872,848286208,49615104,1792,768,22,7
xl,6,24933112772.067333,7087872,1107881984,49615104,2048,768,22,7
xl,6,22758241592.8725,9645440,1107881984,67518080,2048,896,22,7
s,6,37317710448.00359,198272,75657216,1387904,512,128,24,7
m,6,74635420896.00719,198272,75657216,1387904,512,128,24,7
l,6,186588552240.01797,198272,75657216,1387904,512,128,24,7
xl,6,373177104480.03595,198272,75657216,1387904,512,128,24,7
s,6,19051764711.620296,198272,170108928,1387904,768,128,24,7
m,6,38103529423.24059,198272,170108928,1387904,768,128,24,7
l,6,95258823558.10149,198272,170108928,1387904,768,128,24,7
xl,6,190517647116.20297,198272,170108928,1387904,768,128,24,7
s,6,11413257055.03637,198272,302309376,1387904,1024,128,24,7
m,6,22826514110.07274,198272,302309376,1387904,1024,128,24,7
l,6,57066285275.18185,198272,302309376,1387904,1024,128,24,7
xl,6,114132570550.3637,198272,302309376,1387904,1024,128,24,7
s,6,7565245094.574037,198272,472258560,1387904,1280,128,24,7
m,6,15130490189.148073,198272,472258560,1387904,1280,128,24,7
l,6,37826225472.870186,198272,472258560,1387904,1280,128,24,7
xl,6,75652450945.74037,198272,472258560,1387904,1280,128,24,7
s,6,5370955112.221166,198272,679956480,1387904,1536,128,24,7
m,6,10741910224.442331,198272,679956480,1387904,1536,128,24,7
l,6,26854775561.105827,198272,679956480,1387904,1536,128,24,7
xl,6,53709551122.211655,198272,679956480,1387904,1536,128,24,7
s,6,4005976789.1781964,198272,925403136,1387904,1792,128,24,7
m,6,8011953578.356393,198272,925403136,1387904,1792,128,24,7
l,6,20029883945.890984,198272,925403136,1387904,1792,128,24,7
xl,6,40059767891.78197,198272,925403136,1387904,1792,128,24,7
l,6,15503655985.333988,198272,1208598528,1387904,2048,128,24,7
xl,6,31007311970.667976,198272,1208598528,1387904,2048,128,24,7
s,6,16133995283.19421,789760,170108928,5528320,768,256,24,7
m,6,32267990566.38842,789760,170108928,5528320,768,256,24,7
l,6,80669976415.97105,789760,170108928,5528320,768,256,24,7
xl,6,161339952831.9421,789760,170108928,5528320,768,256,24,7
s,6,10297626108.84838,789760,302309376,5528320,1024,256,24,7
m,6,20595252217.69676,789760,302309376,5528320,1024,256,24,7
l,6,51488130544.2419,789760,302309376,5528320,1024,256,24,7
xl,6,102976261088.4838,789760,302309376,5528320,1024,256,24,7
s,6,7058369667.938152,789760,472258560,5528320,1280,256,24,7
m,6,14116739335.876305,789760,472258560,5528320,1280,256,24,7
l,6,35291848339.69076,789760,472258560,5528320,1280,256,24,7
xl,6,70583696679.38152,789760,472258560,5528320,1280,256,24,7
s,6,5110411043.851742,789760,679956480,5528320,1536,256,24,7
m,6,10220822087.703484,789760,679956480,5528320,1536,256,24,7
l,6,25552055219.25871,789760,679956480,5528320,1536,256,24,7
xl,6,51104110438.51742,789760,679956480,5528320,1536,256,24,7
m,6,7718450678.482689,789760,925403136,5528320,1792,256,24,7
l,6,19296126696.206722,789760,925403136,5528320,1792,256,24,7
xl,6,38592253392.413445,789760,925403136,5528320,1792,256,24,7
l,6,15060380317.735952,789760,1208598528,5528320,2048,256,24,7
xl,6,30120760635.471905,789760,1208598528,5528320,2048,256,24,7
s,6,8899229397.927973,1774464,302309376,12421248,1024,384,24,7
m,6,17798458795.855946,1774464,302309376,12421248,1024,384,24,7
l,6,44496146989.63987,1774464,302309376,12421248,1024,384,24,7
xl,6,88992293979.27974,1774464,302309376,12421248,1024,384,24,7
s,6,6372052849.092661,1774464,472258560,12421248,1280,384,24,7
m,6,12744105698.185322,1774464,472258560,12421248,1280,384,24,7
l,6,31860264245.463303,1774464,472258560,12421248,1280,384,24,7
xl,6,63720528490.926605,1774464,472258560,12421248,1280,384,24,7
s,6,4740718356.122156,1774464,679956480,12421248,1536,384,24,7
m,6,9481436712.244312,1774464,679956480,12421248,1536,384,24,7
l,6,23703591780.61078,1774464,679956480,12421248,1536,384,24,7
xl,6,47407183561.22156,1774464,679956480,12421248,1536,384,24,7
m,6,7289190771.534602,1774464,925403136,12421248,1792,384,24,7
l,6,18222976928.836506,1774464,925403136,12421248,1792,384,24,7
xl,6,36445953857.67301,1774464,925403136,12421248,1792,384,24,7
l,6,14398580728.441938,1774464,1208598528,12421248,2048,384,24,7
xl,6,28797161456.883877,1774464,1208598528,12421248,2048,384,24,7
s,6,5619177632.903891,3152384,472258560,22066688,1280,512,24,7
m,6,11238355265.807781,3152384,472258560,22066688,1280,512,24,7
l,6,28095888164.51945,3152384,472258560,22066688,1280,512,24,7
xl,6,56191776329.0389,3152384,472258560,22066688,1280,512,24,7
s,6,4310991773.662034,3152384,679956480,22066688,1536,512,24,7
m,6,8621983547.324068,3152384,679956480,22066688,1536,512,24,7
l,6,21554958868.31017,3152384,679956480,22066688,1536,512,24,7
xl,6,43109917736.62034,3152384,679956480,22066688,1536,512,24,7
m,6,6770353089.620843,3152384,925403136,22066688,1792,512,24,7
l,6,16925882724.052107,3152384,925403136,22066688,1792,512,24,7
xl,6,33851765448.104214,3152384,925403136,22066688,1792,512,24,7
l,6,13576510872.330576,3152384,1208598528,22066688,2048,512,24,7
xl,6,27153021744.66115,3152384,1208598528,22066688,2048,512,24,7
m,6,7729198562.492735,4923520,679956480,34464640,1536,640,24,7
l,6,19322996406.23184,4923520,679956480,34464640,1536,640,24,7
xl,6,38645992812.46368,4923520,679956480,34464640,1536,640,24,7
l,6,15518339349.97972,4923520,925403136,34464640,1792,640,24,7
xl,6,31036678699.95944,4923520,925403136,34464640,1792,640,24,7
xl,6,25311522064.033535,4923520,1208598528,34464640,2048,640,24,7
l,6,14094017605.931087,7087872,925403136,49615104,1792,768,24,7
xl,6,28188035211.862175,7087872,925403136,49615104,1792,768,24,7
xl,6,23384263385.97549,7087872,1208598528,49615104,2048,768,24,7
xl,6,21460783697.00148,9645440,1208598528,67518080,2048,896,24,7
l,6,447398362305.00586,198272,25192448,1586176,1024,128,2,8
s,6,67161164244.82669,198272,39354880,1586176,1280,128,2,8
l,6,335805821224.1334,198272,39354880,1586176,1280,128,2,8
s,6,51573443884.79235,198272,56663040,1586176,1536,128,2,8
m,6,103146887769.5847,198272,56663040,1586176,1536,128,2,8
l,6,257867219423.96176,198272,56663040,1586176,1536,128,2,8
xl,6,515734438847.9235,198272,56663040,1586176,1536,128,2,8
s,6,40524348393.67891,198272,77116928,1586176,1792,128,2,8
m,6,81048696787.35782,198272,77116928,1586176,1792,128,2,8
l,6,202621741968.39453,198272,77116928,1586176,1792,128,2,8
xl,6,405243483936.78906,198272,77116928,1586176,1792,128,2,8
s,6,32520691920.322712,198272,100716544,1586176,2048,128,2,8
m,6,65041383840.645424,198272,100716544,1586176,2048,128,2,8
l,6,162603459601.61356,198272,100716544,1586176,2048,128,2,8
xl,6,325206919203.2271,198272,100716544,1586176,2048,128,2,8
s,6,24141514904.80533,789760,100716544,6318080,2048,256,2,8
m,6,48283029809.61066,789760,100716544,6318080,2048,256,2,8
l,6,120707574524.02664,789760,100716544,6318080,2048,256,2,8
xl,6,241415149048.05328,789760,100716544,6318080,2048,256,2,8
l,6,406109973281.21265,198272,28351488,1586176,768,128,4,8
s,6,55045645569.482635,198272,50384896,1586176,1024,128,4,8
m,6,110091291138.96527,198272,50384896,1586176,1024,128,4,8
l,6,275228227847.4132,198272,50384896,1586176,1024,128,4,8
xl,6,550456455694.8264,198272,50384896,1586176,1024,128,4,8
s,6,39071030571.93371,198272,78709760,1586176,1280,128,4,8
m,6,78142061143.86742,198272,78709760,1586176,1280,128,4,8
l,6,195355152859.66855,198272,78709760,1586176,1280,128,4,8
xl,6,390710305719.3371,198272,78709760,1586176,1280,128,4,8
s,6,28905958049.823704,198272,113326080,1586176,1536,128,4,8
m,6,57811916099.64741,198272,113326080,1586176,1536,128,4,8
l,6,144529790249.11853,198272,113326080,1586176,1536,128,4,8
xl,6,289059580498.23706,198272,113326080,1586176,1536,128,4,8
s,6,22139400569.641247,198272,154233856,1586176,1792,128,4,8
m,6,44278801139.28249,198272,154233856,1586176,1792,128,4,8
l,6,110697002848.20622,198272,154233856,1586176,1792,128,4,8
xl,6,221394005696.41245,198272,154233856,1586176,1792,128,4,8
s,6,17447560555.253872,198272,201433088,1586176,2048,128,4,8
m,6,34895121110.507744,198272,201433088,1586176,2048,128,4,8
l,6,87237802776.26936,198272,201433088,1586176,2048,128,4,8
xl,6,174475605552.53873,198272,201433088,1586176,2048,128,4,8
s,6,22090800613.028553,789760,113326080,6318080,1536,256,4,8
m,6,44181601226.057106,789760,113326080,6318080,1536,256,4,8
l,6,110454003065.14276,789760,113326080,6318080,1536,256,4,8
xl,6,220908006130.28552,789760,113326080,6318080,1536,256,4,8
s,6,17907953717.806923,789760,154233856,6318080,1792,256,4,8
m,6,35815907435.613846,789760,154233856,6318080,1792,256,4,8
l,6,89539768589.0346,789760,154233856,6318080,1792,256,4,8
xl,6,179079537178.0692,789760,154233856,6318080,1792,256,4,8
s,6,14708614126.52256,789760,201433088,6318080,2048,256,4,8
m,6,29417228253.04512,789760,201433088,6318080,2048,256,4,8
l,6,73543070632.61281,789760,201433088,6318080,2048,256,4,8
xl,6,147086141265.22562,789760,201433088,6318080,2048,256,4,8
s,6,11744229110.790346,1774464,201433088,14195712,2048,384,4,8
m,6,23488458221.580692,1774464,201433088,14195712,2048,384,4,8
l,6,58721145553.95174,1774464,201433088,14195712,2048,384,4,8
xl,6,117442291107.90347,1774464,201433088,14195712,2048,384,4,8
s,6,61066643738.17749,198272,42527232,1586176,768,128,6,8
m,6,122133287476.35498,198272,42527232,1586176,768,128,6,8
l,6,305333218690.88745,198272,42527232,1586176,768,128,6,8
xl,6,610666437381.7749,198272,42527232,1586176,768,128,6,8
s,6,39749166857.46266,198272,75577344,1586176,1024,128,6,8
m,6,79498333714.92532,198272,75577344,1586176,1024,128,6,8
l,6,198745834287.3133,198272,75577344,1586176,1024,128,6,8
xl,6,397491668574.6266,198272,75577344,1586176,1024,128,6,8
s,6,27548767930.94207,198272,118064640,1586176,1280,128,6,8
m,6,55097535861.88414,198272,118064640,1586176,1280,128,6,8
l,6,137743839654.71036,198272,118064640,1586176,1280,128,6,8
xl,6,275487679309.4207,198272,118064640,1586176,1280,128,6,8
s,6,20080295479.13834,198272,169989120,1586176,1536,128,6,8
m,6,40160590958.27668,198272,169989120,1586176,1536,128,6,8
l,6,100401477395.6917,198272,169989120,1586176,1536,128,6,8
xl,6,200802954791.3834,198272,169989120,1586176,1536,128,6,8
s,6,15229935473.809381,198272,231350784,1586176,1792,128,6,8
m,6,30459870947.618763,198272,231350784,1586176,1792,128,6,8
l,6,76149677369.0469,198272,231350784,1586176,1792,128,6,8
xl,6,152299354738.0938,198272,231350784,1586176,1792,128,6,8
s,6,11921856711.871803,198272,302149632,1586176,2048,128,6,8
m,6,23843713423.743607,198272,302149632,1586176,2048,128,6,8
l,6,59609283559.35902,198272,302149632,1586176,2048,128,6,8
xl,6,119218567118.71803,198272,302149632,1586176,2048,128,6,8
s,6,21289264215.778446,789760,118064640,6318080,1280,256,6,8
m,6,42578528431.55689,789760,118064640,6318080,1280,256,6,8
l,6,106446321078.89223,789760,118064640,6318080,1280,256,6,8
xl,6,212892642157.78445,789760,118064640,6318080,1280,256,6,8
s,6,16536351398.260958,789760,169989120,6318080,1536,256,6,8
m,6,33072702796.521915,789760,169989120,6318080,1536,256,6,8
l,6,82681756991.3048,789760,169989120,6318080,1536,256,6,8
xl,6,165363513982.6096,789760,169989120,6318080,1536,256,6,8
s,6,13100506245.482946,789760,231350784,6318080,1792,256,6,8
m,6,26201012490.965893,789760,231350784,6318080,1792,256,6,8
l,6,65502531227.41473,789760,231350784,6318080,1792,256,6,8
xl,6,131005062454.82945,789760,231350784,6318080,1792,256,6,8
s,6,10576155085.353802,789760,302149632,6318080,2048,256,6,8
m,6,21152310170.707603,789760,302149632,6318080,2048,256,6,8
l,6,52880775426.76901,789760,302149632,6318080,2048,256,6,8
xl,6,105761550853.53802,789760,302149632,6318080,2048,256,6,8
s,6,10695900988.472385,1774464,231350784,14195712,1792,384,6,8
m,6,21391801976.94477,1774464,231350784,14195712,1792,384,6,8
l,6,53479504942.36193,1774464,231350784,14195712,1792,384,6,8
xl,6,106959009884.72386,1774464,231350784,14195712,1792,384,6,8
s,6,8951497492.434912,1774464,302149632,14195712,2048,384,6,8
m,6,17902994984.869823,1774464,302149632,14195712,2048,384,6,8
l,6,44757487462.17456,1774464,302149632,14195712,2048,384,6,8
xl,6,89514974924.34912,1774464,302149632,14195712,2048,384,6,8
l,6,421042517694.4697,198272,25219072,1586176,512,128,8,8
s,6,48925670555.67036,198272,56702976,1586176,768,128,8,8
m,6,97851341111.34071,198272,56702976,1586176,768,128,8,8
l,6,244628352778.3518,198272,56702976,1586176,768,128,8,8
xl,6,489256705556.7036,198272,56702976,1586176,768,128,8,8
s,6,31105380756.902706,198272,100769792,1586176,1024,128,8,8
m,6,62210761513.80541,198272,100769792,1586176,1024,128,8,8
l,6,155526903784.51352,198272,100769792,1586176,1024,128,8,8
xl,6,311053807569.02704,198272,100769792,1586176,1024,128,8,8
s,6,21274732055.520092,198272,157419520,1586176,1280,128,8,8
m,6,42549464111.040184,198272,157419520,1586176,1280,128,8,8
l,6,106373660277.60046,198272,157419520,1586176,1280,128,8,8
xl,6,212747320555.20093,198272,157419520,1586176,1280,128,8,8
s,6,15383388500.215614,198272,226652160,1586176,1536,128,8,8
m,6,30766777000.43123,198272,226652160,1586176,1536,128,8,8
l,6,76916942501.07806,198272,226652160,1586176,1536,128,8,8
xl,6,153833885002.15613,198272,226652160,1586176,1536,128,8,8
s,6,11607394466.849949,198272,308467712,1586176,1792,128,8,8
m,6,23214788933.699898,198272,308467712,1586176,1792,128,8,8
l,6,58036972334.24974,198272,308467712,1586176,1792,128,8,8
xl,6,116073944668.49948,198272,308467712,1586176,1792,128,8,8
s,6,9054321298.770864,198272,402866176,1586176,2048,128,8,8
m,6,18108642597.54173,198272,402866176,1586176,2048,128,8,8
l,6,45271606493.85432,198272,402866176,1586176,2048,128,8,8
xl,6,90543212987.70863,198272,402866176,1586176,2048,128,8,8
s,6,23352729614.30547,789760,100769792,6318080,1024,256,8,8
m,6,46705459228.61094,789760,100769792,6318080,1024,256,8,8
l,6,116763648071.52736,789760,100769792,6318080,1024,256,8,8
xl,6,233527296143.05472,789760,100769792,6318080,1024,256,8,8
s,6,17337968159.436974,789760,157419520,6318080,1280,256,8,8
m,6,34675936318.87395,789760,157419520,6318080,1280,256,8,8
l,6,86689840797.18486,789760,157419520,6318080,1280,256,8,8
xl,6,173379681594.36972,789760,157419520,6318080,1280,256,8,8
s,6,13213888240.52744,789760,226652160,6318080,1536,256,8,8
m,6,26427776481.05488,789760,226652160,6318080,1536,256,8,8
l,6,66069441202.6372,789760,226652160,6318080,1536,256,8,8
xl,6,132138882405.2744,789760,226652160,6318080,1536,256,8,8
s,6,10327938206.468815,789760,308467712,6318080,1792,256,8,8
m,6,20655876412.93763,789760,308467712,6318080,1792,256,8,8
l,6,51639691032.34408,789760,308467712,6318080,1792,256,8,8
xl,6,103279382064.68816,789760,308467712,6318080,1792,256,8,8
s,6,8256460917.5251875,789760,402866176,6318080,2048,256,8,8
m,6,16512921835.050375,789760,402866176,6318080,2048,256,8,8
l,6,41282304587.62594,789760,402866176,6318080,2048,256,8,8
xl,6,82564609175.25188,789760,402866176,6318080,2048,256,8,8
s,6,10771360383.17779,1774464,226652160,14195712,1536,384,8,8
m,6,21542720766.35558,1774464,226652160,14195712,1536,384,8,8
l,6,53856801915.88895,1774464,226652160,14195712,1536,384,8,8
xl,6,107713603831.7779,1774464,226652160,14195712,1536,384,8,8
s,6,8773039642.934917,1774464,308467712,14195712,1792,384,8,8
m,6,17546079285.869835,1774464,308467712,14195712,1792,384,8,8
l,6,43865198214.67459,1774464,308467712,14195712,1792,384,8,8
xl,6,87730396429.34918,1774464,308467712,14195712,1792,384,8,8
s,6,7231803090.729813,1774464,402866176,14195712,2048,384,8,8
m,6,14463606181.459625,1774464,402866176,14195712,2048,384,8,8
l,6,36159015453.64906,1774464,402866176,14195712,2048,384,8,8
xl,6,72318030907.29813,1774464,402866176,14195712,2048,384,8,8
s,6,6175622453.222513,3152384,402866176,25219072,2048,512,8,8
m,6,12351244906.445026,3152384,402866176,25219072,2048,512,8,8
l,6,30878112266.112568,3152384,402866176,25219072,2048,512,8,8
xl,6,61756224532.225136,3152384,402866176,25219072,2048,512,8,8
l,6,362373180144.903,198272,31523840,1586176,512,128,10,8
s,6,40811688990.11639,198272,70878720,1586176,768,128,10,8
m,6,81623377980.23277,198272,70878720,1586176,768,128,10,8
l,6,204058444950.58194,198272,70878720,1586176,768,128,10,8
xl,6,408116889901.1639,198272,70878720,1586176,768,128,10,8
s,6,25549442517.870987,198272,125962240,1586176,1024,128,10,8
m,6,51098885035.741974,198272,125962240,1586176,1024,128,10,8
l,6,127747212589.35495,198272,125962240,1586176,1024,128,10,8
xl,6,255494425178.7099,198272,125962240,1586176,1024,128,10,8
s,6,17328328493.29653,198272,196774400,1586176,1280,128,10,8
m,6,34656656986.59306,198272,196774400,1586176,1280,128,10,8
l,6,86641642466.48265,198272,196774400,1586176,1280,128,10,8
xl,6,173283284932.9653,198272,196774400,1586176,1280,128,10,8
s,6,12467226155.881416,198272,283315200,1586176,1536,128,10,8
m,6,24934452311.762833,198272,283315200,1586176,1536,128,10,8
l,6,62336130779.40708,198272,283315200,1586176,1536,128,10,8
xl,6,124672261558.81416,198272,283315200,1586176,1536,128,10,8
s,6,9377010438.363775,198272,385584640,1586176,1792,128,10,8
m,6,18754020876.72755,198272,385584640,1586176,1792,128,10,8
l,6,46885052191.81887,198272,385584640,1586176,1792,128,10,8
xl,6,93770104383.63774,198272,385584640,1586176,1792,128,10,8
s,6,7298766584.628076,198272,503582720,1586176,2048,128,10,8
m,6,14597533169.256151,198272,503582720,1586176,2048,128,10,8
l,6,36493832923.14038,198272,503582720,1586176,2048,128,10,8
xl,6,72987665846.28076,198272,503582720,1586176,2048,128,10,8
s,6,20075256011.835285,789760,125962240,6318080,1024,256,10,8
m,6,40150512023.67057,789760,125962240,6318080,1024,256,10,8
l,6,100376280059.17644,789760,125962240,6318080,1024,256,10,8
xl,6,200752560118.35287,789760,125962240,6318080,1024,256,10,8
s,6,14623787287.479195,789760,196774400,6318080,1280,256,10,8
m,6,29247574574.95839,789760,196774400,6318080,1280,256,10,8
l,6,73118936437.39597,789760,196774400,6318080,1280,256,10,8
xl,6,146237872874.79193,789760,196774400,6318080,1280,256,10,8
s,6,11003149189.323177,789760,283315200,6318080,1536,256,10,8
m,6,22006298378.646355,789760,283315200,6318080,1536,256,10,8
l,6,55015745946.61589,789760,283315200,6318080,1536,256,10,8
xl,6,110031491893.23178,789760,283315200,6318080,1536,256,10,8
s,6,8523945428.073296,789760,385584640,6318080,1792,256,10,8
m,6,17047890856.146591,789760,385584640,6318080,1792,256,10,8
l,6,42619727140.36648,789760,385584640,6318080,1792,256,10,8
xl,6,85239454280.73296,789760,385584640,6318080,1792,256,10,8
s,6,6771295889.989546,789760,503582720,6318080,2048,256,10,8
m,6,13542591779.979092,789760,503582720,6318080,2048,256,10,8
l,6,33856479449.947727,789760,503582720,6318080,2048,256,10,8
xl,6,67712958899.895454,789760,503582720,6318080,2048,256,10,8
s,6,11690085915.044361,1774464,196774400,14195712,1280,384,10,8
m,6,23380171830.088722,1774464,196774400,14195712,1280,384,10,8
l,6,58450429575.2218,1774464,196774400,14195712,1280,384,10,8
xl,6,116900859150.4436,1774464,196774400,14195712,1280,384,10,8
s,6,9255496728.44106,1774464,283315200,14195712,1536,384,10,8
m,6,18510993456.88212,1774464,283315200,14195712,1536,384,10,8
l,6,46277483642.2053,1774464,283315200,14195712,1536,384,10,8
xl,6,92554967284.4106,1774464,283315200,14195712,1536,384,10,8
s,6,7436193891.683906,1774464,385584640,14195712,1792,384,10,8
m,6,14872387783.367811,1774464,385584640,14195712,1792,384,10,8
l,6,37180969458.419525,1774464,385584640,14195712,1792,384,10,8
xl,6,74361938916.83905,1774464,385584640,14195712,1792,384,10,8
s,6,6066376448.436951,1774464,503582720,14195712,2048,384,10,8
m,6,12132752896.873901,1774464,503582720,14195712,2048,384,10,8
l,6,30331882242.184753,1774464,503582720,14195712,2048,384,10,8
xl,6,60663764484.36951,1774464,503582720,14195712,2048,384,10,8
s,6,6324058949.633286,3152384,385584640,25219072,1792,512,10,8
m,6,12648117899.266573,3152384,385584640,25219072,1792,512,10,8
l,6,31620294748.16643,3152384,385584640,25219072,1792,512,10,8
xl,6,63240589496.33286,3152384,385584640,25219072,1792,512,10,8
s,6,5305266447.21578,3152384,503582720,25219072,2048,512,10,8
m,6,10610532894.43156,3152384,503582720,25219072,2048,512,10,8
l,6,26526332236.0789,3152384,503582720,25219072,2048,512,10,8
xl,6,53052664472.1578,3152384,503582720,25219072,2048,512,10,8
s,6,4573960577.4786005,4923520,503582720,39388160,2048,640,10,8
m,6,9147921154.957201,4923520,503582720,39388160,2048,640,10,8
l,6,22869802887.393,4923520,503582720,39388160,2048,640,10,8
xl,6,45739605774.786,4923520,503582720,39388160,2048,640,10,8
s,6,63610900771.065895,198272,37828608,1586176,512,128,12,8
m,6,127221801542.13179,198272,37828608,1586176,512,128,12,8
l,6,318054503855.32947,198272,37828608,1586176,512,128,12,8
xl,6,636109007710.6589,198272,37828608,1586176,512,128,12,8
s,6,35006161084.35085,198272,85054464,1586176,768,128,12,8
m,6,70012322168.7017,198272,85054464,1586176,768,128,12,8
l,6,175030805421.75424,198272,85054464,1586176,768,128,12,8
xl,6,350061610843.5085,198272,85054464,1586176,768,128,12,8
s,6,21677483441.871048,198272,151154688,1586176,1024,128,12,8
m,6,43354966883.742096,198272,151154688,1586176,1024,128,12,8
l,6,108387417209.35524,198272,151154688,1586176,1024,128,12,8
xl,6,216774834418.71048,198272,151154688,1586176,1024,128,12,8
s,6,14616928882.677275,198272,236129280,1586176,1280,128,12,8
m,6,29233857765.35455,198272,236129280,1586176,1280,128,12,8
l,6,73084644413.38638,198272,236129280,1586176,1280,128,12,8
xl,6,146169288826.77277,198272,236129280,1586176,1280,128,12,8
s,6,10480485838.43216,198272,339978240,1586176,1536,128,12,8
m,6,20960971676.86432,198272,339978240,1586176,1536,128,12,8
l,6,52402429192.1608,198272,339978240,1586176,1536,128,12,8
xl,6,104804858384.3216,198272,339978240,1586176,1536,128,12,8
s,6,7865616508.280417,198272,462701568,1586176,1792,128,12,8
m,6,15731233016.560835,198272,462701568,1586176,1792,128,12,8
l,6,39328082541.40209,198272,462701568,1586176,1792,128,12,8
xl,6,78656165082.80418,198272,462701568,1586176,1792,128,12,8
s,6,6113426061.7798395,198272,604299264,1586176,2048,128,12,8
m,6,12226852123.559679,198272,604299264,1586176,2048,128,12,8
l,6,30567130308.899197,198272,604299264,1586176,2048,128,12,8
xl,6,61134260617.79839,198272,604299264,1586176,2048,128,12,8
s,6,25484740145.356804,789760,85054464,6318080,768,256,12,8
m,6,50969480290.71361,789760,85054464,6318080,768,256,12,8
l,6,127423700726.78401,789760,85054464,6318080,768,256,12,8
xl,6,254847401453.56802,789760,85054464,6318080,768,256,12,8
s,6,17604522982.211823,789760,151154688,6318080,1024,256,12,8
m,6,35209045964.423645,789760,151154688,6318080,1024,256,12,8
l,6,88022614911.05911,789760,151154688,6318080,1024,256,12,8
xl,6,176045229822.11823,789760,151154688,6318080,1024,256,12,8
s,6,12644368339.958307,789760,236129280,6318080,1280,256,12,8
m,6,25288736679.916615,789760,236129280,6318080,1280,256,12,8
l,6,63221841699.79154,789760,236129280,6318080,1280,256,12,8
xl,6,126443683399.58308,789760,236129280,6318080,1280,256,12,8
s,6,9426119732.533476,789760,339978240,6318080,1536,256,12,8
m,6,18852239465.06695,789760,339978240,6318080,1536,256,12,8
l,6,47130598662.66738,789760,339978240,6318080,1536,256,12,8
xl,6,94261197325.33476,789760,339978240,6318080,1536,256,12,8
s,6,7256452553.714004,789760,462701568,6318080,1792,256,12,8
m,6,14512905107.428007,789760,462701568,6318080,1792,256,12,8
l,6,36282262768.570015,789760,462701568,6318080,1792,256,12,8
xl,6,72564525537.14003,789760,462701568,6318080,1792,256,12,8
s,6,5738974190.960739,789760,604299264,6318080,2048,256,12,8
m,6,11477948381.921478,789760,604299264,6318080,2048,256,12,8
l,6,28694870954.803696,789760,604299264,6318080,2048,256,12,8
xl,6,57389741909.60739,789760,604299264,6318080,2048,256,12,8
s,6,10389888460.807013,1774464,236129280,14195712,1280,384,12,8
m,6,20779776921.614025,1774464,236129280,14195712,1280,384,12,8
l,6,51949442304.035065,1774464,236129280,14195712,1280,384,12,8
xl,6,103898884608.07013,1774464,236129280,14195712,1280,384,12,8
s,6,8113654514.619118,1774464,339978240,14195712,1536,384,12,8
m,6,16227309029.238235,1774464,339978240,14195712,1536,384,12,8
l,6,40568272573.09559,1774464,339978240,14195712,1536,384,12,8
xl,6,81136545146.19118,1774464,339978240,14195712,1536,384,12,8
s,6,6452894489.703039,1774464,462701568,14195712,1792,384,12,8
m,6,12905788979.406078,1774464,462701568,14195712,1792,384,12,8
l,6,32264472448.515194,1774464,462701568,14195712,1792,384,12,8
xl,6,64528944897.03039,1774464,462701568,14195712,1792,384,12,8
s,6,5224442029.59124,1774464,604299264,14195712,2048,384,12,8
m,6,10448884059.18248,1774464,604299264,14195712,2048,384,12,8
l,6,26122210147.9562,1774464,604299264,14195712,2048,384,12,8
xl,6,52244420295.9124,1774464,604299264,14195712,2048,384,12,8
s,6,6807448328.744205,3152384,339978240,25219072,1536,512,12,8
m,6,13614896657.48841,3152384,339978240,25219072,1536,512,12,8
l,6,34037241643.721027,3152384,339978240,25219072,1536,512,12,8
xl,6,68074483287.442055,3152384,339978240,25219072,1536,512,12,8
s,6,5598536390.307384,3152384,462701568,25219072,1792,512,12,8
m,6,11197072780.614767,3152384,462701568,25219072,1792,512,12,8
l,6,27992681951.53692,3152384,462701568,25219072,1792,512,12,8
xl,6,55985363903.07384,3152384,462701568,25219072,1792,512,12,8
s,6,4649932267.226623,3152384,604299264,25219072,2048,512,12,8
m,6,9299864534.453245,3152384,604299264,25219072,2048,512,12,8
l,6,23249661336.133114,3152384,604299264,25219072,2048,512,12,8
xl,6,46499322672.26623,3152384,604299264,25219072,2048,512,12,8
s,6,4078405618.7770057,4923520,604299264,39388160,2048,640,12,8
m,6,8156811237.554011,4923520,604299264,39388160,2048,640,12,8
l,6,20392028093.88503,4923520,604299264,39388160,2048,640,12,8
xl,6,40784056187.77006,4923520,604299264,39388160,2048,640,12,8
s,6,56678992222.01273,198272,44133376,1586176,512,128,14,8
m,6,113357984444.02547,198272,44133376,1586176,512,128,14,8
l,6,283394961110.06366,198272,44133376,1586176,512,128,14,8
xl,6,566789922220.1273,198272,44133376,1586176,512,128,14,8
s,6,30646629164.999496,198272,99230208,1586176,768,128,14,8
m,6,61293258329.99899,198272,99230208,1586176,768,128,14,8
l,6,153233145824.9975,198272,99230208,1586176,768,128,14,8
xl,6,306466291649.995,198272,99230208,1586176,768,128,14,8
s,6,18824651050.91426,198272,176347136,1586176,1024,128,14,8
m,6,37649302101.82852,198272,176347136,1586176,1024,128,14,8
l,6,94123255254.5713,198272,176347136,1586176,1024,128,14,8
xl,6,188246510509.1426,198272,176347136,1586176,1024,128,14,8
s,6,12639240628.861752,198272,275484160,1586176,1280,128,14,8
m,6,25278481257.723503,198272,275484160,1586176,1280,128,14,8
l,6,63196203144.30876,198272,275484160,1586176,1280,128,14,8
xl,6,126392406288.61752,198272,275484160,1586176,1280,128,14,8
s,6,9039912152.303284,198272,396641280,1586176,1536,128,14,8
m,6,18079824304.606567,198272,396641280,1586176,1536,128,14,8
l,6,45199560761.51641,198272,396641280,1586176,1536,128,14,8
xl,6,90399121523.03282,198272,396641280,1586176,1536,128,14,8
s,6,6773808693.080514,198272,539818496,1586176,1792,128,14,8
m,6,13547617386.161028,198272,539818496,1586176,1792,128,14,8
l,6,33869043465.40257,198272,539818496,1586176,1792,128,14,8
xl,6,67738086930.80514,198272,539818496,1586176,1792,128,14,8
s,6,5259300633.690372,198272,705015808,1586176,2048,128,14,8
m,6,10518601267.380745,198272,705015808,1586176,2048,128,14,8
l,6,26296503168.451862,198272,705015808,1586176,2048,128,14,8
xl,6,52593006336.903725,198272,705015808,1586176,2048,128,14,8
s,6,23093203430.06122,789760,99230208,6318080,768,256,14,8
m,6,46186406860.12244,789760,99230208,6318080,768,256,14,8
l,6,115466017150.30609,789760,99230208,6318080,768,256,14,8
xl,6,230932034300.61218,789760,99230208,6318080,768,256,14,8
s,6,15675307296.421928,789760,176347136,6318080,1024,256,14,8
m,6,31350614592.843857,789760,176347136,6318080,1024,256,14,8
l,6,78376536482.10963,789760,176347136,6318080,1024,256,14,8
xl,6,156753072964.21927,789760,176347136,6318080,1024,256,14,8
s,6,11136918413.728283,789760,275484160,6318080,1280,256,14,8
m,6,22273836827.456566,789760,275484160,6318080,1280,256,14,8
l,6,55684592068.64142,789760,275484160,6318080,1280,256,14,8
xl,6,111369184137.28284,789760,275484160,6318080,1280,256,14,8
s,6,8244477651.001895,789760,396641280,6318080,1536,256,14,8
m,6,16488955302.00379,789760,396641280,6318080,1536,256,14,8
l,6,41222388255.009476,789760,396641280,6318080,1536,256,14,8
xl,6,82444776510.01895,789760,396641280,6318080,1536,256,14,8
s,6,6317111307.614159,789760,539818496,6318080,1792,256,14,8
m,6,12634222615.228317,789760,539818496,6318080,1792,256,14,8
l,6,31585556538.070793,789760,539818496,6318080,1792,256,14,8
xl,6,63171113076.14159,789760,539818496,6318080,1792,256,14,8
s,6,4979779177.145247,789760,705015808,6318080,2048,256,14,8
m,6,9959558354.290495,789760,705015808,6318080,2048,256,14,8
l,6,24898895885.72624,789760,705015808,6318080,2048,256,14,8
xl,6,49797791771.45248,789760,705015808,6318080,2048,256,14,8
s,6,9349964542.246342,1774464,275484160,14195712,1280,384,14,8
m,6,18699929084.492683,1774464,275484160,14195712,1280,384,14,8
l,6,46749822711.23171,1774464,275484160,14195712,1280,384,14,8
xl,6,93499645422.46342,1774464,275484160,14195712,1280,384,14,8
s,6,7222607941.586782,1774464,396641280,14195712,1536,384,14,8
m,6,14445215883.173565,1774464,396641280,14195712,1536,384,14,8
l,6,36113039707.933914,1774464,396641280,14195712,1536,384,14,8
xl,6,72226079415.86783,1774464,396641280,14195712,1536,384,14,8
s,6,5699271078.260918,1774464,539818496,14195712,1792,384,14,8
m,6,11398542156.521835,1774464,539818496,14195712,1792,384,14,8
l,6,28496355391.30459,1774464,539818496,14195712,1792,384,14,8
xl,6,56992710782.60918,1774464,539818496,14195712,1792,384,14,8
s,6,4587725235.818453,1774464,705015808,14195712,2048,384,14,8
m,6,9175450471.636906,1774464,705015808,14195712,2048,384,14,8
l,6,22938626179.092266,1774464,705015808,14195712,2048,384,14,8
xl,6,45877252358.18453,1774464,705015808,14195712,2048,384,14,8
s,6,6168915771.104601,3152384,396641280,25219072,1536,512,14,8
m,6,12337831542.209202,3152384,396641280,25219072,1536,512,14,8
l,6,30844578855.523006,3152384,396641280,25219072,1536,512,14,8
xl,6,61689157711.04601,3152384,396641280,25219072,1536,512,14,8
s,6,5022351204.990282,3152384,539818496,25219072,1792,512,14,8
m,6,10044702409.980564,3152384,539818496,25219072,1792,512,14,8
l,6,25111756024.95141,3152384,539818496,25219072,1792,512,14,8
xl,6,50223512049.90282,3152384,539818496,25219072,1792,512,14,8
s,6,4138698630.354905,3152384,705015808,25219072,2048,512,14,8
m,6,8277397260.70981,3152384,705015808,25219072,2048,512,14,8
l,6,20693493151.774525,3152384,705015808,25219072,2048,512,14,8
xl,6,41386986303.54905,3152384,705015808,25219072,2048,512,14,8
s,6,4362109327.955034,4923520,539818496,39388160,1792,640,14,8
m,6,8724218655.910069,4923520,539818496,39388160,1792,640,14,8
l,6,21810546639.775173,4923520,539818496,39388160,1792,640,14,8
xl,6,43621093279.55035,4923520,539818496,39388160,1792,640,14,8
m,6,7359467150.144898,4923520,705015808,39388160,2048,640,14,8
l,6,18398667875.362247,4923520,705015808,39388160,2048,640,14,8
xl,6,36797335750.724495,4923520,705015808,39388160,2048,640,14,8
s,6,51109415144.54896,198272,50438144,1586176,512,128,16,8
m,6,102218830289.09792,198272,50438144,1586176,512,128,16,8
l,6,255547075722.74478,198272,50438144,1586176,512,128,16,8
xl,6,511094151445.48956,198272,50438144,1586176,512,128,16,8
s,6,27252685152.56271,198272,113405952,1586176,768,128,16,8
m,6,54505370305.12542,198272,113405952,1586176,768,128,16,8
l,6,136263425762.81355,198272,113405952,1586176,768,128,16,8
xl,6,272526851525.6271,198272,113405952,1586176,768,128,16,8
s,6,16635377393.269878,198272,201539584,1586176,1024,128,16,8
m,6,33270754786.539757,198272,201539584,1586176,1024,128,16,8
l,6,83176886966.3494,198272,201539584,1586176,1024,128,16,8
xl,6,166353773932.6988,198272,201539584,1586176,1024,128,16,8
s,6,11132940255.653637,198272,314839040,1586176,1280,128,16,8
m,6,22265880511.307274,198272,314839040,1586176,1280,128,16,8
l,6,55664701278.26819,198272,314839040,1586176,1280,128,16,8
xl,6,111329402556.53638,198272,314839040,1586176,1280,128,16,8
s,6,7947504254.77588,198272,453304320,1586176,1536,128,16,8
m,6,15895008509.55176,198272,453304320,1586176,1536,128,16,8
l,6,39737521273.8794,198272,453304320,1586176,1536,128,16,8
xl,6,79475042547.7588,198272,453304320,1586176,1536,128,16,8
s,6,5948158706.801774,198272,616935424,1586176,1792,128,16,8
m,6,11896317413.603548,198272,616935424,1586176,1792,128,16,8
l,6,29740793534.008873,198272,616935424,1586176,1792,128,16,8
xl,6,59481587068.017746,198272,616935424,1586176,1792,128,16,8
s,6,4614583127.077089,198272,805732352,1586176,2048,128,16,8
m,6,9229166254.154179,198272,805732352,1586176,2048,128,16,8
l,6,23072915635.385445,198272,805732352,1586176,2048,128,16,8
xl,6,46145831270.77089,198272,805732352,1586176,2048,128,16,8
s,6,21112011890.285095,789760,113405952,6318080,768,256,16,8
m,6,42224023780.57019,789760,113405952,6318080,768,256,16,8
l,6,105560059451.42548,789760,113405952,6318080,768,256,16,8
xl,6,211120118902.85095,789760,113405952,6318080,768,256,16,8
s,6,14127162866.42748,789760,201539584,6318080,1024,256,16,8
m,6,28254325732.85496,789760,201539584,6318080,1024,256,16,8
l,6,70635814332.1374,789760,201539584,6318080,1024,256,16,8
xl,6,141271628664.2748,789760,201539584,6318080,1024,256,16,8
s,6,9950615233.41751,789760,314839040,6318080,1280,256,16,8
m,6,19901230466.83502,789760,314839040,6318080,1280,256,16,8
l,6,49753076167.08754,789760,314839040,6318080,1280,256,16,8
xl,6,99506152334.17508,789760,314839040,6318080,1280,256,16,8
s,6,7326091482.13512,789760,453304320,6318080,1536,256,16,8
m,6,14652182964.27024,789760,453304320,6318080,1536,256,16,8
l,6,36630457410.675606,789760,453304320,6318080,1536,256,16,8
xl,6,73260914821.35121,789760,453304320,6318080,1536,256,16,8
s,6,5593090748.72937,789760,616935424,6318080,1792,256,16,8
m,6,11186181497.45874,789760,616935424,6318080,1792,256,16,8
l,6,27965453743.64685,789760,616935424,6318080,1792,256,16,8
xl,6,55930907487.2937,789760,616935424,6318080,1792,256,16,8
s,6,4397980917.087134,789760,805732352,6318080,2048,256,16,8
m,6,8795961834.174269,789760,805732352,6318080,2048,256,16,8
l,6,21989904585.435673,789760,805732352,6318080,2048,256,16,8
xl,6,43979809170.871346,789760,805732352,6318080,2048,256,16,8
s,6,11370555184.952839,1774464,201539584,14195712,1024,384,16,8
m,6,22741110369.905678,1774464,201539584,14195712,1024,384,16,8
l,6,56852775924.7642,1774464,201539584,14195712,1024,384,16,8
xl,6,113705551849.5284,1774464,201539584,14195712,1024,384,16,8
s,6,8499272374.635983,1774464,314839040,14195712,1280,384,16,8
m,6,16998544749.271967,1774464,314839040,14195712,1280,384,16,8
l,6,42496361873.17992,1774464,314839040,14195712,1280,384,16,8
xl,6,84992723746.35983,1774464,314839040,14195712,1280,384,16,8
s,6,6507905699.7175255,1774464,453304320,14195712,1536,384,16,8
m,6,13015811399.435051,1774464,453304320,14195712,1536,384,16,8
l,6,32539528498.587627,1774464,453304320,14195712,1536,384,16,8
xl,6,65079056997.175255,1774464,453304320,14195712,1536,384,16,8
s,6,5103268380.196449,1774464,616935424,14195712,1792,384,16,8
m,6,10206536760.392899,1774464,616935424,14195712,1792,384,16,8
l,6,25516341900.982246,1774464,616935424,14195712,1792,384,16,8
xl,6,51032683801.96449,1774464,616935424,14195712,1792,384,16,8
s,6,4089345682.7054224,1774464,805732352,14195712,2048,384,16,8
m,6,8178691365.410845,1774464,805732352,14195712,2048,384,16,8
l,6,20446728413.52711,1774464,805732352,14195712,2048,384,16,8
xl,6,40893456827.05422,1774464,805732352,14195712,2048,384,16,8
s,6,5639898355.495879,3152384,453304320,25219072,1536,512,16,8
m,6,11279796710.991758,3152384,453304320,25219072,1536,512,16,8
l,6,28199491777.479393,3152384,453304320,25219072,1536,512,16,8
xl,6,56398983554.958786,3152384,453304320,25219072,1536,512,16,8
s,6,4553697788.907753,3152384,616935424,25219072,1792,512,16,8
m,6,9107395577.815506,3152384,616935424,25219072,1792,512,16,8
l,6,22768488944.538765,3152384,616935424,25219072,1792,512,16,8
xl,6,45536977889.07753,3152384,616935424,25219072,1792,512,16,8
m,6,7457488735.776711,3152384,805732352,25219072,2048,512,16,8
l,6,18643721839.44178,3152384,805732352,25219072,2048,512,16,8
xl,6,37287443678.88356,3152384,805732352,25219072,2048,512,16,8
s,6,4004185026.034365,4923520,616935424,39388160,1792,640,16,8
m,6,8008370052.06873,4923520,616935424,39388160,1792,640,16,8
l,6,20020925130.171825,4923520,616935424,39388160,1792,640,16,8
xl,6,40041850260.34365,4923520,616935424,39388160,1792,640,16,8
m,6,6704125866.59097,4923520,805732352,39388160,2048,640,16,8
l,6,16760314666.477425,4923520,805732352,39388160,2048,640,16,8
xl,6,33520629332.95485,4923520,805732352,39388160,2048,640,16,8
l,6,14927655567.294577,7087872,805732352,56702976,2048,768,16,8
xl,6,29855311134.589153,7087872,805732352,56702976,2048,768,16,8
s,6,46536493545.946785,198272,56742912,1586176,512,128,18,8
m,6,93072987091.89357,198272,56742912,1586176,512,128,18,8
l,6,232682467729.73392,198272,56742912,1586176,512,128,18,8
xl,6,465364935459.46783,198272,56742912,1586176,512,128,18,8
s,6,24535513290.789406,198272,127581696,1586176,768,128,18,8
m,6,49071026581.57881,198272,127581696,1586176,768,128,18,8
l,6,122677566453.94704,198272,127581696,1586176,768,128,18,8
xl,6,245355132907.89407,198272,127581696,1586176,768,128,18,8
s,6,14902269722.97515,198272,226732032,1586176,1024,128,18,8
m,6,29804539445.9503,198272,226732032,1586176,1024,128,18,8
l,6,74511348614.87575,198272,226732032,1586176,1024,128,18,8
xl,6,149022697229.7515,198272,226732032,1586176,1024,128,18,8
s,6,9947439322.211725,198272,354193920,1586176,1280,128,18,8
m,6,19894878644.42345,198272,354193920,1586176,1280,128,18,8
l,6,49737196611.058624,198272,354193920,1586176,1280,128,18,8
xl,6,99474393222.11725,198272,354193920,1586176,1280,128,18,8
s,6,7090650506.488002,198272,509967360,1586176,1536,128,18,8
m,6,14181301012.976004,198272,509967360,1586176,1536,128,18,8
l,6,35453252532.44001,198272,509967360,1586176,1536,128,18,8
xl,6,70906505064.88002,198272,509967360,1586176,1536,128,18,8
s,6,5301915679.690321,198272,694052352,1586176,1792,128,18,8
m,6,10603831359.380642,198272,694052352,1586176,1792,128,18,8
l,6,26509578398.451603,198272,694052352,1586176,1792,128,18,8
xl,6,53019156796.903206,198272,694052352,1586176,1792,128,18,8
s,6,4110671645.599858,198272,906448896,1586176,2048,128,18,8
m,6,8221343291.199716,198272,906448896,1586176,2048,128,18,8
l,6,20553358227.999287,198272,906448896,1586176,2048,128,18,8
xl,6,41106716455.99857,198272,906448896,1586176,2048,128,18,8
s,6,19443898286.945896,789760,127581696,6318080,768,256,18,8
m,6,38887796573.89179,789760,127581696,6318080,768,256,18,8
l,6,97219491434.72948,789760,127581696,6318080,768,256,18,8
xl,6,194438982869.45895,789760,127581696,6318080,768,256,18,8
s,6,12857330941.526917,789760,226732032,6318080,1024,256,18,8
m,6,25714661883.053833,789760,226732032,6318080,1024,256,18,8
l,6,64286654707.63458,789760,226732032,6318080,1024,256,18,8
xl,6,128573309415.26917,789760,226732032,6318080,1024,256,18,8
s,6,8992712593.481047,789760,354193920,6318080,1280,256,18,8
m,6,17985425186.962093,789760,354193920,6318080,1280,256,18,8
l,6,44963562967.40523,789760,354193920,6318080,1280,256,18,8
xl,6,89927125934.81046,789760,354193920,6318080,1280,256,18,8
s,6,6591803466.803467,789760,509967360,6318080,1536,256,18,8
m,6,13183606933.606934,789760,509967360,6318080,1536,256,18,8
l,6,32959017334.017334,789760,509967360,6318080,1536,256,18,8
xl,6,65918034668.03467,789760,509967360,6318080,1536,256,18,8
s,6,5017968341.035581,789760,694052352,6318080,1792,256,18,8
m,6,10035936682.071161,789760,694052352,6318080,1792,256,18,8
l,6,25089841705.177902,789760,694052352,6318080,1792,256,18,8
xl,6,50179683410.355804,789760,694052352,6318080,1792,256,18,8
m,6,7875813666.061468,789760,906448896,6318080,2048,256,18,8
l,6,19689534165.15367,789760,906448896,6318080,2048,256,18,8
xl,6,39379068330.30734,789760,906448896,6318080,2048,256,18,8
s,6,10533248662.867281,1774464,226732032,14195712,1024,384,18,8
m,6,21066497325.734562,1774464,226732032,14195712,1024,384,18,8
l,6,52666243314.33641,1774464,226732032,14195712,1024,384,18,8
xl,6,105332486628.67282,1774464,226732032,14195712,1024,384,18,8
s,6,7790468554.926667,1774464,354193920,14195712,1280,384,18,8
m,6,15580937109.853334,1774464,354193920,14195712,1280,384,18,8
l,6,38952342774.63334,1774464,354193920,14195712,1280,384,18,8
xl,6,77904685549.26668,1774464,354193920,14195712,1280,384,18,8
s,6,5921911869.823301,1774464,509967360,14195712,1536,384,18,8
m,6,11843823739.646603,1774464,509967360,14195712,1536,384,18,8
l,6,29609559349.11651,1774464,509967360,14195712,1536,384,18,8
xl,6,59219118698.23302,1774464,509967360,14195712,1536,384,18,8
s,6,4620118345.994676,1774464,694052352,14195712,1792,384,18,8
m,6,9240236691.989351,1774464,694052352,14195712,1792,384,18,8
l,6,23100591729.973377,1774464,694052352,14195712,1792,384,18,8
xl,6,46201183459.946754,1774464,694052352,14195712,1792,384,18,8
m,6,7377274029.965189,1774464,906448896,14195712,2048,384,18,8
l,6,18443185074.91297,1774464,906448896,14195712,2048,384,18,8
xl,6,36886370149.82594,1774464,906448896,14195712,2048,384,18,8
s,6,6578476487.998754,3152384,354193920,25219072,1280,512,18,8
m,6,13156952975.997507,3152384,354193920,25219072,1280,512,18,8
l,6,32892382439.99377,3152384,354193920,25219072,1280,512,18,8
xl,6,65784764879.98754,3152384,354193920,25219072,1280,512,18,8
s,6,5194446845.433208,3152384,509967360,25219072,1536,512,18,8
m,6,10388893690.866417,3152384,509967360,25219072,1536,512,18,8
l,6,25972234227.166042,3152384,509967360,25219072,1536,512,18,8
xl,6,51944468454.332085,3152384,509967360,25219072,1536,512,18,8
s,6,4165042855.2921495,3152384,694052352,25219072,1792,512,18,8
m,6,8330085710.584299,3152384,694052352,25219072,1792,512,18,8
l,6,20825214276.460747,3152384,694052352,25219072,1792,512,18,8
xl,6,41650428552.92149,3152384,694052352,25219072,1792,512,18,8
m,6,6785371217.345537,3152384,906448896,25219072,2048,512,18,8
l,6,16963428043.363842,3152384,906448896,25219072,2048,512,18,8
xl,6,33926856086.727684,3152384,906448896,25219072,2048,512,18,8
s,6,4491349301.936526,4923520,509967360,39388160,1536,640,18,8
m,6,8982698603.873053,4923520,509967360,39388160,1536,640,18,8
l,6,22456746509.68263,4923520,509967360,39388160,1536,640,18,8
xl,6,44913493019.36526,4923520,509967360,39388160,1536,640,18,8
m,6,7401088303.391096,4923520,694052352,39388160,1792,640,18,8
l,6,18502720758.47774,4923520,694052352,39388160,1792,640,18,8
xl,6,37005441516.95548,4923520,694052352,39388160,1792,640,18,8
l,6,15389885639.114126,4923520,906448896,39388160,2048,640,18,8
xl,6,30779771278.228252,4923520,906448896,39388160,2048,640,18,8
l,6,13830733421.000267,7087872,906448896,56702976,2048,768,18,8
xl,6,27661466842.000534,7087872,906448896,56702976,2048,768,18,8
s,6,42714676140.15535,198272,63047680,1586176,512,128,20,8
m,6,85429352280.3107,198272,63047680,1586176,512,128,20,8
l,6,213573380700.77676,198272,63047680,1586176,512,128,20,8
xl,6,427146761401.5535,198272,63047680,1586176,512,128,20,8
s,6,22311038002.30179,198272,141757440,1586176,768,128,20,8
m,6,44622076004.60358,198272,141757440,1586176,768,128,20,8
l,6,111555190011.50894,198272,141757440,1586176,768,128,20,8
xl,6,223110380023.01788,198272,141757440,1586176,768,128,20,8
s,6,13496207249.445545,198272,251924480,1586176,1024,128,20,8
m,6,26992414498.89109,198272,251924480,1586176,1024,128,20,8
l,6,67481036247.22773,198272,251924480,1586176,1024,128,20,8
xl,6,134962072494.45546,198272,251924480,1586176,1024,128,20,8
s,6,8990118643.697033,198272,393548800,1586176,1280,128,20,8
m,6,17980237287.394066,198272,393548800,1586176,1280,128,20,8
l,6,44950593218.48516,198272,393548800,1586176,1280,128,20,8
xl,6,89901186436.97032,198272,393548800,1586176,1280,128,20,8
s,6,6400577424.251983,198272,566630400,1586176,1536,128,20,8
m,6,12801154848.503965,198272,566630400,1586176,1536,128,20,8
l,6,32002887121.25991,198272,566630400,1586176,1536,128,20,8
xl,6,64005774242.51982,198272,566630400,1586176,1536,128,20,8
s,6,4782334653.581502,198272,771169280,1586176,1792,128,20,8
m,6,9564669307.163004,198272,771169280,1586176,1792,128,20,8
l,6,23911673267.90751,198272,771169280,1586176,1792,128,20,8
xl,6,47823346535.81502,198272,771169280,1586176,1792,128,20,8
m,6,7411958974.744073,198272,1007165440,1586176,2048,128,20,8
l,6,18529897436.860184,198272,1007165440,1586176,2048,128,20,8
xl,6,37059794873.72037,198272,1007165440,1586176,2048,128,20,8
s,6,18020085619.914013,789760,141757440,6318080,768,256,20,8
m,6,36040171239.828026,789760,141757440,6318080,768,256,20,8
l,6,90100428099.57005,789760,141757440,6318080,768,256,20,8
xl,6,180200856199.1401,789760,141757440,6318080,768,256,20,8
s,6,11796952000.572021,789760,251924480,6318080,1024,256,20,8
m,6,23593904001.144043,789760,251924480,6318080,1024,256,20,8
l,6,58984760002.860115,789760,251924480,6318080,1024,256,20,8
xl,6,117969520005.72023,789760,251924480,6318080,1024,256,20,8
s,6,8203041334.585936,789760,393548800,6318080,1280,256,20,8
m,6,16406082669.171871,789760,393548800,6318080,1280,256,20,8
l,6,41015206672.92968,789760,393548800,6318080,1280,256,20,8
xl,6,82030413345.85936,789760,393548800,6318080,1280,256,20,8
s,6,5991300440.039449,789760,566630400,6318080,1536,256,20,8
m,6,11982600880.078897,789760,566630400,6318080,1536,256,20,8
l,6,29956502200.197243,789760,566630400,6318080,1536,256,20,8
xl,6,59913004400.394485,789760,566630400,6318080,1536,256,20,8
s,6,4550094429.275653,789760,771169280,6318080,1792,256,20,8
m,6,9100188858.551306,789760,771169280,6318080,1792,256,20,8
l,6,22750472146.37826,789760,771169280,6318080,1792,256,20,8
xl,6,45500944292.75652,789760,771169280,6318080,1792,256,20,8
m,6,7129947729.524339,789760,1007165440,6318080,2048,256,20,8
l,6,17824869323.810844,789760,1007165440,6318080,2048,256,20,8
xl,6,35649738647.62169,789760,1007165440,6318080,2048,256,20,8
s,6,9810799648.540365,1774464,251924480,14195712,1024,384,20,8
m,6,19621599297.08073,1774464,251924480,14195712,1024,384,20,8
l,6,49053998242.70182,1774464,251924480,14195712,1024,384,20,8
xl,6,98107996485.40364,1774464,251924480,14195712,1024,384,20,8
s,6,7190786960.965419,1774464,393548800,14195712,1280,384,20,8
m,6,14381573921.930838,1774464,393548800,14195712,1280,384,20,8
l,6,35953934804.827095,1774464,393548800,14195712,1280,384,20,8
xl,6,71907869609.65419,1774464,393548800,14195712,1280,384,20,8
s,6,5432730453.81814,1774464,566630400,14195712,1536,384,20,8
m,6,10865460907.63628,1774464,566630400,14195712,1536,384,20,8
l,6,27163652269.090702,1774464,566630400,14195712,1536,384,20,8
xl,6,54327304538.181404,1774464,566630400,14195712,1536,384,20,8
s,6,4220540269.513414,1774464,771169280,14195712,1792,384,20,8
m,6,8441080539.026828,1774464,771169280,14195712,1792,384,20,8
l,6,21102701347.56707,1774464,771169280,14195712,1792,384,20,8
xl,6,42205402695.13414,1774464,771169280,14195712,1792,384,20,8
m,6,6718899452.601099,1774464,1007165440,14195712,2048,384,20,8
l,6,16797248631.502748,1774464,1007165440,14195712,2048,384,20,8
xl,6,33594497263.005497,1774464,1007165440,14195712,2048,384,20,8
s,6,6145687205.696197,3152384,393548800,25219072,1280,512,20,8
m,6,12291374411.392393,3152384,393548800,25219072,1280,512,20,8
l,6,30728436028.480984,3152384,393548800,25219072,1280,512,20,8
xl,6,61456872056.96197,3152384,393548800,25219072,1280,512,20,8
s,6,4814210007.394627,3152384,566630400,25219072,1536,512,20,8
m,6,9628420014.789253,3152384,566630400,25219072,1536,512,20,8
l,6,24071050036.973133,3152384,566630400,25219072,1536,512,20,8
xl,6,48142100073.946266,3152384,566630400,25219072,1536,512,20,8
m,6,7675027467.592169,3152384,771169280,25219072,1792,512,20,8
l,6,19187568668.980423,3152384,771169280,25219072,1792,512,20,8
xl,6,38375137337.960846,3152384,771169280,25219072,1792,512,20,8
l,6,15560971792.118366,3152384,1007165440,25219072,2048,512,20,8
xl,6,31121943584.236732,3152384,1007165440,25219072,2048,512,20,8
s,6,4204235717.0340824,4923520,566630400,39388160,1536,640,20,8
m,6,8408471434.068165,4923520,566630400,39388160,1536,640,20,8
l,6,21021178585.17041,4923520,566630400,39388160,1536,640,20,8
xl,6,42042357170.34082,4923520,566630400,39388160,1536,640,20,8
m,6,6879416127.511454,4923520,771169280,39388160,1792,640,20,8
l,6,17198540318.778633,4923520,771169280,39388160,1792,640,20,8
xl,6,34397080637.55727,4923520,771169280,39388160,1792,640,20,8
l,6,14226626907.313276,4923520,1007165440,39388160,2048,640,20,8
xl,6,28453253814.626553,4923520,1007165440,39388160,2048,640,20,8
l,6,15274294063.989475,7087872,771169280,56702976,1792,768,20,8
xl,6,30548588127.97895,7087872,771169280,56702976,1792,768,20,8
xl,6,25767970739.495197,7087872,1007165440,56702976,2048,768,20,8
xl,6,23191537515.10564,9645440,1007165440,77163520,2048,896,20,8
s,6,39472952987.056755,198272,69352448,1586176,512,128,22,8
m,6,78945905974.11351,198272,69352448,1586176,512,128,22,8
l,6,197364764935.28378,198272,69352448,1586176,512,128,22,8
xl,6,394729529870.56757,198272,69352448,1586176,512,128,22,8
s,6,20456390249.011547,198272,155933184,1586176,768,128,22,8
m,6,40912780498.023094,198272,155933184,1586176,768,128,22,8
l,6,102281951245.05774,198272,155933184,1586176,768,128,22,8
xl,6,204563902490.11548,198272,155933184,1586176,768,128,22,8
s,6,12332598958.924543,198272,277116928,1586176,1024,128,22,8
m,6,24665197917.849087,198272,277116928,1586176,1024,128,22,8
l,6,61662994794.62272,198272,277116928,1586176,1024,128,22,8
xl,6,123325989589.24544,198272,277116928,1586176,1024,128,22,8
s,6,8200882881.423256,198272,432903680,1586176,1280,128,22,8
m,6,16401765762.846512,198272,432903680,1586176,1280,128,22,8
l,6,41004414407.11628,198272,432903680,1586176,1280,128,22,8
xl,6,82008828814.23256,198272,432903680,1586176,1280,128,22,8
s,6,5832909630.777755,198272,623293440,1586176,1536,128,22,8
m,6,11665819261.55551,198272,623293440,1586176,1536,128,22,8
l,6,29164548153.888775,198272,623293440,1586176,1536,128,22,8
xl,6,58329096307.77755,198272,623293440,1586176,1536,128,22,8
s,6,4355501062.139565,198272,848286208,1586176,1792,128,22,8
m,6,8711002124.27913,198272,848286208,1586176,1792,128,22,8
l,6,21777505310.697826,198272,848286208,1586176,1792,128,22,8
xl,6,43555010621.39565,198272,848286208,1586176,1792,128,22,8
m,6,6747657753.989325,198272,1107881984,1586176,2048,128,22,8
l,6,16869144384.973312,198272,1107881984,1586176,2048,128,22,8
xl,6,33738288769.946625,198272,1107881984,1586176,2048,128,22,8
s,6,16790567623.272314,789760,155933184,6318080,768,256,22,8
m,6,33581135246.54463,789760,155933184,6318080,768,256,22,8
l,6,83952838116.36157,789760,155933184,6318080,768,256,22,8
xl,6,167905676232.72314,789760,155933184,6318080,768,256,22,8
s,6,10898151869.33724,789760,277116928,6318080,1024,256,22,8
m,6,21796303738.67448,789760,277116928,6318080,1024,256,22,8
l,6,54490759346.6862,789760,277116928,6318080,1024,256,22,8
xl,6,108981518693.3724,789760,277116928,6318080,1024,256,22,8
s,6,7540860608.012672,789760,432903680,6318080,1280,256,22,8
m,6,15081721216.025345,789760,432903680,6318080,1280,256,22,8
l,6,37704303040.06336,789760,432903680,6318080,1280,256,22,8
xl,6,75408606080.12672,789760,432903680,6318080,1280,256,22,8
s,6,5491072307.142998,789760,623293440,6318080,1536,256,22,8
m,6,10982144614.285995,789760,623293440,6318080,1536,256,22,8
l,6,27455361535.71499,789760,623293440,6318080,1536,256,22,8
xl,6,54910723071.42998,789760,623293440,6318080,1536,256,22,8
s,6,4162028134.0012274,789760,848286208,6318080,1792,256,22,8
m,6,8324056268.002455,789760,848286208,6318080,1792,256,22,8
l,6,20810140670.006138,789760,848286208,6318080,1792,256,22,8
xl,6,41620281340.012276,789760,848286208,6318080,1792,256,22,8
l,6,16282830704.67731,789760,1107881984,6318080,2048,256,22,8
xl,6,32565661409.35462,789760,1107881984,6318080,2048,256,22,8
s,6,9181091678.486425,1774464,277116928,14195712,1024,384,22,8
m,6,18362183356.97285,1774464,277116928,14195712,1024,384,22,8
l,6,45905458392.43212,1774464,277116928,14195712,1024,384,22,8
xl,6,91810916784.86424,1774464,277116928,14195712,1024,384,22,8
s,6,6676829218.038347,1774464,432903680,14195712,1280,384,22,8
m,6,13353658436.076694,1774464,432903680,14195712,1280,384,22,8
l,6,33384146090.191734,1774464,432903680,14195712,1280,384,22,8
xl,6,66768292180.38347,1774464,432903680,14195712,1280,384,22,8
s,6,5018200410.70558,1774464,623293440,14195712,1536,384,22,8
m,6,10036400821.41116,1774464,623293440,14195712,1536,384,22,8
l,6,25091002053.5279,1774464,623293440,14195712,1536,384,22,8
xl,6,50182004107.0558,1774464,623293440,14195712,1536,384,22,8
m,6,7769153306.51421,1774464,848286208,14195712,1792,384,22,8
l,6,19422883266.285522,1774464,848286208,14195712,1792,384,22,8
xl,6,38845766532.571045,1774464,848286208,14195712,1792,384,22,8
l,6,15421021016.679981,1774464,1107881984,14195712,2048,384,22,8
xl,6,30842042033.359962,1774464,1107881984,14195712,2048,384,22,8
s,6,5766328089.769256,3152384,432903680,25219072,1280,512,22,8
m,6,11532656179.538511,3152384,432903680,25219072,1280,512,22,8
l,6,28831640448.84628,3152384,432903680,25219072,1280,512,22,8
xl,6,57663280897.69256,3152384,432903680,25219072,1280,512,22,8
s,6,4485843395.97724,3152384,623293440,25219072,1536,512,22,8
m,6,8971686791.95448,3152384,623293440,25219072,1536,512,22,8
l,6,22429216979.886196,3152384,623293440,25219072,1536,512,22,8
xl,6,44858433959.77239,3152384,623293440,25219072,1536,512,22,8
m,6,7115482730.878617,3152384,848286208,25219072,1792,512,22,8
l,6,17788706827.196545,3152384,848286208,25219072,1792,512,22,8
xl,6,35577413654.39309,3152384,848286208,25219072,1792,512,22,8
l,6,14372704355.05493,3152384,1107881984,25219072,2048,512,22,8
xl,6,28745408710.10986,3152384,1107881984,25219072,2048,512,22,8
m,6,7903249057.300452,4923520,623293440,39388160,1536,640,22,8
l,6,19758122643.251133,4923520,623293440,39388160,1536,640,22,8
xl,6,39516245286.502266,4923520,623293440,39388160,1536,640,22,8
l,6,16066106746.726883,4923520,848286208,39388160,1792,640,22,8
xl,6,32132213493.453766,4923520,848286208,39388160,1792,640,22,8
l,6,13226862290.05527,4923520,1107881984,39388160,2048,640,22,8
xl,6,26453724580.11054,4923520,1107881984,39388160,2048,640,22,8
l,6,14374458527.174135,7087872,848286208,56702976,1792,768,22,8
xl,6,28748917054.34827,7087872,848286208,56702976,1792,768,22,8
xl,6,24117095640.406193,7087872,1107881984,56702976,2048,768,22,8
xl,6,21845665351.281906,9645440,1107881984,77163520,2048,896,22,8
s,6,36688566316.49143,198272,75657216,1586176,512,128,24,8
m,6,73377132632.98286,198272,75657216,1586176,512,128,24,8
l,6,183442831582.45715,198272,75657216,1586176,512,128,24,8
xl,6,366885663164.9143,198272,75657216,1586176,512,128,24,8
s,6,18886420391.773857,198272,170108928,1586176,768,128,24,8
m,6,37772840783.547714,198272,170108928,1586176,768,128,24,8
l,6,94432101958.8693,198272,170108928,1586176,768,128,24,8
xl,6,188864203917.7386,198272,170108928,1586176,768,128,24,8
s,6,11353711155.775095,198272,302309376,1586176,1024,128,24,8
m,6,22707422311.55019,198272,302309376,1586176,1024,128,24,8
l,6,56768555778.87547,198272,302309376,1586176,1024,128,24,8
xl,6,113537111557.75095,198272,302309376,1586176,1024,128,24,8
s,6,7539036528.019161,198272,472258560,1586176,1280,128,24,8
m,6,15078073056.038322,198272,472258560,1586176,1280,128,24,8
l,6,37695182640.0958,198272,472258560,1586176,1280,128,24,8
xl,6,75390365280.1916,198272,472258560,1586176,1280,128,24,8
s,6,5357731901.4959135,198272,679956480,1586176,1536,128,24,8
m,6,10715463802.991827,198272,679956480,1586176,1536,128,24,8
l,6,26788659507.479565,198272,679956480,1586176,1536,128,24,8
xl,6,53577319014.95913,198272,679956480,1586176,1536,128,24,8
m,6,7997232062.016549,198272,925403136,1586176,1792,128,24,8
l,6,19993080155.041374,198272,925403136,1586176,1792,128,24,8
xl,6,39986160310.08275,198272,925403136,1586176,1792,128,24,8
l,6,15481597062.72737,198272,1208598528,1586176,2048,128,24,8
xl,6,30963194125.45474,198272,1208598528,1586176,2048,128,24,8
s,6,15718114107.975647,789760,170108928,6318080,768,256,24,8
m,6,31436228215.951294,789760,170108928,6318080,768,256,24,8
l,6,78590570539.87823,789760,170108928,6318080,768,256,24,8
xl,6,157181141079.75647,789760,170108928,6318080,768,256,24,8
s,6,10126613453.06825,789760,302309376,6318080,1024,256,24,8
m,6,20253226906.1365,789760,302309376,6318080,1024,256,24,8
l,6,50633067265.341255,789760,302309376,6318080,1024,256,24,8
xl,6,101266134530.68251,789760,302309376,6318080,1024,256,24,8
s,6,6977602009.192125,789760,472258560,6318080,1280,256,24,8
m,6,13955204018.38425,789760,472258560,6318080,1280,256,24,8
l,6,34888010045.960625,789760,472258560,6318080,1280,256,24,8
xl,6,69776020091.92125,789760,472258560,6318080,1280,256,24,8
s,6,5067937937.950925,789760,679956480,6318080,1536,256,24,8
m,6,10135875875.90185,789760,679956480,6318080,1536,256,24,8
l,6,25339689689.754623,789760,679956480,6318080,1536,256,24,8
xl,6,50679379379.50925,789760,679956480,6318080,1536,256,24,8
m,6,7669908726.858964,789760,925403136,6318080,1792,256,24,8
l,6,19174771817.14741,789760,925403136,6318080,1792,256,24,8
xl,6,38349543634.29482,789760,925403136,6318080,1792,256,24,8
l,6,14986353546.35152,789760,1208598528,6318080,2048,256,24,8
xl,6,29972707092.70304,789760,1208598528,6318080,2048,256,24,8
s,6,8627344014.85946,1774464,302309376,14195712,1024,384,24,8
m,6,17254688029.71892,1774464,302309376,14195712,1024,384,24,8
l,6,43136720074.2973,1774464,302309376,14195712,1024,384,24,8
xl,6,86273440148.5946,1774464,302309376,14195712,1024,384,24,8
s,6,6231440278.275186,1774464,472258560,14195712,1280,384,24,8
m,6,12462880556.550371,1774464,472258560,14195712,1280,384,24,8
l,6,31157201391.375927,1774464,472258560,14195712,1280,384,24,8
xl,6,62314402782.751854,1774464,472258560,14195712,1280,384,24,8
s,6,4662444953.309903,1774464,679956480,14195712,1536,384,24,8
m,6,9324889906.619806,1774464,679956480,14195712,1536,384,24,8
l,6,23312224766.549515,1774464,679956480,14195712,1536,384,24,8
xl,6,46624449533.09903,1774464,679956480,14195712,1536,384,24,8
m,6,7196312172.107232,1774464,925403136,14195712,1792,384,24,8
l,6,17990780430.26808,1774464,925403136,14195712,1792,384,24,8
xl,6,35981560860.53616,1774464,925403136,14195712,1792,384,24,8
l,6,14253229302.851522,1774464,1208598528,14195712,2048,384,24,8
xl,6,28506458605.703045,1774464,1208598528,14195712,2048,384,24,8
s,6,5431080028.9194145,3152384,472258560,25219072,1280,512,24,8
m,6,10862160057.838829,3152384,472258560,25219072,1280,512,24,8
l,6,27155400144.597076,3152384,472258560,25219072,1280,512,24,8
xl,6,54310800289.19415,3152384,472258560,25219072,1280,512,24,8
s,6,4199410873.0474415,3152384,679956480,25219072,1536,512,24,8
m,6,8398821746.094883,3152384,679956480,25219072,1536,512,24,8
l,6,20997054365.237206,3152384,679956480,25219072,1536,512,24,8
xl,6,41994108730.47441,3152384,679956480,25219072,1536,512,24,8
l,6,16579952190.31514,3152384,925403136,25219072,1792,512,24,8
xl,6,33159904380.63028,3152384,925403136,25219072,1792,512,24,8
l,6,13353039143.163038,3152384,1208598528,25219072,2048,512,24,8
xl,6,26706078286.326077,3152384,1208598528,25219072,2048,512,24,8
m,6,7455298032.994167,4923520,679956480,39388160,1536,640,24,8
l,6,18638245082.485416,4923520,679956480,39388160,1536,640,24,8
xl,6,37276490164.97083,4923520,679956480,39388160,1536,640,24,8
l,6,15073589989.86283,4923520,925403136,39388160,1792,640,24,8
xl,6,30147179979.72566,4923520,925403136,39388160,1792,640,24,8
xl,6,24716773458.946743,4923520,1208598528,39388160,2048,640,24,8
l,6,13574746332.516212,7087872,925403136,56702976,1792,768,24,8
xl,6,27149492665.032425,7087872,925403136,56702976,1792,768,24,8
xl,6,22665017281.98502,7087872,1208598528,56702976,2048,768,24,8
xl,6,20647434841.981388,9645440,1208598528,77163520,2048,896,24,8
l,6,429728898755.9896,198272,25192448,1784448,1024,128,2,9
s,6,65150496261.916985,198272,39354880,1784448,1280,128,2,9
m,6,130300992523.83397,198272,39354880,1784448,1280,128,2,9
l,6,325752481309.5849,198272,39354880,1784448,1280,128,2,9
xl,6,651504962619.1698,198272,39354880,1784448,1280,128,2,9
s,6,50379498687.71482,198272,56663040,1784448,1536,128,2,9
m,6,100758997375.42964,198272,56663040,1784448,1536,128,2,9
l,6,251897493438.5741,198272,56663040,1784448,1536,128,2,9
xl,6,503794986877.1482,198272,56663040,1784448,1536,128,2,9
s,6,39783509875.393524,198272,77116928,1784448,1792,128,2,9
m,6,79567019750.78705,198272,77116928,1784448,1792,128,2,9
l,6,198917549376.96762,198272,77116928,1784448,1792,128,2,9
xl,6,397835098753.93524,198272,77116928,1784448,1792,128,2,9
s,6,32041861281.922935,198272,100716544,1784448,2048,128,2,9
m,6,64083722563.84587,198272,100716544,1784448,2048,128,2,9
l,6,160209306409.6147,198272,100716544,1784448,2048,128,2,9
xl,6,320418612819.2294,198272,100716544,1784448,2048,128,2,9
s,6,23222137938.117634,789760,100716544,7107840,2048,256,2,9
m,6,46444275876.23527,789760,100716544,7107840,2048,256,2,9
l,6,116110689690.58818,789760,100716544,7107840,2048,256,2,9
xl,6,232221379381.17636,789760,100716544,7107840,2048,256,2,9
l,6,391498040630.60626,198272,28351488,1784448,768,128,4,9
s,6,53687639541.72499,198272,50384896,1784448,1024,128,4,9
m,6,107375279083.44998,198272,50384896,1784448,1024,128,4,9
l,6,268438197708.62497,198272,50384896,1784448,1024,128,4,9
xl,6,536876395417.24994,198272,50384896,1784448,1024,128,4,9
s,6,38381924569.97072,198272,78709760,1784448,1280,128,4,9
m,6,76763849139.94144,198272,78709760,1784448,1280,128,4,9
l,6,191909622849.85358,198272,78709760,1784448,1280,128,4,9
xl,6,383819245699.70715,198272,78709760,1784448,1280,128,4,9
s,6,28527037241.24836,198272,113326080,1784448,1536,128,4,9
m,6,57054074482.49672,198272,113326080,1784448,1536,128,4,9
l,6,142635186206.24182,198272,113326080,1784448,1536,128,4,9
xl,6,285270372412.48364,198272,113326080,1784448,1536,128,4,9
s,6,21916433788.57693,198272,154233856,1784448,1792,128,4,9
m,6,43832867577.15386,198272,154233856,1784448,1792,128,4,9
l,6,109582168942.88464,198272,154233856,1784448,1792,128,4,9
xl,6,219164337885.7693,198272,154233856,1784448,1792,128,4,9
s,6,17308787300.688152,198272,201433088,1784448,2048,128,4,9
m,6,34617574601.376305,198272,201433088,1784448,2048,128,4,9
l,6,86543936503.44075,198272,201433088,1784448,2048,128,4,9
xl,6,173087873006.8815,198272,201433088,1784448,2048,128,4,9
s,6,21318485207.358936,789760,113326080,7107840,1536,256,4,9
m,6,42636970414.71787,789760,113326080,7107840,1536,256,4,9
l,6,106592426036.79468,789760,113326080,7107840,1536,256,4,9
xl,6,213184852073.58936,789760,113326080,7107840,1536,256,4,9
s,6,17397039243.99322,789760,154233856,7107840,1792,256,4,9
m,6,34794078487.98644,789760,154233856,7107840,1792,256,4,9
l,6,86985196219.96611,789760,154233856,7107840,1792,256,4,9
xl,6,173970392439.93222,789760,154233856,7107840,1792,256,4,9
s,6,14362181283.067835,789760,201433088,7107840,2048,256,4,9
m,6,28724362566.13567,789760,201433088,7107840,2048,256,4,9
l,6,71810906415.33917,789760,201433088,7107840,2048,256,4,9
xl,6,143621812830.67834,789760,201433088,7107840,2048,256,4,9
s,6,11275298166.275003,1774464,201433088,15970176,2048,384,4,9
m,6,22550596332.550007,1774464,201433088,15970176,2048,384,4,9
l,6,56376490831.37502,1774464,201433088,15970176,2048,384,4,9
xl,6,112752981662.75005,1774464,201433088,15970176,2048,384,4,9
s,6,59399805358.717804,198272,42527232,1784448,768,128,6,9
m,6,118799610717.43561,198272,42527232,1784448,768,128,6,9
l,6,296999026793.589,198272,42527232,1784448,768,128,6,9
xl,6,593998053587.178,198272,42527232,1784448,768,128,6,9
s,6,39036150598.346115,198272,75577344,1784448,1024,128,6,9
m,6,78072301196.69223,198272,75577344,1784448,1024,128,6,9
l,6,195180752991.7306,198272,75577344,1784448,1024,128,6,9
xl,6,390361505983.4612,198272,75577344,1784448,1024,128,6,9
s,6,27204381951.263676,198272,118064640,1784448,1280,128,6,9
m,6,54408763902.52735,198272,118064640,1784448,1280,128,6,9
l,6,136021909756.31837,198272,118064640,1784448,1280,128,6,9
xl,6,272043819512.63675,198272,118064640,1784448,1280,128,6,9
s,6,19896702686.596054,198272,169989120,1784448,1536,128,6,9
m,6,39793405373.19211,198272,169989120,1784448,1536,128,6,9
l,6,99483513432.98027,198272,169989120,1784448,1536,128,6,9
xl,6,198967026865.96054,198272,169989120,1784448,1536,128,6,9
s,6,15124090134.737492,198272,231350784,1784448,1792,128,6,9
m,6,30248180269.474983,198272,231350784,1784448,1792,128,6,9
l,6,75620450673.68747,198272,231350784,1784448,1792,128,6,9
xl,6,151240901347.37494,198272,231350784,1784448,1792,128,6,9
s,6,11856900678.25266,198272,302149632,1784448,2048,128,6,9
m,6,23713801356.50532,198272,302149632,1784448,2048,128,6,9
l,6,59284503391.263306,198272,302149632,1784448,2048,128,6,9
xl,6,118569006782.52661,198272,302149632,1784448,2048,128,6,9
s,6,20571065956.432785,789760,118064640,7107840,1280,256,6,9
m,6,41142131912.86557,789760,118064640,7107840,1280,256,6,9
l,6,102855329782.16393,789760,118064640,7107840,1280,256,6,9
xl,6,205710659564.32785,789760,118064640,7107840,1280,256,6,9
s,6,16099749410.620373,789760,169989120,7107840,1536,256,6,9
m,6,32199498821.240746,789760,169989120,7107840,1536,256,6,9
l,6,80498747053.10187,789760,169989120,7107840,1536,256,6,9
xl,6,160997494106.20374,789760,169989120,7107840,1536,256,6,9
s,6,12824974596.29032,789760,231350784,7107840,1792,256,6,9
m,6,25649949192.58064,789760,231350784,7107840,1792,256,6,9
l,6,64124872981.4516,789760,231350784,7107840,1792,256,6,9
xl,6,128249745962.9032,789760,231350784,7107840,1792,256,6,9
s,6,10395847249.907518,789760,302149632,7107840,2048,256,6,9
m,6,20791694499.815037,789760,302149632,7107840,2048,256,6,9
l,6,51979236249.53759,789760,302149632,7107840,2048,256,6,9
xl,6,103958472499.07518,789760,302149632,7107840,2048,256,6,9
s,6,10305558999.902386,1774464,231350784,15970176,1792,384,6,9
m,6,20611117999.80477,1774464,231350784,15970176,1792,384,6,9
l,6,51527794999.51193,1774464,231350784,15970176,1792,384,6,9
xl,6,103055589999.02386,1774464,231350784,15970176,1792,384,6,9
s,6,8676458339.11764,1774464,302149632,15970176,2048,384,6,9
m,6,17352916678.23528,1774464,302149632,15970176,2048,384,6,9
l,6,43382291695.5882,1774464,302149632,15970176,2048,384,6,9
xl,6,86764583391.1764,1774464,302149632,15970176,2048,384,6,9
l,6,405357028235.2046,198272,25219072,1784448,512,128,8,9
s,6,47849893734.95599,198272,56702976,1784448,768,128,8,9
m,6,95699787469.91199,198272,56702976,1784448,768,128,8,9
l,6,239249468674.77997,198272,56702976,1784448,768,128,8,9
xl,6,478498937349.55994,198272,56702976,1784448,768,128,8,9
s,6,30667040053.212833,198272,100769792,1784448,1024,128,8,9
m,6,61334080106.42567,198272,100769792,1784448,1024,128,8,9
l,6,153335200266.06418,198272,100769792,1784448,1024,128,8,9
xl,6,306670400532.12836,198272,100769792,1784448,1024,128,8,9
s,6,21068760380.3478,198272,157419520,1784448,1280,128,8,9
m,6,42137520760.6956,198272,157419520,1784448,1280,128,8,9
l,6,105343801901.739,198272,157419520,1784448,1280,128,8,9
xl,6,210687603803.478,198272,157419520,1784448,1280,128,8,9
s,6,15275407034.606007,198272,226652160,1784448,1536,128,8,9
m,6,30550814069.212013,198272,226652160,1784448,1536,128,8,9
l,6,76377035173.03003,198272,226652160,1784448,1536,128,8,9
xl,6,152754070346.06006,198272,226652160,1784448,1536,128,8,9
s,6,11545811074.458822,198272,308467712,1784448,1792,128,8,9
m,6,23091622148.917645,198272,308467712,1784448,1792,128,8,9
l,6,57729055372.294106,198272,308467712,1784448,1792,128,8,9
xl,6,115458110744.58821,198272,308467712,1784448,1792,128,8,9
s,6,9016805601.176523,198272,402866176,1784448,2048,128,8,9
m,6,18033611202.353046,198272,402866176,1784448,2048,128,8,9
l,6,45084028005.882614,198272,402866176,1784448,2048,128,8,9
xl,6,90168056011.76523,198272,402866176,1784448,2048,128,8,9
s,6,22491377726.520428,789760,100769792,7107840,1024,256,8,9
m,6,44982755453.040855,789760,100769792,7107840,1024,256,8,9
l,6,112456888632.60214,789760,100769792,7107840,1024,256,8,9
xl,6,224913777265.20428,789760,100769792,7107840,1024,256,8,9
s,6,16858624230.474926,789760,157419520,7107840,1280,256,8,9
m,6,33717248460.949852,789760,157419520,7107840,1280,256,8,9
l,6,84293121152.37463,789760,157419520,7107840,1280,256,8,9
xl,6,168586242304.74927,789760,157419520,7107840,1280,256,8,9
s,6,12933617638.391779,789760,226652160,7107840,1536,256,8,9
m,6,25867235276.783558,789760,226652160,7107840,1536,256,8,9
l,6,64668088191.95889,789760,226652160,7107840,1536,256,8,9
xl,6,129336176383.91779,789760,226652160,7107840,1536,256,8,9
s,6,10155925691.737331,789760,308467712,7107840,1792,256,8,9
m,6,20311851383.474663,789760,308467712,7107840,1792,256,8,9
l,6,50779628458.68666,789760,308467712,7107840,1792,256,8,9
xl,6,101559256917.37332,789760,308467712,7107840,1792,256,8,9
s,6,8146161343.144459,789760,402866176,7107840,2048,256,8,9
m,6,16292322686.288918,789760,402866176,7107840,2048,256,8,9
l,6,40730806715.72229,789760,402866176,7107840,2048,256,8,9
xl,6,81461613431.44458,789760,402866176,7107840,2048,256,8,9
s,6,10375593151.909307,1774464,226652160,15970176,1536,384,8,9
m,6,20751186303.818615,1774464,226652160,15970176,1536,384,8,9
l,6,51877965759.54654,1774464,226652160,15970176,1536,384,8,9
xl,6,103755931519.09308,1774464,226652160,15970176,1536,384,8,9
s,6,8508695663.082616,1774464,308467712,15970176,1792,384,8,9
m,6,17017391326.165232,1774464,308467712,15970176,1792,384,8,9
l,6,42543478315.41308,1774464,308467712,15970176,1792,384,8,9
xl,6,85086956630.82616,1774464,308467712,15970176,1792,384,8,9
s,6,7051224006.3744335,1774464,402866176,15970176,2048,384,8,9
m,6,14102448012.748867,1774464,402866176,15970176,2048,384,8,9
l,6,35256120031.87217,1774464,402866176,15970176,2048,384,8,9
xl,6,70512240063.74434,1774464,402866176,15970176,2048,384,8,9
s,6,5949177842.43645,3152384,402866176,28371456,2048,512,8,9
m,6,11898355684.8729,3152384,402866176,28371456,2048,512,8,9
l,6,29745889212.18225,3152384,402866176,28371456,2048,512,8,9
xl,6,59491778424.3645,3152384,402866176,28371456,2048,512,8,9
l,6,350693832404.55725,198272,31523840,1784448,512,128,10,9
s,6,40060404680.59359,198272,70878720,1784448,768,128,10,9
m,6,80120809361.18718,198272,70878720,1784448,768,128,10,9
l,6,200302023402.96793,198272,70878720,1784448,768,128,10,9
xl,6,400604046805.93585,198272,70878720,1784448,768,128,10,9
s,6,25252960642.90098,198272,125962240,1784448,1024,128,10,9
m,6,50505921285.80196,198272,125962240,1784448,1024,128,10,9
l,6,126264803214.50491,198272,125962240,1784448,1024,128,10,9
xl,6,252529606429.00983,198272,125962240,1784448,1024,128,10,9
s,6,17191437997.70892,198272,196774400,1784448,1280,128,10,9
m,6,34382875995.41784,198272,196774400,1784448,1280,128,10,9
l,6,85957189988.54459,198272,196774400,1784448,1280,128,10,9
xl,6,171914379977.08917,198272,196774400,1784448,1280,128,10,9
s,6,12396209021.108067,198272,283315200,1784448,1536,128,10,9
m,6,24792418042.216133,198272,283315200,1784448,1536,128,10,9
l,6,61981045105.54033,198272,283315200,1784448,1536,128,10,9
xl,6,123962090211.08066,198272,283315200,1784448,1536,128,10,9
s,6,9336778968.90724,198272,385584640,1784448,1792,128,10,9
m,6,18673557937.81448,198272,385584640,1784448,1792,128,10,9
l,6,46683894844.5362,198272,385584640,1784448,1792,128,10,9
xl,6,93367789689.0724,198272,385584640,1784448,1792,128,10,9
s,6,7274368866.323211,198272,503582720,1784448,2048,128,10,9
m,6,14548737732.646421,198272,503582720,1784448,2048,128,10,9
l,6,36371844331.61605,198272,503582720,1784448,2048,128,10,9
xl,6,72743688663.2321,198272,503582720,1784448,2048,128,10,9
s,6,19435401111.816696,789760,125962240,7107840,1024,256,10,9
m,6,38870802223.63339,789760,125962240,7107840,1024,256,10,9
l,6,97177005559.08348,789760,125962240,7107840,1024,256,10,9
xl,6,194354011118.16696,789760,125962240,7107840,1024,256,10,9
s,6,14281292262.081486,789760,196774400,7107840,1280,256,10,9
m,6,28562584524.16297,789760,196774400,7107840,1280,256,10,9
l,6,71406461310.40742,789760,196774400,7107840,1280,256,10,9
xl,6,142812922620.81485,789760,196774400,7107840,1280,256,10,9
s,6,10808122451.012402,789760,283315200,7107840,1536,256,10,9
m,6,21616244902.024803,789760,283315200,7107840,1536,256,10,9
l,6,54040612255.062004,789760,283315200,7107840,1536,256,10,9
xl,6,108081224510.12401,789760,283315200,7107840,1536,256,10,9
s,6,8406434196.466416,789760,385584640,7107840,1792,256,10,9
m,6,16812868392.932833,789760,385584640,7107840,1792,256,10,9
l,6,42032170982.332085,789760,385584640,7107840,1792,256,10,9
xl,6,84064341964.66417,789760,385584640,7107840,1792,256,10,9
s,6,6696929886.33434,789760,503582720,7107840,2048,256,10,9
m,6,13393859772.66868,789760,503582720,7107840,2048,256,10,9
l,6,33484649431.6717,789760,503582720,7107840,2048,256,10,9
xl,6,66969298863.3434,789760,503582720,7107840,2048,256,10,9
s,6,11225383188.943872,1774464,196774400,15970176,1280,384,10,9
m,6,22450766377.887745,1774464,196774400,15970176,1280,384,10,9
l,6,56126915944.71936,1774464,196774400,15970176,1280,384,10,9
xl,6,112253831889.43872,1774464,196774400,15970176,1280,384,10,9
s,6,8961765809.128439,1774464,283315200,15970176,1536,384,10,9
m,6,17923531618.256878,1774464,283315200,15970176,1536,384,10,9
l,6,44808829045.6422,1774464,283315200,15970176,1536,384,10,9
xl,6,89617658091.2844,1774464,283315200,15970176,1536,384,10,9
s,6,7245397882.211136,1774464,385584640,15970176,1792,384,10,9
m,6,14490795764.422272,1774464,385584640,15970176,1792,384,10,9
l,6,36226989411.05568,1774464,385584640,15970176,1792,384,10,9
xl,6,72453978822.11136,1774464,385584640,15970176,1792,384,10,9
s,6,5938796005.125445,1774464,503582720,15970176,2048,384,10,9
m,6,11877592010.25089,1774464,503582720,15970176,2048,384,10,9
l,6,29693980025.627228,1774464,503582720,15970176,2048,384,10,9
xl,6,59387960051.254456,1774464,503582720,15970176,2048,384,10,9
s,6,6086807025.78892,3152384,385584640,28371456,1792,512,10,9
m,6,12173614051.57784,3152384,385584640,28371456,1792,512,10,9
l,6,30434035128.944603,3152384,385584640,28371456,1792,512,10,9
xl,6,60868070257.889206,3152384,385584640,28371456,1792,512,10,9
s,6,5137283561.178527,3152384,503582720,28371456,2048,512,10,9
m,6,10274567122.357054,3152384,503582720,28371456,2048,512,10,9
l,6,25686417805.892635,3152384,503582720,28371456,2048,512,10,9
xl,6,51372835611.78527,3152384,503582720,28371456,2048,512,10,9
s,6,4383360530.450797,4923520,503582720,44311680,2048,640,10,9
m,6,8766721060.901594,4923520,503582720,44311680,2048,640,10,9
l,6,21916802652.253986,4923520,503582720,44311680,2048,640,10,9
xl,6,43833605304.50797,4923520,503582720,44311680,2048,640,10,9
s,6,61804330456.38295,198272,37828608,1784448,512,128,12,9
m,6,123608660912.7659,198272,37828608,1784448,512,128,12,9
l,6,309021652281.9148,198272,37828608,1784448,512,128,12,9
xl,6,618043304563.8296,198272,37828608,1784448,512,128,12,9
s,6,34451965691.354485,198272,85054464,1784448,768,128,12,9
m,6,68903931382.70897,198272,85054464,1784448,768,128,12,9
l,6,172259828456.77243,198272,85054464,1784448,768,128,12,9
xl,6,344519656913.54486,198272,85054464,1784448,768,128,12,9
s,6,21463678647.863796,198272,151154688,1784448,1024,128,12,9
m,6,42927357295.72759,198272,151154688,1784448,1024,128,12,9
l,6,107318393239.31898,198272,151154688,1784448,1024,128,12,9
xl,6,214636786478.63797,198272,151154688,1784448,1024,128,12,9
s,6,14519405359.49583,198272,236129280,1784448,1280,128,12,9
m,6,29038810718.99166,198272,236129280,1784448,1280,128,12,9
l,6,72597026797.47916,198272,236129280,1784448,1280,128,12,9
xl,6,145194053594.9583,198272,236129280,1784448,1280,128,12,9
s,6,10430253810.630648,198272,339978240,1784448,1536,128,12,9
m,6,20860507621.261295,198272,339978240,1784448,1536,128,12,9
l,6,52151269053.153244,198272,339978240,1784448,1536,128,12,9
xl,6,104302538106.30649,198272,339978240,1784448,1536,128,12,9
s,6,7837289346.202037,198272,462701568,1784448,1792,128,12,9
m,6,15674578692.404074,198272,462701568,1784448,1792,128,12,9
l,6,39186446731.010185,198272,462701568,1784448,1792,128,12,9
xl,6,78372893462.02037,198272,462701568,1784448,1792,128,12,9
s,6,6096300082.324436,198272,604299264,1784448,2048,128,12,9
m,6,12192600164.648872,198272,604299264,1784448,2048,128,12,9
l,6,30481500411.62218,198272,604299264,1784448,2048,128,12,9
xl,6,60963000823.24436,198272,604299264,1784448,2048,128,12,9
s,6,24462375691.991684,789760,85054464,7107840,768,256,12,9
m,6,48924751383.98337,789760,85054464,7107840,768,256,12,9
l,6,122311878459.95842,789760,85054464,7107840,768,256,12,9
xl,6,244623756919.91684,789760,85054464,7107840,768,256,12,9
s,6,17110536805.449087,789760,151154688,7107840,1024,256,12,9
m,6,34221073610.898174,789760,151154688,7107840,1024,256,12,9
l,6,85552684027.24544,789760,151154688,7107840,1024,256,12,9
xl,6,171105368054.49088,789760,151154688,7107840,1024,256,12,9
s,6,12387501664.880224,789760,236129280,7107840,1280,256,12,9
m,6,24775003329.76045,789760,236129280,7107840,1280,256,12,9
l,6,61937508324.401115,789760,236129280,7107840,1280,256,12,9
xl,6,123875016648.80223,789760,236129280,7107840,1280,256,12,9
s,6,9282626724.934828,789760,339978240,7107840,1536,256,12,9
m,6,18565253449.869656,789760,339978240,7107840,1536,256,12,9
l,6,46413133624.67414,789760,339978240,7107840,1536,256,12,9
xl,6,92826267249.34828,789760,339978240,7107840,1536,256,12,9
s,6,7171115435.453076,789760,462701568,7107840,1792,256,12,9
m,6,14342230870.906153,789760,462701568,7107840,1792,256,12,9
l,6,35855577177.26538,789760,462701568,7107840,1792,256,12,9
xl,6,71711154354.53076,789760,462701568,7107840,1792,256,12,9
s,6,5685465149.281212,789760,604299264,7107840,2048,256,12,9
m,6,11370930298.562424,789760,604299264,7107840,2048,256,12,9
l,6,28427325746.40606,789760,604299264,7107840,2048,256,12,9
xl,6,56854651492.81212,789760,604299264,7107840,2048,256,12,9
s,6,10021177554.101532,1774464,236129280,15970176,1280,384,12,9
m,6,20042355108.203064,1774464,236129280,15970176,1280,384,12,9
l,6,50105887770.50766,1774464,236129280,15970176,1280,384,12,9
xl,6,100211775541.01532,1774464,236129280,15970176,1280,384,12,9
s,6,7887040418.999969,1774464,339978240,15970176,1536,384,12,9
m,6,15774080837.999937,1774464,339978240,15970176,1536,384,12,9
l,6,39435202094.99984,1774464,339978240,15970176,1536,384,12,9
xl,6,78870404189.99968,1774464,339978240,15970176,1536,384,12,9
s,6,6308731769.279283,1774464,462701568,15970176,1792,384,12,9
m,6,12617463538.558565,1774464,462701568,15970176,1792,384,12,9
l,6,31543658846.39641,1774464,462701568,15970176,1792,384,12,9
xl,6,63087317692.79282,1774464,462701568,15970176,1792,384,12,9
s,6,5129540176.528406,1774464,604299264,15970176,2048,384,12,9
m,6,10259080353.056812,1774464,604299264,15970176,2048,384,12,9
l,6,25647700882.64203,1774464,604299264,15970176,2048,384,12,9
xl,6,51295401765.28406,1774464,604299264,15970176,2048,384,12,9
s,6,6533326866.210846,3152384,339978240,28371456,1536,512,12,9
m,6,13066653732.421692,3152384,339978240,28371456,1536,512,12,9
l,6,32666634331.05423,3152384,339978240,28371456,1536,512,12,9
xl,6,65333268662.10846,3152384,339978240,28371456,1536,512,12,9
s,6,5411795185.112836,3152384,462701568,28371456,1792,512,12,9
m,6,10823590370.225672,3152384,462701568,28371456,1792,512,12,9
l,6,27058975925.56418,3152384,462701568,28371456,1792,512,12,9
xl,6,54117951851.12836,3152384,462701568,28371456,1792,512,12,9
s,6,4520379752.401804,3152384,604299264,28371456,2048,512,12,9
m,6,9040759504.803608,3152384,604299264,28371456,2048,512,12,9
l,6,22601898762.00902,3152384,604299264,28371456,2048,512,12,9
xl,6,45203797524.01804,3152384,604299264,28371456,2048,512,12,9
m,6,7852362518.324274,4923520,604299264,44311680,2048,640,12,9
l,6,19630906295.810684,4923520,604299264,44311680,2048,640,12,9
xl,6,39261812591.62137,4923520,604299264,44311680,2048,640,12,9
s,6,55240252633.00938,198272,44133376,1784448,512,128,14,9
m,6,110480505266.01875,198272,44133376,1784448,512,128,14,9
l,6,276201263165.0469,198272,44133376,1784448,512,128,14,9
xl,6,552402526330.0938,198272,44133376,1784448,512,128,14,9
s,6,30221034226.65099,198272,99230208,1784448,768,128,14,9
m,6,60442068453.30198,198272,99230208,1784448,768,128,14,9
l,6,151105171133.25494,198272,99230208,1784448,768,128,14,9
xl,6,302210342266.5099,198272,99230208,1784448,768,128,14,9
s,6,18663208629.17153,198272,176347136,1784448,1024,128,14,9
m,6,37326417258.34306,198272,176347136,1784448,1024,128,14,9
l,6,93316043145.85767,198272,176347136,1784448,1024,128,14,9
xl,6,186632086291.71533,198272,176347136,1784448,1024,128,14,9
s,6,12566256016.813702,198272,275484160,1784448,1280,128,14,9
m,6,25132512033.627403,198272,275484160,1784448,1280,128,14,9
l,6,62831280084.068504,198272,275484160,1784448,1280,128,14,9
xl,6,125662560168.13701,198272,275484160,1784448,1280,128,14,9
s,6,9002515518.896353,198272,396641280,1784448,1536,128,14,9
m,6,18005031037.792706,198272,396641280,1784448,1536,128,14,9
l,6,45012577594.48176,198272,396641280,1784448,1536,128,14,9
xl,6,90025155188.96352,198272,396641280,1784448,1536,128,14,9
s,6,6752789282.0289,198272,539818496,1784448,1792,128,14,9
m,6,13505578564.0578,198272,539818496,1784448,1792,128,14,9
l,6,33763946410.144497,198272,539818496,1784448,1792,128,14,9
xl,6,67527892820.288994,198272,539818496,1784448,1792,128,14,9
s,6,5246620842.688971,198272,705015808,1784448,2048,128,14,9
m,6,10493241685.377941,198272,705015808,1784448,2048,128,14,9
l,6,26233104213.444855,198272,705015808,1784448,2048,128,14,9
xl,6,52466208426.88971,198272,705015808,1784448,2048,128,14,9
s,6,22250544693.33409,789760,99230208,7107840,768,256,14,9
m,6,44501089386.66818,789760,99230208,7107840,768,256,14,9
l,6,111252723466.67047,789760,99230208,7107840,768,256,14,9
xl,6,222505446933.34094,789760,99230208,7107840,768,256,14,9
s,6,15282449009.550116,789760,176347136,7107840,1024,256,14,9
m,6,30564898019.10023,789760,176347136,7107840,1024,256,14,9
l,6,76412245047.75058,789760,176347136,7107840,1024,256,14,9
xl,6,152824490095.50116,789760,176347136,7107840,1024,256,14,9
s,6,10937163874.465694,789760,275484160,7107840,1280,256,14,9
m,6,21874327748.93139,789760,275484160,7107840,1280,256,14,9
l,6,54685819372.32847,789760,275484160,7107840,1280,256,14,9
xl,6,109371638744.65694,789760,275484160,7107840,1280,256,14,9
s,6,8134495885.116449,789760,396641280,7107840,1536,256,14,9
m,6,16268991770.232899,789760,396641280,7107840,1536,256,14,9
l,6,40672479425.582245,789760,396641280,7107840,1536,256,14,9
xl,6,81344958851.16449,789760,396641280,7107840,1536,256,14,9
s,6,6252339210.138033,789760,539818496,7107840,1792,256,14,9
m,6,12504678420.276066,789760,539818496,7107840,1792,256,14,9
l,6,31261696050.690166,789760,539818496,7107840,1792,256,14,9
xl,6,62523392101.38033,789760,539818496,7107840,1792,256,14,9
s,6,4939441136.539819,789760,705015808,7107840,2048,256,14,9
m,6,9878882273.079638,789760,705015808,7107840,2048,256,14,9
l,6,24697205682.699097,789760,705015808,7107840,2048,256,14,9
xl,6,49394411365.39819,789760,705015808,7107840,2048,256,14,9
s,6,9050304058.427172,1774464,275484160,15970176,1280,384,14,9
m,6,18100608116.854343,1774464,275484160,15970176,1280,384,14,9
l,6,45251520292.13586,1774464,275484160,15970176,1280,384,14,9
xl,6,90503040584.27171,1774464,275484160,15970176,1280,384,14,9
s,6,7042482054.628927,1774464,396641280,15970176,1536,384,14,9
m,6,14084964109.257854,1774464,396641280,15970176,1536,384,14,9
l,6,35212410273.14464,1774464,396641280,15970176,1536,384,14,9
xl,6,70424820546.28928,1774464,396641280,15970176,1536,384,14,9
s,6,5586520938.925373,1774464,539818496,15970176,1792,384,14,9
m,6,11173041877.850746,1774464,539818496,15970176,1792,384,14,9
l,6,27932604694.626865,1774464,539818496,15970176,1792,384,14,9
xl,6,55865209389.25373,1774464,539818496,15970176,1792,384,14,9
s,6,4514383332.601496,1774464,705015808,15970176,2048,384,14,9
m,6,9028766665.202991,1774464,705015808,15970176,2048,384,14,9
l,6,22571916663.007477,1774464,705015808,15970176,2048,384,14,9
xl,6,45143833326.01495,1774464,705015808,15970176,2048,384,14,9
s,6,5942953729.778744,3152384,396641280,28371456,1536,512,14,9
m,6,11885907459.557487,3152384,396641280,28371456,1536,512,14,9
l,6,29714768648.893715,3152384,396641280,28371456,1536,512,14,9
xl,6,59429537297.78743,3152384,396641280,28371456,1536,512,14,9
s,6,4871552111.267263,3152384,539818496,28371456,1792,512,14,9
m,6,9743104222.534527,3152384,539818496,28371456,1792,512,14,9
l,6,24357760556.33632,3152384,539818496,28371456,1792,512,14,9
xl,6,48715521112.67264,3152384,539818496,28371456,1792,512,14,9
s,6,4035751898.7418146,3152384,705015808,28371456,2048,512,14,9
m,6,8071503797.483629,3152384,705015808,28371456,2048,512,14,9
l,6,20178759493.709072,3152384,705015808,28371456,2048,512,14,9
xl,6,40357518987.418144,3152384,705015808,28371456,2048,512,14,9
s,6,4188421140.64629,4923520,539818496,44311680,1792,640,14,9
m,6,8376842281.29258,4923520,539818496,44311680,1792,640,14,9
l,6,20942105703.23145,4923520,539818496,44311680,1792,640,14,9
xl,6,41884211406.4629,4923520,539818496,44311680,1792,640,14,9
m,6,7110722638.111946,4923520,705015808,44311680,2048,640,14,9
l,6,17776806595.279865,4923520,705015808,44311680,2048,640,14,9
xl,6,35553613190.55973,4923520,705015808,44311680,2048,640,14,9
s,6,49936613895.4633,198272,50438144,1784448,512,128,16,9
m,6,99873227790.9266,198272,50438144,1784448,512,128,16,9
l,6,249683069477.31653,198272,50438144,1784448,512,128,16,9
xl,6,499366138954.63306,198272,50438144,1784448,512,128,16,9
s,6,26915616742.288784,198272,113405952,1784448,768,128,16,9
m,6,53831233484.57757,198272,113405952,1784448,768,128,16,9
l,6,134578083711.44392,198272,113405952,1784448,768,128,16,9
xl,6,269156167422.88785,198272,113405952,1784448,768,128,16,9
s,6,16509176483.356625,198272,201539584,1784448,1024,128,16,9
m,6,33018352966.71325,198272,201539584,1784448,1024,128,16,9
l,6,82545882416.78313,198272,201539584,1784448,1024,128,16,9
xl,6,165091764833.56625,198272,201539584,1784448,1024,128,16,9
s,6,11076276145.714256,198272,314839040,1784448,1280,128,16,9
m,6,22152552291.428513,198272,314839040,1784448,1280,128,16,9
l,6,55381380728.57127,198272,314839040,1784448,1280,128,16,9
xl,6,110762761457.14255,198272,314839040,1784448,1280,128,16,9
s,6,7918585287.091161,198272,453304320,1784448,1536,128,16,9
m,6,15837170574.182322,198272,453304320,1784448,1536,128,16,9
l,6,39592926435.4558,198272,453304320,1784448,1536,128,16,9
xl,6,79185852870.9116,198272,453304320,1784448,1536,128,16,9
s,6,5931944934.235663,198272,616935424,1784448,1792,128,16,9
m,6,11863889868.471327,198272,616935424,1784448,1792,128,16,9
l,6,29659724671.178314,198272,616935424,1784448,1792,128,16,9
xl,6,59319449342.35663,198272,616935424,1784448,1792,128,16,9
s,6,4604818640.285595,198272,805732352,1784448,2048,128,16,9
m,6,9209637280.57119,198272,805732352,1784448,2048,128,16,9
l,6,23024093201.427975,198272,805732352,1784448,2048,128,16,9
xl,6,46048186402.85595,198272,805732352,1784448,2048,128,16,9
s,6,20405524706.02985,789760,113405952,7107840,768,256,16,9
m,6,40811049412.0597,789760,113405952,7107840,768,256,16,9
l,6,102027623530.14925,789760,113405952,7107840,768,256,16,9
xl,6,204055247060.2985,789760,113405952,7107840,768,256,16,9
s,6,13807280716.504255,789760,201539584,7107840,1024,256,16,9
m,6,27614561433.00851,789760,201539584,7107840,1024,256,16,9
l,6,69036403582.52129,789760,201539584,7107840,1024,256,16,9
xl,6,138072807165.04257,789760,201539584,7107840,1024,256,16,9
s,6,9790844587.834734,789760,314839040,7107840,1280,256,16,9
m,6,19581689175.669468,789760,314839040,7107840,1280,256,16,9
l,6,48954222939.173676,789760,314839040,7107840,1280,256,16,9
xl,6,97908445878.34735,789760,314839040,7107840,1280,256,16,9
s,6,7239118388.889609,789760,453304320,7107840,1536,256,16,9
m,6,14478236777.779219,789760,453304320,7107840,1536,256,16,9
l,6,36195591944.44805,789760,453304320,7107840,1536,256,16,9
xl,6,72391183888.8961,789760,453304320,7107840,1536,256,16,9
s,6,5542255458.740251,789760,616935424,7107840,1792,256,16,9
m,6,11084510917.480501,789760,616935424,7107840,1792,256,16,9
l,6,27711277293.701252,789760,616935424,7107840,1792,256,16,9
xl,6,55422554587.402504,789760,616935424,7107840,1792,256,16,9
s,6,4366488027.255483,789760,805732352,7107840,2048,256,16,9
m,6,8732976054.510965,789760,805732352,7107840,2048,256,16,9
l,6,21832440136.277416,789760,805732352,7107840,2048,256,16,9
xl,6,43664880272.55483,789760,805732352,7107840,2048,256,16,9
s,6,10930430935.928669,1774464,201539584,15970176,1024,384,16,9
m,6,21860861871.857338,1774464,201539584,15970176,1024,384,16,9
l,6,54652154679.64335,1774464,201539584,15970176,1024,384,16,9
xl,6,109304309359.2867,1774464,201539584,15970176,1024,384,16,9
s,6,8250935460.895073,1774464,314839040,15970176,1280,384,16,9
m,6,16501870921.790146,1774464,314839040,15970176,1280,384,16,9
l,6,41254677304.475365,1774464,314839040,15970176,1280,384,16,9
xl,6,82509354608.95073,1774464,314839040,15970176,1280,384,16,9
s,6,6361302436.470436,1774464,453304320,15970176,1536,384,16,9
m,6,12722604872.940872,1774464,453304320,15970176,1536,384,16,9
l,6,31806512182.35218,1774464,453304320,15970176,1536,384,16,9
xl,6,63613024364.70436,1774464,453304320,15970176,1536,384,16,9
s,6,5012679541.571157,1774464,616935424,15970176,1792,384,16,9
m,6,10025359083.142315,1774464,616935424,15970176,1792,384,16,9
l,6,25063397707.855785,1774464,616935424,15970176,1792,384,16,9
xl,6,50126795415.71157,1774464,616935424,15970176,1792,384,16,9
s,6,4030971621.7768774,1774464,805732352,15970176,2048,384,16,9
m,6,8061943243.553755,1774464,805732352,15970176,2048,384,16,9
l,6,20154858108.884388,1774464,805732352,15970176,2048,384,16,9
xl,6,40309716217.768776,1774464,805732352,15970176,2048,384,16,9
s,6,5450434360.375395,3152384,453304320,28371456,1536,512,16,9
m,6,10900868720.75079,3152384,453304320,28371456,1536,512,16,9
l,6,27252171801.876972,3152384,453304320,28371456,1536,512,16,9
xl,6,54504343603.753944,3152384,453304320,28371456,1536,512,16,9
s,6,4429380510.130668,3152384,616935424,28371456,1792,512,16,9
m,6,8858761020.261335,3152384,616935424,28371456,1792,512,16,9
l,6,22146902550.65334,3152384,616935424,28371456,1792,512,16,9
xl,6,44293805101.30668,3152384,616935424,28371456,1792,512,16,9
m,6,7289951423.203662,3152384,805732352,28371456,2048,512,16,9
l,6,18224878558.009155,3152384,805732352,28371456,2048,512,16,9
xl,6,36449757116.01831,3152384,805732352,28371456,2048,512,16,9
m,6,7714702010.902751,4923520,616935424,44311680,1792,640,16,9
l,6,19286755027.256878,4923520,616935424,44311680,1792,640,16,9
xl,6,38573510054.513756,4923520,616935424,44311680,1792,640,16,9
l,6,16242714776.454094,4923520,805732352,44311680,2048,640,16,9
xl,6,32485429552.908188,4923520,805732352,44311680,2048,640,16,9
l,6,14346406198.652588,7087872,805732352,63790848,2048,768,16,9
xl,6,28692812397.305176,7087872,805732352,63790848,2048,768,16,9
s,6,45562171587.867195,198272,56742912,1784448,512,128,18,9
m,6,91124343175.73439,198272,56742912,1784448,512,128,18,9
l,6,227810857939.33597,198272,56742912,1784448,512,128,18,9
xl,6,455621715878.67194,198272,56742912,1784448,512,128,18,9
s,6,24261970273.84583,198272,127581696,1784448,768,128,18,9
m,6,48523940547.69166,198272,127581696,1784448,768,128,18,9
l,6,121309851369.22914,198272,127581696,1784448,768,128,18,9
xl,6,242619702738.45828,198272,127581696,1784448,768,128,18,9
s,6,14800914672.845318,198272,226732032,1784448,1024,128,18,9
m,6,29601829345.690636,198272,226732032,1784448,1024,128,18,9
l,6,74004573364.2266,198272,226732032,1784448,1024,128,18,9
xl,6,148009146728.4532,198272,226732032,1784448,1024,128,18,9
s,6,9902176007.138437,198272,354193920,1784448,1280,128,18,9
m,6,19804352014.276875,198272,354193920,1784448,1280,128,18,9
l,6,49510880035.692184,198272,354193920,1784448,1280,128,18,9
xl,6,99021760071.38437,198272,354193920,1784448,1280,128,18,9
s,6,7067622103.631921,198272,509967360,1784448,1536,128,18,9
m,6,14135244207.263842,198272,509967360,1784448,1536,128,18,9
l,6,35338110518.15961,198272,509967360,1784448,1536,128,18,9
xl,6,70676221036.31921,198272,509967360,1784448,1536,128,18,9
s,6,5289029824.373745,198272,694052352,1784448,1792,128,18,9
m,6,10578059648.74749,198272,694052352,1784448,1792,128,18,9
l,6,26445149121.868725,198272,694052352,1784448,1792,128,18,9
xl,6,52890298243.73745,198272,694052352,1784448,1792,128,18,9
s,6,4102921490.170582,198272,906448896,1784448,2048,128,18,9
m,6,8205842980.341164,198272,906448896,1784448,2048,128,18,9
l,6,20514607450.85291,198272,906448896,1784448,2048,128,18,9
xl,6,41029214901.70582,198272,906448896,1784448,2048,128,18,9
s,6,18843054540.54302,789760,127581696,7107840,768,256,18,9
m,6,37686109081.08604,789760,127581696,7107840,768,256,18,9
l,6,94215272702.71509,789760,127581696,7107840,768,256,18,9
xl,6,188430545405.43018,789760,127581696,7107840,768,256,18,9
s,6,12591829695.604101,789760,226732032,7107840,1024,256,18,9
m,6,25183659391.208202,789760,226732032,7107840,1024,256,18,9
l,6,62959148478.02051,789760,226732032,7107840,1024,256,18,9
xl,6,125918296956.04102,789760,226732032,7107840,1024,256,18,9
s,6,8862020188.958122,789760,354193920,7107840,1280,256,18,9
m,6,17724040377.916245,789760,354193920,7107840,1280,256,18,9
l,6,44310100944.7906,789760,354193920,7107840,1280,256,18,9
xl,6,88620201889.5812,789760,354193920,7107840,1280,256,18,9
s,6,6521307249.773788,789760,509967360,7107840,1536,256,18,9
m,6,13042614499.547577,789760,509967360,7107840,1536,256,18,9
l,6,32606536248.868946,789760,509967360,7107840,1536,256,18,9
xl,6,65213072497.73789,789760,509967360,7107840,1536,256,18,9
s,6,4977011779.830377,789760,694052352,7107840,1792,256,18,9
m,6,9954023559.660753,789760,694052352,7107840,1792,256,18,9
l,6,24885058899.151886,789760,694052352,7107840,1792,256,18,9
xl,6,49770117798.30377,789760,694052352,7107840,1792,256,18,9
m,6,7825278680.0845785,789760,906448896,7107840,2048,256,18,9
l,6,19563196700.211445,789760,906448896,7107840,2048,256,18,9
xl,6,39126393400.42289,789760,906448896,7107840,2048,256,18,9
s,6,10154478043.581394,1774464,226732032,15970176,1024,384,18,9
m,6,20308956087.16279,1774464,226732032,15970176,1024,384,18,9
l,6,50772390217.906975,1774464,226732032,15970176,1024,384,18,9
xl,6,101544780435.81395,1774464,226732032,15970176,1024,384,18,9
s,6,7581315369.133638,1774464,354193920,15970176,1280,384,18,9
m,6,15162630738.267277,1774464,354193920,15970176,1280,384,18,9
l,6,37906576845.6682,1774464,354193920,15970176,1280,384,18,9
xl,6,75813153691.3364,1774464,354193920,15970176,1280,384,18,9
s,6,5800274552.515779,1774464,509967360,15970176,1536,384,18,9
m,6,11600549105.031557,1774464,509967360,15970176,1536,384,18,9
l,6,29001372762.57889,1774464,509967360,15970176,1536,384,18,9
xl,6,58002745525.15778,1774464,509967360,15970176,1536,384,18,9
s,6,4545745473.164828,1774464,694052352,15970176,1792,384,18,9
m,6,9091490946.329657,1774464,694052352,15970176,1792,384,18,9
l,6,22728727365.82414,1774464,694052352,15970176,1792,384,18,9
xl,6,45457454731.64828,1774464,694052352,15970176,1792,384,18,9
m,6,7282151807.11549,1774464,906448896,15970176,2048,384,18,9
l,6,18205379517.788723,1774464,906448896,15970176,2048,384,18,9
xl,6,36410759035.577446,1774464,906448896,15970176,2048,384,18,9
s,6,6322138124.859901,3152384,354193920,28371456,1280,512,18,9
m,6,12644276249.719803,3152384,354193920,28371456,1280,512,18,9
l,6,31610690624.299507,3152384,354193920,28371456,1280,512,18,9
xl,6,63221381248.599014,3152384,354193920,28371456,1280,512,18,9
s,6,5033301936.266962,3152384,509967360,28371456,1536,512,18,9
m,6,10066603872.533924,3152384,509967360,28371456,1536,512,18,9
l,6,25166509681.33481,3152384,509967360,28371456,1536,512,18,9
xl,6,50333019362.66962,3152384,509967360,28371456,1536,512,18,9
s,6,4060797875.9623117,3152384,694052352,28371456,1792,512,18,9
m,6,8121595751.9246235,3152384,694052352,28371456,1792,512,18,9
l,6,20303989379.811558,3152384,694052352,28371456,1792,512,18,9
xl,6,40607978759.623116,3152384,694052352,28371456,1792,512,18,9
l,6,16615976859.925985,3152384,906448896,28371456,2048,512,18,9
xl,6,33231953719.85197,3152384,906448896,28371456,2048,512,18,9
s,6,4307433596.603675,4923520,509967360,44311680,1536,640,18,9
m,6,8614867193.20735,4923520,509967360,44311680,1536,640,18,9
l,6,21537167983.018375,4923520,509967360,44311680,1536,640,18,9
xl,6,43074335966.03675,4923520,509967360,44311680,1536,640,18,9
m,6,7149570385.175383,4923520,694052352,44311680,1792,640,18,9
l,6,17873925962.938457,4923520,694052352,44311680,1792,640,18,9
xl,6,35747851925.876915,4923520,694052352,44311680,1792,640,18,9
l,6,14952364875.598238,4923520,906448896,44311680,2048,640,18,9
xl,6,29904729751.196476,4923520,906448896,44311680,2048,640,18,9
l,6,13330337100.124012,7087872,906448896,63790848,2048,768,18,9
xl,6,26660674200.248024,7087872,906448896,63790848,2048,768,18,9
s,6,41892401691.28423,198272,63047680,1784448,512,128,20,9
m,6,83784803382.56847,198272,63047680,1784448,512,128,20,9
l,6,209462008456.42114,198272,63047680,1784448,512,128,20,9
xl,6,418924016912.8423,198272,63047680,1784448,512,128,20,9
s,6,22084618363.66052,198272,141757440,1784448,768,128,20,9
m,6,44169236727.32104,198272,141757440,1784448,768,128,20,9
l,6,110423091818.3026,198272,141757440,1784448,768,128,20,9
xl,6,220846183636.6052,198272,141757440,1784448,768,128,20,9
s,6,13413022671.856176,198272,251924480,1784448,1024,128,20,9
m,6,26826045343.712353,198272,251924480,1784448,1024,128,20,9
l,6,67065113359.28088,198272,251924480,1784448,1024,128,20,9
xl,6,134130226718.56177,198272,251924480,1784448,1024,128,20,9
s,6,8953132008.029108,198272,393548800,1784448,1280,128,20,9
m,6,17906264016.058216,198272,393548800,1784448,1280,128,20,9
l,6,44765660040.14554,198272,393548800,1784448,1280,128,20,9
xl,6,89531320080.29108,198272,393548800,1784448,1280,128,20,9
s,6,6381807295.151134,198272,566630400,1784448,1536,128,20,9
m,6,12763614590.302267,198272,566630400,1784448,1536,128,20,9
l,6,31909036475.75567,198272,566630400,1784448,1536,128,20,9
xl,6,63818072951.51134,198272,566630400,1784448,1536,128,20,9
s,6,4771848143.07869,198272,771169280,1784448,1792,128,20,9
m,6,9543696286.15738,198272,771169280,1784448,1792,128,20,9
l,6,23859240715.393444,198272,771169280,1784448,1792,128,20,9
xl,6,47718481430.78689,198272,771169280,1784448,1792,128,20,9
m,6,7399358077.384242,198272,1007165440,1784448,2048,128,20,9
l,6,18498395193.460606,198272,1007165440,1784448,2048,128,20,9
xl,6,36996790386.92121,198272,1007165440,1784448,2048,128,20,9
s,6,17502845262.52588,789760,141757440,7107840,768,256,20,9
m,6,35005690525.05176,789760,141757440,7107840,768,256,20,9
l,6,87514226312.6294,789760,141757440,7107840,768,256,20,9
xl,6,175028452625.2588,789760,141757440,7107840,768,256,20,9
s,6,11573056793.675327,789760,251924480,7107840,1024,256,20,9
m,6,23146113587.350655,789760,251924480,7107840,1024,256,20,9
l,6,57865283968.37664,789760,251924480,7107840,1024,256,20,9
xl,6,115730567936.75328,789760,251924480,7107840,1024,256,20,9
s,6,8094155015.391895,789760,393548800,7107840,1280,256,20,9
m,6,16188310030.78379,789760,393548800,7107840,1280,256,20,9
l,6,40470775076.95948,789760,393548800,7107840,1280,256,20,9
xl,6,80941550153.91896,789760,393548800,7107840,1280,256,20,9
s,6,5933006578.137981,789760,566630400,7107840,1536,256,20,9
m,6,11866013156.275963,789760,566630400,7107840,1536,256,20,9
l,6,29665032890.689907,789760,566630400,7107840,1536,256,20,9
xl,6,59330065781.379814,789760,566630400,7107840,1536,256,20,9
s,6,4516393715.147515,789760,771169280,7107840,1792,256,20,9
m,6,9032787430.29503,789760,771169280,7107840,1792,256,20,9
l,6,22581968575.737576,789760,771169280,7107840,1792,256,20,9
xl,6,45163937151.47515,789760,771169280,7107840,1792,256,20,9
m,6,7088505991.522032,789760,1007165440,7107840,2048,256,20,9
l,6,17721264978.80508,789760,1007165440,7107840,2048,256,20,9
xl,6,35442529957.61016,789760,1007165440,7107840,2048,256,20,9
s,6,9481392606.418814,1774464,251924480,15970176,1024,384,20,9
m,6,18962785212.837627,1774464,251924480,15970176,1024,384,20,9
l,6,47406963032.09407,1774464,251924480,15970176,1024,384,20,9
xl,6,94813926064.18814,1774464,251924480,15970176,1024,384,20,9
s,6,7012225136.091994,1774464,393548800,15970176,1280,384,20,9
m,6,14024450272.183989,1774464,393548800,15970176,1280,384,20,9
l,6,35061125680.45997,1774464,393548800,15970176,1280,384,20,9
xl,6,70122251360.91994,1774464,393548800,15970176,1280,384,20,9
s,6,5330184913.922204,1774464,566630400,15970176,1536,384,20,9
m,6,10660369827.844408,1774464,566630400,15970176,1536,384,20,9
l,6,26650924569.61102,1774464,566630400,15970176,1536,384,20,9
xl,6,53301849139.22204,1774464,566630400,15970176,1536,384,20,9
s,6,4158389070.513491,1774464,771169280,15970176,1792,384,20,9
m,6,8316778141.026982,1774464,771169280,15970176,1792,384,20,9
l,6,20791945352.567455,1774464,771169280,15970176,1792,384,20,9
xl,6,41583890705.13491,1774464,771169280,15970176,1792,384,20,9
l,6,16599767101.44962,1774464,1007165440,15970176,2048,384,20,9
xl,6,33199534202.89924,1774464,1007165440,15970176,2048,384,20,9
s,6,5921392709.4335575,3152384,393548800,28371456,1280,512,20,9
m,6,11842785418.867115,3152384,393548800,28371456,1280,512,20,9
l,6,29606963547.167786,3152384,393548800,28371456,1280,512,20,9
xl,6,59213927094.33557,3152384,393548800,28371456,1280,512,20,9
s,6,4675478409.912432,3152384,566630400,28371456,1536,512,20,9
m,6,9350956819.824863,3152384,566630400,28371456,1536,512,20,9
l,6,23377392049.56216,3152384,566630400,28371456,1536,512,20,9
xl,6,46754784099.12432,3152384,566630400,28371456,1536,512,20,9
m,6,7497689513.171135,3152384,771169280,28371456,1792,512,20,9
l,6,18744223782.927837,3152384,771169280,28371456,1792,512,20,9
xl,6,37488447565.855675,3152384,771169280,28371456,1792,512,20,9
l,6,15268101017.57641,3152384,1007165440,28371456,2048,512,20,9
xl,6,30536202035.15282,3152384,1007165440,28371456,2048,512,20,9
s,6,4042659436.0199013,4923520,566630400,44311680,1536,640,20,9
m,6,8085318872.039803,4923520,566630400,44311680,1536,640,20,9
l,6,20213297180.099506,4923520,566630400,44311680,1536,640,20,9
xl,6,40426594360.19901,4923520,566630400,44311680,1536,640,20,9
m,6,6661583731.16981,4923520,771169280,44311680,1792,640,20,9
l,6,16653959327.924524,4923520,771169280,44311680,1792,640,20,9
xl,6,33307918655.84905,4923520,771169280,44311680,1792,640,20,9
l,6,13851942171.080818,4923520,1007165440,44311680,2048,640,20,9
xl,6,27703884342.161636,4923520,1007165440,44311680,2048,640,20,9
l,6,14666286372.305414,7087872,771169280,63790848,1792,768,20,9
xl,6,29332572744.61083,7087872,771169280,63790848,1792,768,20,9
xl,6,24897345924.189228,7087872,1007165440,63790848,2048,768,20,9
xl,6,22244604186.83992,9645440,1007165440,86808960,2048,896,20,9
s,6,38769724030.465034,198272,69352448,1784448,512,128,22,9
m,6,77539448060.93007,198272,69352448,1784448,512,128,22,9
l,6,193848620152.32516,198272,69352448,1784448,512,128,22,9
xl,6,387697240304.6503,198272,69352448,1784448,512,128,22,9
s,6,20265888456.549934,198272,155933184,1784448,768,128,22,9
m,6,40531776913.09987,198272,155933184,1784448,768,128,22,9
l,6,101329442282.74968,198272,155933184,1784448,768,128,22,9
xl,6,202658884565.49936,198272,155933184,1784448,768,128,22,9
s,6,12263103023.643719,198272,277116928,1784448,1024,128,22,9
m,6,24526206047.287437,198272,277116928,1784448,1024,128,22,9
l,6,61315515118.2186,198272,277116928,1784448,1024,128,22,9
xl,6,122631030236.4372,198272,277116928,1784448,1024,128,22,9
s,6,8170094129.237419,198272,432903680,1784448,1280,128,22,9
m,6,16340188258.474838,198272,432903680,1784448,1280,128,22,9
l,6,40850470646.187096,198272,432903680,1784448,1280,128,22,9
xl,6,81700941292.37419,198272,432903680,1784448,1280,128,22,9
s,6,5817317250.607421,198272,623293440,1784448,1536,128,22,9
m,6,11634634501.214842,198272,623293440,1784448,1536,128,22,9
l,6,29086586253.037106,198272,623293440,1784448,1536,128,22,9
xl,6,58173172506.07421,198272,623293440,1784448,1536,128,22,9
s,6,4346801201.004219,198272,848286208,1784448,1792,128,22,9
m,6,8693602402.008438,198272,848286208,1784448,1792,128,22,9
l,6,21734006005.021095,198272,848286208,1784448,1792,128,22,9
xl,6,43468012010.04219,198272,848286208,1784448,1792,128,22,9
m,6,6737212771.107858,198272,1107881984,1784448,2048,128,22,9
l,6,16843031927.769644,198272,1107881984,1784448,2048,128,22,9
xl,6,33686063855.539288,198272,1107881984,1784448,2048,128,22,9
s,6,16340621163.222149,789760,155933184,7107840,768,256,22,9
m,6,32681242326.444298,789760,155933184,7107840,768,256,22,9
l,6,81703105816.11075,789760,155933184,7107840,768,256,22,9
xl,6,163406211632.2215,789760,155933184,7107840,768,256,22,9
s,6,10706797084.056278,789760,277116928,7107840,1024,256,22,9
m,6,21413594168.112556,789760,277116928,7107840,1024,256,22,9
l,6,53533985420.28139,789760,277116928,7107840,1024,256,22,9
xl,6,107067970840.56277,789760,277116928,7107840,1024,256,22,9
s,6,7448745482.611701,789760,432903680,7107840,1280,256,22,9
m,6,14897490965.223402,789760,432903680,7107840,1280,256,22,9
l,6,37243727413.0585,789760,432903680,7107840,1280,256,22,9
xl,6,74487454826.117,789760,432903680,7107840,1280,256,22,9
s,6,5442066459.73463,789760,623293440,7107840,1536,256,22,9
m,6,10884132919.46926,789760,623293440,7107840,1536,256,22,9
l,6,27210332298.673145,789760,623293440,7107840,1536,256,22,9
xl,6,54420664597.34629,789760,623293440,7107840,1536,256,22,9
s,6,4133812959.9465675,789760,848286208,7107840,1792,256,22,9
m,6,8267625919.893135,789760,848286208,7107840,1792,256,22,9
l,6,20669064799.732838,789760,848286208,7107840,1792,256,22,9
xl,6,41338129599.465675,789760,848286208,7107840,1792,256,22,9
l,6,16196333214.540653,789760,1107881984,7107840,2048,256,22,9
xl,6,32392666429.081306,789760,1107881984,7107840,2048,256,22,9
s,6,8891990632.581305,1774464,277116928,15970176,1024,384,22,9
m,6,17783981265.16261,1774464,277116928,15970176,1024,384,22,9
l,6,44459953162.906525,1774464,277116928,15970176,1024,384,22,9
xl,6,88919906325.81305,1774464,277116928,15970176,1024,384,22,9
s,6,6522606695.616066,1774464,432903680,15970176,1280,384,22,9
m,6,13045213391.232132,1774464,432903680,15970176,1280,384,22,9
l,6,32613033478.08033,1774464,432903680,15970176,1280,384,22,9
xl,6,65226066956.16066,1774464,432903680,15970176,1280,384,22,9
s,6,4930580580.991217,1774464,623293440,15970176,1536,384,22,9
m,6,9861161161.982433,1774464,623293440,15970176,1536,384,22,9
l,6,24652902904.95608,1774464,623293440,15970176,1536,384,22,9
xl,6,49305805809.91216,1774464,623293440,15970176,1536,384,22,9
m,6,7663729137.893535,1774464,848286208,15970176,1792,384,22,9
l,6,19159322844.733837,1774464,848286208,15970176,1792,384,22,9
xl,6,38318645689.467674,1774464,848286208,15970176,1792,384,22,9
l,6,15254413351.859732,1774464,1107881984,15970176,2048,384,22,9
xl,6,30508826703.719463,1774464,1107881984,15970176,2048,384,22,9
s,6,5568423482.303263,3152384,432903680,28371456,1280,512,22,9
m,6,11136846964.606525,3152384,432903680,28371456,1280,512,22,9
l,6,27842117411.51631,3152384,432903680,28371456,1280,512,22,9
xl,6,55684234823.03262,3152384,432903680,28371456,1280,512,22,9
s,6,4365154307.157121,3152384,623293440,28371456,1536,512,22,9
m,6,8730308614.314241,3152384,623293440,28371456,1536,512,22,9
l,6,21825771535.785606,3152384,623293440,28371456,1536,512,22,9
xl,6,43651543071.57121,3152384,623293440,28371456,1536,512,22,9
m,6,6962802520.00708,3152384,848286208,28371456,1792,512,22,9
l,6,17407006300.0177,3152384,848286208,28371456,1792,512,22,9
xl,6,34814012600.0354,3152384,848286208,28371456,1792,512,22,9
l,6,14122494618.393053,3152384,1107881984,28371456,2048,512,22,9
xl,6,28244989236.786106,3152384,1107881984,28371456,2048,512,22,9
m,6,7617102283.668202,4923520,623293440,44311680,1536,640,22,9
l,6,19042755709.170506,4923520,623293440,44311680,1536,640,22,9
xl,6,38085511418.34101,4923520,623293440,44311680,1536,640,22,9
l,6,15589887420.28607,4923520,848286208,44311680,1792,640,22,9
xl,6,31179774840.57214,4923520,848286208,44311680,1792,640,22,9
xl,6,25804775958.966026,4923520,1107881984,44311680,2048,640,22,9
l,6,13834712567.59408,7087872,848286208,63790848,1792,768,22,9
xl,6,27669425135.18816,7087872,848286208,63790848,1792,768,22,9
xl,6,23352799398.86088,7087872,1107881984,63790848,2048,768,22,9
xl,6,21003453843.39334,9645440,1107881984,86808960,2048,896,22,9
s,6,36080284116.3621,198272,75657216,1784448,512,128,24,9
m,6,72160568232.7242,198272,75657216,1784448,512,128,24,9
l,6,180401420581.81052,198272,75657216,1784448,512,128,24,9
xl,6,360802841163.62103,198272,75657216,1784448,512,128,24,9
s,6,18723921322.382187,198272,170108928,1784448,768,128,24,9
m,6,37447842644.76437,198272,170108928,1784448,768,128,24,9
l,6,93619606611.91093,198272,170108928,1784448,768,128,24,9
xl,6,187239213223.82187,198272,170108928,1784448,768,128,24,9
s,6,11294783364.247908,198272,302309376,1784448,1024,128,24,9
m,6,22589566728.495815,198272,302309376,1784448,1024,128,24,9
l,6,56473916821.23954,198272,302309376,1784448,1024,128,24,9
xl,6,112947833642.47908,198272,302309376,1784448,1024,128,24,9
s,6,7513008925.214187,198272,472258560,1784448,1280,128,24,9
m,6,15026017850.428373,198272,472258560,1784448,1280,128,24,9
l,6,37565044626.07094,198272,472258560,1784448,1280,128,24,9
xl,6,75130089252.14188,198272,472258560,1784448,1280,128,24,9
s,6,5344573641.554752,198272,679956480,1784448,1536,128,24,9
m,6,10689147283.109505,198272,679956480,1784448,1536,128,24,9
l,6,26722868207.77376,198272,679956480,1784448,1536,128,24,9
xl,6,53445736415.54752,198272,679956480,1784448,1536,128,24,9
m,6,7982564546.378316,198272,925403136,1784448,1792,128,24,9
l,6,19956411365.94579,198272,925403136,1784448,1792,128,24,9
xl,6,39912822731.89158,198272,925403136,1784448,1792,128,24,9
l,6,15459600822.717905,198272,1208598528,1784448,2048,128,24,9
xl,6,30919201645.43581,198272,1208598528,1784448,2048,128,24,9
s,6,15323134255.17309,789760,170108928,7107840,768,256,24,9
m,6,30646268510.34618,789760,170108928,7107840,768,256,24,9
l,6,76615671275.86545,789760,170108928,7107840,768,256,24,9
xl,6,153231342551.7309,789760,170108928,7107840,768,256,24,9
s,6,9961188023.878801,789760,302309376,7107840,1024,256,24,9
m,6,19922376047.757603,789760,302309376,7107840,1024,256,24,9
l,6,49805940119.394005,789760,302309376,7107840,1024,256,24,9
xl,6,99611880238.78801,789760,302309376,7107840,1024,256,24,9
s,6,6898661858.280955,789760,472258560,7107840,1280,256,24,9
m,6,13797323716.56191,789760,472258560,7107840,1280,256,24,9
l,6,34493309291.40478,789760,472258560,7107840,1280,256,24,9
xl,6,68986618582.80956,789760,472258560,7107840,1280,256,24,9
s,6,5026165008.755981,789760,679956480,7107840,1536,256,24,9
m,6,10052330017.511963,789760,679956480,7107840,1536,256,24,9
l,6,25130825043.779907,789760,679956480,7107840,1536,256,24,9
xl,6,50261650087.559814,789760,679956480,7107840,1536,256,24,9
m,6,7621973527.727398,789760,925403136,7107840,1792,256,24,9
l,6,19054933819.318497,789760,925403136,7107840,1792,256,24,9
xl,6,38109867638.63699,789760,925403136,7107840,1792,256,24,9
l,6,14913050947.754213,789760,1208598528,7107840,2048,256,24,9
xl,6,29826101895.508427,789760,1208598528,7107840,2048,256,24,9
s,6,8371579171.832488,1774464,302309376,15970176,1024,384,24,9
m,6,16743158343.664976,1774464,302309376,15970176,1024,384,24,9
l,6,41857895859.16244,1774464,302309376,15970176,1024,384,24,9
xl,6,83715791718.32487,1774464,302309376,15970176,1024,384,24,9
s,6,6096899536.362494,1774464,472258560,15970176,1280,384,24,9
m,6,12193799072.724989,1774464,472258560,15970176,1280,384,24,9
l,6,30484497681.81247,1774464,472258560,15970176,1280,384,24,9
xl,6,60968995363.62494,1774464,472258560,15970176,1280,384,24,9
s,6,4586714292.1723795,1774464,679956480,15970176,1536,384,24,9
m,6,9173428584.344759,1774464,679956480,15970176,1536,384,24,9
l,6,22933571460.861897,1774464,679956480,15970176,1536,384,24,9
xl,6,45867142921.72379,1774464,679956480,15970176,1536,384,24,9
m,6,7105770704.396755,1774464,925403136,15970176,1792,384,24,9
l,6,17764426760.99189,1774464,925403136,15970176,1792,384,24,9
xl,6,35528853521.98378,1774464,925403136,15970176,1792,384,24,9
l,6,14110783148.91631,1774464,1208598528,15970176,2048,384,24,9
xl,6,28221566297.83262,1774464,1208598528,15970176,2048,384,24,9
s,6,5255167385.069069,3152384,472258560,28371456,1280,512,24,9
m,6,10510334770.138138,3152384,472258560,28371456,1280,512,24,9
l,6,26275836925.345345,3152384,472258560,28371456,1280,512,24,9
xl,6,52551673850.69069,3152384,472258560,28371456,1280,512,24,9
s,6,4093460314.000499,3152384,679956480,28371456,1536,512,24,9
m,6,8186920628.000998,3152384,679956480,28371456,1536,512,24,9
l,6,20467301570.002495,3152384,679956480,28371456,1536,512,24,9
xl,6,40934603140.00499,3152384,679956480,28371456,1536,512,24,9
l,6,16247878676.959936,3152384,925403136,28371456,1792,512,24,9
xl,6,32495757353.919872,3152384,925403136,28371456,1792,512,24,9
l,6,13136805048.299723,3152384,1208598528,28371456,2048,512,24,9
xl,6,26273610096.599445,3152384,1208598528,28371456,2048,512,24,9
m,6,7200145615.744933,4923520,679956480,44311680,1536,640,24,9
l,6,18000364039.36233,4923520,679956480,44311680,1536,640,24,9
xl,6,36000728078.72466,4923520,679956480,44311680,1536,640,24,9
l,6,14653623050.857122,4923520,925403136,44311680,1792,640,24,9
xl,6,29307246101.714245,4923520,925403136,44311680,1792,640,24,9
xl,6,24149332983.83131,4923520,1208598528,44311680,2048,640,24,9
l,6,13092378819.455383,7087872,925403136,63790848,1792,768,24,9
xl,6,26184757638.910767,7087872,925403136,63790848,1792,768,24,9
xl,6,21988695629.168003,7087872,1208598528,63790848,2048,768,24,9
xl,6,19893485504.174137,9645440,1208598528,86808960,2048,896,24,9
l,8,633412991351.1256,198272,25192448,991360,1024,128,2,5
l,8,469644437831.85077,198272,39354880,991360,1280,128,2,5
l,8,357429209000.58215,198272,56663040,991360,1536,128,2,5
s,8,55800333016.38744,198272,77116928,991360,1792,128,2,5
m,8,111600666032.77489,198272,77116928,991360,1792,128,2,5
l,8,279001665081.9372,198272,77116928,991360,1792,128,2,5
xl,8,558003330163.8744,198272,77116928,991360,1792,128,2,5
s,8,44557084754.70434,198272,100716544,991360,2048,128,2,5
m,8,89114169509.40868,198272,100716544,991360,2048,128,2,5
l,8,222785423773.5217,198272,100716544,991360,2048,128,2,5
xl,8,445570847547.0434,198272,100716544,991360,2048,128,2,5
s,8,33897275526.817898,789760,100716544,3948800,2048,256,2,5
m,8,67794551053.635796,789760,100716544,3948800,2048,256,2,5
l,8,169486377634.08948,789760,100716544,3948800,2048,256,2,5
xl,8,338972755268.17896,789760,100716544,3948800,2048,256,2,5
l,8,576012445555.3036,198272,28351488,991360,768,128,4,5
l,8,384439843468.3978,198272,50384896,991360,1024,128,4,5
s,8,54021489316.2781,198272,78709760,991360,1280,128,4,5
m,8,108042978632.5562,198272,78709760,991360,1280,128,4,5
l,8,270107446581.3905,198272,78709760,991360,1280,128,4,5
xl,8,540214893162.781,198272,78709760,991360,1280,128,4,5
s,8,39688814295.08538,198272,113326080,991360,1536,128,4,5
m,8,79377628590.17076,198272,113326080,991360,1536,128,4,5
l,8,198444071475.4269,198272,113326080,991360,1536,128,4,5
xl,8,396888142950.8538,198272,113326080,991360,1536,128,4,5
s,8,30247550795.317,198272,154233856,991360,1792,128,4,5
m,8,60495101590.634,198272,154233856,991360,1792,128,4,5
l,8,151237753976.58502,198272,154233856,991360,1792,128,4,5
xl,8,302475507953.17004,198272,154233856,991360,1792,128,4,5
s,8,23750324429.431705,198272,201433088,991360,2048,128,4,5
m,8,47500648858.86341,198272,201433088,991360,2048,128,4,5
l,8,118751622147.15852,198272,201433088,991360,2048,128,4,5
xl,8,237503244294.31705,198272,201433088,991360,2048,128,4,5
s,8,31004106431.88869,789760,113326080,3948800,1536,256,4,5
m,8,62008212863.77738,789760,113326080,3948800,1536,256,4,5
l,8,155020532159.44345,789760,113326080,3948800,1536,256,4,5
xl,8,310041064318.8869,789760,113326080,3948800,1536,256,4,5
s,8,24926278040.06869,789760,154233856,3948800,1792,256,4,5
m,8,49852556080.13738,789760,154233856,3948800,1792,256,4,5
l,8,124631390200.34346,789760,154233856,3948800,1792,256,4,5
xl,8,249262780400.68692,789760,154233856,3948800,1792,256,4,5
s,8,20340721734.370354,789760,201433088,3948800,2048,256,4,5
m,8,40681443468.74071,789760,201433088,3948800,2048,256,4,5
l,8,101703608671.85176,789760,201433088,3948800,2048,256,4,5
xl,8,203407217343.70352,789760,201433088,3948800,2048,256,4,5
s,8,16529891730.531557,1774464,201433088,8872320,2048,384,4,5
m,8,33059783461.063114,1774464,201433088,8872320,2048,384,4,5
l,8,82649458652.65778,1774464,201433088,8872320,2048,384,4,5
xl,8,165298917305.31555,1774464,201433088,8872320,2048,384,4,5
l,8,429930894627.7211,198272,42527232,991360,768,128,6,5
s,8,55193340062.505356,198272,75577344,991360,1024,128,6,5
m,8,110386680125.01071,198272,75577344,991360,1024,128,6,5
l,8,275966700312.5268,198272,75577344,991360,1024,128,6,5
xl,8,551933400625.0536,198272,75577344,991360,1024,128,6,5
s,8,37913323469.8031,198272,118064640,991360,1280,128,6,5
m,8,75826646939.6062,198272,118064640,991360,1280,128,6,5
l,8,189566617349.0155,198272,118064640,991360,1280,128,6,5
xl,8,379133234698.031,198272,118064640,991360,1280,128,6,5
s,8,27470076296.48871,198272,169989120,991360,1536,128,6,5
m,8,54940152592.97742,198272,169989120,991360,1536,128,6,5
l,8,137350381482.44354,198272,169989120,991360,1536,128,6,5
xl,8,274700762964.8871,198272,169989120,991360,1536,128,6,5
s,8,20746881079.8735,198272,231350784,991360,1792,128,6,5
m,8,41493762159.747,198272,231350784,991360,1792,128,6,5
l,8,103734405399.36751,198272,231350784,991360,1792,128,6,5
xl,8,207468810798.73502,198272,231350784,991360,1792,128,6,5
s,8,16190069865.979897,198272,302149632,991360,2048,128,6,5
m,8,32380139731.959793,198272,302149632,991360,2048,128,6,5
l,8,80950349329.89949,198272,302149632,991360,2048,128,6,5
xl,8,161900698659.79898,198272,302149632,991360,2048,128,6,5
s,8,29909916118.238445,789760,118064640,3948800,1280,256,6,5
m,8,59819832236.47689,789760,118064640,3948800,1280,256,6,5
l,8,149549580591.19223,789760,118064640,3948800,1280,256,6,5
xl,8,299099161182.38446,789760,118064640,3948800,1280,256,6,5
s,8,23009121920.367085,789760,169989120,3948800,1536,256,6,5
m,8,46018243840.73417,789760,169989120,3948800,1536,256,6,5
l,8,115045609601.83543,789760,169989120,3948800,1536,256,6,5
xl,8,230091219203.67087,789760,169989120,3948800,1536,256,6,5
s,8,18096995261.772312,789760,231350784,3948800,1792,256,6,5
m,8,36193990523.544624,789760,231350784,3948800,1792,256,6,5
l,8,90484976308.86156,789760,231350784,3948800,1792,256,6,5
xl,8,180969952617.7231,789760,231350784,3948800,1792,256,6,5
s,8,14529808425.057108,789760,302149632,3948800,2048,256,6,5
m,8,29059616850.114216,789760,302149632,3948800,2048,256,6,5
l,8,72649042125.28554,789760,302149632,3948800,2048,256,6,5
xl,8,145298084250.57108,789760,302149632,3948800,2048,256,6,5
s,8,15016865742.25244,1774464,231350784,8872320,1792,384,6,5
m,8,30033731484.50488,1774464,231350784,8872320,1792,384,6,5
l,8,75084328711.26219,1774464,231350784,8872320,1792,384,6,5
xl,8,150168657422.52438,1774464,231350784,8872320,1792,384,6,5
s,8,12475356181.399263,1774464,302149632,8872320,2048,384,6,5
m,8,24950712362.798527,1774464,302149632,8872320,2048,384,6,5
l,8,62376780906.99632,1774464,302149632,8872320,2048,384,6,5
xl,8,124753561813.99265,1774464,302149632,8872320,2048,384,6,5
l,8,603329607169.6794,198272,25219072,991360,512,128,8,5
s,8,68590944458.89427,198272,56702976,991360,768,128,8,5
l,8,342954722294.4714,198272,56702976,991360,768,128,8,5
s,8,43047190051.62219,198272,100769792,991360,1024,128,8,5
m,8,86094380103.24438,198272,100769792,991360,1024,128,8,5
l,8,215235950258.11096,198272,100769792,991360,1024,128,8,5
xl,8,430471900516.2219,198272,100769792,991360,1024,128,8,5
s,8,29204966059.156643,198272,157419520,991360,1280,128,8,5
m,8,58409932118.313286,198272,157419520,991360,1280,128,8,5
l,8,146024830295.78323,198272,157419520,991360,1280,128,8,5
xl,8,292049660591.56647,198272,157419520,991360,1280,128,8,5
s,8,21003778999.917664,198272,226652160,991360,1536,128,8,5
m,8,42007557999.83533,198272,226652160,991360,1536,128,8,5
l,8,105018894999.58833,198272,226652160,991360,1536,128,8,5
xl,8,210037789999.17667,198272,226652160,991360,1536,128,8,5
s,8,15787935440.732216,198272,308467712,991360,1792,128,8,5
m,8,31575870881.46443,198272,308467712,991360,1792,128,8,5
l,8,78939677203.66109,198272,308467712,991360,1792,128,8,5
xl,8,157879354407.32217,198272,308467712,991360,1792,128,8,5
s,8,12280814479.335712,198272,402866176,991360,2048,128,8,5
m,8,24561628958.671425,198272,402866176,991360,2048,128,8,5
l,8,61404072396.67856,198272,402866176,991360,2048,128,8,5
xl,8,122808144793.35712,198272,402866176,991360,2048,128,8,5
s,8,33016271475.10362,789760,100769792,3948800,1024,256,8,5
m,8,66032542950.20724,789760,100769792,3948800,1024,256,8,5
l,8,165081357375.5181,789760,100769792,3948800,1024,256,8,5
xl,8,330162714751.0362,789760,100769792,3948800,1024,256,8,5
s,8,24213938085.154026,789760,157419520,3948800,1280,256,8,5
m,8,48427876170.30805,789760,157419520,3948800,1280,256,8,5
l,8,121069690425.77014,789760,157419520,3948800,1280,256,8,5
xl,8,242139380851.54028,789760,157419520,3948800,1280,256,8,5
s,8,18292151115.996822,789760,226652160,3948800,1536,256,8,5
m,8,36584302231.993645,789760,226652160,3948800,1536,256,8,5
l,8,91460755579.98412,789760,226652160,3948800,1536,256,8,5
xl,8,182921511159.96823,789760,226652160,3948800,1536,256,8,5
s,8,14205094287.733845,789760,308467712,3948800,1792,256,8,5
m,8,28410188575.46769,789760,308467712,3948800,1792,256,8,5
l,8,71025471438.66922,789760,308467712,3948800,1792,256,8,5
xl,8,142050942877.33844,789760,308467712,3948800,1792,256,8,5
s,8,11301273879.591707,789760,402866176,3948800,2048,256,8,5
m,8,22602547759.183414,789760,402866176,3948800,2048,256,8,5
l,8,56506369397.958534,789760,402866176,3948800,2048,256,8,5
xl,8,113012738795.91707,789760,402866176,3948800,2048,256,8,5
s,8,15150997262.88144,1774464,226652160,8872320,1536,384,8,5
m,8,30301994525.76288,1774464,226652160,8872320,1536,384,8,5
l,8,75754986314.4072,1774464,226652160,8872320,1536,384,8,5
xl,8,151509972628.8144,1774464,226652160,8872320,1536,384,8,5
s,8,12235217654.733904,1774464,308467712,8872320,1792,384,8,5
m,8,24470435309.467808,1774464,308467712,8872320,1792,384,8,5
l,8,61176088273.66952,1774464,308467712,8872320,1792,384,8,5
xl,8,122352176547.33904,1774464,308467712,8872320,1792,384,8,5
s,8,10018072602.975769,1774464,402866176,8872320,2048,384,8,5
m,8,20036145205.951538,1774464,402866176,8872320,2048,384,8,5
l,8,50090363014.878845,1774464,402866176,8872320,2048,384,8,5
xl,8,100180726029.75769,1774464,402866176,8872320,2048,384,8,5
s,8,8663272327.262667,3152384,402866176,15761920,2048,512,8,5
m,8,17326544654.525333,3152384,402866176,15761920,2048,512,8,5
l,8,43316361636.31333,3152384,402866176,15761920,2048,512,8,5
xl,8,86632723272.62666,3152384,402866176,15761920,2048,512,8,5
l,8,517395241950.5718,198272,31523840,991360,512,128,10,5
s,8,57049647798.29435,198272,70878720,991360,768,128,10,5
m,8,114099295596.5887,198272,70878720,991360,768,128,10,5
l,8,285248238991.47174,198272,70878720,991360,768,128,10,5
xl,8,570496477982.9435,198272,70878720,991360,768,128,10,5
s,8,35282687716.60042,198272,125962240,991360,1024,128,10,5
m,8,70565375433.20084,198272,125962240,991360,1024,128,10,5
l,8,176413438583.0021,198272,125962240,991360,1024,128,10,5
xl,8,352826877166.0042,198272,125962240,991360,1024,128,10,5
s,8,23749837076.117657,198272,196774400,991360,1280,128,10,5
m,8,47499674152.23531,198272,196774400,991360,1280,128,10,5
l,8,118749185380.58829,198272,196774400,991360,1280,128,10,5
xl,8,237498370761.17657,198272,196774400,991360,1280,128,10,5
s,8,17001681398.283566,198272,283315200,991360,1536,128,10,5
m,8,34003362796.56713,198272,283315200,991360,1536,128,10,5
l,8,85008406991.41782,198272,283315200,991360,1536,128,10,5
xl,8,170016813982.83563,198272,283315200,991360,1536,128,10,5
s,8,12742263560.163973,198272,385584640,991360,1792,128,10,5
m,8,25484527120.327946,198272,385584640,991360,1792,128,10,5
l,8,63711317800.81987,198272,385584640,991360,1792,128,10,5
xl,8,127422635601.63974,198272,385584640,991360,1792,128,10,5
s,8,9892234785.624193,198272,503582720,991360,2048,128,10,5
m,8,19784469571.248386,198272,503582720,991360,2048,128,10,5
l,8,49461173928.120964,198272,503582720,991360,2048,128,10,5
xl,8,98922347856.24193,198272,503582720,991360,2048,128,10,5
s,8,28248357753.473644,789760,125962240,3948800,1024,256,10,5
m,8,56496715506.94729,789760,125962240,3948800,1024,256,10,5
l,8,141241788767.36823,789760,125962240,3948800,1024,256,10,5
xl,8,282483577534.73645,789760,125962240,3948800,1024,256,10,5
s,8,20340364265.006634,789760,196774400,3948800,1280,256,10,5
m,8,40680728530.01327,789760,196774400,3948800,1280,256,10,5
l,8,101701821325.03316,789760,196774400,3948800,1280,256,10,5
xl,8,203403642650.0663,789760,196774400,3948800,1280,256,10,5
s,8,15180153200.534924,789760,283315200,3948800,1536,256,10,5
m,8,30360306401.069847,789760,283315200,3948800,1536,256,10,5
l,8,75900766002.67462,789760,283315200,3948800,1536,256,10,5
xl,8,151801532005.34924,789760,283315200,3948800,1536,256,10,5
s,8,11690878944.596083,789760,385584640,3948800,1792,256,10,5
m,8,23381757889.192165,789760,385584640,3948800,1792,256,10,5
l,8,58454394722.980415,789760,385584640,3948800,1792,256,10,5
xl,8,116908789445.96083,789760,385584640,3948800,1792,256,10,5
s,8,9246659145.06425,789760,503582720,3948800,2048,256,10,5
m,8,18493318290.1285,789760,503582720,3948800,2048,256,10,5
l,8,46233295725.32126,789760,503582720,3948800,2048,256,10,5
xl,8,92466591450.64252,789760,503582720,3948800,2048,256,10,5
s,8,16529655656.8581,1774464,196774400,8872320,1280,384,10,5
m,8,33059311313.7162,1774464,196774400,8872320,1280,384,10,5
l,8,82648278284.29051,1774464,196774400,8872320,1280,384,10,5
xl,8,165296556568.58102,1774464,196774400,8872320,1280,384,10,5
s,8,12951776082.234867,1774464,283315200,8872320,1536,384,10,5
m,8,25903552164.469734,1774464,283315200,8872320,1536,384,10,5
l,8,64758880411.17434,1774464,283315200,8872320,1536,384,10,5
xl,8,129517760822.34868,1774464,283315200,8872320,1536,384,10,5
s,8,10323031608.46211,1774464,385584640,8872320,1792,384,10,5
m,8,20646063216.92422,1774464,385584640,8872320,1792,384,10,5
l,8,51615158042.310555,1774464,385584640,8872320,1792,384,10,5
xl,8,103230316084.62111,1774464,385584640,8872320,1792,384,10,5
s,8,8369519789.093458,1774464,503582720,8872320,2048,384,10,5
m,8,16739039578.186916,1774464,503582720,8872320,2048,384,10,5
l,8,41847598945.46729,1774464,503582720,8872320,2048,384,10,5
xl,8,83695197890.93459,1774464,503582720,8872320,2048,384,10,5
s,8,8890391009.353828,3152384,385584640,15761920,1792,512,10,5
m,8,17780782018.707657,3152384,385584640,15761920,1792,512,10,5
l,8,44451955046.76915,3152384,385584640,15761920,1792,512,10,5
xl,8,88903910093.5383,3152384,385584640,15761920,1792,512,10,5
s,8,7402396149.711744,3152384,503582720,15761920,2048,512,10,5
m,8,14804792299.423489,3152384,503582720,15761920,2048,512,10,5
l,8,37011980748.55872,3152384,503582720,15761920,2048,512,10,5
xl,8,74023961497.11745,3152384,503582720,15761920,2048,512,10,5
s,8,6452535407.642796,4923520,503582720,24617600,2048,640,10,5
m,8,12905070815.285591,4923520,503582720,24617600,2048,640,10,5
l,8,32262677038.213978,4923520,503582720,24617600,2048,640,10,5
xl,8,64525354076.427956,4923520,503582720,24617600,2048,640,10,5
l,8,452888705318.0003,198272,37828608,991360,512,128,12,5
s,8,48832893837.288795,198272,85054464,991360,768,128,12,5
m,8,97665787674.57759,198272,85054464,991360,768,128,12,5
l,8,244164469186.444,198272,85054464,991360,768,128,12,5
xl,8,488328938372.888,198272,85054464,991360,768,128,12,5
s,8,29891162689.707253,198272,151154688,991360,1024,128,12,5
m,8,59782325379.414505,198272,151154688,991360,1024,128,12,5
l,8,149455813448.53625,198272,151154688,991360,1024,128,12,5
xl,8,298911626897.0725,198272,151154688,991360,1024,128,12,5
s,8,20011866236.20342,198272,236129280,991360,1280,128,12,5
m,8,40023732472.40684,198272,236129280,991360,1280,128,12,5
l,8,100059331181.01709,198272,236129280,991360,1280,128,12,5
xl,8,200118662362.03418,198272,236129280,991360,1280,128,12,5
s,8,14280625486.826523,198272,339978240,991360,1536,128,12,5
m,8,28561250973.653046,198272,339978240,991360,1536,128,12,5
l,8,71403127434.13261,198272,339978240,991360,1536,128,12,5
xl,8,142806254868.26523,198272,339978240,991360,1536,128,12,5
s,8,10681651742.262852,198272,462701568,991360,1792,128,12,5
m,8,21363303484.525703,198272,462701568,991360,1792,128,12,5
l,8,53408258711.31426,198272,462701568,991360,1792,128,12,5
xl,8,106816517422.62852,198272,462701568,991360,1792,128,12,5
s,8,8281507658.407022,198272,604299264,991360,2048,128,12,5
m,8,16563015316.814045,198272,604299264,991360,2048,128,12,5
l,8,41407538292.03511,198272,604299264,991360,2048,128,12,5
xl,8,82815076584.07022,198272,604299264,991360,2048,128,12,5
s,8,36316390720.203415,789760,85054464,3948800,768,256,12,5
m,8,72632781440.40683,789760,85054464,3948800,768,256,12,5
l,8,181581953601.0171,789760,85054464,3948800,768,256,12,5
xl,8,363163907202.0342,789760,85054464,3948800,768,256,12,5
s,8,24683751772.293377,789760,151154688,3948800,1024,256,12,5
m,8,49367503544.586754,789760,151154688,3948800,1024,256,12,5
l,8,123418758861.46689,789760,151154688,3948800,1024,256,12,5
xl,8,246837517722.93378,789760,151154688,3948800,1024,256,12,5
s,8,17535206486.174683,789760,236129280,3948800,1280,256,12,5
m,8,35070412972.349365,789760,236129280,3948800,1280,256,12,5
l,8,87676032430.87341,789760,236129280,3948800,1280,256,12,5
xl,8,175352064861.74683,789760,236129280,3948800,1280,256,12,5
s,8,12973076196.584656,789760,339978240,3948800,1536,256,12,5
m,8,25946152393.16931,789760,339978240,3948800,1536,256,12,5
l,8,64865380982.92328,789760,339978240,3948800,1536,256,12,5
xl,8,129730761965.84656,789760,339978240,3948800,1536,256,12,5
s,8,9932828650.282743,789760,462701568,3948800,1792,256,12,5
m,8,19865657300.565487,789760,462701568,3948800,1792,256,12,5
l,8,49664143251.41372,789760,462701568,3948800,1792,256,12,5
xl,8,99328286502.82744,789760,462701568,3948800,1792,256,12,5
s,8,7824191297.8468075,789760,604299264,3948800,2048,256,12,5
m,8,15648382595.693615,789760,604299264,3948800,2048,256,12,5
l,8,39120956489.23404,789760,604299264,3948800,2048,256,12,5
xl,8,78241912978.46808,789760,604299264,3948800,2048,256,12,5
s,8,14627982323.780209,1774464,236129280,8872320,1280,384,12,5
m,8,29255964647.560417,1774464,236129280,8872320,1280,384,12,5
l,8,73139911618.90103,1774464,236129280,8872320,1280,384,12,5
xl,8,146279823237.80206,1774464,236129280,8872320,1280,384,12,5
s,8,11310078003.345974,1774464,339978240,8872320,1536,384,12,5
m,8,22620156006.691948,1774464,339978240,8872320,1536,384,12,5
l,8,56550390016.729866,1774464,339978240,8872320,1536,384,12,5
xl,8,113100780033.45973,1774464,339978240,8872320,1536,384,12,5
s,8,8927753901.392744,1774464,462701568,8872320,1792,384,12,5
m,8,17855507802.78549,1774464,462701568,8872320,1792,384,12,5
l,8,44638769506.96372,1774464,462701568,8872320,1792,384,12,5
xl,8,89277539013.92744,1774464,462701568,8872320,1792,384,12,5
s,8,7186864573.368746,1774464,604299264,8872320,2048,384,12,5
m,8,14373729146.737492,1774464,604299264,8872320,2048,384,12,5
l,8,35934322866.84373,1774464,604299264,8872320,2048,384,12,5
xl,8,71868645733.68745,1774464,604299264,8872320,2048,384,12,5
s,8,9612894136.349905,3152384,339978240,15761920,1536,512,12,5
m,8,19225788272.69981,3152384,339978240,15761920,1536,512,12,5
l,8,48064470681.74953,3152384,339978240,15761920,1536,512,12,5
xl,8,96128941363.49905,3152384,339978240,15761920,1536,512,12,5
s,8,7835732948.191387,3152384,462701568,15761920,1792,512,12,5
m,8,15671465896.382774,3152384,462701568,15761920,1792,512,12,5
l,8,39178664740.95694,3152384,462701568,15761920,1792,512,12,5
xl,8,78357329481.91388,3152384,462701568,15761920,1792,512,12,5
s,8,6461911940.165797,3152384,604299264,15761920,2048,512,12,5
m,8,12923823880.331594,3152384,604299264,15761920,2048,512,12,5
l,8,32309559700.828987,3152384,604299264,15761920,2048,512,12,5
xl,8,64619119401.657974,3152384,604299264,15761920,2048,512,12,5
s,8,5726084458.554738,4923520,604299264,24617600,2048,640,12,5
m,8,11452168917.109476,4923520,604299264,24617600,2048,640,12,5
l,8,28630422292.77369,4923520,604299264,24617600,2048,640,12,5
xl,8,57260844585.54738,4923520,604299264,24617600,2048,640,12,5
l,8,402683871898.85095,198272,44133376,991360,512,128,14,5
s,8,42685046506.21187,198272,99230208,991360,768,128,14,5
m,8,85370093012.42374,198272,99230208,991360,768,128,14,5
l,8,213425232531.05936,198272,99230208,991360,768,128,14,5
xl,8,426850465062.1187,198272,99230208,991360,768,128,14,5
s,8,25928972868.337654,198272,176347136,991360,1024,128,14,5
m,8,51857945736.67531,198272,176347136,991360,1024,128,14,5
l,8,129644864341.68828,198272,176347136,991360,1024,128,14,5
xl,8,259289728683.37656,198272,176347136,991360,1024,128,14,5
s,8,17290522552.78935,198272,275484160,991360,1280,128,14,5
m,8,34581045105.5787,198272,275484160,991360,1280,128,14,5
l,8,86452612763.94675,198272,275484160,991360,1280,128,14,5
xl,8,172905225527.8935,198272,275484160,991360,1280,128,14,5
s,8,12310392866.984137,198272,396641280,991360,1536,128,14,5
m,8,24620785733.968273,198272,396641280,991360,1536,128,14,5
l,8,61551964334.920685,198272,396641280,991360,1536,128,14,5
xl,8,123103928669.84137,198272,396641280,991360,1536,128,14,5
s,8,9194728610.597065,198272,539818496,991360,1792,128,14,5
m,8,18389457221.19413,198272,539818496,991360,1792,128,14,5
l,8,45973643052.98532,198272,539818496,991360,1792,128,14,5
xl,8,91947286105.97064,198272,539818496,991360,1792,128,14,5
s,8,7121871632.422998,198272,705015808,991360,2048,128,14,5
m,8,14243743264.845997,198272,705015808,991360,2048,128,14,5
l,8,35609358162.11499,198272,705015808,991360,2048,128,14,5
xl,8,71218716324.22998,198272,705015808,991360,2048,128,14,5
s,8,32802819887.851093,789760,99230208,3948800,768,256,14,5
m,8,65605639775.70219,789760,99230208,3948800,768,256,14,5
l,8,164014099439.25546,789760,99230208,3948800,768,256,14,5
xl,8,328028198878.5109,789760,99230208,3948800,768,256,14,5
s,8,21917965788.334873,789760,176347136,3948800,1024,256,14,5
m,8,43835931576.66975,789760,176347136,3948800,1024,256,14,5
l,8,109589828941.67436,789760,176347136,3948800,1024,256,14,5
xl,8,219179657883.34872,789760,176347136,3948800,1024,256,14,5
s,8,15409999684.403206,789760,275484160,3948800,1280,256,14,5
m,8,30819999368.80641,789760,275484160,3948800,1280,256,14,5
l,8,77049998422.01604,789760,275484160,3948800,1280,256,14,5
xl,8,154099996844.03207,789760,275484160,3948800,1280,256,14,5
s,8,11326317178.199394,789760,396641280,3948800,1536,256,14,5
m,8,22652634356.39879,789760,396641280,3948800,1536,256,14,5
l,8,56631585890.99697,789760,396641280,3948800,1536,256,14,5
xl,8,113263171781.99394,789760,396641280,3948800,1536,256,14,5
s,8,8634404662.633778,789760,539818496,3948800,1792,256,14,5
m,8,17268809325.267555,789760,539818496,3948800,1792,256,14,5
l,8,43172023313.16889,789760,539818496,3948800,1792,256,14,5
xl,8,86344046626.33778,789760,539818496,3948800,1792,256,14,5
s,8,6781026232.91534,789760,705015808,3948800,2048,256,14,5
m,8,13562052465.83068,789760,705015808,3948800,2048,256,14,5
l,8,33905131164.5767,789760,705015808,3948800,2048,256,14,5
xl,8,67810262329.1534,789760,705015808,3948800,2048,256,14,5
s,8,13118723609.063715,1774464,275484160,8872320,1280,384,14,5
m,8,26237447218.12743,1774464,275484160,8872320,1280,384,14,5
l,8,65593618045.31858,1774464,275484160,8872320,1280,384,14,5
xl,8,131187236090.63716,1774464,275484160,8872320,1280,384,14,5
s,8,10037746745.882957,1774464,396641280,8872320,1536,384,14,5
m,8,20075493491.765915,1774464,396641280,8872320,1536,384,14,5
l,8,50188733729.41479,1774464,396641280,8872320,1536,384,14,5
xl,8,100377467458.82957,1774464,396641280,8872320,1536,384,14,5
s,8,7864742535.384106,1774464,539818496,8872320,1792,384,14,5
m,8,15729485070.768211,1774464,539818496,8872320,1792,384,14,5
l,8,39323712676.92053,1774464,539818496,8872320,1792,384,14,5
xl,8,78647425353.84106,1774464,539818496,8872320,1792,384,14,5
s,8,6297058548.236829,1774464,705015808,8872320,2048,384,14,5
m,8,12594117096.473658,1774464,705015808,8872320,2048,384,14,5
l,8,31485292741.184143,1774464,705015808,8872320,2048,384,14,5
xl,8,62970585482.368286,1774464,705015808,8872320,2048,384,14,5
s,8,8677981087.832832,3152384,396641280,15761920,1536,512,14,5
m,8,17355962175.665665,3152384,396641280,15761920,1536,512,14,5
l,8,43389905439.16416,3152384,396641280,15761920,1536,512,14,5
xl,8,86779810878.32832,3152384,396641280,15761920,1536,512,14,5
s,8,7004764809.13753,3152384,539818496,15761920,1792,512,14,5
m,8,14009529618.27506,3152384,539818496,15761920,1792,512,14,5
l,8,35023824045.68765,3152384,539818496,15761920,1792,512,14,5
xl,8,70047648091.3753,3152384,539818496,15761920,1792,512,14,5
s,8,5733467340.51879,3152384,705015808,15761920,2048,512,14,5
m,8,11466934681.03758,3152384,705015808,15761920,2048,512,14,5
l,8,28667336702.59395,3152384,705015808,15761920,2048,512,14,5
xl,8,57334673405.1879,3152384,705015808,15761920,2048,512,14,5
s,8,6148306397.357074,4923520,539818496,24617600,1792,640,14,5
m,8,12296612794.714148,4923520,539818496,24617600,1792,640,14,5
l,8,30741531986.78537,4923520,539818496,24617600,1792,640,14,5
xl,8,61483063973.57074,4923520,539818496,24617600,1792,640,14,5
s,8,5146654538.67818,4923520,705015808,24617600,2048,640,14,5
m,8,10293309077.35636,4923520,705015808,24617600,2048,640,14,5
l,8,25733272693.390896,4923520,705015808,24617600,2048,640,14,5
xl,8,51466545386.78179,4923520,705015808,24617600,2048,640,14,5
l,8,362499144502.019,198272,50438144,991360,512,128,16,5
s,8,37912081579.52044,198272,113405952,991360,768,128,16,5
m,8,75824163159.04088,198272,113405952,991360,768,128,16,5
l,8,189560407897.6022,198272,113405952,991360,768,128,16,5
xl,8,379120815795.2044,198272,113405952,991360,768,128,16,5
s,8,22894250905.60499,198272,201539584,991360,1024,128,16,5
m,8,45788501811.20998,198272,201539584,991360,1024,128,16,5
l,8,114471254528.02495,198272,201539584,991360,1024,128,16,5
xl,8,228942509056.0499,198272,201539584,991360,1024,128,16,5
s,8,15220711272.361355,198272,314839040,991360,1280,128,16,5
m,8,30441422544.72271,198272,314839040,991360,1280,128,16,5
l,8,76103556361.80678,198272,314839040,991360,1280,128,16,5
xl,8,152207112723.61356,198272,314839040,991360,1280,128,16,5
s,8,10817897059.660961,198272,453304320,991360,1536,128,16,5
m,8,21635794119.321922,198272,453304320,991360,1536,128,16,5
l,8,54089485298.30481,198272,453304320,991360,1536,128,16,5
xl,8,108178970596.60962,198272,453304320,991360,1536,128,16,5
s,8,8071190743.416072,198272,616935424,991360,1792,128,16,5
m,8,16142381486.832144,198272,616935424,991360,1792,128,16,5
l,8,40355953717.08036,198272,616935424,991360,1792,128,16,5
xl,8,80711907434.16072,198272,616935424,991360,1792,128,16,5
s,8,6247106964.764618,198272,805732352,991360,2048,128,16,5
m,8,12494213929.529236,198272,805732352,991360,2048,128,16,5
l,8,31235534823.823086,198272,805732352,991360,2048,128,16,5
xl,8,62471069647.64617,198272,805732352,991360,2048,128,16,5
s,8,29909143201.149277,789760,113405952,3948800,768,256,16,5
m,8,59818286402.29855,789760,113405952,3948800,768,256,16,5
l,8,149545716005.7464,789760,113405952,3948800,768,256,16,5
xl,8,299091432011.4928,789760,113405952,3948800,768,256,16,5
s,8,19709535063.1052,789760,201539584,3948800,1024,256,16,5
m,8,39419070126.2104,789760,201539584,3948800,1024,256,16,5
l,8,98547675315.526,789760,201539584,3948800,1024,256,16,5
xl,8,197095350631.052,789760,201539584,3948800,1024,256,16,5
s,8,13744244460.189852,789760,314839040,3948800,1280,256,16,5
m,8,27488488920.379704,789760,314839040,3948800,1280,256,16,5
l,8,68721222300.94925,789760,314839040,3948800,1280,256,16,5
xl,8,137442444601.8985,789760,314839040,3948800,1280,256,16,5
s,8,10050535701.593323,789760,453304320,3948800,1536,256,16,5
m,8,20101071403.186646,789760,453304320,3948800,1536,256,16,5
l,8,50252678507.96661,789760,453304320,3948800,1536,256,16,5
xl,8,100505357015.93323,789760,453304320,3948800,1536,256,16,5
s,8,7636197383.850994,789760,616935424,3948800,1792,256,16,5
m,8,15272394767.701988,789760,616935424,3948800,1792,256,16,5
l,8,38180986919.254974,789760,616935424,3948800,1792,256,16,5
xl,8,76361973838.50995,789760,616935424,3948800,1792,256,16,5
s,8,5983299223.741118,789760,805732352,3948800,2048,256,16,5
m,8,11966598447.482237,789760,805732352,3948800,2048,256,16,5
l,8,29916496118.705593,789760,805732352,3948800,2048,256,16,5
xl,8,59832992237.41119,789760,805732352,3948800,2048,256,16,5
s,8,16110618340.998121,1774464,201539584,8872320,1024,384,16,5
m,8,32221236681.996243,1774464,201539584,8872320,1024,384,16,5
l,8,80553091704.9906,1774464,201539584,8872320,1024,384,16,5
xl,8,161106183409.9812,1774464,201539584,8872320,1024,384,16,5
s,8,11891776085.276783,1774464,314839040,8872320,1280,384,16,5
m,8,23783552170.553566,1774464,314839040,8872320,1280,384,16,5
l,8,59458880426.38391,1774464,314839040,8872320,1280,384,16,5
xl,8,118917760852.76782,1774464,314839040,8872320,1280,384,16,5
s,8,9022731364.125822,1774464,453304320,8872320,1536,384,16,5
m,8,18045462728.251644,1774464,453304320,8872320,1536,384,16,5
l,8,45113656820.62911,1774464,453304320,8872320,1536,384,16,5
xl,8,90227313641.25822,1774464,453304320,8872320,1536,384,16,5
s,8,7027938698.832811,1774464,616935424,8872320,1792,384,16,5
m,8,14055877397.665623,1774464,616935424,8872320,1792,384,16,5
l,8,35139693494.164055,1774464,616935424,8872320,1792,384,16,5
xl,8,70279386988.32811,1774464,616935424,8872320,1792,384,16,5
s,8,5603312211.984149,1774464,805732352,8872320,2048,384,16,5
m,8,11206624423.968298,1774464,805732352,8872320,2048,384,16,5
l,8,28016561059.920746,1774464,805732352,8872320,2048,384,16,5
xl,8,56033122119.84149,1774464,805732352,8872320,2048,384,16,5
s,8,7908801521.729338,3152384,453304320,15761920,1536,512,16,5
m,8,15817603043.458675,3152384,453304320,15761920,1536,512,16,5
l,8,39544007608.64668,3152384,453304320,15761920,1536,512,16,5
xl,8,79088015217.29337,3152384,453304320,15761920,1536,512,16,5
s,8,6333144048.324017,3152384,616935424,15761920,1792,512,16,5
m,8,12666288096.648033,3152384,616935424,15761920,1792,512,16,5
l,8,31665720241.620087,3152384,616935424,15761920,1792,512,16,5
xl,8,63331440483.24017,3152384,616935424,15761920,1792,512,16,5
s,8,5152618074.09811,3152384,805732352,15761920,2048,512,16,5
m,8,10305236148.19622,3152384,805732352,15761920,2048,512,16,5
l,8,25763090370.49055,3152384,805732352,15761920,2048,512,16,5
xl,8,51526180740.9811,3152384,805732352,15761920,2048,512,16,5
s,8,5624742893.002361,4923520,616935424,24617600,1792,640,16,5
m,8,11249485786.004723,4923520,616935424,24617600,1792,640,16,5
l,8,28123714465.011803,4923520,616935424,24617600,1792,640,16,5
xl,8,56247428930.023605,4923520,616935424,24617600,1792,640,16,5
s,8,4673715227.465234,4923520,805732352,24617600,2048,640,16,5
m,8,9347430454.930468,4923520,805732352,24617600,2048,640,16,5
l,8,23368576137.326168,4923520,805732352,24617600,2048,640,16,5
xl,8,46737152274.652336,4923520,805732352,24617600,2048,640,16,5
s,8,4199471256.3326344,7087872,805732352,35439360,2048,768,16,5
m,8,8398942512.665269,7087872,805732352,35439360,2048,768,16,5
l,8,20997356281.663174,7087872,805732352,35439360,2048,768,16,5
xl,8,41994712563.32635,7087872,805732352,35439360,2048,768,16,5
s,8,65921385846.83667,198272,56742912,991360,512,128,18,5
m,8,131842771693.67334,198272,56742912,991360,512,128,18,5
l,8,329606929234.18335,198272,56742912,991360,512,128,18,5
xl,8,659213858468.3667,198272,56742912,991360,512,128,18,5
s,8,34099173490.593266,198272,127581696,991360,768,128,18,5
m,8,68198346981.18653,198272,127581696,991360,768,128,18,5
l,8,170495867452.96634,198272,127581696,991360,768,128,18,5
xl,8,340991734905.9327,198272,127581696,991360,768,128,18,5
s,8,20495465583.194374,198272,226732032,991360,1024,128,18,5
m,8,40990931166.38875,198272,226732032,991360,1024,128,18,5
l,8,102477327915.97186,198272,226732032,991360,1024,128,18,5
xl,8,204954655831.94373,198272,226732032,991360,1024,128,18,5
s,8,13593466610.204844,198272,354193920,991360,1280,128,18,5
m,8,27186933220.409687,198272,354193920,991360,1280,128,18,5
l,8,67967333051.024216,198272,354193920,991360,1280,128,18,5
xl,8,135934666102.04843,198272,354193920,991360,1280,128,18,5
s,8,9648166115.177492,198272,509967360,991360,1536,128,18,5
m,8,19296332230.354984,198272,509967360,991360,1536,128,18,5
l,8,48240830575.88746,198272,509967360,991360,1536,128,18,5
xl,8,96481661151.77492,198272,509967360,991360,1536,128,18,5
s,8,7192332996.041685,198272,694052352,991360,1792,128,18,5
m,8,14384665992.08337,198272,694052352,991360,1792,128,18,5
l,8,35961664980.20843,198272,694052352,991360,1792,128,18,5
xl,8,71923329960.41685,198272,694052352,991360,1792,128,18,5
s,8,5563726072.750926,198272,906448896,991360,2048,128,18,5
m,8,11127452145.501852,198272,906448896,991360,2048,128,18,5
l,8,27818630363.75463,198272,906448896,991360,2048,128,18,5
xl,8,55637260727.50926,198272,906448896,991360,2048,128,18,5
s,8,27484608619.173264,789760,127581696,3948800,768,256,18,5
m,8,54969217238.34653,789760,127581696,3948800,768,256,18,5
l,8,137423043095.86632,789760,127581696,3948800,768,256,18,5
xl,8,274846086191.73264,789760,127581696,3948800,768,256,18,5
s,8,17905405598.977356,789760,226732032,3948800,1024,256,18,5
m,8,35810811197.95471,789760,226732032,3948800,1024,256,18,5
l,8,89527027994.8868,789760,226732032,3948800,1024,256,18,5
xl,8,179054055989.7736,789760,226732032,3948800,1024,256,18,5
s,8,12403481071.692518,789760,354193920,3948800,1280,256,18,5
m,8,24806962143.385036,789760,354193920,3948800,1280,256,18,5
l,8,62017405358.462585,789760,354193920,3948800,1280,256,18,5
xl,8,124034810716.92517,789760,354193920,3948800,1280,256,18,5
s,8,9033063324.230896,789760,509967360,3948800,1536,256,18,5
m,8,18066126648.461792,789760,509967360,3948800,1536,256,18,5
l,8,45165316621.15448,789760,509967360,3948800,1536,256,18,5
xl,8,90330633242.30896,789760,509967360,3948800,1536,256,18,5
s,8,6844874339.058934,789760,694052352,3948800,1792,256,18,5
m,8,13689748678.117868,789760,694052352,3948800,1792,256,18,5
l,8,34224371695.29467,789760,694052352,3948800,1792,256,18,5
xl,8,68448743390.58934,789760,694052352,3948800,1792,256,18,5
s,8,5353507061.061673,789760,906448896,3948800,2048,256,18,5
m,8,10707014122.123346,789760,906448896,3948800,2048,256,18,5
l,8,26767535305.308365,789760,906448896,3948800,2048,256,18,5
xl,8,53535070610.61673,789760,906448896,3948800,2048,256,18,5
s,8,14884705453.113058,1774464,226732032,8872320,1024,384,18,5
m,8,29769410906.226116,1774464,226732032,8872320,1024,384,18,5
l,8,74423527265.56529,1774464,226732032,8872320,1024,384,18,5
xl,8,148847054531.13058,1774464,226732032,8872320,1024,384,18,5
s,8,10874703751.320406,1774464,354193920,8872320,1280,384,18,5
m,8,21749407502.640812,1774464,354193920,8872320,1280,384,18,5
l,8,54373518756.602036,1774464,354193920,8872320,1280,384,18,5
xl,8,108747037513.20407,1774464,354193920,8872320,1280,384,18,5
s,8,8194141097.341021,1774464,509967360,8872320,1536,384,18,5
m,8,16388282194.682041,1774464,509967360,8872320,1536,384,18,5
l,8,40970705486.7051,1774464,509967360,8872320,1536,384,18,5
xl,8,81941410973.4102,1774464,509967360,8872320,1536,384,18,5
s,8,6352081119.633063,1774464,694052352,8872320,1792,384,18,5
m,8,12704162239.266127,1774464,694052352,8872320,1792,384,18,5
l,8,31760405598.165318,1774464,694052352,8872320,1792,384,18,5
xl,8,63520811196.330635,1774464,694052352,8872320,1792,384,18,5
s,8,5047256452.715485,1774464,906448896,8872320,2048,384,18,5
m,8,10094512905.43097,1774464,906448896,8872320,2048,384,18,5
l,8,25236282263.577423,1774464,906448896,8872320,2048,384,18,5
xl,8,50472564527.15485,1774464,906448896,8872320,2048,384,18,5
s,8,9296552897.683477,3152384,354193920,15761920,1280,512,18,5
m,8,18593105795.366955,3152384,354193920,15761920,1280,512,18,5
l,8,46482764488.41739,3152384,354193920,15761920,1280,512,18,5
xl,8,92965528976.83478,3152384,354193920,15761920,1280,512,18,5
s,8,7264873812.047834,3152384,509967360,15761920,1536,512,18,5
m,8,14529747624.095669,3152384,509967360,15761920,1536,512,18,5
l,8,36324369060.239174,3152384,509967360,15761920,1536,512,18,5
xl,8,72648738120.47835,3152384,509967360,15761920,1536,512,18,5
s,8,5779045900.788669,3152384,694052352,15761920,1792,512,18,5
m,8,11558091801.577337,3152384,694052352,15761920,1792,512,18,5
l,8,28895229503.943344,3152384,694052352,15761920,1792,512,18,5
xl,8,57790459007.88669,3152384,694052352,15761920,1792,512,18,5
s,8,4678632587.656614,3152384,906448896,15761920,2048,512,18,5
m,8,9357265175.313229,3152384,906448896,15761920,2048,512,18,5
l,8,23393162938.283073,3152384,906448896,15761920,2048,512,18,5
xl,8,46786325876.56615,3152384,906448896,15761920,2048,512,18,5
s,8,6347792182.018523,4923520,509967360,24617600,1536,640,18,5
m,8,12695584364.037046,4923520,509967360,24617600,1536,640,18,5
l,8,31738960910.092613,4923520,509967360,24617600,1536,640,18,5
xl,8,63477921820.18523,4923520,509967360,24617600,1536,640,18,5
s,8,5183350877.939385,4923520,694052352,24617600,1792,640,18,5
m,8,10366701755.87877,4923520,694052352,24617600,1792,640,18,5
l,8,25916754389.696926,4923520,694052352,24617600,1792,640,18,5
xl,8,51833508779.39385,4923520,694052352,24617600,1792,640,18,5
s,8,4280380100.492367,4923520,906448896,24617600,2048,640,18,5
m,8,8560760200.984734,4923520,906448896,24617600,2048,640,18,5
l,8,21401900502.461834,4923520,906448896,24617600,2048,640,18,5
xl,8,42803801004.92367,4923520,906448896,24617600,2048,640,18,5
m,8,7758349628.970894,7087872,906448896,35439360,2048,768,18,5
l,8,19395874072.427235,7087872,906448896,35439360,2048,768,18,5
xl,8,38791748144.85447,7087872,906448896,35439360,2048,768,18,5
s,8,60437451106.10206,198272,63047680,991360,512,128,20,5
m,8,120874902212.20412,198272,63047680,991360,512,128,20,5
l,8,302187255530.51025,198272,63047680,991360,512,128,20,5
xl,8,604374511061.0205,198272,63047680,991360,512,128,20,5
s,8,30983126836.98959,198272,141757440,991360,768,128,20,5
m,8,61966253673.97918,198272,141757440,991360,768,128,20,5
l,8,154915634184.94794,198272,141757440,991360,768,128,20,5
xl,8,309831268369.8959,198272,141757440,991360,768,128,20,5
s,8,18551680678.38005,198272,251924480,991360,1024,128,20,5
m,8,37103361356.7601,198272,251924480,991360,1024,128,20,5
l,8,92758403391.90025,198272,251924480,991360,1024,128,20,5
xl,8,185516806783.8005,198272,251924480,991360,1024,128,20,5
s,8,12280553870.663565,198272,393548800,991360,1280,128,20,5
m,8,24561107741.32713,198272,393548800,991360,1280,128,20,5
l,8,61402769353.317825,198272,393548800,991360,1280,128,20,5
xl,8,122805538706.63565,198272,393548800,991360,1280,128,20,5
s,8,8706715608.159906,198272,566630400,991360,1536,128,20,5
m,8,17413431216.319813,198272,566630400,991360,1536,128,20,5
l,8,43533578040.79953,198272,566630400,991360,1536,128,20,5
xl,8,87067156081.59906,198272,566630400,991360,1536,128,20,5
s,8,6486075640.925456,198272,771169280,991360,1792,128,20,5
m,8,12972151281.850912,198272,771169280,991360,1792,128,20,5
l,8,32430378204.62728,198272,771169280,991360,1792,128,20,5
xl,8,64860756409.25456,198272,771169280,991360,1792,128,20,5
s,8,5015114753.448533,198272,1007165440,991360,2048,128,20,5
m,8,10030229506.897066,198272,1007165440,991360,2048,128,20,5
l,8,25075573767.24267,198272,1007165440,991360,2048,128,20,5
xl,8,50151147534.48534,198272,1007165440,991360,2048,128,20,5
s,8,25423680551.657257,789760,141757440,3948800,768,256,20,5
m,8,50847361103.314514,789760,141757440,3948800,768,256,20,5
l,8,127118402758.28629,789760,141757440,3948800,768,256,20,5
xl,8,254236805516.57257,789760,141757440,3948800,768,256,20,5
s,8,16403863647.935816,789760,251924480,3948800,1024,256,20,5
m,8,32807727295.87163,789760,251924480,3948800,1024,256,20,5
l,8,82019318239.67908,789760,251924480,3948800,1024,256,20,5
xl,8,164038636479.35815,789760,251924480,3948800,1024,256,20,5
s,8,11301053185.83018,789760,393548800,3948800,1280,256,20,5
m,8,22602106371.66036,789760,393548800,3948800,1280,256,20,5
l,8,56505265929.150894,789760,393548800,3948800,1280,256,20,5
xl,8,113010531858.30179,789760,393548800,3948800,1280,256,20,5
s,8,8202661652.149924,789760,566630400,3948800,1536,256,20,5
m,8,16405323304.299849,789760,566630400,3948800,1536,256,20,5
l,8,41013308260.74962,789760,566630400,3948800,1536,256,20,5
xl,8,82026616521.49924,789760,566630400,3948800,1536,256,20,5
s,8,6202157795.199391,789760,771169280,3948800,1792,256,20,5
m,8,12404315590.398783,789760,771169280,3948800,1792,256,20,5
l,8,31010788975.996956,789760,771169280,3948800,1792,256,20,5
xl,8,62021577951.99391,789760,771169280,3948800,1792,256,20,5
s,8,4843670345.841163,789760,1007165440,3948800,2048,256,20,5
m,8,9687340691.682325,789760,1007165440,3948800,2048,256,20,5
l,8,24218351729.205814,789760,1007165440,3948800,2048,256,20,5
xl,8,48436703458.41163,789760,1007165440,3948800,2048,256,20,5
s,8,13832167779.547558,1774464,251924480,8872320,1024,384,20,5
m,8,27664335559.095116,1774464,251924480,8872320,1024,384,20,5
l,8,69160838897.7378,1774464,251924480,8872320,1024,384,20,5
xl,8,138321677795.4756,1774464,251924480,8872320,1024,384,20,5
s,8,10017899180.824362,1774464,393548800,8872320,1280,384,20,5
m,8,20035798361.648724,1774464,393548800,8872320,1280,384,20,5
l,8,50089495904.12181,1774464,393548800,8872320,1280,384,20,5
xl,8,100178991808.24362,1774464,393548800,8872320,1280,384,20,5
s,8,7504935545.812348,1774464,566630400,8872320,1536,384,20,5
m,8,15009871091.624697,1774464,566630400,8872320,1536,384,20,5
l,8,37524677729.06174,1774464,566630400,8872320,1536,384,20,5
xl,8,75049355458.12347,1774464,566630400,8872320,1536,384,20,5
s,8,5794810130.959928,1774464,771169280,8872320,1792,384,20,5
m,8,11589620261.919855,1774464,771169280,8872320,1792,384,20,5
l,8,28974050654.799637,1774464,771169280,8872320,1792,384,20,5
xl,8,57948101309.59927,1774464,771169280,8872320,1792,384,20,5
s,8,4591599958.065836,1774464,1007165440,8872320,2048,384,20,5
m,8,9183199916.131672,1774464,1007165440,8872320,2048,384,20,5
l,8,22957999790.329178,1774464,1007165440,8872320,2048,384,20,5
xl,8,45915999580.658356,1774464,1007165440,8872320,2048,384,20,5
s,8,8663142638.851463,3152384,393548800,15761920,1280,512,20,5
m,8,17326285277.702927,3152384,393548800,15761920,1280,512,20,5
l,8,43315713194.257324,3152384,393548800,15761920,1280,512,20,5
xl,8,86631426388.51465,3152384,393548800,15761920,1280,512,20,5
s,8,6717907641.560824,3152384,566630400,15761920,1536,512,20,5
m,8,13435815283.121649,3152384,566630400,15761920,1536,512,20,5
l,8,33589538207.804123,3152384,566630400,15761920,1536,512,20,5
xl,8,67179076415.608246,3152384,566630400,15761920,1536,512,20,5
s,8,5314105284.92447,3152384,771169280,15761920,1792,512,20,5
m,8,10628210569.84894,3152384,771169280,15761920,1792,512,20,5
l,8,26570526424.62235,3152384,771169280,15761920,1792,512,20,5
xl,8,53141052849.2447,3152384,771169280,15761920,1792,512,20,5
s,8,4284504243.7843156,3152384,1007165440,15761920,2048,512,20,5
m,8,8569008487.568631,3152384,1007165440,15761920,2048,512,20,5
l,8,21422521218.921577,3152384,1007165440,15761920,2048,512,20,5
xl,8,42845042437.843155,3152384,1007165440,15761920,2048,512,20,5
s,8,5926195633.673876,4923520,566630400,24617600,1536,640,20,5
m,8,11852391267.347752,4923520,566630400,24617600,1536,640,20,5
l,8,29630978168.36938,4923520,566630400,24617600,1536,640,20,5
xl,8,59261956336.73876,4923520,566630400,24617600,1536,640,20,5
s,8,4806193145.138189,4923520,771169280,24617600,1792,640,20,5
m,8,9612386290.276379,4923520,771169280,24617600,1792,640,20,5
l,8,24030965725.69095,4923520,771169280,24617600,1792,640,20,5
xl,8,48061931451.3819,4923520,771169280,24617600,1792,640,20,5
m,8,7896222163.053198,4923520,1007165440,24617600,2048,640,20,5
l,8,19740555407.632996,4923520,1007165440,24617600,2048,640,20,5
xl,8,39481110815.26599,4923520,1007165440,24617600,2048,640,20,5
s,8,4306121265.059884,7087872,771169280,35439360,1792,768,20,5
m,8,8612242530.119768,7087872,771169280,35439360,1792,768,20,5
l,8,21530606325.29942,7087872,771169280,35439360,1792,768,20,5
xl,8,43061212650.59884,7087872,771169280,35439360,1792,768,20,5
m,8,7208548854.526986,7087872,1007165440,35439360,2048,768,20,5
l,8,18021372136.317467,7087872,1007165440,35439360,2048,768,20,5
xl,8,36042744272.63493,7087872,1007165440,35439360,2048,768,20,5
l,8,16345892261.582607,9645440,1007165440,48227200,2048,896,20,5
xl,8,32691784523.165215,9645440,1007165440,48227200,2048,896,20,5
s,8,55795849681.51729,198272,69352448,991360,512,128,22,5
m,8,111591699363.03458,198272,69352448,991360,512,128,22,5
l,8,278979248407.5864,198272,69352448,991360,512,128,22,5
xl,8,557958496815.1729,198272,69352448,991360,512,128,22,5
s,8,28388896080.74256,198272,155933184,991360,768,128,22,5
m,8,56777792161.48512,198272,155933184,991360,768,128,22,5
l,8,141944480403.7128,198272,155933184,991360,768,128,22,5
xl,8,283888960807.4256,198272,155933184,991360,768,128,22,5
s,8,16944653880.366405,198272,277116928,991360,1024,128,22,5
m,8,33889307760.73281,198272,277116928,991360,1024,128,22,5
l,8,84723269401.83203,198272,277116928,991360,1024,128,22,5
xl,8,169446538803.66406,198272,277116928,991360,1024,128,22,5
s,8,11198916589.93169,198272,432903680,991360,1280,128,22,5
m,8,22397833179.86338,198272,432903680,991360,1280,128,22,5
l,8,55994582949.65845,198272,432903680,991360,1280,128,22,5
xl,8,111989165899.3169,198272,432903680,991360,1280,128,22,5
s,8,7932660973.681461,198272,623293440,991360,1536,128,22,5
m,8,15865321947.362923,198272,623293440,991360,1536,128,22,5
l,8,39663304868.40731,198272,623293440,991360,1536,128,22,5
xl,8,79326609736.81462,198272,623293440,991360,1536,128,22,5
s,8,5906119164.695204,198272,848286208,991360,1792,128,22,5
m,8,11812238329.390408,198272,848286208,991360,1792,128,22,5
l,8,29530595823.47602,198272,848286208,991360,1792,128,22,5
xl,8,59061191646.95204,198272,848286208,991360,1792,128,22,5
s,8,4564984378.623456,198272,1107881984,991360,2048,128,22,5
m,8,9129968757.246912,198272,1107881984,991360,2048,128,22,5
l,8,22824921893.117283,198272,1107881984,991360,2048,128,22,5
xl,8,45649843786.234566,198272,1107881984,991360,2048,128,22,5
s,8,23650269650.91445,789760,155933184,3948800,768,256,22,5
m,8,47300539301.8289,789760,155933184,3948800,768,256,22,5
l,8,118251348254.57227,789760,155933184,3948800,768,256,22,5
xl,8,236502696509.14453,789760,155933184,3948800,768,256,22,5
s,8,15134674386.561378,789760,277116928,3948800,1024,256,22,5
m,8,30269348773.122757,789760,277116928,3948800,1024,256,22,5
l,8,75673371932.80688,789760,277116928,3948800,1024,256,22,5
xl,8,151346743865.61377,789760,277116928,3948800,1024,256,22,5
s,8,10378597969.315218,789760,432903680,3948800,1280,256,22,5
m,8,20757195938.630436,789760,432903680,3948800,1280,256,22,5
l,8,51892989846.576096,789760,432903680,3948800,1280,256,22,5
xl,8,103785979693.15219,789760,432903680,3948800,1280,256,22,5
s,8,7512082433.385858,789760,623293440,3948800,1536,256,22,5
m,8,15024164866.771715,789760,623293440,3948800,1536,256,22,5
l,8,37560412166.92929,789760,623293440,3948800,1536,256,22,5
xl,8,75120824333.85858,789760,623293440,3948800,1536,256,22,5
s,8,5669779693.22591,789760,848286208,3948800,1792,256,22,5
m,8,11339559386.45182,789760,848286208,3948800,1792,256,22,5
l,8,28348898466.12955,789760,848286208,3948800,1792,256,22,5
xl,8,56697796932.2591,789760,848286208,3948800,1792,256,22,5
s,8,4422497535.076774,789760,1107881984,3948800,2048,256,22,5
m,8,8844995070.153547,789760,1107881984,3948800,2048,256,22,5
l,8,22112487675.38387,789760,1107881984,3948800,2048,256,22,5
xl,8,44224975350.76774,789760,1107881984,3948800,2048,256,22,5
s,8,12918654847.64772,1774464,277116928,8872320,1024,384,22,5
m,8,25837309695.29544,1774464,277116928,8872320,1024,384,22,5
l,8,64593274238.2386,1774464,277116928,8872320,1024,384,22,5
xl,8,129186548476.4772,1774464,277116928,8872320,1024,384,22,5
s,8,9286247157.108295,1774464,432903680,8872320,1280,384,22,5
m,8,18572494314.21659,1774464,432903680,8872320,1280,384,22,5
l,8,46431235785.54147,1774464,432903680,8872320,1280,384,22,5
xl,8,92862471571.08295,1774464,432903680,8872320,1280,384,22,5
s,8,6922672638.994805,1774464,623293440,8872320,1536,384,22,5
m,8,13845345277.98961,1774464,623293440,8872320,1536,384,22,5
l,8,34613363194.97403,1774464,623293440,8872320,1536,384,22,5
xl,8,69226726389.94806,1774464,623293440,8872320,1536,384,22,5
s,8,5327432072.897,1774464,848286208,8872320,1792,384,22,5
m,8,10654864145.794,1774464,848286208,8872320,1792,384,22,5
l,8,26637160364.485,1774464,848286208,8872320,1792,384,22,5
xl,8,53274320728.97,1774464,848286208,8872320,1792,384,22,5
s,8,4211402713.127131,1774464,1107881984,8872320,2048,384,22,5
m,8,8422805426.254262,1774464,1107881984,8872320,2048,384,22,5
l,8,21057013565.635654,1774464,1107881984,8872320,2048,384,22,5
xl,8,42114027131.27131,1774464,1107881984,8872320,2048,384,22,5
s,8,8110540042.579686,3152384,432903680,15761920,1280,512,22,5
m,8,16221080085.159372,3152384,432903680,15761920,1280,512,22,5
l,8,40552700212.89843,3152384,432903680,15761920,1280,512,22,5
xl,8,81105400425.79686,3152384,432903680,15761920,1280,512,22,5
s,8,6247535971.812717,3152384,623293440,15761920,1536,512,22,5
m,8,12495071943.625435,3152384,623293440,15761920,1536,512,22,5
l,8,31237679859.063587,3152384,623293440,15761920,1536,512,22,5
xl,8,62475359718.127174,3152384,623293440,15761920,1536,512,22,5
s,8,4918405618.157022,3152384,848286208,15761920,1792,512,22,5
m,8,9836811236.314045,3152384,848286208,15761920,1792,512,22,5
l,8,24592028090.78511,3152384,848286208,15761920,1792,512,22,5
xl,8,49184056181.57022,3152384,848286208,15761920,1792,512,22,5
m,8,7903239063.497784,3152384,1107881984,15761920,2048,512,22,5
l,8,19758097658.74446,3152384,1107881984,15761920,2048,512,22,5
xl,8,39516195317.48892,3152384,1107881984,15761920,2048,512,22,5
s,8,5557113029.100512,4923520,623293440,24617600,1536,640,22,5
m,8,11114226058.201023,4923520,623293440,24617600,1536,640,22,5
l,8,27785565145.502556,4923520,623293440,24617600,1536,640,22,5
xl,8,55571130291.00511,4923520,623293440,24617600,1536,640,22,5
s,8,4480199061.337366,4923520,848286208,24617600,1792,640,22,5
m,8,8960398122.674732,4923520,848286208,24617600,1792,640,22,5
l,8,22400995306.68683,4923520,848286208,24617600,1792,640,22,5
xl,8,44801990613.37366,4923520,848286208,24617600,1792,640,22,5
m,8,7327423209.630602,4923520,1107881984,24617600,2048,640,22,5
l,8,18318558024.076508,4923520,1107881984,24617600,2048,640,22,5
xl,8,36637116048.153015,4923520,1107881984,24617600,2048,640,22,5
s,8,4042575761.1038237,7087872,848286208,35439360,1792,768,22,5
m,8,8085151522.207647,7087872,848286208,35439360,1792,768,22,5
l,8,20212878805.51912,7087872,848286208,35439360,1792,768,22,5
xl,8,40425757611.03824,7087872,848286208,35439360,1792,768,22,5
m,8,6731515393.360141,7087872,1107881984,35439360,2048,768,22,5
l,8,16828788483.400352,7087872,1107881984,35439360,2048,768,22,5
xl,8,33657576966.800705,7087872,1107881984,35439360,2048,768,22,5
l,8,15358679725.6237,9645440,1107881984,48227200,2048,896,22,5
xl,8,30717359451.2474,9645440,1107881984,48227200,2048,896,22,5
s,8,51816349592.06024,198272,75657216,991360,512,128,24,5
m,8,103632699184.12048,198272,75657216,991360,512,128,24,5
l,8,259081747960.3012,198272,75657216,991360,512,128,24,5
xl,8,518163495920.6024,198272,75657216,991360,512,128,24,5
s,8,26195532676.72659,198272,170108928,991360,768,128,24,5
m,8,52391065353.45318,198272,170108928,991360,768,128,24,5
l,8,130977663383.63295,198272,170108928,991360,768,128,24,5
xl,8,261955326767.2659,198272,170108928,991360,768,128,24,5
s,8,15593847391.373882,198272,302309376,991360,1024,128,24,5
m,8,31187694782.747765,198272,302309376,991360,1024,128,24,5
l,8,77969236956.86942,198272,302309376,991360,1024,128,24,5
xl,8,155938473913.73883,198272,302309376,991360,1024,128,24,5
s,8,10292391189.252043,198272,472258560,991360,1280,128,24,5
m,8,20584782378.504086,198272,472258560,991360,1280,128,24,5
l,8,51461955946.260216,198272,472258560,991360,1280,128,24,5
xl,8,102923911892.52043,198272,472258560,991360,1280,128,24,5
s,8,7285001254.768616,198272,679956480,991360,1536,128,24,5
m,8,14570002509.537231,198272,679956480,991360,1536,128,24,5
l,8,36425006273.84308,198272,679956480,991360,1536,128,24,5
xl,8,72850012547.68616,198272,679956480,991360,1536,128,24,5
s,8,5421364495.856907,198272,925403136,991360,1792,128,24,5
m,8,10842728991.713814,198272,925403136,991360,1792,128,24,5
l,8,27106822479.284534,198272,925403136,991360,1792,128,24,5
xl,8,54213644958.56907,198272,925403136,991360,1792,128,24,5
s,8,4189001585.319272,198272,1208598528,991360,2048,128,24,5
m,8,8378003170.638544,198272,1208598528,991360,2048,128,24,5
l,8,20945007926.59636,198272,1208598528,991360,2048,128,24,5
xl,8,41890015853.19272,198272,1208598528,991360,2048,128,24,5
s,8,22108132467.684986,789760,170108928,3948800,768,256,24,5
m,8,44216264935.36997,789760,170108928,3948800,768,256,24,5
l,8,110540662338.42493,789760,170108928,3948800,768,256,24,5
xl,8,221081324676.84985,789760,170108928,3948800,768,256,24,5
s,8,14047778630.384289,789760,302309376,3948800,1024,256,24,5
m,8,28095557260.768578,789760,302309376,3948800,1024,256,24,5
l,8,70238893151.92145,789760,302309376,3948800,1024,256,24,5
xl,8,140477786303.8429,789760,302309376,3948800,1024,256,24,5
s,8,9595370149.463627,789760,472258560,3948800,1280,256,24,5
m,8,19190740298.927254,789760,472258560,3948800,1280,256,24,5
l,8,47976850747.31813,789760,472258560,3948800,1280,256,24,5
xl,8,95953701494.63626,789760,472258560,3948800,1280,256,24,5
s,8,6928753128.193462,789760,679956480,3948800,1536,256,24,5
m,8,13857506256.386925,789760,679956480,3948800,1536,256,24,5
l,8,34643765640.96731,789760,679956480,3948800,1536,256,24,5
xl,8,69287531281.93462,789760,679956480,3948800,1536,256,24,5
s,8,5221572630.738571,789760,925403136,3948800,1792,256,24,5
m,8,10443145261.477142,789760,925403136,3948800,1792,256,24,5
l,8,26107863153.692856,789760,925403136,3948800,1792,256,24,5
xl,8,52215726307.38571,789760,925403136,3948800,1792,256,24,5
s,8,4068710031.433877,789760,1208598528,3948800,2048,256,24,5
m,8,8137420062.867754,789760,1208598528,3948800,2048,256,24,5
l,8,20343550157.169388,789760,1208598528,3948800,2048,256,24,5
xl,8,40687100314.338776,789760,1208598528,3948800,2048,256,24,5
s,8,12118328399.719475,1774464,302309376,8872320,1024,384,24,5
m,8,24236656799.43895,1774464,302309376,8872320,1024,384,24,5
l,8,60591641998.597374,1774464,302309376,8872320,1024,384,24,5
xl,8,121183283997.19475,1774464,302309376,8872320,1024,384,24,5
s,8,8654192720.979273,1774464,472258560,8872320,1280,384,24,5
m,8,17308385441.958546,1774464,472258560,8872320,1280,384,24,5
l,8,43270963604.89636,1774464,472258560,8872320,1280,384,24,5
xl,8,86541927209.79272,1774464,472258560,8872320,1280,384,24,5
s,8,6424253375.8423605,1774464,679956480,8872320,1536,384,24,5
m,8,12848506751.684721,1774464,679956480,8872320,1536,384,24,5
l,8,32121266879.211803,1774464,679956480,8872320,1536,384,24,5
xl,8,64242533758.42361,1774464,679956480,8872320,1536,384,24,5
s,8,4929819484.208368,1774464,925403136,8872320,1792,384,24,5
m,8,9859638968.416737,1774464,925403136,8872320,1792,384,24,5
l,8,24649097421.041843,1774464,925403136,8872320,1792,384,24,5
xl,8,49298194842.08369,1774464,925403136,8872320,1792,384,24,5
m,8,7778706866.525916,1774464,1208598528,8872320,2048,384,24,5
l,8,19446767166.31479,1774464,1208598528,8872320,2048,384,24,5
xl,8,38893534332.62958,1774464,1208598528,8872320,2048,384,24,5
s,8,7624208729.121257,3152384,472258560,15761920,1280,512,24,5
m,8,15248417458.242514,3152384,472258560,15761920,1280,512,24,5
l,8,38121043645.606285,3152384,472258560,15761920,1280,512,24,5
xl,8,76242087291.21257,3152384,472258560,15761920,1280,512,24,5
s,8,5838722707.941671,3152384,679956480,15761920,1536,512,24,5
m,8,11677445415.883343,3152384,679956480,15761920,1536,512,24,5
l,8,29193613539.70836,3152384,679956480,15761920,1536,512,24,5
xl,8,58387227079.41672,3152384,679956480,15761920,1536,512,24,5
s,8,4577551336.688935,3152384,925403136,15761920,1792,512,24,5
m,8,9155102673.37787,3152384,925403136,15761920,1792,512,24,5
l,8,22887756683.444675,3152384,925403136,15761920,1792,512,24,5
xl,8,45775513366.88935,3152384,925403136,15761920,1792,512,24,5
m,8,7333465218.37182,3152384,1208598528,15761920,2048,512,24,5
l,8,18333663045.92955,3152384,1208598528,15761920,2048,512,24,5
xl,8,36667326091.8591,3152384,1208598528,15761920,2048,512,24,5
s,8,5231307929.934624,4923520,679956480,24617600,1536,640,24,5
m,8,10462615859.869247,4923520,679956480,24617600,1536,640,24,5
l,8,26156539649.67312,4923520,679956480,24617600,1536,640,24,5
xl,8,52313079299.34624,4923520,679956480,24617600,1536,640,24,5
s,8,4195618954.826341,4923520,925403136,24617600,1792,640,24,5
m,8,8391237909.652682,4923520,925403136,24617600,1792,640,24,5
l,8,20978094774.131706,4923520,925403136,24617600,1792,640,24,5
xl,8,41956189548.26341,4923520,925403136,24617600,1792,640,24,5
m,8,6835064053.572467,4923520,1208598528,24617600,2048,640,24,5
l,8,17087660133.931166,4923520,1208598528,24617600,2048,640,24,5
xl,8,34175320267.86233,4923520,1208598528,24617600,2048,640,24,5
m,8,7618858148.929538,7087872,925403136,35439360,1792,768,24,5
l,8,19047145372.323845,7087872,925403136,35439360,1792,768,24,5
xl,8,38094290744.64769,7087872,925403136,35439360,1792,768,24,5
l,8,15784248865.226152,7087872,1208598528,35439360,2048,768,24,5
xl,8,31568497730.452305,7087872,1208598528,35439360,2048,768,24,5
l,8,14483921202.09223,9645440,1208598528,48227200,2048,896,24,5
xl,8,28967842404.18446,9645440,1208598528,48227200,2048,896,24,5
l,8,598862066256.1826,198272,25192448,1189632,1024,128,2,6
l,8,450378389908.0652,198272,39354880,1189632,1280,128,2,6
s,8,69231902503.7579,198272,56663040,1189632,1536,128,2,6
l,8,346159512518.78955,198272,56663040,1189632,1536,128,2,6
s,8,54417433081.79419,198272,77116928,1189632,1792,128,2,6
m,8,108834866163.58838,198272,77116928,1189632,1792,128,2,6
l,8,272087165408.97095,198272,77116928,1189632,1792,128,2,6
xl,8,544174330817.9419,198272,77116928,1189632,1792,128,2,6
s,8,43670898900.820946,198272,100716544,1189632,2048,128,2,6
m,8,87341797801.64189,198272,100716544,1189632,2048,128,2,6
l,8,218354494504.1047,198272,100716544,1189632,2048,128,2,6
xl,8,436708989008.2094,198272,100716544,1189632,2048,128,2,6
s,8,32129083863.591732,789760,100716544,4738560,2048,256,2,6
m,8,64258167727.183464,789760,100716544,4738560,2048,256,2,6
l,8,160645419317.95868,789760,100716544,4738560,2048,256,2,6
xl,8,321290838635.91736,789760,100716544,4738560,2048,256,2,6
l,8,547297924471.1351,198272,28351488,1189632,768,128,4,6
l,8,371433495575.4842,198272,50384896,1189632,1024,128,4,6
s,8,52724329367.62018,198272,78709760,1189632,1280,128,4,6
m,8,105448658735.24036,198272,78709760,1189632,1280,128,4,6
l,8,263621646838.1009,198272,78709760,1189632,1280,128,4,6
xl,8,527243293676.2018,198272,78709760,1189632,1280,128,4,6
s,8,38984166191.05984,198272,113326080,1189632,1536,128,4,6
m,8,77968332382.11967,198272,113326080,1189632,1536,128,4,6
l,8,194920830955.2992,198272,113326080,1189632,1536,128,4,6
xl,8,389841661910.5984,198272,113326080,1189632,1536,128,4,6
s,8,29836538732.362427,198272,154233856,1189632,1792,128,4,6
m,8,59673077464.72485,198272,154233856,1189632,1792,128,4,6
l,8,149182693661.81213,198272,154233856,1189632,1792,128,4,6
xl,8,298365387323.62427,198272,154233856,1189632,1792,128,4,6
s,8,23496178769.454365,198272,201433088,1189632,2048,128,4,6
m,8,46992357538.90873,198272,201433088,1189632,2048,128,4,6
l,8,117480893847.27184,198272,201433088,1189632,2048,128,4,6
xl,8,234961787694.54367,198272,201433088,1189632,2048,128,4,6
s,8,29518252670.575356,789760,113326080,4738560,1536,256,4,6
m,8,59036505341.15071,789760,113326080,4738560,1536,256,4,6
l,8,147591263352.87677,789760,113326080,4738560,1536,256,4,6
xl,8,295182526705.75354,789760,113326080,4738560,1536,256,4,6
s,8,23956768956.320484,789760,154233856,4738560,1792,256,4,6
m,8,47913537912.64097,789760,154233856,4738560,1792,256,4,6
l,8,119783844781.60243,789760,154233856,4738560,1792,256,4,6
xl,8,239567689563.20486,789760,154233856,4738560,1792,256,4,6
s,8,19690459672.993446,789760,201433088,4738560,2048,256,4,6
m,8,39380919345.98689,789760,201433088,4738560,2048,256,4,6
l,8,98452298364.96724,789760,201433088,4738560,2048,256,4,6
xl,8,196904596729.93448,789760,201433088,4738560,2048,256,4,6
s,8,15624792971.493128,1774464,201433088,10646784,2048,384,4,6
m,8,31249585942.986256,1774464,201433088,10646784,2048,384,4,6
l,8,78123964857.46564,1774464,201433088,10646784,2048,384,4,6
xl,8,156247929714.93127,1774464,201433088,10646784,2048,384,4,6
l,8,413729189421.7721,198272,42527232,1189632,768,128,6,6
s,8,53839997863.62888,198272,75577344,1189632,1024,128,6,6
m,8,107679995727.25777,198272,75577344,1189632,1024,128,6,6
l,8,269199989318.1444,198272,75577344,1189632,1024,128,6,6
xl,8,538399978636.2888,198272,75577344,1189632,1024,128,6,6
s,8,37269799357.289764,198272,118064640,1189632,1280,128,6,6
m,8,74539598714.57953,198272,118064640,1189632,1280,128,6,6
l,8,186348996786.44882,198272,118064640,1189632,1280,128,6,6
xl,8,372697993572.89764,198272,118064640,1189632,1280,128,6,6
s,8,27130657338.929626,198272,169989120,1189632,1536,128,6,6
m,8,54261314677.85925,198272,169989120,1189632,1536,128,6,6
l,8,135653286694.64815,198272,169989120,1189632,1536,128,6,6
xl,8,271306573389.2963,198272,169989120,1189632,1536,128,6,6
s,8,20552686400.534042,198272,231350784,1189632,1792,128,6,6
m,8,41105372801.068085,198272,231350784,1189632,1792,128,6,6
l,8,102763432002.67021,198272,231350784,1189632,1792,128,6,6
xl,8,205526864005.34042,198272,231350784,1189632,1792,128,6,6
s,8,16071568623.669436,198272,302149632,1189632,2048,128,6,6
m,8,32143137247.33887,198272,302149632,1189632,2048,128,6,6
l,8,80357843118.34717,198272,302149632,1189632,2048,128,6,6
xl,8,160715686236.69434,198272,302149632,1189632,2048,128,6,6
s,8,28524745787.46554,789760,118064640,4738560,1280,256,6,6
m,8,57049491574.93108,789760,118064640,4738560,1280,256,6,6
l,8,142623728937.3277,789760,118064640,4738560,1280,256,6,6
xl,8,285247457874.6554,789760,118064640,4738560,1280,256,6,6
s,8,22180534646.704895,789760,169989120,4738560,1536,256,6,6
m,8,44361069293.40979,789760,169989120,4738560,1536,256,6,6
l,8,110902673233.52448,789760,169989120,4738560,1536,256,6,6
xl,8,221805346467.04895,789760,169989120,4738560,1536,256,6,6
s,8,17580456608.057644,789760,231350784,4738560,1792,256,6,6
m,8,35160913216.11529,789760,231350784,4738560,1792,256,6,6
l,8,87902283040.28822,789760,231350784,4738560,1792,256,6,6
xl,8,175804566080.57645,789760,231350784,4738560,1792,256,6,6
s,8,14194950958.147833,789760,302149632,4738560,2048,256,6,6
m,8,28389901916.295666,789760,302149632,4738560,2048,256,6,6
l,8,70974754790.73917,789760,302149632,4738560,2048,256,6,6
xl,8,141949509581.47833,789760,302149632,4738560,2048,256,6,6
s,8,14266113461.02532,1774464,231350784,10646784,1792,384,6,6
m,8,28532226922.05064,1774464,231350784,10646784,1792,384,6,6
l,8,71330567305.1266,1774464,231350784,10646784,1792,384,6,6
xl,8,142661134610.2532,1774464,231350784,10646784,1792,384,6,6
s,8,11952798494.368128,1774464,302149632,10646784,2048,384,6,6
m,8,23905596988.736256,1774464,302149632,10646784,2048,384,6,6
l,8,59763992471.840645,1774464,302149632,10646784,2048,384,6,6
xl,8,119527984943.68129,1774464,302149632,10646784,2048,384,6,6
l,8,571901255986.6624,198272,25219072,1189632,512,128,8,6
s,8,66513207394.565926,198272,56702976,1189632,768,128,8,6
l,8,332566036972.82965,198272,56702976,1189632,768,128,8,6
xl,8,665132073945.6593,198272,56702976,1189632,768,128,8,6
s,8,42219488651.0637,198272,100769792,1189632,1024,128,8,6
m,8,84438977302.1274,198272,100769792,1189632,1024,128,8,6
l,8,211097443255.31848,198272,100769792,1189632,1024,128,8,6
xl,8,422194886510.63696,198272,100769792,1189632,1024,128,8,6
s,8,28821619996.39384,198272,157419520,1189632,1280,128,8,6
m,8,57643239992.78768,198272,157419520,1189632,1280,128,8,6
l,8,144108099981.9692,198272,157419520,1189632,1280,128,8,6
xl,8,288216199963.9384,198272,157419520,1189632,1280,128,8,6
s,8,20804768386.33889,198272,226652160,1189632,1536,128,8,6
m,8,41609536772.67778,198272,226652160,1189632,1536,128,8,6
l,8,104023841931.69444,198272,226652160,1189632,1536,128,8,6
xl,8,208047683863.3889,198272,226652160,1189632,1536,128,8,6
s,8,15675227347.227354,198272,308467712,1189632,1792,128,8,6
m,8,31350454694.45471,198272,308467712,1189632,1792,128,8,6
l,8,78376136736.13676,198272,308467712,1189632,1792,128,8,6
xl,8,156752273472.27353,198272,308467712,1189632,1792,128,8,6
s,8,12212510182.79099,198272,402866176,1189632,2048,128,8,6
m,8,24425020365.58198,198272,402866176,1189632,2048,128,8,6
l,8,61062550913.95495,198272,402866176,1189632,2048,128,8,6
xl,8,122125101827.9099,198272,402866176,1189632,2048,128,8,6
s,8,31336520132.084686,789760,100769792,4738560,1024,256,8,6
m,8,62673040264.16937,789760,100769792,4738560,1024,256,8,6
l,8,156682600660.42343,789760,100769792,4738560,1024,256,8,6
xl,8,313365201320.84686,789760,100769792,4738560,1024,256,8,6
s,8,23298032155.01206,789760,157419520,4738560,1280,256,8,6
m,8,46596064310.02412,789760,157419520,4738560,1280,256,8,6
l,8,116490160775.0603,789760,157419520,4738560,1280,256,8,6
xl,8,232980321550.1206,789760,157419520,4738560,1280,256,8,6
s,8,17764574198.78928,789760,226652160,4738560,1536,256,8,6
m,8,35529148397.57856,789760,226652160,4738560,1536,256,8,6
l,8,88822870993.9464,789760,226652160,4738560,1536,256,8,6
xl,8,177645741987.8928,789760,226652160,4738560,1536,256,8,6
s,8,13884871532.72542,789760,308467712,4738560,1792,256,8,6
m,8,27769743065.45084,789760,308467712,4738560,1792,256,8,6
l,8,69424357663.6271,789760,308467712,4738560,1792,256,8,6
xl,8,138848715327.2542,789760,308467712,4738560,1792,256,8,6
s,8,11097651878.912367,789760,402866176,4738560,2048,256,8,6
m,8,22195303757.824734,789760,402866176,4738560,2048,256,8,6
l,8,55488259394.56183,789760,402866176,4738560,2048,256,8,6
xl,8,110976518789.12366,789760,402866176,4738560,2048,256,8,6
s,8,14387114669.907795,1774464,226652160,10646784,1536,384,8,6
m,8,28774229339.81559,1774464,226652160,10646784,1536,384,8,6
l,8,71935573349.53899,1774464,226652160,10646784,1536,384,8,6
xl,8,143871146699.07797,1774464,226652160,10646784,1536,384,8,6
s,8,11732178211.223885,1774464,308467712,10646784,1792,384,8,6
m,8,23464356422.44777,1774464,308467712,10646784,1792,384,8,6
l,8,58660891056.11942,1774464,308467712,10646784,1792,384,8,6
xl,8,117321782112.23885,1774464,308467712,10646784,1792,384,8,6
s,8,9678295021.996056,1774464,402866176,10646784,2048,384,8,6
m,8,19356590043.99211,1774464,402866176,10646784,2048,384,8,6
l,8,48391475109.98027,1774464,402866176,10646784,2048,384,8,6
xl,8,96782950219.96054,1774464,402866176,10646784,2048,384,8,6
s,8,8228573715.644717,3152384,402866176,18914304,2048,512,8,6
m,8,16457147431.289434,3152384,402866176,18914304,2048,512,8,6
l,8,41142868578.22359,3152384,402866176,18914304,2048,512,8,6
xl,8,82285737156.44717,3152384,402866176,18914304,2048,512,8,6
l,8,494109425077.99023,198272,31523840,1189632,512,128,10,6
s,8,55604932735.82497,198272,70878720,1189632,768,128,10,6
m,8,111209865471.64993,198272,70878720,1189632,768,128,10,6
l,8,278024663679.1248,198272,70878720,1189632,768,128,10,6
xl,8,556049327358.2496,198272,70878720,1189632,768,128,10,6
s,8,34724710826.49812,198272,125962240,1189632,1024,128,10,6
m,8,69449421652.99625,198272,125962240,1189632,1024,128,10,6
l,8,173623554132.4906,198272,125962240,1189632,1024,128,10,6
xl,8,347247108264.9812,198272,125962240,1189632,1024,128,10,6
s,8,23495701790.29729,198272,196774400,1189632,1280,128,10,6
m,8,46991403580.59458,198272,196774400,1189632,1280,128,10,6
l,8,117478508951.48645,198272,196774400,1189632,1280,128,10,6
xl,8,234957017902.9729,198272,196774400,1189632,1280,128,10,6
s,8,16871049306.383924,198272,283315200,1189632,1536,128,10,6
m,8,33742098612.76785,198272,283315200,1189632,1536,128,10,6
l,8,84355246531.91962,198272,283315200,1189632,1536,128,10,6
xl,8,168710493063.83923,198272,283315200,1189632,1536,128,10,6
s,8,12668745151.67123,198272,385584640,1189632,1792,128,10,6
m,8,25337490303.34246,198272,385584640,1189632,1792,128,10,6
l,8,63343725758.356155,198272,385584640,1189632,1792,128,10,6
xl,8,126687451516.71231,198272,385584640,1189632,1792,128,10,6
s,8,9847868550.965714,198272,503582720,1189632,2048,128,10,6
m,8,19695737101.931427,198272,503582720,1189632,2048,128,10,6
l,8,49239342754.82857,198272,503582720,1189632,2048,128,10,6
xl,8,98478685509.65714,198272,503582720,1189632,2048,128,10,6
s,8,27009624069.248356,789760,125962240,4738560,1024,256,10,6
m,8,54019248138.49671,789760,125962240,4738560,1024,256,10,6
l,8,135048120346.24178,789760,125962240,4738560,1024,256,10,6
xl,8,270096240692.48355,789760,125962240,4738560,1024,256,10,6
s,8,19690124693.62166,789760,196774400,4738560,1280,256,10,6
m,8,39380249387.24332,789760,196774400,4738560,1280,256,10,6
l,8,98450623468.10829,789760,196774400,4738560,1280,256,10,6
xl,8,196901246936.21658,789760,196774400,4738560,1280,256,10,6
s,8,14815025517.399952,789760,283315200,4738560,1536,256,10,6
m,8,29630051034.799904,789760,283315200,4738560,1536,256,10,6
l,8,74075127586.99976,789760,283315200,4738560,1536,256,10,6
xl,8,148150255173.9995,789760,283315200,4738560,1536,256,10,6
s,8,11473110699.914824,789760,385584640,4738560,1792,256,10,6
m,8,22946221399.829647,789760,385584640,4738560,1792,256,10,6
l,8,57365553499.57412,789760,385584640,4738560,1792,256,10,6
xl,8,114731106999.14824,789760,385584640,4738560,1792,256,10,6
s,8,9109897429.842857,789760,503582720,4738560,2048,256,10,6
m,8,18219794859.685715,789760,503582720,4738560,2048,256,10,6
l,8,45549487149.21429,789760,503582720,4738560,2048,256,10,6
xl,8,91098974298.42857,789760,503582720,4738560,2048,256,10,6
s,8,15624582042.430365,1774464,196774400,10646784,1280,384,10,6
m,8,31249164084.86073,1774464,196774400,10646784,1280,384,10,6
l,8,78122910212.15182,1774464,196774400,10646784,1280,384,10,6
xl,8,156245820424.30365,1774464,196774400,10646784,1280,384,10,6
s,8,12389444035.097214,1774464,283315200,10646784,1536,384,10,6
m,8,24778888070.194427,1774464,283315200,10646784,1536,384,10,6
l,8,61947220175.48607,1774464,283315200,10646784,1536,384,10,6
xl,8,123894440350.97214,1774464,283315200,10646784,1536,384,10,6
s,8,9962625013.011189,1774464,385584640,10646784,1792,384,10,6
m,8,19925250026.022377,1774464,385584640,10646784,1792,384,10,6
l,8,49813125065.05594,1774464,385584640,10646784,1792,384,10,6
xl,8,99626250130.11188,1774464,385584640,10646784,1792,384,10,6
s,8,8131036400.11308,1774464,503582720,10646784,2048,384,10,6
m,8,16262072800.22616,1774464,503582720,10646784,2048,384,10,6
l,8,40655182000.5654,1774464,503582720,10646784,2048,384,10,6
xl,8,81310364001.1308,1774464,503582720,10646784,2048,384,10,6
s,8,8433202692.903777,3152384,385584640,18914304,1792,512,10,6
m,8,16866405385.807554,3152384,385584640,18914304,1792,512,10,6
l,8,42166013464.51888,3152384,385584640,18914304,1792,512,10,6
xl,8,84332026929.03777,3152384,385584640,18914304,1792,512,10,6
s,8,7082689091.933531,3152384,503582720,18914304,2048,512,10,6
m,8,14165378183.867062,3152384,503582720,18914304,2048,512,10,6
l,8,35413445459.667656,3152384,503582720,18914304,2048,512,10,6
xl,8,70826890919.33531,3152384,503582720,18914304,2048,512,10,6
s,8,6083391125.5490265,4923520,503582720,29541120,2048,640,10,6
m,8,12166782251.098053,4923520,503582720,29541120,2048,640,10,6
l,8,30416955627.74513,4923520,503582720,29541120,2048,640,10,6
xl,8,60833911255.49026,4923520,503582720,29541120,2048,640,10,6
l,8,434946602475.50726,198272,37828608,1189632,512,128,12,6
s,8,47770493732.89339,198272,85054464,1189632,768,128,12,6
m,8,95540987465.78677,198272,85054464,1189632,768,128,12,6
l,8,238852468664.46692,198272,85054464,1189632,768,128,12,6
xl,8,477704937328.93384,198272,85054464,1189632,768,128,12,6
s,8,29489714695.267445,198272,151154688,1189632,1024,128,12,6
m,8,58979429390.53489,198272,151154688,1189632,1024,128,12,6
l,8,147448573476.33722,198272,151154688,1189632,1024,128,12,6
xl,8,294897146952.67444,198272,151154688,1189632,1024,128,12,6
s,8,19831127635.99315,198272,236129280,1189632,1280,128,12,6
m,8,39662255271.9863,198272,236129280,1189632,1280,128,12,6
l,8,99155638179.96574,198272,236129280,1189632,1280,128,12,6
xl,8,198311276359.9315,198272,236129280,1189632,1280,128,12,6
s,8,14188348165.26497,198272,339978240,1189632,1536,128,12,6
m,8,28376696330.52994,198272,339978240,1189632,1536,128,12,6
l,8,70941740826.32486,198272,339978240,1189632,1536,128,12,6
xl,8,141883481652.64972,198272,339978240,1189632,1536,128,12,6
s,8,10629940477.435698,198272,462701568,1189632,1792,128,12,6
m,8,21259880954.871395,198272,462701568,1189632,1792,128,12,6
l,8,53149702387.17849,198272,462701568,1189632,1792,128,12,6
xl,8,106299404774.35698,198272,462701568,1189632,1792,128,12,6
s,8,8250390507.4835005,198272,604299264,1189632,2048,128,12,6
m,8,16500781014.967001,198272,604299264,1189632,2048,128,12,6
l,8,41251952537.4175,198272,604299264,1189632,2048,128,12,6
xl,8,82503905074.835,198272,604299264,1189632,2048,128,12,6
s,8,34294343134.382248,789760,85054464,4738560,768,256,12,6
m,8,68588686268.764496,789760,85054464,4738560,768,256,12,6
l,8,171471715671.91122,789760,85054464,4738560,768,256,12,6
xl,8,342943431343.82245,789760,85054464,4738560,768,256,12,6
s,8,23732657123.480446,789760,151154688,4738560,1024,256,12,6
m,8,47465314246.96089,789760,151154688,4738560,1024,256,12,6
l,8,118663285617.40222,789760,151154688,4738560,1024,256,12,6
xl,8,237326571234.80444,789760,151154688,4738560,1024,256,12,6
s,8,17049809996.917395,789760,236129280,4738560,1280,256,12,6
m,8,34099619993.83479,789760,236129280,4738560,1280,256,12,6
l,8,85249049984.58698,789760,236129280,4738560,1280,256,12,6
xl,8,170498099969.17395,789760,236129280,4738560,1280,256,12,6
s,8,12705467742.138771,789760,339978240,4738560,1536,256,12,6
m,8,25410935484.277542,789760,339978240,4738560,1536,256,12,6
l,8,63527338710.693855,789760,339978240,4738560,1536,256,12,6
xl,8,127054677421.38771,789760,339978240,4738560,1536,256,12,6
s,8,9775189411.890196,789760,462701568,4738560,1792,256,12,6
m,8,19550378823.78039,789760,462701568,4738560,1792,256,12,6
l,8,48875947059.45098,789760,462701568,4738560,1792,256,12,6
xl,8,97751894118.90196,789760,462701568,4738560,1792,256,12,6
s,8,7726047460.429657,789760,604299264,4738560,2048,256,12,6
m,8,15452094920.859314,789760,604299264,4738560,2048,256,12,6
l,8,38630237302.148285,789760,604299264,4738560,2048,256,12,6
xl,8,77260474604.29657,789760,604299264,4738560,2048,256,12,6
s,8,13914686718.06418,1774464,236129280,10646784,1280,384,12,6
m,8,27829373436.12836,1774464,236129280,10646784,1280,384,12,6
l,8,69573433590.32089,1774464,236129280,10646784,1280,384,12,6
xl,8,139146867180.64178,1774464,236129280,10646784,1280,384,12,6
s,8,10878894578.98591,1774464,339978240,10646784,1536,384,12,6
m,8,21757789157.97182,1774464,339978240,10646784,1536,384,12,6
l,8,54394472894.92955,1774464,339978240,10646784,1536,384,12,6
xl,8,108788945789.8591,1774464,339978240,10646784,1536,384,12,6
s,8,8656911366.386114,1774464,462701568,10646784,1792,384,12,6
m,8,17313822732.77223,1774464,462701568,10646784,1792,384,12,6
l,8,43284556831.930565,1774464,462701568,10646784,1792,384,12,6
xl,8,86569113663.86113,1774464,462701568,10646784,1792,384,12,6
s,8,7010306271.86865,1774464,604299264,10646784,2048,384,12,6
m,8,14020612543.7373,1774464,604299264,10646784,2048,384,12,6
l,8,35051531359.343254,1774464,604299264,10646784,2048,384,12,6
xl,8,70103062718.68651,1774464,604299264,10646784,2048,384,12,6
s,8,9080601452.547537,3152384,339978240,18914304,1536,512,12,6
m,8,18161202905.095074,3152384,339978240,18914304,1536,512,12,6
l,8,45403007262.737686,3152384,339978240,18914304,1536,512,12,6
xl,8,90806014525.47537,3152384,339978240,18914304,1536,512,12,6
s,8,7478402373.94405,3152384,462701568,18914304,1792,512,12,6
m,8,14956804747.8881,3152384,462701568,18914304,1792,512,12,6
l,8,37392011869.720245,3152384,462701568,18914304,1792,512,12,6
xl,8,74784023739.44049,3152384,462701568,18914304,1792,512,12,6
s,8,6216938322.003585,3152384,604299264,18914304,2048,512,12,6
m,8,12433876644.00717,3152384,604299264,18914304,2048,512,12,6
l,8,31084691610.017925,3152384,604299264,18914304,2048,512,12,6
xl,8,62169383220.03585,3152384,604299264,18914304,2048,512,12,6
s,8,5433496051.326282,4923520,604299264,29541120,2048,640,12,6
m,8,10866992102.652563,4923520,604299264,29541120,2048,640,12,6
l,8,27167480256.63141,4923520,604299264,29541120,2048,640,12,6
xl,8,54334960513.26282,4923520,604299264,29541120,2048,640,12,6
l,8,388436645050.9442,198272,44133376,1189632,512,128,14,6
s,8,41871081285.50249,198272,99230208,1189632,768,128,14,6
m,8,83742162571.00497,198272,99230208,1189632,768,128,14,6
l,8,209355406427.51245,198272,99230208,1189632,768,128,14,6
xl,8,418710812855.0249,198272,99230208,1189632,768,128,14,6
s,8,25626359478.370327,198272,176347136,1189632,1024,128,14,6
m,8,51252718956.740654,198272,176347136,1189632,1024,128,14,6
l,8,128131797391.85164,198272,176347136,1189632,1024,128,14,6
xl,8,256263594783.70328,198272,176347136,1189632,1024,128,14,6
s,8,17155431780.258957,198272,275484160,1189632,1280,128,14,6
m,8,34310863560.517914,198272,275484160,1189632,1280,128,14,6
l,8,85777158901.29478,198272,275484160,1189632,1280,128,14,6
xl,8,171554317802.58957,198272,275484160,1189632,1280,128,14,6
s,8,12241760071.296011,198272,396641280,1189632,1536,128,14,6
m,8,24483520142.592022,198272,396641280,1189632,1536,128,14,6
l,8,61208800356.48006,198272,396641280,1189632,1536,128,14,6
xl,8,122417600712.96011,198272,396641280,1189632,1536,128,14,6
s,8,9156386242.449095,198272,539818496,1189632,1792,128,14,6
m,8,18312772484.89819,198272,539818496,1189632,1792,128,14,6
l,8,45781931212.245476,198272,539818496,1189632,1792,128,14,6
xl,8,91563862424.49095,198272,539818496,1189632,1792,128,14,6
s,8,7098846727.039803,198272,705015808,1189632,2048,128,14,6
m,8,14197693454.079605,198272,705015808,1189632,2048,128,14,6
l,8,35494233635.19901,198272,705015808,1189632,2048,128,14,6
xl,8,70988467270.39803,198272,705015808,1189632,2048,128,14,6
s,8,31144172103.193348,789760,99230208,4738560,768,256,14,6
m,8,62288344206.386696,789760,99230208,4738560,768,256,14,6
l,8,155720860515.96674,789760,99230208,4738560,768,256,14,6
xl,8,311441721031.9335,789760,99230208,4738560,768,256,14,6
s,8,21164816692.36922,789760,176347136,4738560,1024,256,14,6
m,8,42329633384.73844,789760,176347136,4738560,1024,256,14,6
l,8,105824083461.8461,789760,176347136,4738560,1024,256,14,6
xl,8,211648166923.6922,789760,176347136,4738560,1024,256,14,6
s,8,15033868298.502867,789760,275484160,4738560,1280,256,14,6
m,8,30067736597.005733,789760,275484160,4738560,1280,256,14,6
l,8,75169341492.51434,789760,275484160,4738560,1280,256,14,6
xl,8,150338682985.0287,789760,275484160,4738560,1280,256,14,6
s,8,11121799902.27052,789760,396641280,4738560,1536,256,14,6
m,8,22243599804.54104,789760,396641280,4738560,1536,256,14,6
l,8,55608999511.3526,789760,396641280,4738560,1536,256,14,6
xl,8,111217999022.7052,789760,396641280,4738560,1536,256,14,6
s,8,8515037419.842844,789760,539818496,4738560,1792,256,14,6
m,8,17030074839.685688,789760,539818496,4738560,1792,256,14,6
l,8,42575187099.21422,789760,539818496,4738560,1792,256,14,6
xl,8,85150374198.42844,789760,539818496,4738560,1792,256,14,6
s,8,6707184499.943445,789760,705015808,4738560,2048,256,14,6
m,8,13414368999.88689,789760,705015808,4738560,2048,256,14,6
l,8,33535922499.717224,789760,705015808,4738560,2048,256,14,6
xl,8,67071844999.43445,789760,705015808,4738560,2048,256,14,6
s,8,12542123977.591137,1774464,275484160,10646784,1280,384,14,6
m,8,25084247955.182274,1774464,275484160,10646784,1280,384,14,6
l,8,62710619887.95569,1774464,275484160,10646784,1280,384,14,6
xl,8,125421239775.91138,1774464,275484160,10646784,1280,384,14,6
s,8,9696656018.962626,1774464,396641280,10646784,1536,384,14,6
m,8,19393312037.92525,1774464,396641280,10646784,1536,384,14,6
l,8,48483280094.813126,1774464,396641280,10646784,1536,384,14,6
xl,8,96966560189.62625,1774464,396641280,10646784,1536,384,14,6
s,8,7653795676.474914,1774464,539818496,10646784,1792,384,14,6
m,8,15307591352.949827,1774464,539818496,10646784,1792,384,14,6
l,8,38268978382.37457,1774464,539818496,10646784,1792,384,14,6
xl,8,76537956764.74915,1774464,539818496,10646784,1792,384,14,6
s,8,6161099644.893932,1774464,705015808,10646784,2048,384,14,6
m,8,12322199289.787865,1774464,705015808,10646784,2048,384,14,6
l,8,30805498224.46966,1774464,705015808,10646784,2048,384,14,6
xl,8,61610996448.93932,1774464,705015808,10646784,2048,384,14,6
s,8,8241842290.435665,3152384,396641280,18914304,1536,512,14,6
m,8,16483684580.87133,3152384,396641280,18914304,1536,512,14,6
l,8,41209211452.17832,3152384,396641280,18914304,1536,512,14,6
xl,8,82418422904.35664,3152384,396641280,18914304,1536,512,14,6
s,8,6717816660.1423235,3152384,539818496,18914304,1792,512,14,6
m,8,13435633320.284647,3152384,539818496,18914304,1792,512,14,6
l,8,33589083300.711617,3152384,539818496,18914304,1792,512,14,6
xl,8,67178166601.42323,3152384,539818496,18914304,1792,512,14,6
s,8,5539784159.372766,3152384,705015808,18914304,2048,512,14,6
m,8,11079568318.745531,3152384,705015808,18914304,2048,512,14,6
l,8,27698920796.863827,3152384,705015808,18914304,2048,512,14,6
xl,8,55397841593.72765,3152384,705015808,18914304,2048,512,14,6
s,8,5812244418.1762,4923520,539818496,29541120,1792,640,14,6
m,8,11624488836.3524,4923520,539818496,29541120,1792,640,14,6
l,8,29061222090.880997,4923520,539818496,29541120,1792,640,14,6
xl,8,58122444181.76199,4923520,539818496,29541120,1792,640,14,6
s,8,4909056392.176582,4923520,705015808,29541120,2048,640,14,6
m,8,9818112784.353165,4923520,705015808,29541120,2048,640,14,6
l,8,24545281960.88291,4923520,705015808,29541120,2048,640,14,6
xl,8,49090563921.76582,4923520,705015808,29541120,2048,640,14,6
l,8,350912653629.55975,198272,50438144,1189632,512,128,16,6
s,8,37268599267.15026,198272,113405952,1189632,768,128,16,6
m,8,74537198534.30052,198272,113405952,1189632,768,128,16,6
l,8,186342996335.7513,198272,113405952,1189632,768,128,16,6
xl,8,372685992671.5026,198272,113405952,1189632,768,128,16,6
s,8,22658005145.723602,198272,201539584,1189632,1024,128,16,6
m,8,45316010291.447205,198272,201539584,1189632,1024,128,16,6
l,8,113290025728.618,198272,201539584,1189632,1024,128,16,6
xl,8,226580051457.236,198272,201539584,1189632,1024,128,16,6
s,8,15115929505.109304,198272,314839040,1189632,1280,128,16,6
m,8,30231859010.21861,198272,314839040,1189632,1280,128,16,6
l,8,75579647525.54652,198272,314839040,1189632,1280,128,16,6
xl,8,151159295051.09305,198272,314839040,1189632,1280,128,16,6
s,8,10764861494.124884,198272,453304320,1189632,1536,128,16,6
m,8,21529722988.249767,198272,453304320,1189632,1536,128,16,6
l,8,53824307470.62441,198272,453304320,1189632,1536,128,16,6
xl,8,107648614941.24883,198272,453304320,1189632,1536,128,16,6
s,8,8041631203.073061,198272,616935424,1189632,1792,128,16,6
m,8,16083262406.146122,198272,616935424,1189632,1792,128,16,6
l,8,40208156015.3653,198272,616935424,1189632,1792,128,16,6
xl,8,80416312030.7306,198272,616935424,1189632,1792,128,16,6
s,8,6229383854.134741,198272,805732352,1189632,2048,128,16,6
m,8,12458767708.269482,198272,805732352,1189632,2048,128,16,6
l,8,31146919270.673706,198272,805732352,1189632,2048,128,16,6
xl,8,62293838541.34741,198272,805732352,1189632,2048,128,16,6
s,8,28524042801.58128,789760,113405952,4738560,768,256,16,6
m,8,57048085603.16256,789760,113405952,4738560,768,256,16,6
l,8,142620214007.9064,789760,113405952,4738560,768,256,16,6
xl,8,285240428015.8128,789760,113405952,4738560,768,256,16,6
s,8,19098396773.6238,789760,201539584,4738560,1024,256,16,6
m,8,38196793547.2476,789760,201539584,4738560,1024,256,16,6
l,8,95491983868.119,789760,201539584,4738560,1024,256,16,6
xl,8,190983967736.238,789760,201539584,4738560,1024,256,16,6
s,8,13444242960.056616,789760,314839040,4738560,1280,256,16,6
m,8,26888485920.11323,789760,314839040,4738560,1280,256,16,6
l,8,67221214800.28308,789760,314839040,4738560,1280,256,16,6
xl,8,134442429600.56616,789760,314839040,4738560,1280,256,16,6
s,8,9889168528.20375,789760,453304320,4738560,1536,256,16,6
m,8,19778337056.4075,789760,453304320,4738560,1536,256,16,6
l,8,49445842641.01875,789760,453304320,4738560,1536,256,16,6
xl,8,98891685282.0375,789760,453304320,4738560,1536,256,16,6
s,8,7542684959.306913,789760,616935424,4738560,1792,256,16,6
m,8,15085369918.613827,789760,616935424,4738560,1792,256,16,6
l,8,37713424796.53456,789760,616935424,4738560,1792,256,16,6
xl,8,75426849593.06912,789760,616935424,4738560,1792,256,16,6
s,8,5925735459.619953,789760,805732352,4738560,2048,256,16,6
m,8,11851470919.239906,789760,805732352,4738560,2048,256,16,6
l,8,29628677298.099762,789760,805732352,4738560,2048,256,16,6
xl,8,59257354596.199524,789760,805732352,4738560,2048,256,16,6
s,8,15249656394.742113,1774464,201539584,10646784,1024,384,16,6
m,8,30499312789.484226,1774464,201539584,10646784,1024,384,16,6
l,8,76248281973.71057,1774464,201539584,10646784,1024,384,16,6
xl,8,152496563947.42114,1774464,201539584,10646784,1024,384,16,6
s,8,11416031798.3063,1774464,314839040,10646784,1280,384,16,6
m,8,22832063596.6126,1774464,314839040,10646784,1280,384,16,6
l,8,57080158991.531494,1774464,314839040,10646784,1280,384,16,6
xl,8,114160317983.06299,1774464,314839040,10646784,1280,384,16,6
s,8,8746184739.293026,1774464,453304320,10646784,1536,384,16,6
m,8,17492369478.586052,1774464,453304320,10646784,1536,384,16,6
l,8,43730923696.465126,1774464,453304320,10646784,1536,384,16,6
xl,8,87461847392.93025,1774464,453304320,10646784,1536,384,16,6
s,8,6859010891.121597,1774464,616935424,10646784,1792,384,16,6
m,8,13718021782.243195,1774464,616935424,10646784,1792,384,16,6
l,8,34295054455.607986,1774464,616935424,10646784,1792,384,16,6
xl,8,68590108911.21597,1774464,616935424,10646784,1792,384,16,6
s,8,5495403600.465342,1774464,805732352,10646784,2048,384,16,6
m,8,10990807200.930683,1774464,805732352,10646784,2048,384,16,6
l,8,27477018002.32671,1774464,805732352,10646784,2048,384,16,6
xl,8,54954036004.65342,1774464,805732352,10646784,2048,384,16,6
s,8,7544930362.103541,3152384,453304320,18914304,1536,512,16,6
m,8,15089860724.207083,3152384,453304320,18914304,1536,512,16,6
l,8,37724651810.51771,3152384,453304320,18914304,1536,512,16,6
xl,8,75449303621.03542,3152384,453304320,18914304,1536,512,16,6
s,8,6097658538.146366,3152384,616935424,18914304,1792,512,16,6
m,8,12195317076.292732,3152384,616935424,18914304,1792,512,16,6
l,8,30488292690.73183,3152384,616935424,18914304,1792,512,16,6
xl,8,60976585381.46366,3152384,616935424,18914304,1792,512,16,6
s,8,4995653381.905472,3152384,805732352,18914304,2048,512,16,6
m,8,9991306763.810944,3152384,805732352,18914304,2048,512,16,6
l,8,24978266909.52736,3152384,805732352,18914304,2048,512,16,6
xl,8,49956533819.05472,3152384,805732352,18914304,2048,512,16,6
s,8,5342163887.502063,4923520,616935424,29541120,1792,640,16,6
m,8,10684327775.004126,4923520,616935424,29541120,1792,640,16,6
l,8,26710819437.510315,4923520,616935424,29541120,1792,640,16,6
xl,8,53421638875.02063,4923520,616935424,29541120,1792,640,16,6
s,8,4476942991.46752,4923520,805732352,29541120,2048,640,16,6
m,8,8953885982.93504,4923520,805732352,29541120,2048,640,16,6
l,8,22384714957.337597,4923520,805732352,29541120,2048,640,16,6
xl,8,44769429914.67519,4923520,805732352,29541120,2048,640,16,6
m,8,7950758725.00361,7087872,805732352,42527232,2048,768,16,6
l,8,19876896812.509026,7087872,805732352,42527232,2048,768,16,6
xl,8,39753793625.01805,7087872,805732352,42527232,2048,768,16,6
s,8,63999967232.01678,198272,56742912,1189632,512,128,18,6
m,8,127999934464.03355,198272,56742912,1189632,512,128,18,6
l,8,319999836160.08386,198272,56742912,1189632,512,128,18,6
xl,8,639999672320.1677,198272,56742912,1189632,512,128,18,6
s,8,33577725450.250435,198272,127581696,1189632,768,128,18,6
m,8,67155450900.50087,198272,127581696,1189632,768,128,18,6
l,8,167888627251.25217,198272,127581696,1189632,768,128,18,6
xl,8,335777254502.50433,198272,127581696,1189632,768,128,18,6
s,8,20305927478.92326,198272,226732032,1189632,1024,128,18,6
m,8,40611854957.84652,198272,226732032,1189632,1024,128,18,6
l,8,101529637394.6163,198272,226732032,1189632,1024,128,18,6
xl,8,203059274789.2326,198272,226732032,1189632,1024,128,18,6
s,8,13509830076.599655,198272,354193920,1189632,1280,128,18,6
m,8,27019660153.19931,198272,354193920,1189632,1280,128,18,6
l,8,67549150382.998276,198272,354193920,1189632,1280,128,18,6
xl,8,135098300765.99655,198272,354193920,1189632,1280,128,18,6
s,8,9605957476.501139,198272,509967360,1189632,1536,128,18,6
m,8,19211914953.002277,198272,509967360,1189632,1536,128,18,6
l,8,48029787382.50569,198272,509967360,1189632,1536,128,18,6
xl,8,96059574765.01138,198272,509967360,1189632,1536,128,18,6
s,8,7168850986.886967,198272,694052352,1189632,1792,128,18,6
m,8,14337701973.773933,198272,694052352,1189632,1792,128,18,6
l,8,35844254934.43484,198272,694052352,1189632,1792,128,18,6
xl,8,71688509868.86967,198272,694052352,1189632,1792,128,18,6
s,8,5549664032.218952,198272,906448896,1189632,2048,128,18,6
m,8,11099328064.437904,198272,906448896,1189632,2048,128,18,6
l,8,27748320161.09476,198272,906448896,1189632,2048,128,18,6
xl,8,55496640322.18952,198272,906448896,1189632,2048,128,18,6
s,8,26310560595.95735,789760,127581696,4738560,768,256,18,6
m,8,52621121191.9147,789760,127581696,4738560,768,256,18,6
l,8,131552802979.78676,789760,127581696,4738560,768,256,18,6
xl,8,263105605959.57352,789760,127581696,4738560,768,256,18,6
s,8,17399593211.430393,789760,226732032,4738560,1024,256,18,6
m,8,34799186422.86079,789760,226732032,4738560,1024,256,18,6
l,8,86997966057.15196,789760,226732032,4738560,1024,256,18,6
xl,8,173995932114.30392,789760,226732032,4738560,1024,256,18,6
s,8,12158634186.577646,789760,354193920,4738560,1280,256,18,6
m,8,24317268373.155293,789760,354193920,4738560,1280,256,18,6
l,8,60793170932.88823,789760,354193920,4738560,1280,256,18,6
xl,8,121586341865.77646,789760,354193920,4738560,1280,256,18,6
s,8,8902502358.094824,789760,509967360,4738560,1536,256,18,6
m,8,17805004716.189648,789760,509967360,4738560,1536,256,18,6
l,8,44512511790.47412,789760,509967360,4738560,1536,256,18,6
xl,8,89025023580.94824,789760,509967360,4738560,1536,256,18,6
s,8,6769643230.05349,789760,694052352,4738560,1792,256,18,6
m,8,13539286460.10698,789760,694052352,4738560,1792,256,18,6
l,8,33848216150.26745,789760,694052352,4738560,1792,256,18,6
xl,8,67696432300.5349,789760,694052352,4738560,1792,256,18,6
s,8,5307376948.2531595,789760,906448896,4738560,2048,256,18,6
m,8,10614753896.506319,789760,906448896,4738560,2048,256,18,6
l,8,26536884741.265797,789760,906448896,4738560,2048,256,18,6
xl,8,53073769482.53159,789760,906448896,4738560,2048,256,18,6
s,8,14146784775.3434,1774464,226732032,10646784,1024,384,18,6
m,8,28293569550.6868,1774464,226732032,10646784,1024,384,18,6
l,8,70733923876.717,1774464,226732032,10646784,1024,384,18,6
xl,8,141467847753.434,1774464,226732032,10646784,1024,384,18,6
s,8,10475491790.818005,1774464,354193920,10646784,1280,384,18,6
m,8,20950983581.63601,1774464,354193920,10646784,1280,384,18,6
l,8,52377458954.09003,1774464,354193920,10646784,1280,384,18,6
xl,8,104754917908.18005,1774464,354193920,10646784,1280,384,18,6
s,8,7965410999.276741,1774464,509967360,10646784,1536,384,18,6
m,8,15930821998.553482,1774464,509967360,10646784,1536,384,18,6
l,8,39827054996.383705,1774464,509967360,10646784,1536,384,18,6
xl,8,79654109992.76741,1774464,509967360,10646784,1536,384,18,6
s,8,6213761961.616052,1774464,694052352,10646784,1792,384,18,6
m,8,12427523923.232103,1774464,694052352,10646784,1792,384,18,6
l,8,31068809808.080257,1774464,694052352,10646784,1792,384,18,6
xl,8,62137619616.160515,1774464,694052352,10646784,1792,384,18,6
s,8,4959534562.361545,1774464,906448896,10646784,2048,384,18,6
m,8,9919069124.72309,1774464,906448896,10646784,2048,384,18,6
l,8,24797672811.807724,1774464,906448896,10646784,2048,384,18,6
xl,8,49595345623.61545,1774464,906448896,10646784,2048,384,18,6
s,8,8797808346.290745,3152384,354193920,18914304,1280,512,18,6
m,8,17595616692.58149,3152384,354193920,18914304,1280,512,18,6
l,8,43989041731.45373,3152384,354193920,18914304,1280,512,18,6
xl,8,87978083462.90746,3152384,354193920,18914304,1280,512,18,6
s,8,6956688215.704083,3152384,509967360,18914304,1536,512,18,6
m,8,13913376431.408167,3152384,509967360,18914304,1536,512,18,6
l,8,34783441078.52042,3152384,509967360,18914304,1536,512,18,6
xl,8,69566882157.04083,3152384,509967360,18914304,1536,512,18,6
s,8,5582323915.193692,3152384,694052352,18914304,1792,512,18,6
m,8,11164647830.387384,3152384,694052352,18914304,1792,512,18,6
l,8,27911619575.96846,3152384,694052352,18914304,1792,512,18,6
xl,8,55823239151.93692,3152384,694052352,18914304,1792,512,18,6
s,8,4548854110.897716,3152384,906448896,18914304,2048,512,18,6
m,8,9097708221.795431,3152384,906448896,18914304,2048,512,18,6
l,8,22744270554.488575,3152384,906448896,18914304,2048,512,18,6
xl,8,45488541108.97715,3152384,906448896,18914304,2048,512,18,6
s,8,5990203094.721021,4923520,509967360,29541120,1536,640,18,6
m,8,11980406189.442041,4923520,509967360,29541120,1536,640,18,6
l,8,29951015473.605106,4923520,509967360,29541120,1536,640,18,6
xl,8,59902030947.21021,4923520,509967360,29541120,1536,640,18,6
s,8,4942431741.261405,4923520,694052352,29541120,1792,640,18,6
m,8,9884863482.52281,4923520,694052352,29541120,1792,640,18,6
l,8,24712158706.307026,4923520,694052352,29541120,1792,640,18,6
xl,8,49424317412.61405,4923520,694052352,29541120,1792,640,18,6
s,8,4114747604.344568,4923520,906448896,29541120,2048,640,18,6
m,8,8229495208.689136,4923520,906448896,29541120,2048,640,18,6
l,8,20573738021.72284,4923520,906448896,29541120,2048,640,18,6
xl,8,41147476043.44568,4923520,906448896,29541120,2048,640,18,6
m,8,7374362397.878355,7087872,906448896,42527232,2048,768,18,6
l,8,18435905994.695885,7087872,906448896,42527232,2048,768,18,6
xl,8,36871811989.39177,7087872,906448896,42527232,2048,768,18,6
s,8,58818491780.93923,198272,63047680,1189632,512,128,20,6
m,8,117636983561.87846,198272,63047680,1189632,512,128,20,6
l,8,294092458904.69617,198272,63047680,1189632,512,128,20,6
xl,8,588184917809.3923,198272,63047680,1189632,512,128,20,6
s,8,30552023741.611027,198272,141757440,1189632,768,128,20,6
m,8,61104047483.22205,198272,141757440,1189632,768,128,20,6
l,8,152760118708.0551,198272,141757440,1189632,768,128,20,6
xl,8,305520237416.1102,198272,141757440,1189632,768,128,20,6
s,8,18396252933.46649,198272,251924480,1189632,1024,128,20,6
m,8,36792505866.93298,198272,251924480,1189632,1024,128,20,6
l,8,91981264667.33246,198272,251924480,1189632,1024,128,20,6
xl,8,183962529334.66492,198272,251924480,1189632,1024,128,20,6
s,8,12212252464.969887,198272,393548800,1189632,1280,128,20,6
m,8,24424504929.939774,198272,393548800,1189632,1280,128,20,6
l,8,61061262324.849434,198272,393548800,1189632,1280,128,20,6
xl,8,122122524649.69887,198272,393548800,1189632,1280,128,20,6
s,8,8672327684.66473,198272,566630400,1189632,1536,128,20,6
m,8,17344655369.32946,198272,566630400,1189632,1536,128,20,6
l,8,43361638423.32365,198272,566630400,1189632,1536,128,20,6
xl,8,86723276846.6473,198272,566630400,1189632,1536,128,20,6
s,8,6466972756.247587,198272,771169280,1189632,1792,128,20,6
m,8,12933945512.495174,198272,771169280,1189632,1792,128,20,6
l,8,32334863781.237934,198272,771169280,1189632,1792,128,20,6
xl,8,64669727562.47587,198272,771169280,1189632,1792,128,20,6
s,8,5003686315.782563,198272,1007165440,1189632,2048,128,20,6
m,8,10007372631.565126,198272,1007165440,1189632,2048,128,20,6
l,8,25018431578.912815,198272,1007165440,1189632,2048,128,20,6
xl,8,50036863157.82563,198272,1007165440,1189632,2048,128,20,6
s,8,24415874615.694134,789760,141757440,4738560,768,256,20,6
m,8,48831749231.38827,789760,141757440,4738560,768,256,20,6
l,8,122079373078.47067,789760,141757440,4738560,768,256,20,6
xl,8,244158746156.94135,789760,141757440,4738560,768,256,20,6
s,8,15978320614.590124,789760,251924480,4738560,1024,256,20,6
m,8,31956641229.18025,789760,251924480,4738560,1024,256,20,6
l,8,79891603072.95062,789760,251924480,4738560,1024,256,20,6
xl,8,159783206145.90125,789760,251924480,4738560,1024,256,20,6
s,8,11097439066.181576,789760,393548800,4738560,1280,256,20,6
m,8,22194878132.36315,789760,393548800,4738560,1280,256,20,6
l,8,55487195330.907875,789760,393548800,4738560,1280,256,20,6
xl,8,110974390661.81575,789760,393548800,4738560,1280,256,20,6
s,8,8094858793.28321,789760,566630400,4738560,1536,256,20,6
m,8,16189717586.56642,789760,566630400,4738560,1536,256,20,6
l,8,40474293966.416046,789760,566630400,4738560,1536,256,20,6
xl,8,80948587932.83209,789760,566630400,4738560,1536,256,20,6
s,8,6140327608.583097,789760,771169280,4738560,1792,256,20,6
m,8,12280655217.166195,789760,771169280,4738560,1792,256,20,6
l,8,30701638042.915485,789760,771169280,4738560,1792,256,20,6
xl,8,61403276085.83097,789760,771169280,4738560,1792,256,20,6
s,8,4805877164.855428,789760,1007165440,4738560,2048,256,20,6
m,8,9611754329.710855,789760,1007165440,4738560,2048,256,20,6
l,8,24029385824.277138,789760,1007165440,4738560,2048,256,20,6
xl,8,48058771648.554276,789760,1007165440,4738560,2048,256,20,6
s,8,13192676186.079638,1774464,251924480,10646784,1024,384,20,6
m,8,26385352372.159275,1774464,251924480,10646784,1024,384,20,6
l,8,65963380930.398186,1774464,251924480,10646784,1024,384,20,6
xl,8,131926761860.79637,1774464,251924480,10646784,1024,384,20,6
s,8,9678133163.989231,1774464,393548800,10646784,1280,384,20,6
m,8,19356266327.978462,1774464,393548800,10646784,1280,384,20,6
l,8,48390665819.94615,1774464,393548800,10646784,1280,384,20,6
xl,8,96781331639.8923,1774464,393548800,10646784,1280,384,20,6
s,8,7312612548.419733,1774464,566630400,10646784,1536,384,20,6
m,8,14625225096.839466,1774464,566630400,10646784,1536,384,20,6
l,8,36563062742.09866,1774464,566630400,10646784,1536,384,20,6
xl,8,73126125484.19733,1774464,566630400,10646784,1536,384,20,6
s,8,5679475656.267956,1774464,771169280,10646784,1792,384,20,6
m,8,11358951312.535912,1774464,771169280,10646784,1792,384,20,6
l,8,28397378281.33978,1774464,771169280,10646784,1792,384,20,6
xl,8,56794756562.67956,1774464,771169280,10646784,1792,384,20,6
s,8,4518887757.841409,1774464,1007165440,10646784,2048,384,20,6
m,8,9037775515.682817,1774464,1007165440,10646784,2048,384,20,6
l,8,22594438789.207047,1774464,1007165440,10646784,2048,384,20,6
xl,8,45188877578.41409,1774464,1007165440,10646784,2048,384,20,6
s,8,8228456715.42126,3152384,393548800,18914304,1280,512,20,6
m,8,16456913430.84252,3152384,393548800,18914304,1280,512,20,6
l,8,41142283577.1063,3152384,393548800,18914304,1280,512,20,6
xl,8,82284567154.2126,3152384,393548800,18914304,1280,512,20,6
s,8,6453536806.637168,3152384,566630400,18914304,1536,512,20,6
m,8,12907073613.274336,3152384,566630400,18914304,1536,512,20,6
l,8,32267684033.18584,3152384,566630400,18914304,1536,512,20,6
xl,8,64535368066.37168,3152384,566630400,18914304,1536,512,20,6
s,8,5147306863.163665,3152384,771169280,18914304,1792,512,20,6
m,8,10294613726.32733,3152384,771169280,18914304,1792,512,20,6
l,8,25736534315.818325,3152384,771169280,18914304,1792,512,20,6
xl,8,51473068631.63665,3152384,771169280,18914304,1792,512,20,6
s,8,4175414996.166635,3152384,1007165440,18914304,2048,512,20,6
m,8,8350829992.33327,3152384,1007165440,18914304,2048,512,20,6
l,8,20877074980.833176,3152384,1007165440,18914304,2048,512,20,6
xl,8,41754149961.66635,3152384,1007165440,18914304,2048,512,20,6
s,8,5613358175.811276,4923520,566630400,29541120,1536,640,20,6
m,8,11226716351.622553,4923520,566630400,29541120,1536,640,20,6
l,8,28066790879.05638,4923520,566630400,29541120,1536,640,20,6
xl,8,56133581758.11276,4923520,566630400,29541120,1536,640,20,6
s,8,4598355701.574808,4923520,771169280,29541120,1792,640,20,6
m,8,9196711403.149616,4923520,771169280,29541120,1792,640,20,6
l,8,22991778507.87404,4923520,771169280,29541120,1792,640,20,6
xl,8,45983557015.74808,4923520,771169280,29541120,1792,640,20,6
m,8,7613541505.830603,4923520,1007165440,29541120,2048,640,20,6
l,8,19033853764.576508,4923520,1007165440,29541120,2048,640,20,6
xl,8,38067707529.153015,4923520,1007165440,29541120,2048,640,20,6
s,8,4070821614.2520704,7087872,771169280,42527232,1792,768,20,6
m,8,8141643228.504141,7087872,771169280,42527232,1792,768,20,6
l,8,20354108071.26035,7087872,771169280,42527232,1792,768,20,6
xl,8,40708216142.5207,7087872,771169280,42527232,1792,768,20,6
m,8,6875889533.828992,7087872,1007165440,42527232,2048,768,20,6
l,8,17189723834.57248,7087872,1007165440,42527232,2048,768,20,6
xl,8,34379447669.14496,7087872,1007165440,42527232,2048,768,20,6
l,8,15430098567.469648,9645440,1007165440,57872640,2048,896,20,6
xl,8,30860197134.939297,9645440,1007165440,57872640,2048,896,20,6
s,8,54413169205.802795,198272,69352448,1189632,512,128,22,6
m,8,108826338411.60559,198272,69352448,1189632,512,128,22,6
l,8,272065846029.01398,198272,69352448,1189632,512,128,22,6
xl,8,544131692058.02795,198272,69352448,1189632,512,128,22,6
s,8,28026541358.87919,198272,155933184,1189632,768,128,22,6
m,8,56053082717.75838,198272,155933184,1189632,768,128,22,6
l,8,140132706794.39594,198272,155933184,1189632,768,128,22,6
xl,8,280265413588.7919,198272,155933184,1189632,768,128,22,6
s,8,16814893314.21009,198272,277116928,1189632,1024,128,22,6
m,8,33629786628.42018,198272,277116928,1189632,1024,128,22,6
l,8,84074466571.05046,198272,277116928,1189632,1024,128,22,6
xl,8,168148933142.10092,198272,277116928,1189632,1024,128,22,6
s,8,11142089090.005083,198272,432903680,1189632,1280,128,22,6
m,8,22284178180.010166,198272,432903680,1189632,1280,128,22,6
l,8,55710445450.02541,198272,432903680,1189632,1280,128,22,6
xl,8,111420890900.05083,198272,432903680,1189632,1280,128,22,6
s,8,7904105620.097321,198272,623293440,1189632,1536,128,22,6
m,8,15808211240.194641,198272,623293440,1189632,1536,128,22,6
l,8,39520528100.4866,198272,623293440,1189632,1536,128,22,6
xl,8,79041056200.9732,198272,623293440,1189632,1536,128,22,6
s,8,5890275569.709809,198272,848286208,1189632,1792,128,22,6
m,8,11780551139.419619,198272,848286208,1189632,1792,128,22,6
l,8,29451377848.549046,198272,848286208,1189632,1792,128,22,6
xl,8,58902755697.09809,198272,848286208,1189632,1792,128,22,6
s,8,4555513450.463238,198272,1107881984,1189632,2048,128,22,6
m,8,9111026900.926476,198272,1107881984,1189632,2048,128,22,6
l,8,22777567252.31619,198272,1107881984,1189632,2048,128,22,6
xl,8,45555134504.63238,198272,1107881984,1189632,2048,128,22,6
s,8,22775739500.930706,789760,155933184,4738560,768,256,22,6
m,8,45551479001.86141,789760,155933184,4738560,768,256,22,6
l,8,113878697504.65353,789760,155933184,4738560,768,256,22,6
xl,8,227757395009.30707,789760,155933184,4738560,768,256,22,6
s,8,14771705070.736378,789760,277116928,4738560,1024,256,22,6
m,8,29543410141.472755,789760,277116928,4738560,1024,256,22,6
l,8,73858525353.68188,789760,277116928,4738560,1024,256,22,6
xl,8,147717050707.36377,789760,277116928,4738560,1024,256,22,6
s,8,10206614539.444891,789760,432903680,4738560,1280,256,22,6
m,8,20413229078.889782,789760,432903680,4738560,1280,256,22,6
l,8,51033072697.22446,789760,432903680,4738560,1280,256,22,6
xl,8,102066145394.44891,789760,432903680,4738560,1280,256,22,6
s,8,7421567097.735033,789760,623293440,4738560,1536,256,22,6
m,8,14843134195.470066,789760,623293440,4738560,1536,256,22,6
l,8,37107835488.67516,789760,623293440,4738560,1536,256,22,6
xl,8,74215670977.35033,789760,623293440,4738560,1536,256,22,6
s,8,5618064387.152772,789760,848286208,4738560,1792,256,22,6
m,8,11236128774.305544,789760,848286208,4738560,1792,256,22,6
l,8,28090321935.763863,789760,848286208,4738560,1792,256,22,6
xl,8,56180643871.527725,789760,848286208,4738560,1792,256,22,6
s,8,4390969693.31641,789760,1107881984,4738560,2048,256,22,6
m,8,8781939386.63282,789760,1107881984,4738560,2048,256,22,6
l,8,21954848466.58205,789760,1107881984,4738560,2048,256,22,6
xl,8,43909696933.1641,789760,1107881984,4738560,2048,256,22,6
s,8,12359133073.059877,1774464,277116928,10646784,1024,384,22,6
m,8,24718266146.119755,1774464,277116928,10646784,1024,384,22,6
l,8,61795665365.29939,1774464,277116928,10646784,1024,384,22,6
xl,8,123591330730.59879,1774464,277116928,10646784,1024,384,22,6
s,8,8993573120.699364,1774464,432903680,10646784,1280,384,22,6
m,8,17987146241.398727,1774464,432903680,10646784,1280,384,22,6
l,8,44967865603.49682,1774464,432903680,10646784,1280,384,22,6
xl,8,89935731206.99364,1774464,432903680,10646784,1280,384,22,6
s,8,6758708379.468277,1774464,623293440,10646784,1536,384,22,6
m,8,13517416758.936554,1774464,623293440,10646784,1536,384,22,6
l,8,33793541897.341385,1774464,623293440,10646784,1536,384,22,6
xl,8,67587083794.68277,1774464,623293440,10646784,1536,384,22,6
s,8,5229795104.995459,1774464,848286208,10646784,1792,384,22,6
m,8,10459590209.990917,1774464,848286208,10646784,1792,384,22,6
l,8,26148975524.97729,1774464,848286208,10646784,1792,384,22,6
xl,8,52297951049.95458,1774464,848286208,10646784,1792,384,22,6
s,8,4150153207.055792,1774464,1107881984,10646784,2048,384,22,6
m,8,8300306414.111584,1774464,1107881984,10646784,2048,384,22,6
l,8,20750766035.278957,1774464,1107881984,10646784,2048,384,22,6
xl,8,41501532070.557915,1774464,1107881984,10646784,2048,384,22,6
s,8,7728317370.957502,3152384,432903680,18914304,1280,512,22,6
m,8,15456634741.915005,3152384,432903680,18914304,1280,512,22,6
l,8,38641586854.78751,3152384,432903680,18914304,1280,512,22,6
xl,8,77283173709.57503,3152384,432903680,18914304,1280,512,22,6
s,8,6018258529.750033,3152384,623293440,18914304,1536,512,22,6
m,8,12036517059.500067,3152384,623293440,18914304,1536,512,22,6
l,8,30091292648.750168,3152384,623293440,18914304,1536,512,22,6
xl,8,60182585297.500336,3152384,623293440,18914304,1536,512,22,6
s,8,4775187970.49927,3152384,848286208,18914304,1792,512,22,6
m,8,9550375940.99854,3152384,848286208,18914304,1792,512,22,6
l,8,23875939852.496353,3152384,848286208,18914304,1792,512,22,6
xl,8,47751879704.99271,3152384,848286208,18914304,1792,512,22,6
m,8,7717278430.76243,3152384,1107881984,18914304,2048,512,22,6
l,8,19293196076.906075,3152384,1107881984,18914304,2048,512,22,6
xl,8,38586392153.81215,3152384,1107881984,18914304,2048,512,22,6
s,8,5281121713.631893,4923520,623293440,29541120,1536,640,22,6
m,8,10562243427.263786,4923520,623293440,29541120,1536,640,22,6
l,8,26405608568.159466,4923520,623293440,29541120,1536,640,22,6
xl,8,52811217136.31893,4923520,623293440,29541120,1536,640,22,6
s,8,4299068519.104339,4923520,848286208,29541120,1792,640,22,6
m,8,8598137038.208677,4923520,848286208,29541120,1792,640,22,6
l,8,21495342595.52169,4923520,848286208,29541120,1792,640,22,6
xl,8,42990685191.04338,4923520,848286208,29541120,1792,640,22,6
m,8,7083371796.042186,4923520,1107881984,29541120,2048,640,22,6
l,8,17708429490.105465,4923520,1107881984,29541120,2048,640,22,6
xl,8,35416858980.21093,4923520,1107881984,29541120,2048,640,22,6
m,8,7669001478.828893,7087872,848286208,42527232,1792,768,22,6
l,8,19172503697.07223,7087872,848286208,42527232,1792,768,22,6
xl,8,38345007394.14446,7087872,848286208,42527232,1792,768,22,6
l,8,16101347082.492586,7087872,1107881984,42527232,2048,768,22,6
xl,8,32202694164.985172,7087872,1107881984,42527232,2048,768,22,6
l,8,14547419536.825989,9645440,1107881984,57872640,2048,896,22,6
xl,8,29094839073.651978,9645440,1107881984,57872640,2048,896,22,6
s,8,50621756664.05054,198272,75657216,1189632,512,128,24,6
m,8,101243513328.10107,198272,75657216,1189632,512,128,24,6
l,8,253108783320.2527,198272,75657216,1189632,512,128,24,6
xl,8,506217566640.5054,198272,75657216,1189632,512,128,24,6
s,8,25886702394.457844,198272,170108928,1189632,768,128,24,6
m,8,51773404788.91569,198272,170108928,1189632,768,128,24,6
l,8,129433511972.28922,198272,170108928,1189632,768,128,24,6
xl,8,258867023944.57843,198272,170108928,1189632,768,128,24,6
s,8,15483883754.433037,198272,302309376,1189632,1024,128,24,6
m,8,30967767508.866074,198272,302309376,1189632,1024,128,24,6
l,8,77419418772.16518,198272,302309376,1189632,1024,128,24,6
xl,8,154838837544.33035,198272,302309376,1189632,1024,128,24,6
s,8,10244371701.20987,198272,472258560,1189632,1280,128,24,6
m,8,20488743402.41974,198272,472258560,1189632,1280,128,24,6
l,8,51221858506.04934,198272,472258560,1189632,1280,128,24,6
xl,8,102443717012.09868,198272,472258560,1189632,1280,128,24,6
s,8,7260911261.789541,198272,679956480,1189632,1536,128,24,6
m,8,14521822523.579082,198272,679956480,1189632,1536,128,24,6
l,8,36304556308.94771,198272,679956480,1189632,1536,128,24,6
xl,8,72609112617.89542,198272,679956480,1189632,1536,128,24,6
s,8,5408012008.728618,198272,925403136,1189632,1792,128,24,6
m,8,10816024017.457235,198272,925403136,1189632,1792,128,24,6
l,8,27040060043.64309,198272,925403136,1189632,1792,128,24,6
xl,8,54080120087.28618,198272,925403136,1189632,1792,128,24,6
s,8,4181025143.2134905,198272,1208598528,1189632,2048,128,24,6
m,8,8362050286.426981,198272,1208598528,1189632,2048,128,24,6
l,8,20905125716.06745,198272,1208598528,1189632,2048,128,24,6
xl,8,41810251432.1349,198272,1208598528,1189632,2048,128,24,6
s,8,21342085978.89831,789760,170108928,4738560,768,256,24,6
m,8,42684171957.79662,789760,170108928,4738560,768,256,24,6
l,8,106710429894.49156,789760,170108928,4738560,768,256,24,6
xl,8,213420859788.98312,789760,170108928,4738560,768,256,24,6
s,8,13734531072.34384,789760,302309376,4738560,1024,256,24,6
m,8,27469062144.68768,789760,302309376,4738560,1024,256,24,6
l,8,68672655361.7192,789760,302309376,4738560,1024,256,24,6
xl,8,137345310723.4384,789760,302309376,4738560,1024,256,24,6
s,8,9448180885.045116,789760,472258560,4738560,1280,256,24,6
m,8,18896361770.090233,789760,472258560,4738560,1280,256,24,6
l,8,47240904425.225586,789760,472258560,4738560,1280,256,24,6
xl,8,94481808850.45117,789760,472258560,4738560,1280,256,24,6
s,8,6851677301.566107,789760,679956480,4738560,1536,256,24,6
m,8,13703354603.132214,789760,679956480,4738560,1536,256,24,6
l,8,34258386507.830536,789760,679956480,4738560,1536,256,24,6
xl,8,68516773015.66107,789760,679956480,4738560,1536,256,24,6
s,8,5177678885.491779,789760,925403136,4738560,1792,256,24,6
m,8,10355357770.983559,789760,925403136,4738560,1792,256,24,6
l,8,25888394427.458897,789760,925403136,4738560,1792,256,24,6
xl,8,51776788854.91779,789760,925403136,4738560,1792,256,24,6
s,8,4042009477.5744786,789760,1208598528,4738560,2048,256,24,6
m,8,8084018955.148957,789760,1208598528,4738560,2048,256,24,6
l,8,20210047387.872395,789760,1208598528,4738560,2048,256,24,6
xl,8,40420094775.74479,789760,1208598528,4738560,2048,256,24,6
s,8,11624660722.65215,1774464,302309376,10646784,1024,384,24,6
m,8,23249321445.3043,1774464,302309376,10646784,1024,384,24,6
l,8,58123303613.26074,1774464,302309376,10646784,1024,384,24,6
xl,8,116246607226.52148,1774464,302309376,10646784,1024,384,24,6
s,8,8399457220.354855,1774464,472258560,10646784,1280,384,24,6
m,8,16798914440.70971,1774464,472258560,10646784,1280,384,24,6
l,8,41997286101.77428,1774464,472258560,10646784,1280,384,24,6
xl,8,83994572203.54855,1774464,472258560,10646784,1280,384,24,6
s,8,6282808196.119315,1774464,679956480,10646784,1536,384,24,6
m,8,12565616392.23863,1774464,679956480,10646784,1536,384,24,6
l,8,31414040980.596577,1774464,679956480,10646784,1536,384,24,6
xl,8,62828081961.19315,1774464,679956480,10646784,1536,384,24,6
s,8,4846098382.930631,1774464,925403136,10646784,1792,384,24,6
m,8,9692196765.861261,1774464,925403136,10646784,1792,384,24,6
l,8,24230491914.653152,1774464,925403136,10646784,1792,384,24,6
xl,8,48460983829.306305,1774464,925403136,10646784,1792,384,24,6
m,8,7674110369.546478,1774464,1208598528,10646784,2048,384,24,6
l,8,19185275923.866196,1774464,1208598528,10646784,2048,384,24,6
xl,8,38370551847.73239,1774464,1208598528,10646784,2048,384,24,6
s,8,7285492939.949353,3152384,472258560,18914304,1280,512,24,6
m,8,14570985879.898706,3152384,472258560,18914304,1280,512,24,6
l,8,36427464699.746765,3152384,472258560,18914304,1280,512,24,6
xl,8,72854929399.49353,3152384,472258560,18914304,1280,512,24,6
s,8,5637987442.352706,3152384,679956480,18914304,1536,512,24,6
m,8,11275974884.705412,3152384,679956480,18914304,1536,512,24,6
l,8,28189937211.76353,3152384,679956480,18914304,1536,512,24,6
xl,8,56379874423.52706,3152384,679956480,18914304,1536,512,24,6
s,8,4453245482.556531,3152384,925403136,18914304,1792,512,24,6
m,8,8906490965.113062,3152384,925403136,18914304,1792,512,24,6
l,8,22266227412.782654,3152384,925403136,18914304,1792,512,24,6
xl,8,44532454825.56531,3152384,925403136,18914304,1792,512,24,6
m,8,7173079169.906029,3152384,1208598528,18914304,2048,512,24,6
l,8,17932697924.76507,3152384,1208598528,18914304,2048,512,24,6
xl,8,35865395849.53014,3152384,1208598528,18914304,2048,512,24,6
s,8,4986015622.263924,4923520,679956480,29541120,1536,640,24,6
m,8,9972031244.527847,4923520,679956480,29541120,1536,640,24,6
l,8,24930078111.31962,4923520,679956480,29541120,1536,640,24,6
xl,8,49860156222.63924,4923520,679956480,29541120,1536,640,24,6
s,8,4036359265.9406,4923520,925403136,29541120,1792,640,24,6
m,8,8072718531.8812,4923520,925403136,29541120,1792,640,24,6
l,8,20181796329.703,4923520,925403136,29541120,1792,640,24,6
xl,8,40363592659.406,4923520,925403136,29541120,1792,640,24,6
l,8,16555580048.984385,4923520,1208598528,29541120,2048,640,24,6
xl,8,33111160097.96877,4923520,1208598528,29541120,2048,640,24,6
m,8,7248224793.776407,7087872,925403136,42527232,1792,768,24,6
l,8,18120561984.441017,7087872,925403136,42527232,1792,768,24,6
xl,8,36241123968.882034,7087872,925403136,42527232,1792,768,24,6
l,8,15142585981.541454,7087872,1208598528,42527232,2048,768,24,6
xl,8,30285171963.08291,7087872,1208598528,42527232,2048,768,24,6
l,8,13760263450.261227,9645440,1208598528,57872640,2048,896,24,6
xl,8,27520526900.522453,9645440,1208598528,57872640,2048,896,24,6
l,8,567885485210.4447,198272,25192448,1387904,1024,128,2,7
l,8,432630741009.9332,198272,39354880,1387904,1280,128,2,7
s,8,67115751583.66328,198272,56663040,1387904,1536,128,2,7
l,8,335578757918.31635,198272,56663040,1387904,1536,128,2,7
s,8,53101420314.30943,198272,77116928,1387904,1792,128,2,7
m,8,106202840628.61887,198272,77116928,1387904,1792,128,2,7
l,8,265507101571.54715,198272,77116928,1387904,1792,128,2,7
xl,8,531014203143.0943,198272,77116928,1387904,1792,128,2,7
s,8,42819275936.32054,198272,100716544,1387904,2048,128,2,7
m,8,85638551872.64108,198272,100716544,1387904,2048,128,2,7
l,8,214096379681.60272,198272,100716544,1387904,2048,128,2,7
xl,8,428192759363.20544,198272,100716544,1387904,2048,128,2,7
s,8,30536215952.119213,789760,100716544,5528320,2048,256,2,7
m,8,61072431904.23843,789760,100716544,5528320,2048,256,2,7
l,8,152681079760.59607,789760,100716544,5528320,2048,256,2,7
xl,8,305362159521.19214,789760,100716544,5528320,2048,256,2,7
l,8,521310332287.3763,198272,28351488,1387904,768,128,4,7
l,8,359278408000.0092,198272,50384896,1387904,1024,128,4,7
s,8,51488003295.23221,198272,78709760,1387904,1280,128,4,7
m,8,102976006590.46442,198272,78709760,1387904,1280,128,4,7
l,8,257440016476.16104,198272,78709760,1387904,1280,128,4,7
xl,8,514880032952.3221,198272,78709760,1387904,1280,128,4,7
s,8,38304102706.47597,198272,113326080,1387904,1536,128,4,7
m,8,76608205412.95193,198272,113326080,1387904,1536,128,4,7
l,8,191520513532.37982,198272,113326080,1387904,1536,128,4,7
xl,8,383041027064.75964,198272,113326080,1387904,1536,128,4,7
s,8,29436546815.177578,198272,154233856,1387904,1792,128,4,7
m,8,58873093630.355156,198272,154233856,1387904,1792,128,4,7
l,8,147182734075.88788,198272,154233856,1387904,1792,128,4,7
xl,8,294365468151.77576,198272,154233856,1387904,1792,128,4,7
s,8,23247414608.526558,198272,201433088,1387904,2048,128,4,7
m,8,46494829217.053116,198272,201433088,1387904,2048,128,4,7
l,8,116237073042.63278,198272,201433088,1387904,2048,128,4,7
xl,8,232474146085.26556,198272,201433088,1387904,2048,128,4,7
s,8,28168303132.405445,789760,113326080,5528320,1536,256,4,7
m,8,56336606264.81089,789760,113326080,5528320,1536,256,4,7
l,8,140841515662.02722,789760,113326080,5528320,1536,256,4,7
xl,8,281683031324.05444,789760,113326080,5528320,1536,256,4,7
s,8,23059854527.36891,789760,154233856,5528320,1792,256,4,7
m,8,46119709054.73782,789760,154233856,5528320,1792,256,4,7
l,8,115299272636.84456,789760,154233856,5528320,1792,256,4,7
xl,8,230598545273.68912,789760,154233856,5528320,1792,256,4,7
s,8,19080485456.396053,789760,201433088,5528320,2048,256,4,7
m,8,38160970912.79211,789760,201433088,5528320,2048,256,4,7
l,8,95402427281.98027,789760,201433088,5528320,2048,256,4,7
xl,8,190804854563.96054,789760,201433088,5528320,2048,256,4,7
s,8,14813666591.057713,1774464,201433088,12421248,2048,384,4,7
m,8,29627333182.115425,1774464,201433088,12421248,2048,384,4,7
l,8,74068332955.28856,1774464,201433088,12421248,2048,384,4,7
xl,8,148136665910.57712,1774464,201433088,12421248,2048,384,4,7
l,8,398704243106.24414,198272,42527232,1387904,768,128,6,7
s,8,52551435242.7582,198272,75577344,1387904,1024,128,6,7
m,8,105102870485.5164,198272,75577344,1387904,1024,128,6,7
l,8,262757176213.79102,198272,75577344,1387904,1024,128,6,7
xl,8,525514352427.58203,198272,75577344,1387904,1024,128,6,7
s,8,36647756424.3517,198272,118064640,1387904,1280,128,6,7
m,8,73295512848.7034,198272,118064640,1387904,1280,128,6,7
l,8,183238782121.7585,198272,118064640,1387904,1280,128,6,7
xl,8,366477564243.517,198272,118064640,1387904,1280,128,6,7
s,8,26799523697.425232,198272,169989120,1387904,1536,128,6,7
m,8,53599047394.850464,198272,169989120,1387904,1536,128,6,7
l,8,133997618487.12614,198272,169989120,1387904,1536,128,6,7
xl,8,267995236974.2523,198272,169989120,1387904,1536,128,6,7
s,8,20362093405.646458,198272,231350784,1387904,1792,128,6,7
m,8,40724186811.292915,198272,231350784,1387904,1792,128,6,7
l,8,101810467028.23228,198272,231350784,1387904,1792,128,6,7
xl,8,203620934056.46457,198272,231350784,1387904,1792,128,6,7
s,8,15954789487.40197,198272,302149632,1387904,2048,128,6,7
m,8,31909578974.80394,198272,302149632,1387904,2048,128,6,7
l,8,79773947437.00986,198272,302149632,1387904,2048,128,6,7
xl,8,159547894874.0197,198272,302149632,1387904,2048,128,6,7
s,8,27262195143.22903,789760,118064640,5528320,1280,256,6,7
m,8,54524390286.45806,789760,118064640,5528320,1280,256,6,7
l,8,136310975716.14516,789760,118064640,5528320,1280,256,6,7
xl,8,272621951432.2903,789760,118064640,5528320,1280,256,6,7
s,8,21409549960.983234,789760,169989120,5528320,1536,256,6,7
m,8,42819099921.96647,789760,169989120,5528320,1536,256,6,7
l,8,107047749804.91618,789760,169989120,5528320,1536,256,6,7
xl,8,214095499609.83237,789760,169989120,5528320,1536,256,6,7
s,8,17092586576.002117,789760,231350784,5528320,1792,256,6,7
m,8,34185173152.004234,789760,231350784,5528320,1792,256,6,7
l,8,85462932880.01059,789760,231350784,5528320,1792,256,6,7
xl,8,170925865760.02118,789760,231350784,5528320,1792,256,6,7
s,8,13875180210.840578,789760,302149632,5528320,2048,256,6,7
m,8,27750360421.681156,789760,302149632,5528320,2048,256,6,7
l,8,69375901054.2029,789760,302149632,5528320,2048,256,6,7
xl,8,138751802108.4058,789760,302149632,5528320,2048,256,6,7
s,8,13586853143.50869,1774464,231350784,12421248,1792,384,6,7
m,8,27173706287.01738,1774464,231350784,12421248,1792,384,6,7
l,8,67934265717.54346,1774464,231350784,12421248,1792,384,6,7
xl,8,135868531435.08691,1774464,231350784,12421248,1792,384,6,7
s,8,11472257786.22136,1774464,302149632,12421248,2048,384,6,7
m,8,22944515572.44272,1774464,302149632,12421248,2048,384,6,7
l,8,57361288931.1068,1774464,302149632,12421248,2048,384,6,7
xl,8,114722577862.2136,1774464,302149632,12421248,2048,384,6,7
l,8,543585087156.25854,198272,25219072,1387904,512,128,8,7
s,8,64557645846.05119,198272,56702976,1387904,768,128,8,7
m,8,129115291692.10239,198272,56702976,1387904,768,128,8,7
l,8,322788229230.2559,198272,56702976,1387904,768,128,8,7
xl,8,645576458460.5118,198272,56702976,1387904,768,128,8,7
s,8,41423016483.70949,198272,100769792,1387904,1024,128,8,7
m,8,82846032967.41898,198272,100769792,1387904,1024,128,8,7
l,8,207115082418.54742,198272,100769792,1387904,1024,128,8,7
xl,8,414230164837.09485,198272,100769792,1387904,1024,128,8,7
s,8,28448207193.982635,198272,157419520,1387904,1280,128,8,7
m,8,56896414387.96527,198272,157419520,1387904,1280,128,8,7
l,8,142241035969.91318,198272,157419520,1387904,1280,128,8,7
xl,8,284482071939.82635,198272,157419520,1387904,1280,128,8,7
s,8,20609493623.092922,198272,226652160,1387904,1536,128,8,7
m,8,41218987246.185844,198272,226652160,1387904,1536,128,8,7
l,8,103047468115.4646,198272,226652160,1387904,1536,128,8,7
xl,8,206094936230.9292,198272,226652160,1387904,1536,128,8,7
s,8,15564117065.07071,198272,308467712,1387904,1792,128,8,7
m,8,31128234130.14142,198272,308467712,1387904,1792,128,8,7
l,8,77820585325.35355,198272,308467712,1387904,1792,128,8,7
xl,8,155641170650.7071,198272,308467712,1387904,1792,128,8,7
s,8,12144961482.983355,198272,402866176,1387904,2048,128,8,7
m,8,24289922965.96671,198272,402866176,1387904,2048,128,8,7
l,8,60724807414.91677,198272,402866176,1387904,2048,128,8,7
xl,8,121449614829.83354,198272,402866176,1387904,2048,128,8,7
s,8,29819413631.050358,789760,100769792,5528320,1024,256,8,7
m,8,59638827262.100716,789760,100769792,5528320,1024,256,8,7
l,8,149097068155.2518,789760,100769792,5528320,1024,256,8,7
xl,8,298194136310.5036,789760,100769792,5528320,1024,256,8,7
s,8,22448890162.788574,789760,157419520,5528320,1280,256,8,7
m,8,44897780325.57715,789760,157419520,5528320,1280,256,8,7
l,8,112244450813.94289,789760,157419520,5528320,1280,256,8,7
xl,8,224488901627.88577,789760,157419520,5528320,1280,256,8,7
s,8,17266576604.2031,789760,226652160,5528320,1536,256,8,7
m,8,34533153208.4062,789760,226652160,5528320,1536,256,8,7
l,8,86332883021.0155,789760,226652160,5528320,1536,256,8,7
xl,8,172665766042.031,789760,226652160,5528320,1536,256,8,7
s,8,13578767934.293537,789760,308467712,5528320,1792,256,8,7
m,8,27157535868.587074,789760,308467712,5528320,1792,256,8,7
l,8,67893839671.46768,789760,308467712,5528320,1792,256,8,7
xl,8,135787679342.93536,789760,308467712,5528320,1792,256,8,7
s,8,10901237578.257805,789760,402866176,5528320,2048,256,8,7
m,8,21802475156.51561,789760,402866176,5528320,2048,256,8,7
l,8,54506187891.289024,789760,402866176,5528320,2048,256,8,7
xl,8,109012375782.57805,789760,402866176,5528320,2048,256,8,7
s,8,13696561768.535118,1774464,226652160,12421248,1536,384,8,7
m,8,27393123537.070236,1774464,226652160,12421248,1536,384,8,7
l,8,68482808842.67559,1774464,226652160,12421248,1536,384,8,7
xl,8,136965617685.35118,1774464,226652160,12421248,1536,384,8,7
s,8,11268869270.839249,1774464,308467712,12421248,1792,384,8,7
m,8,22537738541.678497,1774464,308467712,12421248,1792,384,8,7
l,8,56344346354.19625,1774464,308467712,12421248,1792,384,8,7
xl,8,112688692708.3925,1774464,308467712,12421248,1792,384,8,7
s,8,9360809480.86748,1774464,402866176,12421248,2048,384,8,7
m,8,18721618961.73496,1774464,402866176,12421248,2048,384,8,7
l,8,46804047404.337395,1774464,402866176,12421248,2048,384,8,7
xl,8,93608094808.67479,1774464,402866176,12421248,2048,384,8,7
s,8,7835414670.203009,3152384,402866176,22066688,2048,512,8,7
m,8,15670829340.406017,3152384,402866176,22066688,2048,512,8,7
l,8,39177073351.015045,3152384,402866176,22066688,2048,512,8,7
xl,8,78354146702.03009,3152384,402866176,22066688,2048,512,8,7
l,8,472829335088.4758,198272,31523840,1387904,512,128,10,7
s,8,54231581870.16525,198272,70878720,1387904,768,128,10,7
m,8,108463163740.3305,198272,70878720,1387904,768,128,10,7
l,8,271157909350.82626,198272,70878720,1387904,768,128,10,7
xl,8,542315818701.6525,198272,70878720,1387904,768,128,10,7
s,8,34184107398.26126,198272,125962240,1387904,1024,128,10,7
m,8,68368214796.52252,198272,125962240,1387904,1024,128,10,7
l,8,170920536991.3063,198272,125962240,1387904,1024,128,10,7
xl,8,341841073982.6126,198272,125962240,1387904,1024,128,10,7
s,8,23246947675.770172,198272,196774400,1387904,1280,128,10,7
m,8,46493895351.540344,198272,196774400,1387904,1280,128,10,7
l,8,116234738378.85086,198272,196774400,1387904,1280,128,10,7
xl,8,232469476757.70172,198272,196774400,1387904,1280,128,10,7
s,8,16742409326.45957,198272,283315200,1387904,1536,128,10,7
m,8,33484818652.91914,198272,283315200,1387904,1536,128,10,7
l,8,83712046632.29785,198272,283315200,1387904,1536,128,10,7
xl,8,167424093264.5957,198272,283315200,1387904,1536,128,10,7
s,8,12596070227.626104,198272,385584640,1387904,1792,128,10,7
m,8,25192140455.25221,198272,385584640,1387904,1792,128,10,7
l,8,62980351138.13052,198272,385584640,1387904,1792,128,10,7
xl,8,125960702276.26105,198272,385584640,1387904,1792,128,10,7
s,8,9803898500.63098,198272,503582720,1387904,2048,128,10,7
m,8,19607797001.26196,198272,503582720,1387904,2048,128,10,7
l,8,49019492503.15489,198272,503582720,1387904,2048,128,10,7
xl,8,98038985006.30978,198272,503582720,1387904,2048,128,10,7
s,8,25874967190.541603,789760,125962240,5528320,1024,256,10,7
m,8,51749934381.083206,789760,125962240,5528320,1024,256,10,7
l,8,129374835952.70801,789760,125962240,5528320,1024,256,10,7
xl,8,258749671905.41602,789760,125962240,5528320,1024,256,10,7
s,8,19080170909.48611,789760,196774400,5528320,1280,256,10,7
m,8,38160341818.97222,789760,196774400,5528320,1280,256,10,7
l,8,95400854547.43056,789760,196774400,5528320,1280,256,10,7
xl,8,190801709094.8611,789760,196774400,5528320,1280,256,10,7
s,8,14467050078.214659,789760,283315200,5528320,1536,256,10,7
m,8,28934100156.429317,789760,283315200,5528320,1536,256,10,7
l,8,72335250391.0733,789760,283315200,5528320,1536,256,10,7
xl,8,144670500782.1466,789760,283315200,5528320,1536,256,10,7
s,8,11263306921.329136,789760,385584640,5528320,1792,256,10,7
m,8,22526613842.65827,789760,385584640,5528320,1792,256,10,7
l,8,56316534606.645676,789760,385584640,5528320,1792,256,10,7
xl,8,112633069213.29135,789760,385584640,5528320,1792,256,10,7
s,8,8977122270.70347,789760,503582720,5528320,2048,256,10,7
m,8,17954244541.40694,789760,503582720,5528320,2048,256,10,7
l,8,44885611353.51735,789760,503582720,5528320,2048,256,10,7
xl,8,89771222707.0347,789760,503582720,5528320,2048,256,10,7
s,8,14813476993.248137,1774464,196774400,12421248,1280,384,10,7
m,8,29626953986.496273,1774464,196774400,12421248,1280,384,10,7
l,8,74067384966.24068,1774464,196774400,12421248,1280,384,10,7
xl,8,148134769932.48135,1774464,196774400,12421248,1280,384,10,7
s,8,11873910093.79249,1774464,283315200,12421248,1536,384,10,7
m,8,23747820187.58498,1774464,283315200,12421248,1536,384,10,7
l,8,59369550468.962456,1774464,283315200,12421248,1536,384,10,7
xl,8,118739100937.92491,1774464,283315200,12421248,1536,384,10,7
s,8,9626535105.047062,1774464,385584640,12421248,1792,384,10,7
m,8,19253070210.094124,1774464,385584640,12421248,1792,384,10,7
l,8,48132675525.235306,1774464,385584640,12421248,1792,384,10,7
xl,8,96265351050.47061,1774464,385584640,12421248,1792,384,10,7
s,8,7905767301.518755,1774464,503582720,12421248,2048,384,10,7
m,8,15811534603.03751,1774464,503582720,12421248,2048,384,10,7
l,8,39528836507.59377,1774464,503582720,12421248,2048,384,10,7
xl,8,79057673015.18755,1774464,503582720,12421248,2048,384,10,7
s,8,8020736362.630709,3152384,385584640,22066688,1792,512,10,7
m,8,16041472725.261417,3152384,385584640,22066688,1792,512,10,7
l,8,40103681813.15355,3152384,385584640,22066688,1792,512,10,7
xl,8,80207363626.3071,3152384,385584640,22066688,1792,512,10,7
s,8,6789454770.933573,3152384,503582720,22066688,2048,512,10,7
m,8,13578909541.867146,3152384,503582720,22066688,2048,512,10,7
l,8,33947273854.667866,3152384,503582720,22066688,2048,512,10,7
xl,8,67894547709.33573,3152384,503582720,22066688,2048,512,10,7
s,8,5754198147.884734,4923520,503582720,34464640,2048,640,10,7
m,8,11508396295.769468,4923520,503582720,34464640,2048,640,10,7
l,8,28770990739.423668,4923520,503582720,34464640,2048,640,10,7
xl,8,57541981478.847336,4923520,503582720,34464640,2048,640,10,7
l,8,418371950737.87427,198272,37828608,1387904,512,128,12,7
s,8,46753336131.05297,198272,85054464,1387904,768,128,12,7
m,8,93506672262.10594,198272,85054464,1387904,768,128,12,7
l,8,233766680655.26483,198272,85054464,1387904,768,128,12,7
xl,8,467533361310.52966,198272,85054464,1387904,768,128,12,7
s,8,29098906951.93838,198272,151154688,1387904,1024,128,12,7
m,8,58197813903.87676,198272,151154688,1387904,1024,128,12,7
l,8,145494534759.69193,198272,151154688,1387904,1024,128,12,7
xl,8,290989069519.38385,198272,151154688,1387904,1024,128,12,7
s,8,19653624521.434242,198272,236129280,1387904,1280,128,12,7
m,8,39307249042.868484,198272,236129280,1387904,1280,128,12,7
l,8,98268122607.17122,198272,236129280,1387904,1280,128,12,7
xl,8,196536245214.34244,198272,236129280,1387904,1280,128,12,7
s,8,14097255726.699999,198272,339978240,1387904,1536,128,12,7
m,8,28194511453.399998,198272,339978240,1387904,1536,128,12,7
l,8,70486278633.5,198272,339978240,1387904,1536,128,12,7
xl,8,140972557267.0,198272,339978240,1387904,1536,128,12,7
s,8,10578727482.332256,198272,462701568,1387904,1792,128,12,7
m,8,21157454964.664513,198272,462701568,1387904,1792,128,12,7
l,8,52893637411.66128,198272,462701568,1387904,1792,128,12,7
xl,8,105787274823.32256,198272,462701568,1387904,1792,128,12,7
s,8,8219506321.983971,198272,604299264,1387904,2048,128,12,7
m,8,16439012643.967941,198272,604299264,1387904,2048,128,12,7
l,8,41097531609.91985,198272,604299264,1387904,2048,128,12,7
xl,8,82195063219.8397,198272,604299264,1387904,2048,128,12,7
s,8,32485589392.545467,789760,85054464,5528320,768,256,12,7
m,8,64971178785.090935,789760,85054464,5528320,768,256,12,7
l,8,162427946962.72733,789760,85054464,5528320,768,256,12,7
xl,8,324855893925.45465,789760,85054464,5528320,768,256,12,7
s,8,22852136802.763023,789760,151154688,5528320,1024,256,12,7
m,8,45704273605.52605,789760,151154688,5528320,1024,256,12,7
l,8,114260684013.81512,789760,151154688,5528320,1024,256,12,7
xl,8,228521368027.63025,789760,151154688,5528320,1024,256,12,7
s,8,16590562438.6481,789760,236129280,5528320,1280,256,12,7
m,8,33181124877.2962,789760,236129280,5528320,1280,256,12,7
l,8,82952812193.2405,789760,236129280,5528320,1280,256,12,7
xl,8,165905624386.481,789760,236129280,5528320,1280,256,12,7
s,8,12448676596.129477,789760,339978240,5528320,1536,256,12,7
m,8,24897353192.258953,789760,339978240,5528320,1536,256,12,7
l,8,62243382980.647385,789760,339978240,5528320,1536,256,12,7
xl,8,124486765961.29477,789760,339978240,5528320,1536,256,12,7
s,8,9622475639.740671,789760,462701568,5528320,1792,256,12,7
m,8,19244951279.481342,789760,462701568,5528320,1792,256,12,7
l,8,48112378198.703354,789760,462701568,5528320,1792,256,12,7
xl,8,96224756397.40671,789760,462701568,5528320,1792,256,12,7
s,8,7630335283.036605,789760,604299264,5528320,2048,256,12,7
m,8,15260670566.07321,789760,604299264,5528320,2048,256,12,7
l,8,38151676415.18302,789760,604299264,5528320,2048,256,12,7
xl,8,76303352830.36604,789760,604299264,5528320,2048,256,12,7
s,8,13267720739.31561,1774464,236129280,12421248,1280,384,12,7
m,8,26535441478.63122,1774464,236129280,12421248,1280,384,12,7
l,8,66338603696.57806,1774464,236129280,12421248,1280,384,12,7
xl,8,132677207393.15611,1774464,236129280,12421248,1280,384,12,7
s,8,10479380519.384926,1774464,339978240,12421248,1536,384,12,7
m,8,20958761038.76985,1774464,339978240,12421248,1536,384,12,7
l,8,52396902596.92463,1774464,339978240,12421248,1536,384,12,7
xl,8,104793805193.84926,1774464,339978240,12421248,1536,384,12,7
s,8,8402018151.316717,1774464,462701568,12421248,1792,384,12,7
m,8,16804036302.633434,1774464,462701568,12421248,1792,384,12,7
l,8,42010090756.58359,1774464,462701568,12421248,1792,384,12,7
xl,8,84020181513.16718,1774464,462701568,12421248,1792,384,12,7
s,8,6842214911.452434,1774464,604299264,12421248,2048,384,12,7
m,8,13684429822.904867,1774464,604299264,12421248,2048,384,12,7
l,8,34211074557.26217,1774464,604299264,12421248,2048,384,12,7
xl,8,68422149114.52434,1774464,604299264,12421248,2048,384,12,7
s,8,8604164911.417025,3152384,339978240,22066688,1536,512,12,7
m,8,17208329822.83405,3152384,339978240,22066688,1536,512,12,7
l,8,43020824557.08512,3152384,339978240,22066688,1536,512,12,7
xl,8,86041649114.17024,3152384,339978240,22066688,1536,512,12,7
s,8,7152240882.895502,3152384,462701568,22066688,1792,512,12,7
m,8,14304481765.791004,3152384,462701568,22066688,1792,512,12,7
l,8,35761204414.47751,3152384,462701568,22066688,1792,512,12,7
xl,8,71522408828.95502,3152384,462701568,22066688,1792,512,12,7
s,8,5989860364.375186,3152384,604299264,22066688,2048,512,12,7
m,8,11979720728.750372,3152384,604299264,22066688,2048,512,12,7
l,8,29949301821.875927,3152384,604299264,22066688,2048,512,12,7
xl,8,59898603643.751854,3152384,604299264,22066688,2048,512,12,7
s,8,5169355103.514061,4923520,604299264,34464640,2048,640,12,7
m,8,10338710207.028122,4923520,604299264,34464640,2048,640,12,7
l,8,25846775517.57031,4923520,604299264,34464640,2048,640,12,7
xl,8,51693551035.14062,4923520,604299264,34464640,2048,640,12,7
l,8,375163120924.9782,198272,44133376,1387904,512,128,14,7
s,8,41087578337.57686,198272,99230208,1387904,768,128,14,7
m,8,82175156675.15372,198272,99230208,1387904,768,128,14,7
l,8,205437891687.88428,198272,99230208,1387904,768,128,14,7
xl,8,410875783375.76855,198272,99230208,1387904,768,128,14,7
s,8,25330728118.60779,198272,176347136,1387904,1024,128,14,7
m,8,50661456237.21558,198272,176347136,1387904,1024,128,14,7
l,8,126653640593.03896,198272,176347136,1387904,1024,128,14,7
xl,8,253307281186.0779,198272,176347136,1387904,1024,128,14,7
s,8,17022435570.081367,198272,275484160,1387904,1280,128,14,7
m,8,34044871140.162735,198272,275484160,1387904,1280,128,14,7
l,8,85112177850.40683,198272,275484160,1387904,1280,128,14,7
xl,8,170224355700.81366,198272,275484160,1387904,1280,128,14,7
s,8,12173888314.605997,198272,396641280,1387904,1536,128,14,7
m,8,24347776629.211994,198272,396641280,1387904,1536,128,14,7
l,8,60869441573.02998,198272,396641280,1387904,1536,128,14,7
xl,8,121738883146.05997,198272,396641280,1387904,1536,128,14,7
s,8,9118362324.619244,198272,539818496,1387904,1792,128,14,7
m,8,18236724649.238487,198272,539818496,1387904,1792,128,14,7
l,8,45591811623.096214,198272,539818496,1387904,1792,128,14,7
xl,8,91183623246.19243,198272,539818496,1387904,1792,128,14,7
s,8,7075970220.241554,198272,705015808,1387904,2048,128,14,7
m,8,14151940440.483109,198272,705015808,1387904,2048,128,14,7
l,8,35379851101.20777,198272,705015808,1387904,2048,128,14,7
xl,8,70759702202.41554,198272,705015808,1387904,2048,128,14,7
s,8,29645187423.98974,789760,99230208,5528320,768,256,14,7
m,8,59290374847.97948,789760,99230208,5528320,768,256,14,7
l,8,148225937119.9487,789760,99230208,5528320,768,256,14,7
xl,8,296451874239.8974,789760,99230208,5528320,768,256,14,7
s,8,20461707796.336273,789760,176347136,5528320,1024,256,14,7
m,8,40923415592.67255,789760,176347136,5528320,1024,256,14,7
l,8,102308538981.68137,789760,176347136,5528320,1024,256,14,7
xl,8,204617077963.36273,789760,176347136,5528320,1024,256,14,7
s,8,14675660850.87838,789760,275484160,5528320,1280,256,14,7
m,8,29351321701.75676,789760,275484160,5528320,1280,256,14,7
l,8,73378304254.39189,789760,275484160,5528320,1280,256,14,7
xl,8,146756608508.78378,789760,275484160,5528320,1280,256,14,7
s,8,10924537490.041191,789760,396641280,5528320,1536,256,14,7
m,8,21849074980.082382,789760,396641280,5528320,1536,256,14,7
l,8,54622687450.205956,789760,396641280,5528320,1536,256,14,7
xl,8,109245374900.41191,789760,396641280,5528320,1536,256,14,7
s,8,8398925582.562917,789760,539818496,5528320,1792,256,14,7
m,8,16797851165.125834,789760,539818496,5528320,1792,256,14,7
l,8,41994627912.81458,789760,539818496,5528320,1792,256,14,7
xl,8,83989255825.62917,789760,539818496,5528320,1792,256,14,7
s,8,6634933636.862969,789760,705015808,5528320,2048,256,14,7
m,8,13269867273.725939,789760,705015808,5528320,2048,256,14,7
l,8,33174668184.314846,789760,705015808,5528320,2048,256,14,7
xl,8,66349336368.62969,789760,705015808,5528320,2048,256,14,7
s,8,12014076268.431755,1774464,275484160,12421248,1280,384,14,7
m,8,24028152536.86351,1774464,275484160,12421248,1280,384,14,7
l,8,60070381342.158775,1774464,275484160,12421248,1280,384,14,7
xl,8,120140762684.31755,1774464,275484160,12421248,1280,384,14,7
s,8,9377984543.580996,1774464,396641280,12421248,1536,384,14,7
m,8,18755969087.16199,1774464,396641280,12421248,1536,384,14,7
l,8,46889922717.904976,1774464,396641280,12421248,1536,384,14,7
xl,8,93779845435.80995,1774464,396641280,12421248,1536,384,14,7
s,8,7453869196.164012,1774464,539818496,12421248,1792,384,14,7
m,8,14907738392.328024,1774464,539818496,12421248,1792,384,14,7
l,8,37269345980.82006,1774464,539818496,12421248,1792,384,14,7
xl,8,74538691961.64012,1774464,539818496,12421248,1792,384,14,7
s,8,6030887600.948615,1774464,705015808,12421248,2048,384,14,7
m,8,12061775201.89723,1774464,705015808,12421248,2048,384,14,7
l,8,30154438004.743076,1774464,705015808,12421248,2048,384,14,7
xl,8,60308876009.48615,1774464,705015808,12421248,2048,384,14,7
s,8,7847444671.1205,3152384,396641280,22066688,1536,512,14,7
m,8,15694889342.241,3152384,396641280,22066688,1536,512,14,7
l,8,39237223355.6025,3152384,396641280,22066688,1536,512,14,7
xl,8,78474446711.205,3152384,396641280,22066688,1536,512,14,7
s,8,6453452845.084709,3152384,539818496,22066688,1792,512,14,7
m,8,12906905690.169418,3152384,539818496,22066688,1792,512,14,7
l,8,32267264225.42355,3152384,539818496,22066688,1792,512,14,7
xl,8,64534528450.8471,3152384,539818496,22066688,1792,512,14,7
s,8,5358759058.875014,3152384,705015808,22066688,2048,512,14,7
m,8,10717518117.750029,3152384,705015808,22066688,2048,512,14,7
l,8,26793795294.37507,3152384,705015808,22066688,2048,512,14,7
xl,8,53587590588.75014,3152384,705015808,22066688,2048,512,14,7
s,8,5511016256.968901,4923520,539818496,34464640,1792,640,14,7
m,8,11022032513.937801,4923520,539818496,34464640,1792,640,14,7
l,8,27555081284.8445,4923520,539818496,34464640,1792,640,14,7
xl,8,55110162569.689,4923520,539818496,34464640,1792,640,14,7
s,8,4692427870.438838,4923520,705015808,34464640,2048,640,14,7
m,8,9384855740.877676,4923520,705015808,34464640,2048,640,14,7
l,8,23462139352.19419,4923520,705015808,34464640,2048,640,14,7
xl,8,46924278704.38838,4923520,705015808,34464640,2048,640,14,7
s,8,68008779117.278694,198272,50438144,1387904,512,128,16,7
l,8,340043895586.39343,198272,50438144,1387904,512,128,16,7
s,8,36646596058.93711,198272,113405952,1387904,768,128,16,7
m,8,73293192117.87422,198272,113405952,1387904,768,128,16,7
l,8,183232980294.68555,198272,113405952,1387904,768,128,16,7
xl,8,366465960589.3711,198272,113405952,1387904,768,128,16,7
s,8,22426585227.662136,198272,201539584,1387904,1024,128,16,7
m,8,44853170455.32427,198272,201539584,1387904,1024,128,16,7
l,8,112132926138.31067,198272,201539584,1387904,1024,128,16,7
xl,8,224265852276.62134,198272,201539584,1387904,1024,128,16,7
s,8,15012580542.49461,198272,314839040,1387904,1280,128,16,7
m,8,30025161084.98922,198272,314839040,1387904,1280,128,16,7
l,8,75062902712.47305,198272,314839040,1387904,1280,128,16,7
xl,8,150125805424.9461,198272,314839040,1387904,1280,128,16,7
s,8,10712343413.39139,198272,453304320,1387904,1536,128,16,7
m,8,21424686826.78278,198272,453304320,1387904,1536,128,16,7
l,8,53561717066.95695,198272,453304320,1387904,1536,128,16,7
xl,8,107123434133.9139,198272,453304320,1387904,1536,128,16,7
s,8,8012287387.544342,198272,616935424,1387904,1792,128,16,7
m,8,16024574775.088684,198272,616935424,1387904,1792,128,16,7
l,8,40061436937.72171,198272,616935424,1387904,1792,128,16,7
xl,8,80122873875.44342,198272,616935424,1387904,1792,128,16,7
s,8,6211761020.33492,198272,805732352,1387904,2048,128,16,7
m,8,12423522040.66984,198272,805732352,1387904,2048,128,16,7
l,8,31058805101.674603,198272,805732352,1387904,2048,128,16,7
xl,8,62117610203.349205,198272,805732352,1387904,2048,128,16,7
s,8,27261553009.98078,789760,113405952,5528320,768,256,16,7
m,8,54523106019.96156,789760,113405952,5528320,768,256,16,7
l,8,136307765049.90392,789760,113405952,5528320,768,256,16,7
xl,8,272615530099.80783,789760,113405952,5528320,768,256,16,7
s,8,18524018093.668106,789760,201539584,5528320,1024,256,16,7
m,8,37048036187.33621,789760,201539584,5528320,1024,256,16,7
l,8,92620090468.34053,789760,201539584,5528320,1024,256,16,7
xl,8,185240180936.68106,789760,201539584,5528320,1024,256,16,7
s,8,13157058224.929699,789760,314839040,5528320,1280,256,16,7
m,8,26314116449.859398,789760,314839040,5528320,1280,256,16,7
l,8,65785291124.6485,789760,314839040,5528320,1280,256,16,7
xl,8,131570582249.297,789760,314839040,5528320,1280,256,16,7
s,8,9732901161.376484,789760,453304320,5528320,1536,256,16,7
m,8,19465802322.752968,789760,453304320,5528320,1536,256,16,7
l,8,48664505806.88242,789760,453304320,5528320,1536,256,16,7
xl,8,97329011613.76485,789760,453304320,5528320,1536,256,16,7
s,8,7451435122.560013,789760,616935424,5528320,1792,256,16,7
m,8,14902870245.120026,789760,616935424,5528320,1792,256,16,7
l,8,37257175612.800064,789760,616935424,5528320,1792,256,16,7
xl,8,74514351225.60013,789760,616935424,5528320,1792,256,16,7
s,8,5869268752.971024,789760,805732352,5528320,2048,256,16,7
m,8,11738537505.942047,789760,805732352,5528320,2048,256,16,7
l,8,29346343764.855118,789760,805732352,5528320,2048,256,16,7
xl,8,58692687529.710236,789760,805732352,5528320,2048,256,16,7
s,8,14476047006.156605,1774464,201539584,12421248,1024,384,16,7
m,8,28952094012.31321,1774464,201539584,12421248,1024,384,16,7
l,8,72380235030.78302,1774464,201539584,12421248,1024,384,16,7
xl,8,144760470061.56604,1774464,201539584,12421248,1024,384,16,7
s,8,10976888643.943277,1774464,314839040,12421248,1280,384,16,7
m,8,21953777287.886555,1774464,314839040,12421248,1280,384,16,7
l,8,54884443219.71639,1774464,314839040,12421248,1280,384,16,7
xl,8,109768886439.43279,1774464,314839040,12421248,1280,384,16,7
s,8,8486086280.822654,1774464,453304320,12421248,1536,384,16,7
m,8,16972172561.645308,1774464,453304320,12421248,1536,384,16,7
l,8,42430431404.113266,1774464,453304320,12421248,1536,384,16,7
xl,8,84860862808.22653,1774464,453304320,12421248,1536,384,16,7
s,8,6698013369.234685,1774464,616935424,12421248,1792,384,16,7
m,8,13396026738.46937,1774464,616935424,12421248,1792,384,16,7
l,8,33490066846.173424,1774464,616935424,12421248,1792,384,16,7
xl,8,66980133692.34685,1774464,616935424,12421248,1792,384,16,7
s,8,5391572669.988738,1774464,805732352,12421248,2048,384,16,7
m,8,10783145339.977476,1774464,805732352,12421248,2048,384,16,7
l,8,26957863349.94369,1774464,805732352,12421248,2048,384,16,7
xl,8,53915726699.88738,1774464,805732352,12421248,2048,384,16,7
s,8,7213068741.81461,3152384,453304320,22066688,1536,512,16,7
m,8,14426137483.62922,3152384,453304320,22066688,1536,512,16,7
l,8,36065343709.07305,3152384,453304320,22066688,1536,512,16,7
xl,8,72130687418.1461,3152384,453304320,22066688,1536,512,16,7
s,8,5879057349.122694,3152384,616935424,22066688,1792,512,16,7
m,8,11758114698.245388,3152384,616935424,22066688,1792,512,16,7
l,8,29395286745.613472,3152384,616935424,22066688,1792,512,16,7
xl,8,58790573491.226944,3152384,616935424,22066688,1792,512,16,7
s,8,4847969236.105875,3152384,805732352,22066688,2048,512,16,7
m,8,9695938472.21175,3152384,805732352,22066688,2048,512,16,7
l,8,24239846180.529377,3152384,805732352,22066688,2048,512,16,7
xl,8,48479692361.058754,3152384,805732352,22066688,2048,512,16,7
s,8,5086619431.911693,4923520,616935424,34464640,1792,640,16,7
m,8,10173238863.823385,4923520,616935424,34464640,1792,640,16,7
l,8,25433097159.55846,4923520,616935424,34464640,1792,640,16,7
xl,8,50866194319.11692,4923520,616935424,34464640,1792,640,16,7
s,8,4296070319.178779,4923520,805732352,34464640,2048,640,16,7
m,8,8592140638.357557,4923520,805732352,34464640,2048,640,16,7
l,8,21480351595.89389,4923520,805732352,34464640,2048,640,16,7
xl,8,42960703191.78778,4923520,805732352,34464640,2048,640,16,7
m,8,7547983740.314578,7087872,805732352,49615104,2048,768,16,7
l,8,18869959350.786446,7087872,805732352,49615104,2048,768,16,7
xl,8,37739918701.57289,7087872,805732352,49615104,2048,768,16,7
s,8,62187384020.5288,198272,56742912,1387904,512,128,18,7
m,8,124374768041.0576,198272,56742912,1387904,512,128,18,7
l,8,310936920102.644,198272,56742912,1387904,512,128,18,7
xl,8,621873840205.288,198272,56742912,1387904,512,128,18,7
s,8,33071985276.881306,198272,127581696,1387904,768,128,18,7
m,8,66143970553.76261,198272,127581696,1387904,768,128,18,7
l,8,165359926384.40652,198272,127581696,1387904,768,128,18,7
xl,8,330719852768.81305,198272,127581696,1387904,768,128,18,7
s,8,20119862875.89135,198272,226732032,1387904,1024,128,18,7
m,8,40239725751.7827,198272,226732032,1387904,1024,128,18,7
l,8,100599314379.45676,198272,226732032,1387904,1024,128,18,7
xl,8,201198628758.9135,198272,226732032,1387904,1024,128,18,7
s,8,13427216430.616201,198272,354193920,1387904,1280,128,18,7
m,8,26854432861.232403,198272,354193920,1387904,1280,128,18,7
l,8,67136082153.08101,198272,354193920,1387904,1280,128,18,7
xl,8,134272164306.16202,198272,354193920,1387904,1280,128,18,7
s,8,9564116536.541122,198272,509967360,1387904,1536,128,18,7
m,8,19128233073.082245,198272,509967360,1387904,1536,128,18,7
l,8,47820582682.70561,198272,509967360,1387904,1536,128,18,7
xl,8,95641165365.41122,198272,509967360,1387904,1536,128,18,7
s,8,7145521810.018982,198272,694052352,1387904,1792,128,18,7
m,8,14291043620.037964,198272,694052352,1387904,1792,128,18,7
l,8,35727609050.09491,198272,694052352,1387904,1792,128,18,7
xl,8,71455218100.18982,198272,694052352,1387904,1792,128,18,7
s,8,5535672894.697242,198272,906448896,1387904,2048,128,18,7
m,8,11071345789.394484,198272,906448896,1387904,2048,128,18,7
l,8,27678364473.48621,198272,906448896,1387904,2048,128,18,7
xl,8,55356728946.97242,198272,906448896,1387904,2048,128,18,7
s,8,25232706108.817963,789760,127581696,5528320,768,256,18,7
m,8,50465412217.635925,789760,127581696,5528320,768,256,18,7
l,8,126163530544.08981,789760,127581696,5528320,768,256,18,7
xl,8,252327061088.17963,789760,127581696,5528320,768,256,18,7
s,8,16921573246.04509,789760,226732032,5528320,1024,256,18,7
m,8,33843146492.09018,789760,226732032,5528320,1024,256,18,7
l,8,84607866230.22545,789760,226732032,5528320,1024,256,18,7
xl,8,169215732460.4509,789760,226732032,5528320,1024,256,18,7
s,8,11923266814.858564,789760,354193920,5528320,1280,256,18,7
m,8,23846533629.71713,789760,354193920,5528320,1280,256,18,7
l,8,59616334074.29282,789760,354193920,5528320,1280,256,18,7
xl,8,119232668148.58565,789760,354193920,5528320,1280,256,18,7
s,8,8775661790.206923,789760,509967360,5528320,1536,256,18,7
m,8,17551323580.413845,789760,509967360,5528320,1536,256,18,7
l,8,43878308951.034615,789760,509967360,5528320,1536,256,18,7
xl,8,87756617902.06923,789760,509967360,5528320,1536,256,18,7
s,8,6696047853.2792,789760,694052352,5528320,1792,256,18,7
m,8,13392095706.5584,789760,694052352,5528320,1792,256,18,7
l,8,33480239266.395996,789760,694052352,5528320,1792,256,18,7
xl,8,66960478532.79199,789760,694052352,5528320,1792,256,18,7
s,8,5262035031.850887,789760,906448896,5528320,2048,256,18,7
m,8,10524070063.701775,789760,906448896,5528320,2048,256,18,7
l,8,26310175159.254436,789760,906448896,5528320,2048,256,18,7
xl,8,52620350318.50887,789760,906448896,5528320,2048,256,18,7
s,8,13478574135.069115,1774464,226732032,12421248,1024,384,18,7
m,8,26957148270.13823,1774464,226732032,12421248,1024,384,18,7
l,8,67392870675.34557,1774464,226732032,12421248,1024,384,18,7
xl,8,134785741350.69115,1774464,226732032,12421248,1024,384,18,7
s,8,10104552205.856081,1774464,354193920,12421248,1280,384,18,7
m,8,20209104411.712162,1774464,354193920,12421248,1280,384,18,7
l,8,50522761029.2804,1774464,354193920,12421248,1280,384,18,7
xl,8,101045522058.5608,1774464,354193920,12421248,1280,384,18,7
s,8,7749103614.690268,1774464,509967360,12421248,1536,384,18,7
m,8,15498207229.380535,1774464,509967360,12421248,1536,384,18,7
l,8,38745518073.45133,1774464,509967360,12421248,1536,384,18,7
xl,8,77491036146.90266,1774464,509967360,12421248,1536,384,18,7
s,8,6081338338.128834,1774464,694052352,12421248,1792,384,18,7
m,8,12162676676.257668,1774464,694052352,12421248,1792,384,18,7
l,8,30406691690.64417,1774464,694052352,12421248,1792,384,18,7
xl,8,60813383381.28834,1774464,694052352,12421248,1792,384,18,7
s,8,4874809814.16991,1774464,906448896,12421248,2048,384,18,7
m,8,9749619628.33982,1774464,906448896,12421248,2048,384,18,7
l,8,24374049070.84955,1774464,906448896,12421248,2048,384,18,7
xl,8,48748098141.6991,1774464,906448896,12421248,2048,384,18,7
s,8,8349852681.879163,3152384,354193920,22066688,1280,512,18,7
m,8,16699705363.758326,3152384,354193920,22066688,1280,512,18,7
l,8,41749263409.39581,3152384,354193920,22066688,1280,512,18,7
xl,8,83498526818.79163,3152384,354193920,22066688,1280,512,18,7
s,8,6673585840.466062,3152384,509967360,22066688,1536,512,18,7
m,8,13347171680.932123,3152384,509967360,22066688,1536,512,18,7
l,8,33367929202.33031,3152384,509967360,22066688,1536,512,18,7
xl,8,66735858404.66062,3152384,509967360,22066688,1536,512,18,7
s,8,5398554085.824399,3152384,694052352,22066688,1792,512,18,7
m,8,10797108171.648798,3152384,694052352,22066688,1792,512,18,7
l,8,26992770429.121994,3152384,694052352,22066688,1792,512,18,7
xl,8,53985540858.24399,3152384,694052352,22066688,1792,512,18,7
s,8,4426081047.280177,3152384,906448896,22066688,2048,512,18,7
m,8,8852162094.560354,3152384,906448896,22066688,2048,512,18,7
l,8,22130405236.400883,3152384,906448896,22066688,2048,512,18,7
xl,8,44260810472.801765,3152384,906448896,22066688,2048,512,18,7
s,8,5670753510.672767,4923520,509967360,34464640,1536,640,18,7
m,8,11341507021.345533,4923520,509967360,34464640,1536,640,18,7
l,8,28353767553.36383,4923520,509967360,34464640,1536,640,18,7
xl,8,56707535106.72766,4923520,509967360,34464640,1536,640,18,7
s,8,4722913467.837375,4923520,694052352,34464640,1792,640,18,7
m,8,9445826935.67475,4923520,694052352,34464640,1792,640,18,7
l,8,23614567339.186874,4923520,694052352,34464640,1792,640,18,7
xl,8,47229134678.37375,4923520,694052352,34464640,1792,640,18,7
m,8,7922912219.139893,4923520,906448896,34464640,2048,640,18,7
l,8,19807280547.84973,4923520,906448896,34464640,2048,640,18,7
xl,8,39614561095.69946,4923520,906448896,34464640,2048,640,18,7
m,8,7026592335.43805,7087872,906448896,49615104,2048,768,18,7
l,8,17566480838.595127,7087872,906448896,49615104,2048,768,18,7
xl,8,35132961677.190254,7087872,906448896,49615104,2048,768,18,7
s,8,57284004931.00714,198272,63047680,1387904,512,128,20,7
m,8,114568009862.01428,198272,63047680,1387904,512,128,20,7
l,8,286420024655.0357,198272,63047680,1387904,512,128,20,7
xl,8,572840049310.0714,198272,63047680,1387904,512,128,20,7
s,8,30132752855.982315,198272,141757440,1387904,768,128,20,7
m,8,60265505711.96463,198272,141757440,1387904,768,128,20,7
l,8,150663764279.9116,198272,141757440,1387904,768,128,20,7
xl,8,301327528559.8232,198272,141757440,1387904,768,128,20,7
s,8,18243407926.979664,198272,251924480,1387904,1024,128,20,7
m,8,36486815853.95933,198272,251924480,1387904,1024,128,20,7
l,8,91217039634.89833,198272,251924480,1387904,1024,128,20,7
xl,8,182434079269.79666,198272,251924480,1387904,1024,128,20,7
s,8,12144706608.17776,198272,393548800,1387904,1280,128,20,7
m,8,24289413216.35552,198272,393548800,1387904,1280,128,20,7
l,8,60723533040.8888,198272,393548800,1387904,1280,128,20,7
xl,8,121447066081.7776,198272,393548800,1387904,1280,128,20,7
s,8,8638210328.673536,198272,566630400,1387904,1536,128,20,7
m,8,17276420657.347073,198272,566630400,1387904,1536,128,20,7
l,8,43191051643.36768,198272,566630400,1387904,1536,128,20,7
xl,8,86382103286.73537,198272,566630400,1387904,1536,128,20,7
s,8,6447982065.324764,198272,771169280,1387904,1792,128,20,7
m,8,12895964130.649529,198272,771169280,1387904,1792,128,20,7
l,8,32239910326.62382,198272,771169280,1387904,1792,128,20,7
xl,8,64479820653.24764,198272,771169280,1387904,1792,128,20,7
s,8,4992309845.913355,198272,1007165440,1387904,2048,128,20,7
m,8,9984619691.82671,198272,1007165440,1387904,2048,128,20,7
l,8,24961549229.566776,198272,1007165440,1387904,2048,128,20,7
xl,8,49923098459.13355,198272,1007165440,1387904,2048,128,20,7
s,8,23484921928.604336,789760,141757440,5528320,768,256,20,7
m,8,46969843857.20867,789760,141757440,5528320,768,256,20,7
l,8,117424609643.02167,789760,141757440,5528320,768,256,20,7
xl,8,234849219286.04333,789760,141757440,5528320,768,256,20,7
s,8,15574297873.273558,789760,251924480,5528320,1024,256,20,7
m,8,31148595746.547115,789760,251924480,5528320,1024,256,20,7
l,8,77871489366.36778,789760,251924480,5528320,1024,256,20,7
xl,8,155742978732.73557,789760,251924480,5528320,1024,256,20,7
s,8,10901032231.82327,789760,393548800,5528320,1280,256,20,7
m,8,21802064463.64654,789760,393548800,5528320,1280,256,20,7
l,8,54505161159.11635,789760,393548800,5528320,1280,256,20,7
xl,8,109010322318.2327,789760,393548800,5528320,1280,256,20,7
s,8,7989852759.158225,789760,566630400,5528320,1536,256,20,7
m,8,15979705518.31645,789760,566630400,5528320,1536,256,20,7
l,8,39949263795.79112,789760,566630400,5528320,1536,256,20,7
xl,8,79898527591.58224,789760,566630400,5528320,1536,256,20,7
s,8,6079718041.159594,789760,771169280,5528320,1792,256,20,7
m,8,12159436082.319187,789760,771169280,5528320,1792,256,20,7
l,8,30398590205.79797,789760,771169280,5528320,1792,256,20,7
xl,8,60797180411.59594,789760,771169280,5528320,1792,256,20,7
s,8,4768669187.270751,789760,1007165440,5528320,2048,256,20,7
m,8,9537338374.541502,789760,1007165440,5528320,2048,256,20,7
l,8,23843345936.353756,789760,1007165440,5528320,2048,256,20,7
xl,8,47686691872.70751,789760,1007165440,5528320,2048,256,20,7
s,8,12609701884.454376,1774464,251924480,12421248,1024,384,20,7
m,8,25219403768.908752,1774464,251924480,12421248,1024,384,20,7
l,8,63048509422.27188,1774464,251924480,12421248,1024,384,20,7
xl,8,126097018844.54376,1774464,251924480,12421248,1024,384,20,7
s,8,9360658067.74151,1774464,393548800,12421248,1280,384,20,7
m,8,18721316135.48302,1774464,393548800,12421248,1280,384,20,7
l,8,46803290338.70755,1774464,393548800,12421248,1280,384,20,7
xl,8,93606580677.4151,1774464,393548800,12421248,1280,384,20,7
s,8,7129900280.644283,1774464,566630400,12421248,1536,384,20,7
m,8,14259800561.288567,1774464,566630400,12421248,1536,384,20,7
l,8,35649501403.22141,1774464,566630400,12421248,1536,384,20,7
xl,8,71299002806.44283,1774464,566630400,12421248,1536,384,20,7
s,8,5568642608.170437,1774464,771169280,12421248,1792,384,20,7
m,8,11137285216.340874,1774464,771169280,12421248,1792,384,20,7
l,8,27843213040.852184,1774464,771169280,12421248,1792,384,20,7
xl,8,55686426081.70437,1774464,771169280,12421248,1792,384,20,7
s,8,4448442586.015619,1774464,1007165440,12421248,2048,384,20,7
m,8,8896885172.031239,1774464,1007165440,12421248,2048,384,20,7
l,8,22242212930.0781,1774464,1007165440,12421248,2048,384,20,7
xl,8,44484425860.1562,1774464,1007165440,12421248,2048,384,20,7
s,8,7835308583.285945,3152384,393548800,22066688,1280,512,20,7
m,8,15670617166.57189,3152384,393548800,22066688,1280,512,20,7
l,8,39176542916.429726,3152384,393548800,22066688,1280,512,20,7
xl,8,78353085832.85945,3152384,393548800,22066688,1280,512,20,7
s,8,6209185780.030703,3152384,566630400,22066688,1536,512,20,7
m,8,12418371560.061405,3152384,566630400,22066688,1536,512,20,7
l,8,31045928900.15351,3152384,566630400,22066688,1536,512,20,7
xl,8,62091857800.30702,3152384,566630400,22066688,1536,512,20,7
s,8,4990660677.235049,3152384,771169280,22066688,1792,512,20,7
m,8,9981321354.470098,3152384,771169280,22066688,1792,512,20,7
l,8,24953303386.175247,3152384,771169280,22066688,1792,512,20,7
xl,8,49906606772.350494,3152384,771169280,22066688,1792,512,20,7
s,8,4071742937.9039006,3152384,1007165440,22066688,2048,512,20,7
m,8,8143485875.807801,3152384,1007165440,22066688,2048,512,20,7
l,8,20358714689.519505,3152384,1007165440,22066688,2048,512,20,7
xl,8,40717429379.03901,3152384,1007165440,22066688,2048,512,20,7
s,8,5331893295.59206,4923520,566630400,34464640,1536,640,20,7
m,8,10663786591.18412,4923520,566630400,34464640,1536,640,20,7
l,8,26659466477.9603,4923520,566630400,34464640,1536,640,20,7
xl,8,53318932955.9206,4923520,566630400,34464640,1536,640,20,7
s,8,4407748469.188956,4923520,771169280,34464640,1792,640,20,7
m,8,8815496938.377913,4923520,771169280,34464640,1792,640,20,7
l,8,22038742345.944782,4923520,771169280,34464640,1792,640,20,7
xl,8,44077484691.889565,4923520,771169280,34464640,1792,640,20,7
m,8,7350400964.372606,4923520,1007165440,34464640,2048,640,20,7
l,8,18376002410.931515,4923520,1007165440,34464640,2048,640,20,7
xl,8,36752004821.86303,4923520,1007165440,34464640,2048,640,20,7
m,8,7719809215.722966,7087872,771169280,49615104,1792,768,20,7
l,8,19299523039.307415,7087872,771169280,49615104,1792,768,20,7
xl,8,38599046078.61483,7087872,771169280,49615104,1792,768,20,7
l,8,16431447213.515745,7087872,1007165440,49615104,2048,768,20,7
xl,8,32862894427.03149,7087872,1007165440,49615104,2048,768,20,7
l,8,14611477083.80353,9645440,1007165440,67518080,2048,896,20,7
xl,8,29222954167.60706,9645440,1007165440,67518080,2048,896,20,7
s,8,53097360169.16394,198272,69352448,1387904,512,128,22,7
m,8,106194720338.32788,198272,69352448,1387904,512,128,22,7
l,8,265486800845.8197,198272,69352448,1387904,512,128,22,7
xl,8,530973601691.6394,198272,69352448,1387904,512,128,22,7
s,8,27673320218.393414,198272,155933184,1387904,768,128,22,7
m,8,55346640436.78683,198272,155933184,1387904,768,128,22,7
l,8,138366601091.96707,198272,155933184,1387904,768,128,22,7
xl,8,276733202183.93414,198272,155933184,1387904,768,128,22,7
s,8,16687105032.910976,198272,277116928,1387904,1024,128,22,7
m,8,33374210065.821953,198272,277116928,1387904,1024,128,22,7
l,8,83435525164.55489,198272,277116928,1387904,1024,128,22,7
xl,8,166871050329.10977,198272,277116928,1387904,1024,128,22,7
s,8,11085835406.384554,198272,432903680,1387904,1280,128,22,7
m,8,22171670812.769108,198272,432903680,1387904,1280,128,22,7
l,8,55429177031.922775,198272,432903680,1387904,1280,128,22,7
xl,8,110858354063.84555,198272,432903680,1387904,1280,128,22,7
s,8,7875755111.648595,198272,623293440,1387904,1536,128,22,7
m,8,15751510223.29719,198272,623293440,1387904,1536,128,22,7
l,8,39378775558.24297,198272,623293440,1387904,1536,128,22,7
xl,8,78757551116.48595,198272,623293440,1387904,1536,128,22,7
s,8,5874516750.50307,198272,848286208,1387904,1792,128,22,7
m,8,11749033501.00614,198272,848286208,1387904,1792,128,22,7
l,8,29372583752.51535,198272,848286208,1387904,1792,128,22,7
xl,8,58745167505.0307,198272,848286208,1387904,1792,128,22,7
s,8,4546081739.422523,198272,1107881984,1387904,2048,128,22,7
m,8,9092163478.845045,198272,1107881984,1387904,2048,128,22,7
l,8,22730408697.112614,198272,1107881984,1387904,2048,128,22,7
xl,8,45460817394.22523,198272,1107881984,1387904,2048,128,22,7
s,8,21963579114.569057,789760,155933184,5528320,768,256,22,7
m,8,43927158229.138115,789760,155933184,5528320,768,256,22,7
l,8,109817895572.84529,789760,155933184,5528320,768,256,22,7
xl,8,219635791145.69058,789760,155933184,5528320,768,256,22,7
s,8,14425737916.886515,789760,277116928,5528320,1024,256,22,7
m,8,28851475833.77303,789760,277116928,5528320,1024,256,22,7
l,8,72128689584.43257,789760,277116928,5528320,1024,256,22,7
xl,8,144257379168.86514,789760,277116928,5528320,1024,256,22,7
s,8,10040238061.273405,789760,432903680,5528320,1280,256,22,7
m,8,20080476122.54681,789760,432903680,5528320,1280,256,22,7
l,8,50201190306.36702,789760,432903680,5528320,1280,256,22,7
xl,8,100402380612.73404,789760,432903680,5528320,1280,256,22,7
s,8,7333207084.84016,789760,623293440,5528320,1536,256,22,7
m,8,14666414169.68032,789760,623293440,5528320,1536,256,22,7
l,8,36666035424.200806,789760,623293440,5528320,1536,256,22,7
xl,8,73332070848.40161,789760,623293440,5528320,1536,256,22,7
s,8,5567283967.11294,789760,848286208,5528320,1792,256,22,7
m,8,11134567934.22588,789760,848286208,5528320,1792,256,22,7
l,8,27836419835.5647,789760,848286208,5528320,1792,256,22,7
xl,8,55672839671.1294,789760,848286208,5528320,1792,256,22,7
s,8,4359888191.539306,789760,1107881984,5528320,2048,256,22,7
m,8,8719776383.078611,789760,1107881984,5528320,2048,256,22,7
l,8,21799440957.69653,789760,1107881984,5528320,2048,256,22,7
xl,8,43598881915.39306,789760,1107881984,5528320,2048,256,22,7
s,8,11846066338.350569,1774464,277116928,12421248,1024,384,22,7
m,8,23692132676.701138,1774464,277116928,12421248,1024,384,22,7
l,8,59230331691.752846,1774464,277116928,12421248,1024,384,22,7
xl,8,118460663383.50569,1774464,277116928,12421248,1024,384,22,7
s,8,8718783789.646576,1774464,432903680,12421248,1280,384,22,7
m,8,17437567579.29315,1774464,432903680,12421248,1280,384,22,7
l,8,43593918948.23289,1774464,432903680,12421248,1280,384,22,7
xl,8,87187837896.46577,1774464,432903680,12421248,1280,384,22,7
s,8,6602331436.404284,1774464,623293440,12421248,1536,384,22,7
m,8,13204662872.808567,1774464,623293440,12421248,1536,384,22,7
l,8,33011657182.02142,1774464,623293440,12421248,1536,384,22,7
xl,8,66023314364.04284,1774464,623293440,12421248,1536,384,22,7
s,8,5135672554.119512,1774464,848286208,12421248,1792,384,22,7
m,8,10271345108.239023,1774464,848286208,12421248,1792,384,22,7
l,8,25678362770.59756,1774464,848286208,12421248,1792,384,22,7
xl,8,51356725541.19512,1774464,848286208,12421248,1792,384,22,7
s,8,4090659754.040737,1774464,1107881984,12421248,2048,384,22,7
m,8,8181319508.081474,1774464,1107881984,12421248,2048,384,22,7
l,8,20453298770.203686,1774464,1107881984,12421248,2048,384,22,7
xl,8,40906597540.40737,1774464,1107881984,12421248,2048,384,22,7
s,8,7380499091.785304,3152384,432903680,22066688,1280,512,22,7
m,8,14760998183.570608,3152384,432903680,22066688,1280,512,22,7
l,8,36902495458.92652,3152384,432903680,22066688,1280,512,22,7
xl,8,73804990917.85304,3152384,432903680,22066688,1280,512,22,7
s,8,5805213806.48891,3152384,623293440,22066688,1536,512,22,7
m,8,11610427612.97782,3152384,623293440,22066688,1536,512,22,7
l,8,29026069032.44455,3152384,623293440,22066688,1536,512,22,7
xl,8,58052138064.8891,3152384,623293440,22066688,1536,512,22,7
s,8,4640074953.914776,3152384,848286208,22066688,1792,512,22,7
m,8,9280149907.829552,3152384,848286208,22066688,1792,512,22,7
l,8,23200374769.57388,3152384,848286208,22066688,1792,512,22,7
xl,8,46400749539.14776,3152384,848286208,22066688,1792,512,22,7
m,8,7539867805.005749,3152384,1107881984,22066688,2048,512,22,7
l,8,18849669512.51437,3152384,1107881984,22066688,2048,512,22,7
xl,8,37699339025.02874,3152384,1107881984,22066688,2048,512,22,7
s,8,5031247265.517111,4923520,623293440,34464640,1536,640,22,7
m,8,10062494531.034222,4923520,623293440,34464640,1536,640,22,7
l,8,25156236327.585556,4923520,623293440,34464640,1536,640,22,7
xl,8,50312472655.17111,4923520,623293440,34464640,1536,640,22,7
s,8,4132014764.449044,4923520,848286208,34464640,1792,640,22,7
m,8,8264029528.898088,4923520,848286208,34464640,1792,640,22,7
l,8,20660073822.24522,4923520,848286208,34464640,1792,640,22,7
xl,8,41320147644.49044,4923520,848286208,34464640,1792,640,22,7
m,8,6855053405.527466,4923520,1107881984,34464640,2048,640,22,7
l,8,17137633513.818663,4923520,1107881984,34464640,2048,640,22,7
xl,8,34275267027.637325,4923520,1107881984,34464640,2048,640,22,7
m,8,7293593634.104797,7087872,848286208,49615104,1792,768,22,7
l,8,18233984085.261993,7087872,848286208,49615104,1792,768,22,7
xl,8,36467968170.52399,7087872,848286208,49615104,1792,768,22,7
l,8,15434188668.905191,7087872,1107881984,49615104,2048,768,22,7
xl,8,30868377337.810383,7087872,1107881984,49615104,2048,768,22,7
l,8,13817562630.589785,9645440,1107881984,67518080,2048,896,22,7
xl,8,27635125261.17957,9645440,1107881984,67518080,2048,896,22,7
s,8,49481003648.92713,198272,75657216,1387904,512,128,24,7
m,8,98962007297.85426,198272,75657216,1387904,512,128,24,7
l,8,247405018244.63565,198272,75657216,1387904,512,128,24,7
xl,8,494810036489.2713,198272,75657216,1387904,512,128,24,7
s,8,25585069126.76317,198272,170108928,1387904,768,128,24,7
m,8,51170138253.52634,198272,170108928,1387904,768,128,24,7
l,8,127925345633.81584,198272,170108928,1387904,768,128,24,7
xl,8,255850691267.63168,198272,170108928,1387904,768,128,24,7
s,8,15375460126.019732,198272,302309376,1387904,1024,128,24,7
m,8,30750920252.039463,198272,302309376,1387904,1024,128,24,7
l,8,76877300630.09866,198272,302309376,1387904,1024,128,24,7
xl,8,153754601260.19733,198272,302309376,1387904,1024,128,24,7
s,8,10196798205.363516,198272,472258560,1387904,1280,128,24,7
m,8,20393596410.72703,198272,472258560,1387904,1280,128,24,7
l,8,50983991026.81758,198272,472258560,1387904,1280,128,24,7
xl,8,101967982053.63516,198272,472258560,1387904,1280,128,24,7
s,8,7236980064.956818,198272,679956480,1387904,1536,128,24,7
m,8,14473960129.913635,198272,679956480,1387904,1536,128,24,7
l,8,36184900324.78409,198272,679956480,1387904,1536,128,24,7
xl,8,72369800649.56818,198272,679956480,1387904,1536,128,24,7
s,8,5394725132.712397,198272,925403136,1387904,1792,128,24,7
m,8,10789450265.424793,198272,925403136,1387904,1792,128,24,7
l,8,26973625663.56198,198272,925403136,1387904,1792,128,24,7
xl,8,53947251327.12396,198272,925403136,1387904,1792,128,24,7
s,8,4173079019.8886275,198272,1208598528,1387904,2048,128,24,7
m,8,8346158039.777255,198272,1208598528,1387904,2048,128,24,7
l,8,20865395099.44314,198272,1208598528,1387904,2048,128,24,7
xl,8,41730790198.88628,198272,1208598528,1387904,2048,128,24,7
s,8,20627348629.915,789760,170108928,5528320,768,256,24,7
m,8,41254697259.83,789760,170108928,5528320,768,256,24,7
l,8,103136743149.57501,789760,170108928,5528320,768,256,24,7
xl,8,206273486299.15002,789760,170108928,5528320,768,256,24,7
s,8,13434948837.565235,789760,302309376,5528320,1024,256,24,7
m,8,26869897675.13047,789760,302309376,5528320,1024,256,24,7
l,8,67174744187.82617,789760,302309376,5528320,1024,256,24,7
xl,8,134349488375.65234,789760,302309376,5528320,1024,256,24,7
s,8,9305439051.458632,789760,472258560,5528320,1280,256,24,7
m,8,18610878102.917263,789760,472258560,5528320,1280,256,24,7
l,8,46527195257.29316,789760,472258560,5528320,1280,256,24,7
xl,8,93054390514.58632,789760,472258560,5528320,1280,256,24,7
s,8,6776297400.742422,789760,679956480,5528320,1536,256,24,7
m,8,13552594801.484844,789760,679956480,5528320,1536,256,24,7
l,8,33881487003.71211,789760,679956480,5528320,1536,256,24,7
xl,8,67762974007.42422,789760,679956480,5528320,1536,256,24,7
s,8,5134516950.395966,789760,925403136,5528320,1792,256,24,7
m,8,10269033900.791931,789760,925403136,5528320,1792,256,24,7
l,8,25672584751.979828,789760,925403136,5528320,1792,256,24,7
xl,8,51345169503.959656,789760,925403136,5528320,1792,256,24,7
s,8,4015657079.076576,789760,1208598528,5528320,2048,256,24,7
m,8,8031314158.153152,789760,1208598528,5528320,2048,256,24,7
l,8,20078285395.38288,789760,1208598528,5528320,2048,256,24,7
xl,8,40156570790.76576,789760,1208598528,5528320,2048,256,24,7
s,8,11169640024.84128,1774464,302309376,12421248,1024,384,24,7
m,8,22339280049.68256,1774464,302309376,12421248,1024,384,24,7
l,8,55848200124.2064,1774464,302309376,12421248,1024,384,24,7
xl,8,111696400248.4128,1774464,302309376,12421248,1024,384,24,7
s,8,8159289167.949634,1774464,472258560,12421248,1280,384,24,7
m,8,16318578335.899267,1774464,472258560,12421248,1280,384,24,7
l,8,40796445839.74817,1774464,472258560,12421248,1280,384,24,7
xl,8,81592891679.49634,1774464,472258560,12421248,1280,384,24,7
s,8,6147457337.8755665,1774464,679956480,12421248,1536,384,24,7
m,8,12294914675.751133,1774464,679956480,12421248,1536,384,24,7
l,8,30737286689.377834,1774464,679956480,12421248,1536,384,24,7
xl,8,61474573378.75567,1774464,679956480,12421248,1536,384,24,7
s,8,4765173398.560552,1774464,925403136,12421248,1792,384,24,7
m,8,9530346797.121103,1774464,925403136,12421248,1792,384,24,7
l,8,23825866992.802757,1774464,925403136,12421248,1792,384,24,7
xl,8,47651733985.605515,1774464,925403136,12421248,1792,384,24,7
m,8,7572289467.181606,1774464,1208598528,12421248,2048,384,24,7
l,8,18930723667.954018,1774464,1208598528,12421248,2048,384,24,7
xl,8,37861447335.908035,1774464,1208598528,12421248,2048,384,24,7
s,8,6975592791.455893,3152384,472258560,22066688,1280,512,24,7
m,8,13951185582.911785,3152384,472258560,22066688,1280,512,24,7
l,8,34877963957.27946,3152384,472258560,22066688,1280,512,24,7
xl,8,69755927914.55891,3152384,472258560,22066688,1280,512,24,7
s,8,5450595972.524113,3152384,679956480,22066688,1536,512,24,7
m,8,10901191945.048225,3152384,679956480,22066688,1536,512,24,7
l,8,27252979862.620564,3152384,679956480,22066688,1536,512,24,7
xl,8,54505959725.24113,3152384,679956480,22066688,1536,512,24,7
s,8,4335512327.144857,3152384,925403136,22066688,1792,512,24,7
m,8,8671024654.289715,3152384,925403136,22066688,1792,512,24,7
l,8,21677561635.72429,3152384,925403136,22066688,1792,512,24,7
xl,8,43355123271.44858,3152384,925403136,22066688,1792,512,24,7
m,8,7019558399.019553,3152384,1208598528,22066688,2048,512,24,7
l,8,17548895997.54888,3152384,1208598528,22066688,2048,512,24,7
xl,8,35097791995.09776,3152384,1208598528,22066688,2048,512,24,7
s,8,4762696185.93383,4923520,679956480,34464640,1536,640,24,7
m,8,9525392371.86766,4923520,679956480,34464640,1536,640,24,7
l,8,23813480929.66915,4923520,679956480,34464640,1536,640,24,7
xl,8,47626961859.3383,4923520,679956480,34464640,1536,640,24,7
m,8,7777495921.325589,4923520,925403136,34464640,1792,640,24,7
l,8,19443739803.313972,4923520,925403136,34464640,1792,640,24,7
xl,8,38887479606.627945,4923520,925403136,34464640,1792,640,24,7
l,8,16055635422.708403,4923520,1208598528,34464640,2048,640,24,7
xl,8,32111270845.416805,4923520,1208598528,34464640,2048,640,24,7
m,8,6911978879.646744,7087872,925403136,49615104,1792,768,24,7
l,8,17279947199.11686,7087872,925403136,49615104,1792,768,24,7
xl,8,34559894398.23372,7087872,925403136,49615104,1792,768,24,7
l,8,14551055019.005774,7087872,1208598528,49615104,2048,768,24,7
xl,8,29102110038.011547,7087872,1208598528,49615104,2048,768,24,7
l,8,13105476692.737968,9645440,1208598528,67518080,2048,896,24,7
xl,8,26210953385.475937,9645440,1208598528,67518080,2048,896,24,7
l,8,539955870486.6169,198272,25192448,1586176,1024,128,2,8
l,8,416228793975.40454,198272,39354880,1586176,1280,128,2,8
s,8,65125128817.5048,198272,56663040,1586176,1536,128,2,8
m,8,130250257635.0096,198272,56663040,1586176,1536,128,2,8
l,8,325625644087.524,198272,56663040,1586176,1536,128,2,8
xl,8,651251288175.048,198272,56663040,1586176,1536,128,2,8
s,8,51847556569.83202,198272,77116928,1586176,1792,128,2,8
m,8,103695113139.66405,198272,77116928,1586176,1792,128,2,8
l,8,259237782849.16013,198272,77116928,1586176,1792,128,2,8
xl,8,518475565698.32025,198272,77116928,1586176,1792,128,2,8
s,8,42000232513.28719,198272,100716544,1586176,2048,128,2,8
m,8,84000465026.57439,198272,100716544,1586176,2048,128,2,8
l,8,210001162566.43597,198272,100716544,1586176,2048,128,2,8
xl,8,420002325132.87195,198272,100716544,1586176,2048,128,2,8
s,8,29093827360.48695,789760,100716544,6318080,2048,256,2,8
m,8,58187654720.9739,789760,100716544,6318080,2048,256,2,8
l,8,145469136802.43475,789760,100716544,6318080,2048,256,2,8
xl,8,290938273604.8695,789760,100716544,6318080,2048,256,2,8
l,8,497678825955.74243,198272,28351488,1586176,768,128,4,8
s,8,69578731396.0388,198272,50384896,1586176,1024,128,4,8
l,8,347893656980.194,198272,50384896,1586176,1024,128,4,8
s,8,50308329691.01026,198272,78709760,1586176,1280,128,4,8
m,8,100616659382.02052,198272,78709760,1586176,1280,128,4,8
l,8,251541648455.05133,198272,78709760,1586176,1280,128,4,8
xl,8,503083296910.10266,198272,78709760,1586176,1280,128,4,8
s,8,37647359293.74759,198272,113326080,1586176,1536,128,4,8
m,8,75294718587.49518,198272,113326080,1586176,1536,128,4,8
l,8,188236796468.73795,198272,113326080,1586176,1536,128,4,8
xl,8,376473592937.4759,198272,113326080,1586176,1536,128,4,8
s,8,29047137695.05153,198272,154233856,1586176,1792,128,4,8
m,8,58094275390.10306,198272,154233856,1586176,1792,128,4,8
l,8,145235688475.25766,198272,154233856,1586176,1792,128,4,8
xl,8,290471376950.5153,198272,154233856,1586176,1792,128,4,8
s,8,23003862808.642826,198272,201433088,1586176,2048,128,4,8
m,8,46007725617.28565,198272,201433088,1586176,2048,128,4,8
l,8,115019314043.21414,198272,201433088,1586176,2048,128,4,8
xl,8,230038628086.42828,198272,201433088,1586176,2048,128,4,8
s,8,26936427445.33198,789760,113326080,6318080,1536,256,4,8
m,8,53872854890.66396,789760,113326080,6318080,1536,256,4,8
l,8,134682137226.65991,789760,113326080,6318080,1536,256,4,8
xl,8,269364274453.31982,789760,113326080,6318080,1536,256,4,8
s,8,22227675411.923283,789760,154233856,6318080,1792,256,4,8
m,8,44455350823.846565,789760,154233856,6318080,1792,256,4,8
l,8,111138377059.61641,789760,154233856,6318080,1792,256,4,8
xl,8,222276754119.23282,789760,154233856,6318080,1792,256,4,8
s,8,18507167455.812286,789760,201433088,6318080,2048,256,4,8
m,8,37014334911.62457,789760,201433088,6318080,2048,256,4,8
l,8,92535837279.06143,789760,201433088,6318080,2048,256,4,8
xl,8,185071674558.12286,789760,201433088,6318080,2048,256,4,8
s,8,14082599742.547544,1774464,201433088,14195712,2048,384,4,8
m,8,28165199485.09509,1774464,201433088,14195712,2048,384,4,8
l,8,70412998712.73772,1774464,201433088,14195712,2048,384,4,8
xl,8,140825997425.47543,1774464,201433088,14195712,2048,384,4,8
l,8,384732343247.73193,198272,42527232,1586176,768,128,6,8
s,8,51323109769.86717,198272,75577344,1586176,1024,128,6,8
m,8,102646219539.73434,198272,75577344,1586176,1024,128,6,8
l,8,256615548849.33588,198272,75577344,1586176,1024,128,6,8
xl,8,513231097698.67175,198272,75577344,1586176,1024,128,6,8
s,8,36046136748.08479,198272,118064640,1586176,1280,128,6,8
m,8,72092273496.16959,198272,118064640,1586176,1280,128,6,8
l,8,180230683740.42398,198272,118064640,1586176,1280,128,6,8
xl,8,360461367480.84796,198272,118064640,1586176,1280,128,6,8
s,8,26476375659.526516,198272,169989120,1586176,1536,128,6,8
m,8,52952751319.05303,198272,169989120,1586176,1536,128,6,8
l,8,132381878297.63258,198272,169989120,1586176,1536,128,6,8
xl,8,264763756595.26517,198272,169989120,1586176,1536,128,6,8
s,8,20175002816.430393,198272,231350784,1586176,1792,128,6,8
m,8,40350005632.86079,198272,231350784,1586176,1792,128,6,8
l,8,100875014082.15196,198272,231350784,1586176,1792,128,6,8
xl,8,201750028164.30392,198272,231350784,1586176,1792,128,6,8
s,8,15839695188.508846,198272,302149632,1586176,2048,128,6,8
m,8,31679390377.017693,198272,302149632,1586176,2048,128,6,8
l,8,79198475942.54424,198272,302149632,1586176,2048,128,6,8
xl,8,158396951885.08847,198272,302149632,1586176,2048,128,6,8
s,8,26106672280.645473,789760,118064640,6318080,1280,256,6,8
m,8,52213344561.29095,789760,118064640,6318080,1280,256,6,8
l,8,130533361403.22737,789760,118064640,6318080,1280,256,6,8
xl,8,261066722806.45474,789760,118064640,6318080,1280,256,6,8
s,8,20690362925.518005,789760,169989120,6318080,1536,256,6,8
m,8,41380725851.03601,789760,169989120,6318080,1536,256,6,8
l,8,103451814627.59003,789760,169989120,6318080,1536,256,6,8
xl,8,206903629255.18005,789760,169989120,6318080,1536,256,6,8
s,8,16631062887.237669,789760,231350784,6318080,1792,256,6,8
m,8,33262125774.475338,789760,231350784,6318080,1792,256,6,8
l,8,83155314436.18834,789760,231350784,6318080,1792,256,6,8
xl,8,166310628872.37668,789760,231350784,6318080,1792,256,6,8
s,8,13569499066.201353,789760,302149632,6318080,2048,256,6,8
m,8,27138998132.402706,789760,302149632,6318080,2048,256,6,8
l,8,67847495331.00676,789760,302149632,6318080,2048,256,6,8
xl,8,135694990662.01352,789760,302149632,6318080,2048,256,6,8
s,8,12969336959.767456,1774464,231350784,14195712,1792,384,6,8
m,8,25938673919.534912,1774464,231350784,14195712,1792,384,6,8
l,8,64846684798.83728,1774464,231350784,14195712,1792,384,6,8
xl,8,129693369597.67456,1774464,231350784,14195712,1792,384,6,8
s,8,11028862267.8623,1774464,302149632,14195712,2048,384,6,8
m,8,22057724535.7246,1774464,302149632,14195712,2048,384,6,8
l,8,55144311339.31151,1774464,302149632,14195712,2048,384,6,8
xl,8,110288622678.62302,1774464,302149632,14195712,2048,384,6,8
l,8,517940634887.4867,198272,25219072,1586176,512,128,8,8
s,8,62713791314.591446,198272,56702976,1586176,768,128,8,8
m,8,125427582629.18289,198272,56702976,1586176,768,128,8,8
l,8,313568956572.9572,198272,56702976,1586176,768,128,8,8
xl,8,627137913145.9144,198272,56702976,1586176,768,128,8,8
s,8,40656038852.86222,198272,100769792,1586176,1024,128,8,8
m,8,81312077705.72444,198272,100769792,1586176,1024,128,8,8
l,8,203280194264.3111,198272,100769792,1586176,1024,128,8,8
xl,8,406560388528.6222,198272,100769792,1586176,1024,128,8,8
s,8,28084346504.21782,198272,157419520,1586176,1280,128,8,8
m,8,56168693008.43564,198272,157419520,1586176,1280,128,8,8
l,8,140421732521.0891,198272,157419520,1586176,1280,128,8,8
xl,8,280843465042.1782,198272,157419520,1586176,1280,128,8,8
s,8,20417850493.638287,198272,226652160,1586176,1536,128,8,8
m,8,40835700987.27657,198272,226652160,1586176,1536,128,8,8
l,8,102089252468.19144,198272,226652160,1586176,1536,128,8,8
xl,8,204178504936.38287,198272,226652160,1586176,1536,128,8,8
s,8,15454570856.240099,198272,308467712,1586176,1792,128,8,8
m,8,30909141712.480198,198272,308467712,1586176,1792,128,8,8
l,8,77272854281.20049,198272,308467712,1586176,1792,128,8,8
xl,8,154545708562.40097,198272,308467712,1586176,1792,128,8,8
s,8,12078155911.020515,198272,402866176,1586176,2048,128,8,8
m,8,24156311822.04103,198272,402866176,1586176,2048,128,8,8
l,8,60390779555.10258,198272,402866176,1586176,2048,128,8,8
xl,8,120781559110.20515,198272,402866176,1586176,2048,128,8,8
s,8,28442420254.27979,789760,100769792,6318080,1024,256,8,8
m,8,56884840508.55958,789760,100769792,6318080,1024,256,8,8
l,8,142212101271.39893,789760,100769792,6318080,1024,256,8,8
xl,8,284424202542.79785,789760,100769792,6318080,1024,256,8,8
s,8,21659468791.99771,789760,157419520,6318080,1280,256,8,8
m,8,43318937583.99542,789760,157419520,6318080,1280,256,8,8
l,8,108297343959.98856,789760,157419520,6318080,1280,256,8,8
xl,8,216594687919.9771,789760,157419520,6318080,1280,256,8,8
s,8,16795738558.339796,789760,226652160,6318080,1536,256,8,8
m,8,33591477116.679592,789760,226652160,6318080,1536,256,8,8
l,8,83978692791.69897,789760,226652160,6318080,1536,256,8,8
xl,8,167957385583.39795,789760,226652160,6318080,1536,256,8,8
s,8,13285869829.086319,789760,308467712,6318080,1792,256,8,8
m,8,26571739658.172638,789760,308467712,6318080,1792,256,8,8
l,8,66429349145.431595,789760,308467712,6318080,1792,256,8,8
xl,8,132858698290.86319,789760,308467712,6318080,1792,256,8,8
s,8,10711654931.834455,789760,402866176,6318080,2048,256,8,8
m,8,21423309863.66891,789760,402866176,6318080,2048,256,8,8
l,8,53558274659.17228,789760,402866176,6318080,2048,256,8,8
xl,8,107116549318.34456,789760,402866176,6318080,2048,256,8,8
s,8,13069263121.487898,1774464,226652160,14195712,1536,384,8,8
m,8,26138526242.975796,1774464,226652160,14195712,1536,384,8,8
l,8,65346315607.43948,1774464,226652160,14195712,1536,384,8,8
xl,8,130692631214.87897,1774464,226652160,14195712,1536,384,8,8
s,8,10840762724.843924,1774464,308467712,14195712,1792,384,8,8
m,8,21681525449.687847,1774464,308467712,14195712,1792,384,8,8
l,8,54203813624.21962,1774464,308467712,14195712,1792,384,8,8
xl,8,108407627248.43924,1774464,308467712,14195712,1792,384,8,8
s,8,9063491863.232052,1774464,402866176,14195712,2048,384,8,8
m,8,18126983726.464104,1774464,402866176,14195712,2048,384,8,8
l,8,45317459316.16026,1774464,402866176,14195712,2048,384,8,8
xl,8,90634918632.32053,1774464,402866176,14195712,2048,384,8,8
s,8,7478112462.196646,3152384,402866176,25219072,2048,512,8,8
m,8,14956224924.393291,3152384,402866176,25219072,2048,512,8,8
l,8,37390562310.98323,3152384,402866176,25219072,2048,512,8,8
xl,8,74781124621.96646,3152384,402866176,25219072,2048,512,8,8
l,8,453306526598.5764,198272,31523840,1586176,512,128,10,8
s,8,52924434915.223526,198272,70878720,1586176,768,128,10,8
m,8,105848869830.44705,198272,70878720,1586176,768,128,10,8
l,8,264622174576.1176,198272,70878720,1586176,768,128,10,8
xl,8,529244349152.2352,198272,70878720,1586176,768,128,10,8
s,8,33660078446.832424,198272,125962240,1586176,1024,128,10,8
m,8,67320156893.66485,198272,125962240,1586176,1024,128,10,8
l,8,168300392234.16214,198272,125962240,1586176,1024,128,10,8
xl,8,336600784468.3243,198272,125962240,1586176,1024,128,10,8
s,8,23003405608.19348,198272,196774400,1586176,1280,128,10,8
m,8,46006811216.38696,198272,196774400,1586176,1280,128,10,8
l,8,115017028040.9674,198272,196774400,1586176,1280,128,10,8
xl,8,230034056081.9348,198272,196774400,1586176,1280,128,10,8
s,8,16615716234.405485,198272,283315200,1586176,1536,128,10,8
m,8,33231432468.81097,198272,283315200,1586176,1536,128,10,8
l,8,83078581172.02744,198272,283315200,1586176,1536,128,10,8
xl,8,166157162344.05487,198272,283315200,1586176,1536,128,10,8
s,8,12524224354.746952,198272,385584640,1586176,1792,128,10,8
m,8,25048448709.493904,198272,385584640,1586176,1792,128,10,8
l,8,62621121773.73476,198272,385584640,1586176,1792,128,10,8
xl,8,125242243547.46951,198272,385584640,1586176,1792,128,10,8
s,8,9760319351.402573,198272,503582720,1586176,2048,128,10,8
m,8,19520638702.805145,198272,503582720,1586176,2048,128,10,8
l,8,48801596757.01287,198272,503582720,1586176,2048,128,10,8
xl,8,97603193514.02574,198272,503582720,1586176,2048,128,10,8
s,8,24831799324.09829,789760,125962240,6318080,1024,256,10,8
m,8,49663598648.19658,789760,125962240,6318080,1024,256,10,8
l,8,124158996620.49144,789760,125962240,6318080,1024,256,10,8
xl,8,248317993240.98288,789760,125962240,6318080,1024,256,10,8
s,8,18506871527.37063,789760,196774400,6318080,1280,256,10,8
m,8,37013743054.74126,789760,196774400,6318080,1280,256,10,8
l,8,92534357636.85313,789760,196774400,6318080,1280,256,10,8
xl,8,185068715273.70627,789760,196774400,6318080,1280,256,10,8
s,8,14135046003.35532,789760,283315200,6318080,1536,256,10,8
m,8,28270092006.71064,789760,283315200,6318080,1536,256,10,8
l,8,70675230016.7766,789760,283315200,6318080,1536,256,10,8
xl,8,141350460033.5532,789760,283315200,6318080,1536,256,10,8
s,8,11061038527.101492,789760,385584640,6318080,1792,256,10,8
m,8,22122077054.202984,789760,385584640,6318080,1792,256,10,8
l,8,55305192635.507454,789760,385584640,6318080,1792,256,10,8
xl,8,110610385271.01491,789760,385584640,6318080,1792,256,10,8
s,8,8848161861.619278,789760,503582720,6318080,2048,256,10,8
m,8,17696323723.238556,789760,503582720,6318080,2048,256,10,8
l,8,44240809308.0964,789760,503582720,6318080,2048,256,10,8
xl,8,88481618616.1928,789760,503582720,6318080,2048,256,10,8
s,8,14082428396.484575,1774464,196774400,14195712,1280,384,10,8
m,8,28164856792.96915,1774464,196774400,14195712,1280,384,10,8
l,8,70412141982.42288,1774464,196774400,14195712,1280,384,10,8
xl,8,140824283964.84576,1774464,196774400,14195712,1280,384,10,8
s,8,11399565722.144249,1774464,283315200,14195712,1536,384,10,8
m,8,22799131444.288498,1774464,283315200,14195712,1536,384,10,8
l,8,56997828610.721245,1774464,283315200,14195712,1536,384,10,8
xl,8,113995657221.44249,1774464,283315200,14195712,1536,384,10,8
s,8,9312381220.577532,1774464,385584640,14195712,1792,384,10,8
m,8,18624762441.155064,1774464,385584640,14195712,1792,384,10,8
l,8,46561906102.88766,1774464,385584640,14195712,1792,384,10,8
xl,8,93123812205.77531,1774464,385584640,14195712,1792,384,10,8
s,8,7692643801.667642,1774464,503582720,14195712,2048,384,10,8
m,8,15385287603.335283,1774464,503582720,14195712,2048,384,10,8
l,8,38463219008.33821,1774464,503582720,14195712,2048,384,10,8
xl,8,76926438016.67642,1774464,503582720,14195712,2048,384,10,8
s,8,7646735969.340626,3152384,385584640,25219072,1792,512,10,8
m,8,15293471938.681252,3152384,385584640,25219072,1792,512,10,8
l,8,38233679846.70313,3152384,385584640,25219072,1792,512,10,8
xl,8,76467359693.40627,3152384,385584640,25219072,1792,512,10,8
s,8,6519535867.461278,3152384,503582720,25219072,2048,512,10,8
m,8,13039071734.922556,3152384,503582720,25219072,2048,512,10,8
l,8,32597679337.30639,3152384,503582720,25219072,2048,512,10,8
xl,8,65195358674.61278,3152384,503582720,25219072,2048,512,10,8
s,8,5458803718.449752,4923520,503582720,39388160,2048,640,10,8
m,8,10917607436.899504,4923520,503582720,39388160,2048,640,10,8
l,8,27294018592.24876,4923520,503582720,39388160,2048,640,10,8
xl,8,54588037184.49752,4923520,503582720,39388160,2048,640,10,8
l,8,403014159015.8459,198272,37828608,1586176,512,128,12,8
s,8,45778591293.86413,198272,85054464,1586176,768,128,12,8
m,8,91557182587.72826,198272,85054464,1586176,768,128,12,8
l,8,228892956469.32065,198272,85054464,1586176,768,128,12,8
xl,8,457785912938.6413,198272,85054464,1586176,768,128,12,8
s,8,28718321967.770233,198272,151154688,1586176,1024,128,12,8
m,8,57436643935.54047,198272,151154688,1586176,1024,128,12,8
l,8,143591609838.85117,198272,151154688,1586176,1024,128,12,8
xl,8,287183219677.70233,198272,151154688,1586176,1024,128,12,8
s,8,19479270783.369003,198272,236129280,1586176,1280,128,12,8
m,8,38958541566.73801,198272,236129280,1586176,1280,128,12,8
l,8,97396353916.84502,198272,236129280,1586176,1280,128,12,8
xl,8,194792707833.69003,198272,236129280,1586176,1280,128,12,8
s,8,14007325495.058104,198272,339978240,1586176,1536,128,12,8
m,8,28014650990.116207,198272,339978240,1586176,1536,128,12,8
l,8,70036627475.29051,198272,339978240,1586176,1536,128,12,8
xl,8,140073254950.58102,198272,339978240,1586176,1536,128,12,8
s,8,10528005589.7814,198272,462701568,1586176,1792,128,12,8
m,8,21056011179.5628,198272,462701568,1586176,1792,128,12,8
l,8,52640027948.907,198272,462701568,1586176,1792,128,12,8
xl,8,105280055897.814,198272,462701568,1586176,1792,128,12,8
s,8,8188852495.444705,198272,604299264,1586176,2048,128,12,8
m,8,16377704990.88941,198272,604299264,1586176,2048,128,12,8
l,8,40944262477.223526,198272,604299264,1586176,2048,128,12,8
xl,8,81888524954.44705,198272,604299264,1586176,2048,128,12,8
s,8,30858071632.199436,789760,85054464,6318080,768,256,12,8
m,8,61716143264.39887,789760,85054464,6318080,768,256,12,8
l,8,154290358160.99716,789760,85054464,6318080,768,256,12,8
xl,8,308580716321.9943,789760,85054464,6318080,768,256,12,8
s,8,22034616558.89095,789760,151154688,6318080,1024,256,12,8
m,8,44069233117.7819,789760,151154688,6318080,1024,256,12,8
l,8,110173082794.45476,789760,151154688,6318080,1024,256,12,8
xl,8,220346165588.90952,789760,151154688,6318080,1024,256,12,8
s,8,16155406219.288572,789760,236129280,6318080,1280,256,12,8
m,8,32310812438.577145,789760,236129280,6318080,1280,256,12,8
l,8,80777031096.44287,789760,236129280,6318080,1280,256,12,8
xl,8,161554062192.88574,789760,236129280,6318080,1280,256,12,8
s,8,12202059863.891392,789760,339978240,6318080,1536,256,12,8
m,8,24404119727.782784,789760,339978240,6318080,1536,256,12,8
l,8,61010299319.456955,789760,339978240,6318080,1536,256,12,8
xl,8,122020598638.91391,789760,339978240,6318080,1536,256,12,8
s,8,9474460039.153017,789760,462701568,6318080,1792,256,12,8
m,8,18948920078.306034,789760,462701568,6318080,1792,256,12,8
l,8,47372300195.76508,789760,462701568,6318080,1792,256,12,8
xl,8,94744600391.53017,789760,462701568,6318080,1792,256,12,8
s,8,7536965499.510278,789760,604299264,6318080,2048,256,12,8
m,8,15073930999.020555,789760,604299264,6318080,2048,256,12,8
l,8,37684827497.55139,789760,604299264,6318080,2048,256,12,8
xl,8,75369654995.10278,789760,604299264,6318080,2048,256,12,8
s,8,12678243424.302265,1774464,236129280,14195712,1280,384,12,8
m,8,25356486848.60453,1774464,236129280,14195712,1280,384,12,8
l,8,63391217121.51133,1774464,236129280,14195712,1280,384,12,8
xl,8,126782434243.02266,1774464,236129280,14195712,1280,384,12,8
s,8,10108170361.324232,1774464,339978240,14195712,1536,384,12,8
m,8,20216340722.648464,1774464,339978240,14195712,1536,384,12,8
l,8,50540851806.62116,1774464,339978240,14195712,1536,384,12,8
xl,8,101081703613.24232,1774464,339978240,14195712,1536,384,12,8
s,8,8161705720.755009,1774464,462701568,14195712,1792,384,12,8
m,8,16323411441.510017,1774464,462701568,14195712,1792,384,12,8
l,8,40808528603.77505,1774464,462701568,14195712,1792,384,12,8
xl,8,81617057207.5501,1774464,462701568,14195712,1792,384,12,8
s,8,6681995699.360656,1774464,604299264,14195712,2048,384,12,8
m,8,13363991398.721312,1774464,604299264,14195712,2048,384,12,8
l,8,33409978496.80328,1774464,604299264,14195712,2048,384,12,8
xl,8,66819956993.60656,1774464,604299264,14195712,2048,384,12,8
s,8,8175230907.761944,3152384,339978240,25219072,1536,512,12,8
m,8,16350461815.523888,3152384,339978240,25219072,1536,512,12,8
l,8,40876154538.809715,3152384,339978240,25219072,1536,512,12,8
xl,8,81752309077.61943,3152384,339978240,25219072,1536,512,12,8
s,8,6853340702.045257,3152384,462701568,25219072,1792,512,12,8
m,8,13706681404.090513,3152384,462701568,25219072,1792,512,12,8
l,8,34266703510.22628,3152384,462701568,25219072,1792,512,12,8
xl,8,68533407020.45256,3152384,462701568,25219072,1792,512,12,8
s,8,5778786214.497449,3152384,604299264,25219072,2048,512,12,8
m,8,11557572428.994898,3152384,604299264,25219072,2048,512,12,8
l,8,28893931072.487244,3152384,604299264,25219072,2048,512,12,8
xl,8,57787862144.97449,3152384,604299264,25219072,2048,512,12,8
s,8,4929705164.982245,4923520,604299264,39388160,2048,640,12,8
m,8,9859410329.96449,4923520,604299264,39388160,2048,640,12,8
l,8,24648525824.91123,4923520,604299264,39388160,2048,640,12,8
xl,8,49297051649.82246,4923520,604299264,39388160,2048,640,12,8
l,8,362766778689.0479,198272,44133376,1586176,512,128,14,8
s,8,40332859018.91127,198272,99230208,1586176,768,128,14,8
m,8,80665718037.82254,198272,99230208,1586176,768,128,14,8
l,8,201664295094.55637,198272,99230208,1586176,768,128,14,8
xl,8,403328590189.11273,198272,99230208,1586176,768,128,14,8
s,8,25041839906.11514,198272,176347136,1586176,1024,128,14,8
m,8,50083679812.23028,198272,176347136,1586176,1024,128,14,8
l,8,125209199530.57568,198272,176347136,1586176,1024,128,14,8
xl,8,250418399061.15137,198272,176347136,1586176,1024,128,14,8
s,8,16891485583.18462,198272,275484160,1586176,1280,128,14,8
m,8,33782971166.36924,198272,275484160,1586176,1280,128,14,8
l,8,84457427915.92311,198272,275484160,1586176,1280,128,14,8
xl,8,168914855831.84622,198272,275484160,1586176,1280,128,14,8
s,8,12106765008.466019,198272,396641280,1586176,1536,128,14,8
m,8,24213530016.932037,198272,396641280,1586176,1536,128,14,8
l,8,60533825042.33009,198272,396641280,1586176,1536,128,14,8
xl,8,121067650084.66019,198272,396641280,1586176,1536,128,14,8
s,8,9080652906.208479,198272,539818496,1586176,1792,128,14,8
m,8,18161305812.416958,198272,539818496,1586176,1792,128,14,8
l,8,45403264531.0424,198272,539818496,1586176,1792,128,14,8
xl,8,90806529062.0848,198272,539818496,1586176,1792,128,14,8
s,8,7053240681.963735,198272,705015808,1586176,2048,128,14,8
m,8,14106481363.92747,198272,705015808,1586176,2048,128,14,8
l,8,35266203409.81867,198272,705015808,1586176,2048,128,14,8
xl,8,70532406819.63734,198272,705015808,1586176,2048,128,14,8
s,8,28283870500.60188,789760,99230208,6318080,768,256,14,8
m,8,56567741001.20376,789760,99230208,6318080,768,256,14,8
l,8,141419352503.0094,789760,99230208,6318080,768,256,14,8
xl,8,282838705006.0188,789760,99230208,6318080,768,256,14,8
s,8,19803812344.777718,789760,176347136,6318080,1024,256,14,8
m,8,39607624689.555435,789760,176347136,6318080,1024,256,14,8
l,8,99019061723.8886,789760,176347136,6318080,1024,256,14,8
xl,8,198038123447.7772,789760,176347136,6318080,1024,256,14,8
s,8,14334125953.162039,789760,275484160,6318080,1280,256,14,8
m,8,28668251906.324078,789760,275484160,6318080,1280,256,14,8
l,8,71670629765.8102,789760,275484160,6318080,1280,256,14,8
xl,8,143341259531.6204,789760,275484160,6318080,1280,256,14,8
s,8,10734150640.150394,789760,396641280,6318080,1536,256,14,8
m,8,21468301280.30079,789760,396641280,6318080,1536,256,14,8
l,8,53670753200.751976,789760,396641280,6318080,1536,256,14,8
xl,8,107341506401.50395,789760,396641280,6318080,1536,256,14,8
s,8,8285937769.292977,789760,539818496,6318080,1792,256,14,8
m,8,16571875538.585955,789760,539818496,6318080,1792,256,14,8
l,8,41429688846.46489,789760,539818496,6318080,1792,256,14,8
xl,8,82859377692.92978,789760,539818496,6318080,1792,256,14,8
s,8,6564222780.268682,789760,705015808,6318080,2048,256,14,8
m,8,13128445560.537363,789760,705015808,6318080,2048,256,14,8
l,8,32821113901.343407,789760,705015808,6318080,2048,256,14,8
xl,8,65642227802.68681,789760,705015808,6318080,2048,256,14,8
s,8,11528695846.257002,1774464,275484160,14195712,1280,384,14,8
m,8,23057391692.514004,1774464,275484160,14195712,1280,384,14,8
l,8,57643479231.285,1774464,275484160,14195712,1280,384,14,8
xl,8,115286958462.57,1774464,275484160,14195712,1280,384,14,8
s,8,9079592287.082472,1774464,396641280,14195712,1536,384,14,8
m,8,18159184574.164944,1774464,396641280,14195712,1536,384,14,8
l,8,45397961435.41235,1774464,396641280,14195712,1536,384,14,8
xl,8,90795922870.8247,1774464,396641280,14195712,1536,384,14,8
s,8,7264121481.21597,1774464,539818496,14195712,1792,384,14,8
m,8,14528242962.43194,1774464,539818496,14195712,1792,384,14,8
l,8,36320607406.07985,1774464,539818496,14195712,1792,384,14,8
xl,8,72641214812.1597,1774464,539818496,14195712,1792,384,14,8
s,8,5906065586.055108,1774464,705015808,14195712,2048,384,14,8
m,8,11812131172.110216,1774464,705015808,14195712,2048,384,14,8
l,8,29530327930.27554,1774464,705015808,14195712,2048,384,14,8
xl,8,59060655860.55108,1774464,705015808,14195712,2048,384,14,8
s,8,7489069553.205706,3152384,396641280,25219072,1536,512,14,8
m,8,14978139106.411411,3152384,396641280,25219072,1536,512,14,8
l,8,37445347766.02853,3152384,396641280,25219072,1536,512,14,8
xl,8,74890695532.05705,3152384,396641280,25219072,1536,512,14,8
s,8,6209108056.163717,3152384,539818496,25219072,1792,512,14,8
m,8,12418216112.327435,3152384,539818496,25219072,1792,512,14,8
l,8,31045540280.818584,3152384,539818496,25219072,1792,512,14,8
xl,8,62091080561.63717,3152384,539818496,25219072,1792,512,14,8
s,8,5189190409.911171,3152384,705015808,25219072,2048,512,14,8
m,8,10378380819.822342,3152384,705015808,25219072,2048,512,14,8
l,8,25945952049.555855,3152384,705015808,25219072,2048,512,14,8
xl,8,51891904099.11171,3152384,705015808,25219072,2048,512,14,8
s,8,5239472830.231607,4923520,539818496,39388160,1792,640,14,8
m,8,10478945660.463215,4923520,539818496,39388160,1792,640,14,8
l,8,26197364151.158035,4923520,539818496,39388160,1792,640,14,8
xl,8,52394728302.31607,4923520,539818496,39388160,1792,640,14,8
s,8,4494110234.843505,4923520,705015808,39388160,2048,640,14,8
m,8,8988220469.68701,4923520,705015808,39388160,2048,640,14,8
l,8,22470551174.217525,4923520,705015808,39388160,2048,640,14,8
xl,8,44941102348.43505,4923520,705015808,39388160,2048,640,14,8
s,8,65965636652.82971,198272,50438144,1586176,512,128,16,8
m,8,131931273305.65942,198272,50438144,1586176,512,128,16,8
l,8,329828183264.14856,198272,50438144,1586176,512,128,16,8
xl,8,659656366528.2971,198272,50438144,1586176,512,128,16,8
s,8,36045014167.13237,198272,113405952,1586176,768,128,16,8
m,8,72090028334.26474,198272,113405952,1586176,768,128,16,8
l,8,180225070835.66183,198272,113405952,1586176,768,128,16,8
xl,8,360450141671.32367,198272,113405952,1586176,768,128,16,8
s,8,22199844778.685307,198272,201539584,1586176,1024,128,16,8
m,8,44399689557.37061,198272,201539584,1586176,1024,128,16,8
l,8,110999223893.42654,198272,201539584,1586176,1024,128,16,8
xl,8,221998447786.8531,198272,201539584,1586176,1024,128,16,8
s,8,14910635195.445028,198272,314839040,1586176,1280,128,16,8
m,8,29821270390.890057,198272,314839040,1586176,1280,128,16,8
l,8,74553175977.22514,198272,314839040,1586176,1280,128,16,8
xl,8,149106351954.4503,198272,314839040,1586176,1280,128,16,8
s,8,10660335280.33697,198272,453304320,1586176,1536,128,16,8
m,8,21320670560.67394,198272,453304320,1586176,1536,128,16,8
l,8,53301676401.684845,198272,453304320,1586176,1536,128,16,8
xl,8,106603352803.36969,198272,453304320,1586176,1536,128,16,8
s,8,7983156943.884027,198272,616935424,1586176,1792,128,16,8
m,8,15966313887.768053,198272,616935424,1586176,1792,128,16,8
l,8,39915784719.420135,198272,616935424,1586176,1792,128,16,8
xl,8,79831569438.84027,198272,616935424,1586176,1792,128,16,8
s,8,6194237614.720997,198272,805732352,1586176,2048,128,16,8
m,8,12388475229.441994,198272,805732352,1586176,2048,128,16,8
l,8,30971188073.604984,198272,805732352,1586176,2048,128,16,8
xl,8,61942376147.20997,198272,805732352,1586176,2048,128,16,8
s,8,26106083427.524082,789760,113405952,6318080,768,256,16,8
m,8,52212166855.048164,789760,113405952,6318080,768,256,16,8
l,8,130530417137.6204,789760,113405952,6318080,768,256,16,8
xl,8,261060834275.2408,789760,113405952,6318080,768,256,16,8
s,8,17983179253.45349,789760,201539584,6318080,1024,256,16,8
m,8,35966358506.90698,789760,201539584,6318080,1024,256,16,8
l,8,89915896267.26746,789760,201539584,6318080,1024,256,16,8
xl,8,179831792534.5349,789760,201539584,6318080,1024,256,16,8
s,8,12881886089.50046,789760,314839040,6318080,1280,256,16,8
m,8,25763772179.00092,789760,314839040,6318080,1280,256,16,8
l,8,64409430447.5023,789760,314839040,6318080,1280,256,16,8
xl,8,128818860895.0046,789760,314839040,6318080,1280,256,16,8
s,8,9581495602.476778,789760,453304320,6318080,1536,256,16,8
m,8,19162991204.953556,789760,453304320,6318080,1536,256,16,8
l,8,47907478012.38389,789760,453304320,6318080,1536,256,16,8
xl,8,95814956024.76778,789760,453304320,6318080,1536,256,16,8
s,8,7362366738.217092,789760,616935424,6318080,1792,256,16,8
m,8,14724733476.434183,789760,616935424,6318080,1792,256,16,8
l,8,36811833691.08546,789760,616935424,6318080,1792,256,16,8
xl,8,73623667382.17091,789760,616935424,6318080,1792,256,16,8
s,8,5813868038.0325575,789760,805732352,6318080,2048,256,16,8
m,8,11627736076.065115,789760,805732352,6318080,2048,256,16,8
l,8,29069340190.162785,789760,805732352,6318080,2048,256,16,8
xl,8,58138680380.32557,789760,805732352,6318080,2048,256,16,8
s,8,13777137930.753239,1774464,201539584,14195712,1024,384,16,8
m,8,27554275861.506477,1774464,201539584,14195712,1024,384,16,8
l,8,68885689653.76619,1774464,201539584,14195712,1024,384,16,8
xl,8,137771379307.53238,1774464,201539584,14195712,1024,384,16,8
s,8,10570279249.865335,1774464,314839040,14195712,1280,384,16,8
m,8,21140558499.73067,1774464,314839040,14195712,1280,384,16,8
l,8,52851396249.326675,1774464,314839040,14195712,1280,384,16,8
xl,8,105702792498.65335,1774464,314839040,14195712,1280,384,16,8
s,8,8241010936.019297,1774464,453304320,14195712,1536,384,16,8
m,8,16482021872.038593,1774464,453304320,14195712,1536,384,16,8
l,8,41205054680.09648,1774464,453304320,14195712,1536,384,16,8
xl,8,82410109360.19296,1774464,453304320,14195712,1536,384,16,8
s,8,6544400511.447517,1774464,616935424,14195712,1792,384,16,8
m,8,13088801022.895035,1774464,616935424,14195712,1792,384,16,8
l,8,32722002557.237587,1774464,616935424,14195712,1792,384,16,8
xl,8,65444005114.475174,1774464,616935424,14195712,1792,384,16,8
s,8,5291592573.787449,1774464,805732352,14195712,2048,384,16,8
m,8,10583185147.574898,1774464,805732352,14195712,2048,384,16,8
l,8,26457962868.93724,1774464,805732352,14195712,2048,384,16,8
xl,8,52915925737.87448,1774464,805732352,14195712,2048,384,16,8
s,8,6909170824.329302,3152384,453304320,25219072,1536,512,16,8
m,8,13818341648.658604,3152384,453304320,25219072,1536,512,16,8
l,8,34545854121.64651,3152384,453304320,25219072,1536,512,16,8
xl,8,69091708243.29301,3152384,453304320,25219072,1536,512,16,8
s,8,5675587418.757372,3152384,616935424,25219072,1792,512,16,8
m,8,11351174837.514744,3152384,616935424,25219072,1792,512,16,8
l,8,28377937093.786858,3152384,616935424,25219072,1792,512,16,8
xl,8,56755874187.573715,3152384,616935424,25219072,1792,512,16,8
s,8,4708766200.79264,3152384,805732352,25219072,2048,512,16,8
m,8,9417532401.58528,3152384,805732352,25219072,2048,512,16,8
l,8,23543831003.9632,3152384,805732352,25219072,2048,512,16,8
xl,8,47087662007.9264,3152384,805732352,25219072,2048,512,16,8
s,8,4854407013.212297,4923520,616935424,39388160,1792,640,16,8
m,8,9708814026.424595,4923520,616935424,39388160,1792,640,16,8
l,8,24272035066.06149,4923520,616935424,39388160,1792,640,16,8
xl,8,48544070132.12298,4923520,616935424,39388160,1792,640,16,8
s,8,4129244971.1907535,4923520,805732352,39388160,2048,640,16,8
m,8,8258489942.381507,4923520,805732352,39388160,2048,640,16,8
l,8,20646224855.953766,4923520,805732352,39388160,2048,640,16,8
xl,8,41292449711.90753,4923520,805732352,39388160,2048,640,16,8
m,8,7184049249.703644,7087872,805732352,56702976,2048,768,16,8
l,8,17960123124.25911,7087872,805732352,56702976,2048,768,16,8
xl,8,35920246248.51822,7087872,805732352,56702976,2048,768,16,8
s,8,60474643707.589134,198272,56742912,1586176,512,128,18,8
m,8,120949287415.17827,198272,56742912,1586176,512,128,18,8
l,8,302373218537.9457,198272,56742912,1586176,512,128,18,8
xl,8,604746437075.8914,198272,56742912,1586176,512,128,18,8
s,8,32581253737.069805,198272,127581696,1586176,768,128,18,8
m,8,65162507474.13961,198272,127581696,1586176,768,128,18,8
l,8,162906268685.34903,198272,127581696,1586176,768,128,18,8
xl,8,325812537370.69806,198272,127581696,1586176,768,128,18,8
s,8,19937177157.29029,198272,226732032,1586176,1024,128,18,8
m,8,39874354314.58058,198272,226732032,1586176,1024,128,18,8
l,8,99685885786.45146,198272,226732032,1586176,1024,128,18,8
xl,8,199371771572.90292,198272,226732032,1586176,1024,128,18,8
s,8,13345607021.19859,198272,354193920,1586176,1280,128,18,8
m,8,26691214042.39718,198272,354193920,1586176,1280,128,18,8
l,8,66728035105.99294,198272,354193920,1586176,1280,128,18,8
xl,8,133456070211.98589,198272,354193920,1586176,1280,128,18,8
s,8,9522638511.348015,198272,509967360,1586176,1536,128,18,8
m,8,19045277022.69603,198272,509967360,1586176,1536,128,18,8
l,8,47613192556.74007,198272,509967360,1586176,1536,128,18,8
xl,8,95226385113.48013,198272,509967360,1586176,1536,128,18,8
s,8,7122343978.217707,198272,694052352,1586176,1792,128,18,8
m,8,14244687956.435413,198272,694052352,1586176,1792,128,18,8
l,8,35611719891.08853,198272,694052352,1586176,1792,128,18,8
xl,8,71223439782.17706,198272,694052352,1586176,1792,128,18,8
s,8,5521752125.278219,198272,906448896,1586176,2048,128,18,8
m,8,11043504250.556438,198272,906448896,1586176,2048,128,18,8
l,8,27608760626.391094,198272,906448896,1586176,2048,128,18,8
xl,8,55217521252.78219,198272,906448896,1586176,2048,128,18,8
s,8,24239688242.70405,789760,127581696,6318080,768,256,18,8
m,8,48479376485.4081,789760,127581696,6318080,768,256,18,8
l,8,121198441213.52023,789760,127581696,6318080,768,256,18,8
xl,8,242396882427.04047,789760,127581696,6318080,768,256,18,8
s,8,16469116322.554363,789760,226732032,6318080,1024,256,18,8
m,8,32938232645.108727,789760,226732032,6318080,1024,256,18,8
l,8,82345581612.77182,789760,226732032,6318080,1024,256,18,8
xl,8,164691163225.54364,789760,226732032,6318080,1024,256,18,8
s,8,11696838896.537062,789760,354193920,6318080,1280,256,18,8
m,8,23393677793.074123,789760,354193920,6318080,1280,256,18,8
l,8,58484194482.68531,789760,354193920,6318080,1280,256,18,8
xl,8,116968388965.37062,789760,354193920,6318080,1280,256,18,8
s,8,8652384832.604733,789760,509967360,6318080,1536,256,18,8
m,8,17304769665.209465,789760,509967360,6318080,1536,256,18,8
l,8,43261924163.02367,789760,509967360,6318080,1536,256,18,8
xl,8,86523848326.04733,789760,509967360,6318080,1536,256,18,8
s,8,6624035434.456176,789760,694052352,6318080,1792,256,18,8
m,8,13248070868.912352,789760,694052352,6318080,1792,256,18,8
l,8,33120177172.28088,789760,694052352,6318080,1792,256,18,8
xl,8,66240354344.56176,789760,694052352,6318080,1792,256,18,8
s,8,5217461281.845922,789760,906448896,6318080,2048,256,18,8
m,8,10434922563.691845,789760,906448896,6318080,2048,256,18,8
l,8,26087306409.229614,789760,906448896,6318080,2048,256,18,8
xl,8,52174612818.45923,789760,906448896,6318080,2048,256,18,8
s,8,12870640997.0484,1774464,226732032,14195712,1024,384,18,8
m,8,25741281994.0968,1774464,226732032,14195712,1024,384,18,8
l,8,64353204985.242004,1774464,226732032,14195712,1024,384,18,8
xl,8,128706409970.48401,1774464,226732032,14195712,1024,384,18,8
s,8,9758984316.141127,1774464,354193920,14195712,1280,384,18,8
m,8,19517968632.282253,1774464,354193920,14195712,1280,384,18,8
l,8,48794921580.70563,1774464,354193920,14195712,1280,384,18,8
xl,8,97589843161.41125,1774464,354193920,14195712,1280,384,18,8
s,8,7544233652.520806,1774464,509967360,14195712,1536,384,18,8
m,8,15088467305.041613,1774464,509967360,14195712,1536,384,18,8
l,8,37721168262.60403,1774464,509967360,14195712,1536,384,18,8
xl,8,75442336525.20805,1774464,509967360,14195712,1536,384,18,8
s,8,5954441189.032357,1774464,694052352,14195712,1792,384,18,8
m,8,11908882378.064714,1774464,694052352,14195712,1792,384,18,8
l,8,29772205945.16179,1774464,694052352,14195712,1792,384,18,8
xl,8,59544411890.32358,1774464,694052352,14195712,1792,384,18,8
s,8,4792931185.70139,1774464,906448896,14195712,2048,384,18,8
m,8,9585862371.40278,1774464,906448896,14195712,2048,384,18,8
l,8,23964655928.50695,1774464,906448896,14195712,2048,384,18,8
xl,8,47929311857.0139,1774464,906448896,14195712,2048,384,18,8
s,8,7945303766.124835,3152384,354193920,25219072,1280,512,18,8
m,8,15890607532.24967,3152384,354193920,25219072,1280,512,18,8
l,8,39726518830.624176,3152384,354193920,25219072,1280,512,18,8
xl,8,79453037661.24835,3152384,354193920,25219072,1280,512,18,8
s,8,6412624148.403513,3152384,509967360,25219072,1536,512,18,8
m,8,12825248296.807026,3152384,509967360,25219072,1536,512,18,8
l,8,32063120742.017567,3152384,509967360,25219072,1536,512,18,8
xl,8,64126241484.03513,3152384,509967360,25219072,1536,512,18,8
s,8,5226498027.22696,3152384,694052352,25219072,1792,512,18,8
m,8,10452996054.45392,3152384,694052352,25219072,1792,512,18,8
l,8,26132490136.134804,3152384,694052352,25219072,1792,512,18,8
xl,8,52264980272.26961,3152384,694052352,25219072,1792,512,18,8
s,8,4309761077.878831,3152384,906448896,25219072,2048,512,18,8
m,8,8619522155.757662,3152384,906448896,25219072,2048,512,18,8
l,8,21548805389.394154,3152384,906448896,25219072,2048,512,18,8
xl,8,43097610778.78831,3152384,906448896,25219072,2048,512,18,8
s,8,5383650568.173253,4923520,509967360,39388160,1536,640,18,8
m,8,10767301136.346506,4923520,509967360,39388160,1536,640,18,8
l,8,26918252840.86627,4923520,509967360,39388160,1536,640,18,8
xl,8,53836505681.73254,4923520,509967360,39388160,1536,640,18,8
s,8,4522065763.570339,4923520,694052352,39388160,1792,640,18,8
m,8,9044131527.140678,4923520,694052352,39388160,1792,640,18,8
l,8,22610328817.851696,4923520,694052352,39388160,1792,640,18,8
xl,8,45220657635.70339,4923520,694052352,39388160,1792,640,18,8
m,8,7638351785.452509,4923520,906448896,39388160,2048,640,18,8
l,8,19095879463.63127,4923520,906448896,39388160,2048,640,18,8
xl,8,38191758927.26254,4923520,906448896,39388160,2048,640,18,8
m,8,6710146267.231522,7087872,906448896,56702976,2048,768,18,8
l,8,16775365668.078804,7087872,906448896,56702976,2048,768,18,8
xl,8,33550731336.157608,7087872,906448896,56702976,2048,768,18,8
s,8,55827547366.32429,198272,63047680,1586176,512,128,20,8
m,8,111655094732.64857,198272,63047680,1586176,512,128,20,8
l,8,279137736831.62146,198272,63047680,1586176,512,128,20,8
xl,8,558275473663.2429,198272,63047680,1586176,512,128,20,8
s,8,29724833647.94097,198272,141757440,1586176,768,128,20,8
m,8,59449667295.88194,198272,141757440,1586176,768,128,20,8
l,8,148624168239.70486,198272,141757440,1586176,768,128,20,8
xl,8,297248336479.4097,198272,141757440,1586176,768,128,20,8
s,8,18093081813.44209,198272,251924480,1586176,1024,128,20,8
m,8,36186163626.88418,198272,251924480,1586176,1024,128,20,8
l,8,90465409067.21045,198272,251924480,1586176,1024,128,20,8
xl,8,180930818134.4209,198272,251924480,1586176,1024,128,20,8
s,8,12077903832.444496,198272,393548800,1586176,1280,128,20,8
m,8,24155807664.888992,198272,393548800,1586176,1280,128,20,8
l,8,60389519162.22248,198272,393548800,1586176,1280,128,20,8
xl,8,120779038324.44496,198272,393548800,1586176,1280,128,20,8
s,8,8604360359.422718,198272,566630400,1586176,1536,128,20,8
m,8,17208720718.845436,198272,566630400,1586176,1536,128,20,8
l,8,43021801797.11359,198272,566630400,1586176,1536,128,20,8
xl,8,86043603594.22717,198272,566630400,1586176,1536,128,20,8
s,8,6429102582.657944,198272,771169280,1586176,1792,128,20,8
m,8,12858205165.315887,198272,771169280,1586176,1792,128,20,8
l,8,32145512913.289715,198272,771169280,1586176,1792,128,20,8
xl,8,64291025826.57943,198272,771169280,1586176,1792,128,20,8
s,8,4980984990.180287,198272,1007165440,1586176,2048,128,20,8
m,8,9961969980.360575,198272,1007165440,1586176,2048,128,20,8
l,8,24904924950.901436,198272,1007165440,1586176,2048,128,20,8
xl,8,49809849901.80287,198272,1007165440,1586176,2048,128,20,8
s,8,22622354360.902203,789760,141757440,6318080,768,256,20,8
m,8,45244708721.804405,789760,141757440,6318080,768,256,20,8
l,8,113111771804.511,789760,141757440,6318080,768,256,20,8
xl,8,226223543609.022,789760,141757440,6318080,768,256,20,8
s,8,15190203218.184301,789760,251924480,6318080,1024,256,20,8
m,8,30380406436.368603,789760,251924480,6318080,1024,256,20,8
l,8,75951016090.92151,789760,251924480,6318080,1024,256,20,8
xl,8,151902032181.84302,789760,251924480,6318080,1024,256,20,8
s,8,10711456665.55953,789760,393548800,6318080,1280,256,20,8
m,8,21422913331.11906,789760,393548800,6318080,1280,256,20,8
l,8,53557283327.79765,789760,393548800,6318080,1280,256,20,8
xl,8,107114566655.5953,789760,393548800,6318080,1280,256,20,8
s,8,7887536102.83025,789760,566630400,6318080,1536,256,20,8
m,8,15775072205.6605,789760,566630400,6318080,1536,256,20,8
l,8,39437680514.15125,789760,566630400,6318080,1536,256,20,8
xl,8,78875361028.3025,789760,566630400,6318080,1536,256,20,8
s,8,6020293300.983648,789760,771169280,6318080,1792,256,20,8
m,8,12040586601.967297,789760,771169280,6318080,1792,256,20,8
l,8,30101466504.918243,789760,771169280,6318080,1792,256,20,8
xl,8,60202933009.83649,789760,771169280,6318080,1792,256,20,8
s,8,4732032925.2579565,789760,1007165440,6318080,2048,256,20,8
m,8,9464065850.515913,789760,1007165440,6318080,2048,256,20,8
l,8,23660164626.289783,789760,1007165440,6318080,2048,256,20,8
xl,8,47320329252.57957,789760,1007165440,6318080,2048,256,20,8
s,8,12076069577.482477,1774464,251924480,14195712,1024,384,20,8
m,8,24152139154.964954,1774464,251924480,14195712,1024,384,20,8
l,8,60380347887.41239,1774464,251924480,14195712,1024,384,20,8
xl,8,120760695774.82478,1774464,251924480,14195712,1024,384,20,8
s,8,9063349915.638338,1774464,393548800,14195712,1280,384,20,8
m,8,18126699831.276676,1774464,393548800,14195712,1280,384,20,8
l,8,45316749578.191696,1774464,393548800,14195712,1280,384,20,8
xl,8,90633499156.38339,1774464,393548800,14195712,1280,384,20,8
s,8,6956095905.085463,1774464,566630400,14195712,1536,384,20,8
m,8,13912191810.170925,1774464,566630400,14195712,1536,384,20,8
l,8,34780479525.427315,1774464,566630400,14195712,1536,384,20,8
xl,8,69560959050.85463,1774464,566630400,14195712,1536,384,20,8
s,8,5462052499.500769,1774464,771169280,14195712,1792,384,20,8
m,8,10924104999.001537,1774464,771169280,14195712,1792,384,20,8
l,8,27310262497.50384,1774464,771169280,14195712,1792,384,20,8
xl,8,54620524995.00768,1774464,771169280,14195712,1792,384,20,8
s,8,4380160047.544009,1774464,1007165440,14195712,2048,384,20,8
m,8,8760320095.088018,1774464,1007165440,14195712,2048,384,20,8
l,8,21900800237.720047,1774464,1007165440,14195712,2048,384,20,8
xl,8,43801600475.440094,1774464,1007165440,14195712,2048,384,20,8
s,8,7478015829.942502,3152384,393548800,25219072,1280,512,20,8
m,8,14956031659.885004,3152384,393548800,25219072,1280,512,20,8
l,8,37390079149.71251,3152384,393548800,25219072,1280,512,20,8
xl,8,74780158299.42502,3152384,393548800,25219072,1280,512,20,8
s,8,5982663485.6126995,3152384,566630400,25219072,1536,512,20,8
m,8,11965326971.225399,3152384,566630400,25219072,1536,512,20,8
l,8,29913317428.063496,3152384,566630400,25219072,1536,512,20,8
xl,8,59826634856.12699,3152384,566630400,25219072,1536,512,20,8
s,8,4843267223.123199,3152384,771169280,25219072,1792,512,20,8
m,8,9686534446.246399,3152384,771169280,25219072,1792,512,20,8
l,8,24216336115.615993,3152384,771169280,25219072,1792,512,20,8
xl,8,48432672231.23199,3152384,771169280,25219072,1792,512,20,8
m,8,7946188664.641088,3152384,1007165440,25219072,2048,512,20,8
l,8,19865471661.60272,3152384,1007165440,25219072,2048,512,20,8
xl,8,39730943323.20544,3152384,1007165440,25219072,2048,512,20,8
s,8,5077307077.562974,4923520,566630400,39388160,1536,640,20,8
m,8,10154614155.125948,4923520,566630400,39388160,1536,640,20,8
l,8,25386535387.81487,4923520,566630400,39388160,1536,640,20,8
xl,8,50773070775.62974,4923520,566630400,39388160,1536,640,20,8
s,8,4232314090.524797,4923520,771169280,39388160,1792,640,20,8
m,8,8464628181.049594,4923520,771169280,39388160,1792,640,20,8
l,8,21161570452.623985,4923520,771169280,39388160,1792,640,20,8
xl,8,42323140905.24797,4923520,771169280,39388160,1792,640,20,8
m,8,7104842177.298779,4923520,1007165440,39388160,2048,640,20,8
l,8,17762105443.24695,4923520,1007165440,39388160,2048,640,20,8
xl,8,35524210886.4939,4923520,1007165440,39388160,2048,640,20,8
m,8,7339534006.527136,7087872,771169280,56702976,1792,768,20,8
l,8,18348835016.31784,7087872,771169280,56702976,1792,768,20,8
xl,8,36697670032.63568,7087872,771169280,56702976,1792,768,20,8
l,8,15737242736.3686,7087872,1007165440,56702976,2048,768,20,8
xl,8,31474485472.7372,7087872,1007165440,56702976,2048,768,20,8
l,8,13875341005.930698,9645440,1007165440,77163520,2048,896,20,8
xl,8,27750682011.861397,9645440,1007165440,77163520,2048,896,20,8
s,8,51843685895.28239,198272,69352448,1586176,512,128,22,8
m,8,103687371790.56477,198272,69352448,1586176,512,128,22,8
l,8,259218429476.41196,198272,69352448,1586176,512,128,22,8
xl,8,518436858952.8239,198272,69352448,1586176,512,128,22,8
s,8,27328891623.23559,198272,155933184,1586176,768,128,22,8
m,8,54657783246.47118,198272,155933184,1586176,768,128,22,8
l,8,136644458116.17796,198272,155933184,1586176,768,128,22,8
xl,8,273288916232.35593,198272,155933184,1586176,768,128,22,8
s,8,16561244409.255112,198272,277116928,1586176,1024,128,22,8
m,8,33122488818.510223,198272,277116928,1586176,1024,128,22,8
l,8,82806222046.27556,198272,277116928,1586176,1024,128,22,8
xl,8,165612444092.55112,198272,277116928,1586176,1024,128,22,8
s,8,11030146891.554596,198272,432903680,1586176,1280,128,22,8
m,8,22060293783.10919,198272,432903680,1586176,1280,128,22,8
l,8,55150734457.77298,198272,432903680,1586176,1280,128,22,8
xl,8,110301468915.54596,198272,432903680,1586176,1280,128,22,8
s,8,7847607251.992696,198272,623293440,1586176,1536,128,22,8
m,8,15695214503.985392,198272,623293440,1586176,1536,128,22,8
l,8,39238036259.96348,198272,623293440,1586176,1536,128,22,8
xl,8,78476072519.92696,198272,623293440,1586176,1536,128,22,8
s,8,5858842028.464223,198272,848286208,1586176,1792,128,22,8
m,8,11717684056.928446,198272,848286208,1586176,1792,128,22,8
l,8,29294210142.321117,198272,848286208,1586176,1792,128,22,8
xl,8,58588420284.642235,198272,848286208,1586176,1792,128,22,8
s,8,4536689002.419833,198272,1107881984,1586176,2048,128,22,8
m,8,9073378004.839666,198272,1107881984,1586176,2048,128,22,8
l,8,22683445012.099167,198272,1107881984,1586176,2048,128,22,8
xl,8,45366890024.19833,198272,1107881984,1586176,2048,128,22,8
s,8,21207346088.9582,789760,155933184,6318080,768,256,22,8
m,8,42414692177.9164,789760,155933184,6318080,768,256,22,8
l,8,106036730444.791,789760,155933184,6318080,768,256,22,8
xl,8,212073460889.582,789760,155933184,6318080,768,256,22,8
s,8,14095605644.196241,789760,277116928,6318080,1024,256,22,8
m,8,28191211288.392483,789760,277116928,6318080,1024,256,22,8
l,8,70478028220.9812,789760,277116928,6318080,1024,256,22,8
xl,8,140956056441.9624,789760,277116928,6318080,1024,256,22,8
s,8,9879198738.497452,789760,432903680,6318080,1280,256,22,8
m,8,19758397476.994904,789760,432903680,6318080,1280,256,22,8
l,8,49395993692.48726,789760,432903680,6318080,1280,256,22,8
xl,8,98791987384.97452,789760,432903680,6318080,1280,256,22,8
s,8,7246926317.659333,789760,623293440,6318080,1536,256,22,8
m,8,14493852635.318666,789760,623293440,6318080,1536,256,22,8
l,8,36234631588.29667,789760,623293440,6318080,1536,256,22,8
xl,8,72469263176.59334,789760,623293440,6318080,1536,256,22,8
s,8,5517413309.519295,789760,848286208,6318080,1792,256,22,8
m,8,11034826619.03859,789760,848286208,6318080,1792,256,22,8
l,8,27587066547.596474,789760,848286208,6318080,1792,256,22,8
xl,8,55174133095.19295,789760,848286208,6318080,1792,256,22,8
s,8,4329243618.10613,789760,1107881984,6318080,2048,256,22,8
m,8,8658487236.21226,789760,1107881984,6318080,2048,256,22,8
l,8,21646218090.530647,789760,1107881984,6318080,2048,256,22,8
xl,8,43292436181.061295,789760,1107881984,6318080,2048,256,22,8
s,8,11373899757.18089,1774464,277116928,14195712,1024,384,22,8
m,8,22747799514.36178,1774464,277116928,14195712,1024,384,22,8
l,8,56869498785.90444,1774464,277116928,14195712,1024,384,22,8
xl,8,113738997571.80888,1774464,277116928,14195712,1024,384,22,8
s,8,8460288421.384631,1774464,432903680,14195712,1280,384,22,8
m,8,16920576842.769262,1774464,432903680,14195712,1280,384,22,8
l,8,42301442106.92316,1774464,432903680,14195712,1280,384,22,8
xl,8,84602884213.84631,1774464,432903680,14195712,1280,384,22,8
s,8,6453027073.7009,1774464,623293440,14195712,1536,384,22,8
m,8,12906054147.4018,1774464,623293440,14195712,1536,384,22,8
l,8,32265135368.504498,1774464,623293440,14195712,1536,384,22,8
xl,8,64530270737.008995,1774464,623293440,14195712,1536,384,22,8
s,8,5044878024.131952,1774464,848286208,14195712,1792,384,22,8
m,8,10089756048.263905,1774464,848286208,14195712,1792,384,22,8
l,8,25224390120.65976,1774464,848286208,14195712,1792,384,22,8
xl,8,50448780241.31952,1774464,848286208,14195712,1792,384,22,8
s,8,4032847901.044624,1774464,1107881984,14195712,2048,384,22,8
m,8,8065695802.089248,1774464,1107881984,14195712,2048,384,22,8
l,8,20164239505.223118,1774464,1107881984,14195712,2048,384,22,8
xl,8,40328479010.446236,1774464,1107881984,14195712,2048,384,22,8
s,8,7062640080.403355,3152384,432903680,25219072,1280,512,22,8
m,8,14125280160.80671,3152384,432903680,25219072,1280,512,22,8
l,8,35313200402.01678,3152384,432903680,25219072,1280,512,22,8
xl,8,70626400804.03355,3152384,432903680,25219072,1280,512,22,8
s,8,5606736839.687874,3152384,623293440,25219072,1536,512,22,8
m,8,11213473679.375748,3152384,623293440,25219072,1536,512,22,8
l,8,28033684198.439373,3152384,623293440,25219072,1536,512,22,8
xl,8,56067368396.878746,3152384,623293440,25219072,1536,512,22,8
s,8,4512397541.501423,3152384,848286208,25219072,1792,512,22,8
m,8,9024795083.002846,3152384,848286208,25219072,1792,512,22,8
l,8,22561987707.507114,3152384,848286208,25219072,1792,512,22,8
xl,8,45123975415.01423,3152384,848286208,25219072,1792,512,22,8
m,8,7370430775.145256,3152384,1107881984,25219072,2048,512,22,8
l,8,18426076937.86314,3152384,1107881984,25219072,2048,512,22,8
xl,8,36852153875.72628,3152384,1107881984,25219072,2048,512,22,8
s,8,4803950030.618456,4923520,623293440,39388160,1536,640,22,8
m,8,9607900061.236912,4923520,623293440,39388160,1536,640,22,8
l,8,24019750153.09228,4923520,623293440,39388160,1536,640,22,8
xl,8,48039500306.18456,4923520,623293440,39388160,1536,640,22,8
m,8,7954916370.600589,4923520,848286208,39388160,1792,640,22,8
l,8,19887290926.501472,4923520,848286208,39388160,1792,640,22,8
xl,8,39774581853.002945,4923520,848286208,39388160,1792,640,22,8
l,8,16602485442.542305,4923520,1107881984,39388160,2048,640,22,8
xl,8,33204970885.08461,4923520,1107881984,39388160,2048,640,22,8
m,8,6953224048.676574,7087872,848286208,56702976,1792,768,22,8
l,8,17383060121.691433,7087872,848286208,56702976,1792,768,22,8
xl,8,34766120243.382866,7087872,848286208,56702976,1792,768,22,8
l,8,14820117914.074806,7087872,1107881984,56702976,2048,768,22,8
xl,8,29640235828.149612,7087872,1107881984,56702976,2048,768,22,8
l,8,13157442120.833149,9645440,1107881984,77163520,2048,896,22,8
xl,8,26314884241.666298,9645440,1107881984,77163520,2048,896,22,8
s,8,48390530940.90549,198272,75657216,1586176,512,128,24,8
m,8,96781061881.81097,198272,75657216,1586176,512,128,24,8
l,8,241952654704.5274,198272,75657216,1586176,512,128,24,8
xl,8,483905309409.0548,198272,75657216,1586176,512,128,24,8
s,8,25290384191.28433,198272,170108928,1586176,768,128,24,8
m,8,50580768382.56866,198272,170108928,1586176,768,128,24,8
l,8,126451920956.42163,198272,170108928,1586176,768,128,24,8
xl,8,252903841912.84326,198272,170108928,1586176,768,128,24,8
s,8,15268544380.039688,198272,302309376,1586176,1024,128,24,8
m,8,30537088760.079376,198272,302309376,1586176,1024,128,24,8
l,8,76342721900.19844,198272,302309376,1586176,1024,128,24,8
xl,8,152685443800.39688,198272,302309376,1586176,1024,128,24,8
s,8,10149664517.04892,198272,472258560,1586176,1280,128,24,8
m,8,20299329034.09784,198272,472258560,1586176,1280,128,24,8
l,8,50748322585.2446,198272,472258560,1586176,1280,128,24,8
xl,8,101496645170.4892,198272,472258560,1586176,1280,128,24,8
s,8,7213206099.30242,198272,679956480,1586176,1536,128,24,8
m,8,14426412198.60484,198272,679956480,1586176,1536,128,24,8
l,8,36066030496.5121,198272,679956480,1586176,1536,128,24,8
xl,8,72132060993.0242,198272,679956480,1586176,1536,128,24,8
s,8,5381503385.39615,198272,925403136,1586176,1792,128,24,8
m,8,10763006770.7923,198272,925403136,1586176,1792,128,24,8
l,8,26907516926.980747,198272,925403136,1586176,1792,128,24,8
xl,8,53815033853.961494,198272,925403136,1586176,1792,128,24,8
s,8,4165163042.8082128,198272,1208598528,1586176,2048,128,24,8
m,8,8330326085.6164255,198272,1208598528,1586176,2048,128,24,8
l,8,20825815214.041065,198272,1208598528,1586176,2048,128,24,8
xl,8,41651630428.08213,198272,1208598528,1586176,2048,128,24,8
s,8,19958932500.487,789760,170108928,6318080,768,256,24,8
m,8,39917865000.974,789760,170108928,6318080,768,256,24,8
l,8,99794662502.43498,789760,170108928,6318080,768,256,24,8
xl,8,199589325004.86996,789760,170108928,6318080,768,256,24,8
s,8,13148156796.713509,789760,302309376,6318080,1024,256,24,8
m,8,26296313593.427017,789760,302309376,6318080,1024,256,24,8
l,8,65740783983.567535,789760,302309376,6318080,1024,256,24,8
xl,8,131481567967.13507,789760,302309376,6318080,1024,256,24,8
s,8,9166946075.183039,789760,472258560,6318080,1280,256,24,8
m,8,18333892150.366077,789760,472258560,6318080,1280,256,24,8
l,8,45834730375.91519,789760,472258560,6318080,1280,256,24,8
xl,8,91669460751.83038,789760,472258560,6318080,1280,256,24,8
s,8,6702558060.77515,789760,679956480,6318080,1536,256,24,8
m,8,13405116121.5503,789760,679956480,6318080,1536,256,24,8
l,8,33512790303.87575,789760,679956480,6318080,1536,256,24,8
xl,8,67025580607.7515,789760,679956480,6318080,1536,256,24,8
s,8,5092068675.304444,789760,925403136,6318080,1792,256,24,8
m,8,10184137350.608889,789760,925403136,6318080,1792,256,24,8
l,8,25460343376.522224,789760,925403136,6318080,1792,256,24,8
xl,8,50920686753.04445,789760,925403136,6318080,1792,256,24,8
m,8,7979292141.035584,789760,1208598528,6318080,2048,256,24,8
l,8,19948230352.588963,789760,1208598528,6318080,2048,256,24,8
xl,8,39896460705.177925,789760,1208598528,6318080,2048,256,24,8
s,8,10748899011.772022,1774464,302309376,14195712,1024,384,24,8
m,8,21497798023.544044,1774464,302309376,14195712,1024,384,24,8
l,8,53744495058.86011,1774464,302309376,14195712,1024,384,24,8
xl,8,107488990117.72021,1774464,302309376,14195712,1024,384,24,8
s,8,7932473707.022651,1774464,472258560,14195712,1280,384,24,8
m,8,15864947414.045301,1774464,472258560,14195712,1280,384,24,8
l,8,39662368535.11325,1774464,472258560,14195712,1280,384,24,8
xl,8,79324737070.2265,1774464,472258560,14195712,1280,384,24,8
s,8,6017815236.511211,1774464,679956480,14195712,1536,384,24,8
m,8,12035630473.022423,1774464,679956480,14195712,1536,384,24,8
l,8,30089076182.556057,1774464,679956480,14195712,1536,384,24,8
xl,8,60178152365.112114,1774464,679956480,14195712,1536,384,24,8
s,8,4686906754.777514,1774464,925403136,14195712,1792,384,24,8
m,8,9373813509.555029,1774464,925403136,14195712,1792,384,24,8
l,8,23434533773.88757,1774464,925403136,14195712,1792,384,24,8
xl,8,46869067547.77514,1774464,925403136,14195712,1792,384,24,8
m,8,7473135125.462878,1774464,1208598528,14195712,2048,384,24,8
l,8,18682837813.657196,1774464,1208598528,14195712,2048,384,24,8
xl,8,37365675627.31439,1774464,1208598528,14195712,2048,384,24,8
s,8,6690981156.912394,3152384,472258560,25219072,1280,512,24,8
m,8,13381962313.824787,3152384,472258560,25219072,1280,512,24,8
l,8,33454905784.56197,3152384,472258560,25219072,1280,512,24,8
xl,8,66909811569.12394,3152384,472258560,25219072,1280,512,24,8
s,8,5275260564.110199,3152384,679956480,25219072,1536,512,24,8
m,8,10550521128.220398,3152384,679956480,25219072,1536,512,24,8
l,8,26376302820.551,3152384,679956480,25219072,1536,512,24,8
xl,8,52752605641.102,3152384,679956480,25219072,1536,512,24,8
s,8,4223843998.1001487,3152384,925403136,25219072,1792,512,24,8
m,8,8447687996.200297,3152384,925403136,25219072,1792,512,24,8
l,8,21119219990.500744,3152384,925403136,25219072,1792,512,24,8
xl,8,42238439981.00149,3152384,925403136,25219072,1792,512,24,8
m,8,6872471342.894095,3152384,1208598528,25219072,2048,512,24,8
l,8,17181178357.235237,3152384,1208598528,25219072,2048,512,24,8
xl,8,34362356714.470474,3152384,1208598528,25219072,2048,512,24,8
s,8,4558523750.164016,4923520,679956480,39388160,1536,640,24,8
m,8,9117047500.328032,4923520,679956480,39388160,1536,640,24,8
l,8,22792618750.82008,4923520,679956480,39388160,1536,640,24,8
xl,8,45585237501.64016,4923520,679956480,39388160,1536,640,24,8
m,8,7503104334.387309,4923520,925403136,39388160,1792,640,24,8
l,8,18757760835.968273,4923520,925403136,39388160,1792,640,24,8
xl,8,37515521671.93655,4923520,925403136,39388160,1792,640,24,8
l,8,15585000317.435286,4923520,1208598528,39388160,2048,640,24,8
xl,8,31170000634.87057,4923520,1208598528,39388160,2048,640,24,8
l,8,16513867156.639711,7087872,925403136,56702976,1792,768,24,8
xl,8,33027734313.279423,7087872,925403136,56702976,1792,768,24,8
l,8,14004001783.549667,7087872,1208598528,56702976,2048,768,24,8
xl,8,28008003567.099335,7087872,1208598528,56702976,2048,768,24,8
xl,8,25020351553.953987,9645440,1208598528,77163520,2048,896,24,8
l,8,514644730449.67596,198272,25192448,1784448,1024,128,2,9
l,8,401025084279.4317,198272,39354880,1784448,1280,128,2,9
s,8,63249186615.46013,198272,56663040,1784448,1536,128,2,9
m,8,126498373230.92026,198272,56663040,1784448,1536,128,2,9
l,8,316245933077.3006,198272,56663040,1784448,1536,128,2,9
xl,8,632491866154.6012,198272,56663040,1784448,1536,128,2,9
s,8,50651540900.91667,198272,77116928,1784448,1792,128,2,9
m,8,101303081801.83334,198272,77116928,1784448,1792,128,2,9
l,8,253257704504.58334,198272,77116928,1784448,1792,128,2,9
xl,8,506515409009.1667,198272,77116928,1784448,1792,128,2,9
s,8,41211934184.870804,198272,100716544,1784448,2048,128,2,9
m,8,82423868369.74161,198272,100716544,1784448,2048,128,2,9
l,8,206059670924.354,198272,100716544,1784448,2048,128,2,9
xl,8,412119341848.708,198272,100716544,1784448,2048,128,2,9
s,8,27781556069.403217,789760,100716544,7107840,2048,256,2,9
m,8,55563112138.806435,789760,100716544,7107840,2048,256,2,9
l,8,138907780347.01608,789760,100716544,7107840,2048,256,2,9
xl,8,277815560694.03217,789760,100716544,7107840,2048,256,2,9
l,8,476096889144.83856,198272,28351488,1784448,768,128,4,9
s,8,67441652180.199776,198272,50384896,1784448,1024,128,4,9
l,8,337208260900.9989,198272,50384896,1784448,1024,128,4,9
s,8,49181501774.86204,198272,78709760,1784448,1280,128,4,9
m,8,98363003549.72408,198272,78709760,1784448,1280,128,4,9
l,8,245907508874.31018,198272,78709760,1784448,1280,128,4,9
xl,8,491815017748.62036,198272,78709760,1784448,1280,128,4,9
s,8,37012756668.66239,198272,113326080,1784448,1536,128,4,9
m,8,74025513337.32478,198272,113326080,1784448,1536,128,4,9
l,8,185063783343.31198,198272,113326080,1784448,1536,128,4,9
xl,8,370127566686.62396,198272,113326080,1784448,1536,128,4,9
s,8,28667896863.45687,198272,154233856,1784448,1792,128,4,9
m,8,57335793726.91374,198272,154233856,1784448,1792,128,4,9
l,8,143339484317.28436,198272,154233856,1784448,1792,128,4,9
xl,8,286678968634.5687,198272,154233856,1784448,1792,128,4,9
s,8,22765361246.215942,198272,201433088,1784448,2048,128,4,9
m,8,45530722492.431885,198272,201433088,1784448,2048,128,4,9
l,8,113826806231.07971,198272,201433088,1784448,2048,128,4,9
xl,8,227653612462.15942,198272,201433088,1784448,2048,128,4,9
s,8,25807783627.54207,789760,113326080,7107840,1536,256,4,9
m,8,51615567255.08414,789760,113326080,7107840,1536,256,4,9
l,8,129038918137.71033,789760,113326080,7107840,1536,256,4,9
xl,8,258077836275.42065,789760,113326080,7107840,1536,256,4,9
s,8,21453467257.8899,789760,154233856,7107840,1792,256,4,9
m,8,42906934515.7798,789760,154233856,7107840,1792,256,4,9
l,8,107267336289.4495,789760,154233856,7107840,1792,256,4,9
xl,8,214534672578.899,789760,154233856,7107840,1792,256,4,9
s,8,17967297793.15587,789760,201433088,7107840,2048,256,4,9
m,8,35934595586.31174,789760,201433088,7107840,2048,256,4,9
l,8,89836488965.77934,789760,201433088,7107840,2048,256,4,9
xl,8,179672977931.5587,789760,201433088,7107840,2048,256,4,9
s,8,13420296856.966476,1774464,201433088,15970176,2048,384,4,9
m,8,26840593713.932953,1774464,201433088,15970176,2048,384,4,9
l,8,67101484284.83238,1774464,201433088,15970176,2048,384,4,9
xl,8,134202968569.66476,1774464,201433088,15970176,2048,384,4,9
l,8,371706531448.75146,198272,42527232,1784448,768,128,6,9
s,8,50150894009.89698,198272,75577344,1784448,1024,128,6,9
m,8,100301788019.79396,198272,75577344,1784448,1024,128,6,9
l,8,250754470049.4849,198272,75577344,1784448,1024,128,6,9
xl,8,501508940098.9698,198272,75577344,1784448,1024,128,6,9
s,8,35463950752.20458,198272,118064640,1784448,1280,128,6,9
m,8,70927901504.40916,198272,118064640,1784448,1280,128,6,9
l,8,177319753761.02292,198272,118064640,1784448,1280,128,6,9
xl,8,354639507522.04584,198272,118064640,1784448,1280,128,6,9
s,8,26160927796.25786,198272,169989120,1784448,1536,128,6,9
m,8,52321855592.51572,198272,169989120,1784448,1536,128,6,9
l,8,130804638981.28929,198272,169989120,1784448,1536,128,6,9
xl,8,261609277962.57858,198272,169989120,1784448,1536,128,6,9
s,8,19991318969.65062,198272,231350784,1784448,1792,128,6,9
m,8,39982637939.30124,198272,231350784,1784448,1792,128,6,9
l,8,99956594848.2531,198272,231350784,1784448,1792,128,6,9
xl,8,199913189696.5062,198272,231350784,1784448,1792,128,6,9
s,8,15726249526.01084,198272,302149632,1784448,2048,128,6,9
m,8,31452499052.02168,198272,302149632,1784448,2048,128,6,9
l,8,78631247630.0542,198272,302149632,1784448,2048,128,6,9
xl,8,157262495260.1084,198272,302149632,1784448,2048,128,6,9
s,8,25045121290.516994,789760,118064640,7107840,1280,256,6,9
m,8,50090242581.03399,789760,118064640,7107840,1280,256,6,9
l,8,125225606452.58498,789760,118064640,7107840,1280,256,6,9
xl,8,250451212905.16995,789760,118064640,7107840,1280,256,6,9
s,8,20017923247.759113,789760,169989120,7107840,1536,256,6,9
m,8,40035846495.51823,789760,169989120,7107840,1536,256,6,9
l,8,100089616238.79556,789760,169989120,7107840,1536,256,6,9
xl,8,200179232477.59113,789760,169989120,7107840,1536,256,6,9
s,8,16193807488.016582,789760,231350784,7107840,1792,256,6,9
m,8,32387614976.033165,789760,231350784,7107840,1792,256,6,9
l,8,80969037440.08292,789760,231350784,7107840,1792,256,6,9
xl,8,161938074880.16583,789760,231350784,7107840,1792,256,6,9
s,8,13276996382.284025,789760,302149632,7107840,2048,256,6,9
m,8,26553992764.56805,789760,302149632,7107840,2048,256,6,9
l,8,66384981911.42013,789760,302149632,7107840,2048,256,6,9
xl,8,132769963822.84026,789760,302149632,7107840,2048,256,6,9
s,8,12405512175.960579,1774464,231350784,15970176,1792,384,6,9
m,8,24811024351.921158,1774464,231350784,15970176,1792,384,6,9
l,8,62027560879.802895,1774464,231350784,15970176,1792,384,6,9
xl,8,124055121759.60579,1774464,231350784,15970176,1792,384,6,9
s,8,10618465290.275711,1774464,302149632,15970176,2048,384,6,9
m,8,21236930580.551422,1774464,302149632,15970176,2048,384,6,9
l,8,53092326451.378555,1774464,302149632,15970176,2048,384,6,9
xl,8,106184652902.75711,1774464,302149632,15970176,2048,384,6,9
l,8,494606807372.41125,198272,25219072,1784448,512,128,8,9
s,8,60972338069.66455,198272,56702976,1784448,768,128,8,9
m,8,121944676139.3291,198272,56702976,1784448,768,128,8,9
l,8,304861690348.32275,198272,56702976,1784448,768,128,8,9
xl,8,609723380696.6455,198272,56702976,1784448,768,128,8,9
s,8,39916947202.97161,198272,100769792,1784448,1024,128,8,9
m,8,79833894405.94322,198272,100769792,1784448,1024,128,8,9
l,8,199584736014.85803,198272,100769792,1784448,1024,128,8,9
xl,8,399169472029.71606,198272,100769792,1784448,1024,128,8,9
s,8,27729676033.08572,198272,157419520,1784448,1280,128,8,9
m,8,55459352066.17144,198272,157419520,1784448,1280,128,8,9
l,8,138648380165.4286,198272,157419520,1784448,1280,128,8,9
xl,8,277296760330.8572,198272,157419520,1784448,1280,128,8,9
s,8,20229738622.066727,198272,226652160,1784448,1536,128,8,9
m,8,40459477244.13345,198272,226652160,1784448,1536,128,8,9
l,8,101148693110.33365,198272,226652160,1784448,1536,128,8,9
xl,8,202297386220.6673,198272,226652160,1784448,1536,128,8,9
s,8,15346555925.919106,198272,308467712,1784448,1792,128,8,9
m,8,30693111851.83821,198272,308467712,1784448,1792,128,8,9
l,8,76732779629.59552,198272,308467712,1784448,1792,128,8,9
xl,8,153465559259.19104,198272,308467712,1784448,1792,128,8,9
s,8,12012081270.858978,198272,402866176,1784448,2048,128,8,9
m,8,24024162541.717957,198272,402866176,1784448,2048,128,8,9
l,8,60060406354.2949,198272,402866176,1784448,2048,128,8,9
xl,8,120120812708.5898,198272,402866176,1784448,2048,128,8,9
s,8,27186986437.82619,789760,100769792,7107840,1024,256,8,9
m,8,54373972875.65238,789760,100769792,7107840,1024,256,8,9
l,8,135934932189.13095,789760,100769792,7107840,1024,256,8,9
xl,8,271869864378.2619,789760,100769792,7107840,1024,256,8,9
s,8,20923681791.3082,789760,157419520,7107840,1280,256,8,9
m,8,41847363582.6164,789760,157419520,7107840,1280,256,8,9
l,8,104618408956.54102,789760,157419520,7107840,1280,256,8,9
xl,8,209236817913.08203,789760,157419520,7107840,1280,256,8,9
s,8,16349897218.006128,789760,226652160,7107840,1536,256,8,9
m,8,32699794436.012257,789760,226652160,7107840,1536,256,8,9
l,8,81749486090.03064,789760,226652160,7107840,1536,256,8,9
xl,8,163498972180.06128,789760,226652160,7107840,1536,256,8,9
s,8,13005340721.199205,789760,308467712,7107840,1792,256,8,9
m,8,26010681442.39841,789760,308467712,7107840,1792,256,8,9
l,8,65026703605.996025,789760,308467712,7107840,1792,256,8,9
xl,8,130053407211.99205,789760,308467712,7107840,1792,256,8,9
s,8,10528553605.835884,789760,402866176,7107840,2048,256,8,9
m,8,21057107211.67177,789760,402866176,7107840,2048,256,8,9
l,8,52642768029.17942,789760,402866176,7107840,2048,256,8,9
xl,8,105285536058.35884,789760,402866176,7107840,2048,256,8,9
s,8,12496908264.895266,1774464,226652160,15970176,1536,384,8,9
m,8,24993816529.79053,1774464,226652160,15970176,1536,384,8,9
l,8,62484541324.476326,1774464,226652160,15970176,1536,384,8,9
xl,8,124969082648.95265,1774464,226652160,15970176,1536,384,8,9
s,8,10443993375.333225,1774464,308467712,15970176,1792,384,8,9
m,8,20887986750.66645,1774464,308467712,15970176,1792,384,8,9
l,8,52219966876.66613,1774464,308467712,15970176,1792,384,8,9
xl,8,104439933753.33226,1774464,308467712,15970176,1792,384,8,9
s,8,8784479609.536205,1774464,402866176,15970176,2048,384,8,9
m,8,17568959219.07241,1774464,402866176,15970176,2048,384,8,9
l,8,43922398047.68103,1774464,402866176,15970176,2048,384,8,9
xl,8,87844796095.36206,1774464,402866176,15970176,2048,384,8,9
s,8,7151975707.542096,3152384,402866176,28371456,2048,512,8,9
m,8,14303951415.084192,3152384,402866176,28371456,2048,512,8,9
l,8,35759878537.71048,3152384,402866176,28371456,2048,512,8,9
xl,8,71519757075.42096,3152384,402866176,28371456,2048,512,8,9
l,8,435331959773.93384,198272,31523840,1784448,512,128,10,9
s,8,51678817390.21146,198272,70878720,1784448,768,128,10,9
m,8,103357634780.42291,198272,70878720,1784448,768,128,10,9
l,8,258394086951.05725,198272,70878720,1784448,768,128,10,9
xl,8,516788173902.1145,198272,70878720,1784448,768,128,10,9
s,8,33151873239.96705,198272,125962240,1784448,1024,128,10,9
m,8,66303746479.9341,198272,125962240,1784448,1024,128,10,9
l,8,165759366199.83524,198272,125962240,1784448,1024,128,10,9
xl,8,331518732399.6705,198272,125962240,1784448,1024,128,10,9
s,8,22764913476.93805,198272,196774400,1784448,1280,128,10,9
m,8,45529826953.8761,198272,196774400,1784448,1280,128,10,9
l,8,113824567384.69025,198272,196774400,1784448,1280,128,10,9
xl,8,227649134769.3805,198272,196774400,1784448,1280,128,10,9
s,8,16490926164.714537,198272,283315200,1784448,1536,128,10,9
m,8,32981852329.429073,198272,283315200,1784448,1536,128,10,9
l,8,82454630823.57268,198272,283315200,1784448,1536,128,10,9
xl,8,164909261647.14536,198272,283315200,1784448,1536,128,10,9
s,8,12453193427.184584,198272,385584640,1784448,1792,128,10,9
m,8,24906386854.369167,198272,385584640,1784448,1792,128,10,9
l,8,62265967135.92292,198272,385584640,1784448,1792,128,10,9
xl,8,124531934271.84584,198272,385584640,1784448,1792,128,10,9
s,8,9717125913.584743,198272,503582720,1784448,2048,128,10,9
m,8,19434251827.169487,198272,503582720,1784448,2048,128,10,9
l,8,48585629567.92372,198272,503582720,1784448,2048,128,10,9
xl,8,97171259135.84744,198272,503582720,1784448,2048,128,10,9
s,8,23869483953.214283,789760,125962240,7107840,1024,256,10,9
m,8,47738967906.428566,789760,125962240,7107840,1024,256,10,9
l,8,119347419766.07143,789760,125962240,7107840,1024,256,10,9
xl,8,238694839532.14285,789760,125962240,7107840,1024,256,10,9
s,8,17967018877.731133,789760,196774400,7107840,1280,256,10,9
m,8,35934037755.462265,789760,196774400,7107840,1280,256,10,9
l,8,89835094388.65565,789760,196774400,7107840,1280,256,10,9
xl,8,179670188777.3113,789760,196774400,7107840,1280,256,10,9
s,8,13817938381.280474,789760,283315200,7107840,1536,256,10,9
m,8,27635876762.560947,789760,283315200,7107840,1536,256,10,9
l,8,69089691906.40237,789760,283315200,7107840,1536,256,10,9
xl,8,138179383812.80475,789760,283315200,7107840,1536,256,10,9
s,8,10865906713.843826,789760,385584640,7107840,1792,256,10,9
m,8,21731813427.687653,789760,385584640,7107840,1792,256,10,9
l,8,54329533569.21913,789760,385584640,7107840,1792,256,10,9
xl,8,108659067138.43826,789760,385584640,7107840,1792,256,10,9
s,8,8722854129.036274,789760,503582720,7107840,2048,256,10,9
m,8,17445708258.072548,789760,503582720,7107840,2048,256,10,9
l,8,43614270645.181366,789760,503582720,7107840,2048,256,10,9
xl,8,87228541290.36273,789760,503582720,7107840,2048,256,10,9
s,8,13420141248.59706,1774464,196774400,15970176,1280,384,10,9
m,8,26840282497.19412,1774464,196774400,15970176,1280,384,10,9
l,8,67100706242.98529,1774464,196774400,15970176,1280,384,10,9
xl,8,134201412485.97058,1774464,196774400,15970176,1280,384,10,9
s,8,10961664166.530304,1774464,283315200,15970176,1536,384,10,9
m,8,21923328333.060608,1774464,283315200,15970176,1536,384,10,9
l,8,54808320832.65152,1774464,283315200,15970176,1536,384,10,9
xl,8,109616641665.30304,1774464,283315200,15970176,1536,384,10,9
s,8,9018083638.469212,1774464,385584640,15970176,1792,384,10,9
m,8,18036167276.938423,1774464,385584640,15970176,1792,384,10,9
l,8,45090418192.346054,1774464,385584640,15970176,1792,384,10,9
xl,8,90180836384.69211,1774464,385584640,15970176,1792,384,10,9
s,8,7490709422.9169445,1774464,503582720,15970176,2048,384,10,9
m,8,14981418845.833889,1774464,503582720,15970176,2048,384,10,9
l,8,37453547114.584724,1774464,503582720,15970176,2048,384,10,9
xl,8,74907094229.16945,1774464,503582720,15970176,2048,384,10,9
s,8,7306060336.134886,3152384,385584640,28371456,1792,512,10,9
m,8,14612120672.269772,3152384,385584640,28371456,1792,512,10,9
l,8,36530301680.67443,3152384,385584640,28371456,1792,512,10,9
xl,8,73060603361.34886,3152384,385584640,28371456,1792,512,10,9
s,8,6270257949.382866,3152384,503582720,28371456,2048,512,10,9
m,8,12540515898.765732,3152384,503582720,28371456,2048,512,10,9
l,8,31351289746.91433,3152384,503582720,28371456,2048,512,10,9
xl,8,62702579493.82866,3152384,503582720,28371456,2048,512,10,9
s,8,5192256808.190972,4923520,503582720,44311680,2048,640,10,9
m,8,10384513616.381945,4923520,503582720,44311680,2048,640,10,9
l,8,25961284040.95486,4923520,503582720,44311680,2048,640,10,9
xl,8,51922568081.90972,4923520,503582720,44311680,2048,640,10,9
l,8,388743965138.6852,198272,37828608,1784448,512,128,12,9
s,8,44843660649.00616,198272,85054464,1784448,768,128,12,9
m,8,89687321298.01231,198272,85054464,1784448,768,128,12,9
l,8,224218303245.0308,198272,85054464,1784448,768,128,12,9
xl,8,448436606490.0616,198272,85054464,1784448,768,128,12,9
s,8,28347563810.36614,198272,151154688,1784448,1024,128,12,9
m,8,56695127620.73228,198272,151154688,1784448,1024,128,12,9
l,8,141737819051.8307,198272,151154688,1784448,1024,128,12,9
xl,8,283475638103.6614,198272,151154688,1784448,1024,128,12,9
s,8,19307983341.3809,198272,236129280,1784448,1280,128,12,9
m,8,38615966682.7618,198272,236129280,1784448,1280,128,12,9
l,8,96539916706.90451,198272,236129280,1784448,1280,128,12,9
xl,8,193079833413.80902,198272,236129280,1784448,1280,128,12,9
s,8,13918535369.225338,198272,339978240,1784448,1536,128,12,9
m,8,27837070738.450676,198272,339978240,1784448,1536,128,12,9
l,8,69592676846.1267,198272,339978240,1784448,1536,128,12,9
xl,8,139185353692.2534,198272,339978240,1784448,1536,128,12,9
s,8,10477767769.414005,198272,462701568,1784448,1792,128,12,9
m,8,20955535538.82801,198272,462701568,1784448,1792,128,12,9
l,8,52388838847.07002,198272,462701568,1784448,1792,128,12,9
xl,8,104777677694.14005,198272,462701568,1784448,1792,128,12,9
s,8,8158426460.13969,198272,604299264,1784448,2048,128,12,9
m,8,16316852920.27938,198272,604299264,1784448,2048,128,12,9
l,8,40792132300.698456,198272,604299264,1784448,2048,128,12,9
xl,8,81584264601.39691,198272,604299264,1784448,2048,128,12,9
s,8,29385849843.47921,789760,85054464,7107840,768,256,12,9
m,8,58771699686.95842,789760,85054464,7107840,768,256,12,9
l,8,146929249217.39606,789760,85054464,7107840,768,256,12,9
xl,8,293858498434.7921,789760,85054464,7107840,768,256,12,9
s,8,21273568561.137512,789760,151154688,7107840,1024,256,12,9
m,8,42547137122.275024,789760,151154688,7107840,1024,256,12,9
l,8,106367842805.68756,789760,151154688,7107840,1024,256,12,9
xl,8,212735685611.37512,789760,151154688,7107840,1024,256,12,9
s,8,15742494104.750807,789760,236129280,7107840,1280,256,12,9
m,8,31484988209.501614,789760,236129280,7107840,1280,256,12,9
l,8,78712470523.75404,789760,236129280,7107840,1280,256,12,9
xl,8,157424941047.5081,789760,236129280,7107840,1280,256,12,9
s,8,11965024605.833801,789760,339978240,7107840,1536,256,12,9
m,8,23930049211.667603,789760,339978240,7107840,1536,256,12,9
l,8,59825123029.16901,789760,339978240,7107840,1536,256,12,9
xl,8,119650246058.33801,789760,339978240,7107840,1536,256,12,9
s,8,9330929088.820591,789760,462701568,7107840,1792,256,12,9
m,8,18661858177.641182,789760,462701568,7107840,1792,256,12,9
l,8,46654645444.10296,789760,462701568,7107840,1792,256,12,9
xl,8,93309290888.20592,789760,462701568,7107840,1792,256,12,9
s,8,7445853160.151128,789760,604299264,7107840,2048,256,12,9
m,8,14891706320.302256,789760,604299264,7107840,2048,256,12,9
l,8,37229265800.75564,789760,604299264,7107840,2048,256,12,9
xl,8,74458531601.51128,789760,604299264,7107840,2048,256,12,9
s,8,12138918167.95951,1774464,236129280,15970176,1280,384,12,9
m,8,24277836335.91902,1774464,236129280,15970176,1280,384,12,9
l,8,60694590839.79755,1774464,236129280,15970176,1280,384,12,9
xl,8,121389181679.5951,1774464,236129280,15970176,1280,384,12,9
s,8,9762359185.778633,1774464,339978240,15970176,1536,384,12,9
m,8,19524718371.557266,1774464,339978240,15970176,1536,384,12,9
l,8,48811795928.893166,1774464,339978240,15970176,1536,384,12,9
xl,8,97623591857.78633,1774464,339978240,15970176,1536,384,12,9
s,8,7934757755.654404,1774464,462701568,15970176,1792,384,12,9
m,8,15869515511.308807,1774464,462701568,15970176,1792,384,12,9
l,8,39673788778.27202,1774464,462701568,15970176,1792,384,12,9
xl,8,79347577556.54404,1774464,462701568,15970176,1792,384,12,9
s,8,6529108279.462967,1774464,604299264,15970176,2048,384,12,9
m,8,13058216558.925934,1774464,604299264,15970176,2048,384,12,9
l,8,32645541397.314835,1774464,604299264,15970176,2048,384,12,9
xl,8,65291082794.62967,1774464,604299264,15970176,2048,384,12,9
s,8,7787032510.175471,3152384,339978240,28371456,1536,512,12,9
m,8,15574065020.350943,3152384,339978240,28371456,1536,512,12,9
l,8,38935162550.87736,3152384,339978240,28371456,1536,512,12,9
xl,8,77870325101.75471,3152384,339978240,28371456,1536,512,12,9
s,8,6578421094.733474,3152384,462701568,28371456,1792,512,12,9
m,8,13156842189.466948,3152384,462701568,28371456,1792,512,12,9
l,8,32892105473.66737,3152384,462701568,28371456,1792,512,12,9
xl,8,65784210947.33474,3152384,462701568,28371456,1792,512,12,9
s,8,5582081607.353701,3152384,604299264,28371456,2048,512,12,9
m,8,11164163214.707401,3152384,604299264,28371456,2048,512,12,9
l,8,27910408036.7685,3152384,604299264,28371456,2048,512,12,9
xl,8,55820816073.537,3152384,604299264,28371456,2048,512,12,9
s,8,4711290959.30402,4923520,604299264,44311680,2048,640,12,9
m,8,9422581918.60804,4923520,604299264,44311680,2048,640,12,9
l,8,23556454796.520096,4923520,604299264,44311680,2048,640,12,9
xl,8,47112909593.04019,4923520,604299264,44311680,2048,640,12,9
l,8,351163446638.32635,198272,44133376,1784448,512,128,14,9
s,8,39605365798.32694,198272,99230208,1784448,768,128,14,9
m,8,79210731596.65388,198272,99230208,1784448,768,128,14,9
l,8,198026828991.6347,198272,99230208,1784448,768,128,14,9
xl,8,396053657983.2694,198272,99230208,1784448,768,128,14,9
s,8,24759466732.58627,198272,176347136,1784448,1024,128,14,9
m,8,49518933465.17254,198272,176347136,1784448,1024,128,14,9
l,8,123797333662.93135,198272,176347136,1784448,1024,128,14,9
xl,8,247594667325.8627,198272,176347136,1784448,1024,128,14,9
s,8,16762534956.590399,198272,275484160,1784448,1280,128,14,9
m,8,33525069913.180798,198272,275484160,1784448,1280,128,14,9
l,8,83812674782.952,198272,275484160,1784448,1280,128,14,9
xl,8,167625349565.904,198272,275484160,1784448,1280,128,14,9
s,8,12040377840.541859,198272,396641280,1784448,1536,128,14,9
m,8,24080755681.083717,198272,396641280,1784448,1536,128,14,9
l,8,60201889202.7093,198272,396641280,1784448,1536,128,14,9
xl,8,120403778405.4186,198272,396641280,1784448,1536,128,14,9
s,8,9043254101.405119,198272,539818496,1784448,1792,128,14,9
m,8,18086508202.810238,198272,539818496,1784448,1792,128,14,9
l,8,45216270507.0256,198272,539818496,1784448,1792,128,14,9
xl,8,90432541014.0512,198272,539818496,1784448,1792,128,14,9
s,8,7030656700.45769,198272,705015808,1784448,2048,128,14,9
m,8,14061313400.91538,198272,705015808,1784448,2048,128,14,9
l,8,35153283502.28845,198272,705015808,1784448,2048,128,14,9
xl,8,70306567004.5769,198272,705015808,1784448,2048,128,14,9
s,8,27042088739.587715,789760,99230208,7107840,768,256,14,9
m,8,54084177479.17543,789760,99230208,7107840,768,256,14,9
l,8,135210443697.93857,789760,99230208,7107840,768,256,14,9
xl,8,270420887395.87714,789760,99230208,7107840,768,256,14,9
s,8,19186905014.075512,789760,176347136,7107840,1024,256,14,9
m,8,38373810028.151024,789760,176347136,7107840,1024,256,14,9
l,8,95934525070.37756,789760,176347136,7107840,1024,256,14,9
xl,8,191869050140.75513,789760,176347136,7107840,1024,256,14,9
s,8,14008126057.89368,789760,275484160,7107840,1280,256,14,9
m,8,28016252115.78736,789760,275484160,7107840,1280,256,14,9
l,8,70040630289.4684,789760,275484160,7107840,1280,256,14,9
xl,8,140081260578.9368,789760,275484160,7107840,1280,256,14,9
s,8,10550286039.355099,789760,396641280,7107840,1536,256,14,9
m,8,21100572078.710197,789760,396641280,7107840,1536,256,14,9
l,8,52751430196.7755,789760,396641280,7107840,1536,256,14,9
xl,8,105502860393.551,789760,396641280,7107840,1536,256,14,9
s,8,8175949574.40585,789760,539818496,7107840,1792,256,14,9
m,8,16351899148.8117,789760,539818496,7107840,1792,256,14,9
l,8,40879747872.02925,789760,539818496,7107840,1792,256,14,9
xl,8,81759495744.0585,789760,539818496,7107840,1792,256,14,9
s,8,6495003212.168789,789760,705015808,7107840,2048,256,14,9
m,8,12990006424.337578,789760,705015808,7107840,2048,256,14,9
l,8,32475016060.843945,789760,705015808,7107840,2048,256,14,9
xl,8,64950032121.68789,789760,705015808,7107840,2048,256,14,9
s,8,11081012127.236969,1774464,275484160,15970176,1280,384,14,9
m,8,22162024254.473938,1774464,275484160,15970176,1280,384,14,9
l,8,55405060636.184845,1774464,275484160,15970176,1280,384,14,9
xl,8,110810121272.36969,1774464,275484160,15970176,1280,384,14,9
s,8,8799603187.174036,1774464,396641280,15970176,1536,384,14,9
m,8,17599206374.348072,1774464,396641280,15970176,1536,384,14,9
l,8,43998015935.87018,1774464,396641280,15970176,1536,384,14,9
xl,8,87996031871.74036,1774464,396641280,15970176,1536,384,14,9
s,8,7083794488.354526,1774464,539818496,15970176,1792,384,14,9
m,8,14167588976.709051,1774464,539818496,15970176,1792,384,14,9
l,8,35418972441.77263,1774464,539818496,15970176,1792,384,14,9
xl,8,70837944883.54526,1774464,539818496,15970176,1792,384,14,9
s,8,5786305712.28729,1774464,705015808,15970176,2048,384,14,9
m,8,11572611424.57458,1774464,705015808,15970176,2048,384,14,9
l,8,28931528561.436447,1774464,705015808,15970176,2048,384,14,9
xl,8,57863057122.872894,1774464,705015808,15970176,2048,384,14,9
s,8,7161997273.628174,3152384,396641280,28371456,1536,512,14,9
m,8,14323994547.256348,3152384,396641280,28371456,1536,512,14,9
l,8,35809986368.14087,3152384,396641280,28371456,1536,512,14,9
xl,8,71619972736.28174,3152384,396641280,28371456,1536,512,14,9
s,8,5982591329.282019,3152384,539818496,28371456,1792,512,14,9
m,8,11965182658.564037,3152384,539818496,28371456,1792,512,14,9
l,8,29912956646.41009,3152384,539818496,28371456,1792,512,14,9
xl,8,59825913292.82018,3152384,539818496,28371456,1792,512,14,9
s,8,5030024012.127428,3152384,705015808,28371456,2048,512,14,9
m,8,10060048024.254856,3152384,705015808,28371456,2048,512,14,9
l,8,25150120060.637142,3152384,705015808,28371456,2048,512,14,9
xl,8,50300240121.274284,3152384,705015808,28371456,2048,512,14,9
s,8,4993432238.445417,4923520,539818496,44311680,1792,640,14,9
m,8,9986864476.890835,4923520,539818496,44311680,1792,640,14,9
l,8,24967161192.22709,4923520,539818496,44311680,1792,640,14,9
xl,8,49934322384.45418,4923520,539818496,44311680,1792,640,14,9
s,8,4311875989.618658,4923520,705015808,44311680,2048,640,14,9
m,8,8623751979.237316,4923520,705015808,44311680,2048,640,14,9
l,8,21559379948.093292,4923520,705015808,44311680,2048,640,14,9
xl,8,43118759896.186584,4923520,705015808,44311680,2048,640,14,9
s,8,64041675248.25115,198272,50438144,1784448,512,128,16,9
m,8,128083350496.5023,198272,50438144,1784448,512,128,16,9
l,8,320208376241.25574,198272,50438144,1784448,512,128,16,9
xl,8,640416752482.5115,198272,50438144,1784448,512,128,16,9
s,8,35462864139.78156,198272,113405952,1784448,768,128,16,9
m,8,70925728279.56313,198272,113405952,1784448,768,128,16,9
l,8,177314320698.9078,198272,113405952,1784448,768,128,16,9
xl,8,354628641397.8156,198272,113405952,1784448,768,128,16,9
s,8,21977643286.322277,198272,201539584,1784448,1024,128,16,9
m,8,43955286572.644554,198272,201539584,1784448,1024,128,16,9
l,8,109888216431.61137,198272,201539584,1784448,1024,128,16,9
xl,8,219776432863.22275,198272,201539584,1784448,1024,128,16,9
s,8,14810065062.393026,198272,314839040,1784448,1280,128,16,9
m,8,29620130124.786053,198272,314839040,1784448,1280,128,16,9
l,8,74050325311.96513,198272,314839040,1784448,1280,128,16,9
xl,8,148100650623.93027,198272,314839040,1784448,1280,128,16,9
s,8,10608829703.501032,198272,453304320,1784448,1536,128,16,9
m,8,21217659407.002064,198272,453304320,1784448,1536,128,16,9
l,8,53044148517.505165,198272,453304320,1784448,1536,128,16,9
xl,8,106088297035.01033,198272,453304320,1784448,1536,128,16,9
s,8,7954237553.240893,198272,616935424,1784448,1792,128,16,9
m,8,15908475106.481787,198272,616935424,1784448,1792,128,16,9
l,8,39771187766.20447,198272,616935424,1784448,1792,128,16,9
xl,8,79542375532.40894,198272,616935424,1784448,1792,128,16,9
s,8,6176812798.197991,198272,805732352,1784448,2048,128,16,9
m,8,12353625596.395983,198272,805732352,1784448,2048,128,16,9
l,8,30884063990.989956,198272,805732352,1784448,2048,128,16,9
xl,8,61768127981.97991,198272,805732352,1784448,2048,128,16,9
s,8,25044579351.245216,789760,113405952,7107840,768,256,16,9
m,8,50089158702.49043,789760,113405952,7107840,768,256,16,9
l,8,125222896756.22609,789760,113405952,7107840,768,256,16,9
xl,8,250445793512.45218,789760,113405952,7107840,768,256,16,9
s,8,17473025841.62673,789760,201539584,7107840,1024,256,16,9
m,8,34946051683.25346,789760,201539584,7107840,1024,256,16,9
l,8,87365129208.13365,789760,201539584,7107840,1024,256,16,9
xl,8,174730258416.2673,789760,201539584,7107840,1024,256,16,9
s,8,12617988284.854013,789760,314839040,7107840,1280,256,16,9
m,8,25235976569.708027,789760,314839040,7107840,1280,256,16,9
l,8,63089941424.270065,789760,314839040,7107840,1280,256,16,9
xl,8,126179882848.54013,789760,314839040,7107840,1280,256,16,9
s,8,9434728435.305387,789760,453304320,7107840,1536,256,16,9
m,8,18869456870.610775,789760,453304320,7107840,1536,256,16,9
l,8,47173642176.52694,789760,453304320,7107840,1536,256,16,9
xl,8,94347284353.05388,789760,453304320,7107840,1536,256,16,9
s,8,7275402504.368152,789760,616935424,7107840,1792,256,16,9
m,8,14550805008.736303,789760,616935424,7107840,1792,256,16,9
l,8,36377012521.84076,789760,616935424,7107840,1792,256,16,9
xl,8,72754025043.68152,789760,616935424,7107840,1792,256,16,9
s,8,5759503411.0083,789760,805732352,7107840,2048,256,16,9
m,8,11519006822.0166,789760,805732352,7107840,2048,256,16,9
l,8,28797517055.0415,789760,805732352,7107840,2048,256,16,9
xl,8,57595034110.083,789760,805732352,7107840,2048,256,16,9
s,8,13142607808.811855,1774464,201539584,15970176,1024,384,16,9
m,8,26285215617.62371,1774464,201539584,15970176,1024,384,16,9
l,8,65713039044.05928,1774464,201539584,15970176,1024,384,16,9
xl,8,131426078088.11856,1774464,201539584,15970176,1024,384,16,9
s,8,10192717376.821825,1774464,314839040,15970176,1280,384,16,9
m,8,20385434753.64365,1774464,314839040,15970176,1280,384,16,9
l,8,50963586884.10913,1774464,314839040,15970176,1280,384,16,9
xl,8,101927173768.21826,1774464,314839040,15970176,1280,384,16,9
s,8,8009693651.644967,1774464,453304320,15970176,1536,384,16,9
m,8,16019387303.289934,1774464,453304320,15970176,1536,384,16,9
l,8,40048468258.22483,1774464,453304320,15970176,1536,384,16,9
xl,8,80096936516.44966,1774464,453304320,15970176,1536,384,16,9
s,8,6397675627.199968,1774464,616935424,15970176,1792,384,16,9
m,8,12795351254.399937,1774464,616935424,15970176,1792,384,16,9
l,8,31988378135.999844,1774464,616935424,15970176,1792,384,16,9
xl,8,63976756271.99969,1774464,616935424,15970176,1792,384,16,9
s,8,5195252985.130022,1774464,805732352,15970176,2048,384,16,9
m,8,10390505970.260044,1774464,805732352,15970176,2048,384,16,9
l,8,25976264925.650112,1774464,805732352,15970176,2048,384,16,9
xl,8,51952529851.300224,1774464,805732352,15970176,2048,384,16,9
s,8,6629845037.714802,3152384,453304320,28371456,1536,512,16,9
m,8,13259690075.429604,3152384,453304320,28371456,1536,512,16,9
l,8,33149225188.57401,3152384,453304320,28371456,1536,512,16,9
xl,8,66298450377.14802,3152384,453304320,28371456,1536,512,16,9
s,8,5485730255.145264,3152384,616935424,28371456,1792,512,16,9
m,8,10971460510.290527,3152384,616935424,28371456,1792,512,16,9
l,8,27428651275.72632,3152384,616935424,28371456,1792,512,16,9
xl,8,54857302551.45264,3152384,616935424,28371456,1792,512,16,9
s,8,4577334096.173525,3152384,805732352,28371456,2048,512,16,9
m,8,9154668192.34705,3152384,805732352,28371456,2048,512,16,9
l,8,22886670480.867622,3152384,805732352,28371456,2048,512,16,9
xl,8,45773340961.735245,3152384,805732352,28371456,2048,512,16,9
s,8,4642470703.595776,4923520,616935424,44311680,1792,640,16,9
m,8,9284941407.191551,4923520,616935424,44311680,1792,640,16,9
l,8,23212353517.978878,4923520,616935424,44311680,1792,640,16,9
xl,8,46424707035.957756,4923520,616935424,44311680,1792,640,16,9
m,8,7949783317.525984,4923520,805732352,44311680,2048,640,16,9
l,8,19874458293.81496,4923520,805732352,44311680,2048,640,16,9
xl,8,39748916587.62992,4923520,805732352,44311680,2048,640,16,9
m,8,6853595467.459622,7087872,805732352,63790848,2048,768,16,9
l,8,17133988668.649055,7087872,805732352,63790848,2048,768,16,9
xl,8,34267977337.29811,7087872,805732352,63790848,2048,768,16,9
s,8,58853717907.06763,198272,56742912,1784448,512,128,18,9
m,8,117707435814.13525,198272,56742912,1784448,512,128,18,9
l,8,294268589535.33813,198272,56742912,1784448,512,128,18,9
xl,8,588537179070.6763,198272,56742912,1784448,512,128,18,9
s,8,32104872492.28841,198272,127581696,1784448,768,128,18,9
m,8,64209744984.57682,198272,127581696,1784448,768,128,18,9
l,8,160524362461.44205,198272,127581696,1784448,768,128,18,9
xl,8,321048724922.8841,198272,127581696,1784448,768,128,18,9
s,8,19757779111.823025,198272,226732032,1784448,1024,128,18,9
m,8,39515558223.64605,198272,226732032,1784448,1024,128,18,9
l,8,98788895559.11511,198272,226732032,1784448,1024,128,18,9
xl,8,197577791118.23022,198272,226732032,1784448,1024,128,18,9
s,8,13264983647.989357,198272,354193920,1784448,1280,128,18,9
m,8,26529967295.978714,198272,354193920,1784448,1280,128,18,9
l,8,66324918239.946785,198272,354193920,1784448,1280,128,18,9
xl,8,132649836479.89357,198272,354193920,1784448,1280,128,18,9
s,8,9481518699.602884,198272,509967360,1784448,1536,128,18,9
m,8,18963037399.20577,198272,509967360,1784448,1536,128,18,9
l,8,47407593498.01442,198272,509967360,1784448,1536,128,18,9
xl,8,94815186996.02884,198272,509967360,1784448,1536,128,18,9
s,8,7099316023.497032,198272,694052352,1784448,1792,128,18,9
m,8,14198632046.994064,198272,694052352,1784448,1792,128,18,9
l,8,35496580117.48516,198272,694052352,1784448,1792,128,18,9
xl,8,70993160234.97032,198272,694052352,1784448,1792,128,18,9
s,8,5507901194.421421,198272,906448896,1784448,2048,128,18,9
m,8,11015802388.842842,198272,906448896,1784448,2048,128,18,9
l,8,27539505972.107105,198272,906448896,1784448,2048,128,18,9
xl,8,55079011944.21421,198272,906448896,1784448,2048,128,18,9
s,8,23321870167.7085,789760,127581696,7107840,768,256,18,9
m,8,46643740335.417,789760,127581696,7107840,768,256,18,9
l,8,116609350838.54251,789760,127581696,7107840,768,256,18,9
xl,8,233218701677.08502,789760,127581696,7107840,768,256,18,9
s,8,16040225292.021925,789760,226732032,7107840,1024,256,18,9
m,8,32080450584.04385,789760,226732032,7107840,1024,256,18,9
l,8,80201126460.10963,789760,226732032,7107840,1024,256,18,9
xl,8,160402252920.21927,789760,226732032,7107840,1024,256,18,9
s,8,11478850630.951096,789760,354193920,7107840,1280,256,18,9
m,8,22957701261.90219,789760,354193920,7107840,1280,256,18,9
l,8,57394253154.75548,789760,354193920,7107840,1280,256,18,9
xl,8,114788506309.51096,789760,354193920,7107840,1280,256,18,9
s,8,8532523385.257492,789760,509967360,7107840,1536,256,18,9
m,8,17065046770.514984,789760,509967360,7107840,1536,256,18,9
l,8,42662616926.28746,789760,509967360,7107840,1536,256,18,9
xl,8,85325233852.57492,789760,509967360,7107840,1536,256,18,9
s,8,6553555445.38592,789760,694052352,7107840,1792,256,18,9
m,8,13107110890.77184,789760,694052352,7107840,1792,256,18,9
l,8,32767777226.929596,789760,694052352,7107840,1792,256,18,9
xl,8,65535554453.85919,789760,694052352,7107840,1792,256,18,9
s,8,5173636341.211001,789760,906448896,7107840,2048,256,18,9
m,8,10347272682.422003,789760,906448896,7107840,2048,256,18,9
l,8,25868181706.055008,789760,906448896,7107840,2048,256,18,9
xl,8,51736363412.110016,789760,906448896,7107840,2048,256,18,9
s,8,12315181150.403435,1774464,226732032,15970176,1024,384,18,9
m,8,24630362300.80687,1774464,226732032,15970176,1024,384,18,9
l,8,61575905752.01717,1774464,226732032,15970176,1024,384,18,9
xl,8,123151811504.03435,1774464,226732032,15970176,1024,384,18,9
s,8,9436271123.847813,1774464,354193920,15970176,1280,384,18,9
m,8,18872542247.695625,1774464,354193920,15970176,1280,384,18,9
l,8,47181355619.23906,1774464,354193920,15970176,1280,384,18,9
xl,8,94362711238.47812,1774464,354193920,15970176,1280,384,18,9
s,8,7349917334.009761,1774464,509967360,15970176,1536,384,18,9
m,8,14699834668.019522,1774464,509967360,15970176,1536,384,18,9
l,8,36749586670.048805,1774464,509967360,15970176,1536,384,18,9
xl,8,73499173340.09761,1774464,509967360,15970176,1536,384,18,9
s,8,5832731628.738513,1774464,694052352,15970176,1792,384,18,9
m,8,11665463257.477026,1774464,694052352,15970176,1792,384,18,9
l,8,29163658143.692562,1774464,694052352,15970176,1792,384,18,9
xl,8,58327316287.385124,1774464,694052352,15970176,1792,384,18,9
s,8,4713757633.364837,1774464,906448896,15970176,2048,384,18,9
m,8,9427515266.729673,1774464,906448896,15970176,2048,384,18,9
l,8,23568788166.82418,1774464,906448896,15970176,2048,384,18,9
xl,8,47137576333.64836,1774464,906448896,15970176,2048,384,18,9
s,8,7578144002.196086,3152384,354193920,28371456,1280,512,18,9
m,8,15156288004.392172,3152384,354193920,28371456,1280,512,18,9
l,8,37890720010.98043,3152384,354193920,28371456,1280,512,18,9
xl,8,75781440021.96086,3152384,354193920,28371456,1280,512,18,9
s,8,6171303537.292447,3152384,509967360,28371456,1536,512,18,9
m,8,12342607074.584894,3152384,509967360,28371456,1536,512,18,9
l,8,30856517686.462234,3152384,509967360,28371456,1536,512,18,9
xl,8,61713035372.92447,3152384,509967360,28371456,1536,512,18,9
s,8,5065070350.990736,3152384,694052352,28371456,1792,512,18,9
m,8,10130140701.981472,3152384,694052352,28371456,1792,512,18,9
l,8,25325351754.95368,3152384,694052352,28371456,1792,512,18,9
xl,8,50650703509.90736,3152384,694052352,28371456,1792,512,18,9
s,8,4199398458.0077624,3152384,906448896,28371456,2048,512,18,9
m,8,8398796916.015525,3152384,906448896,28371456,2048,512,18,9
l,8,20996992290.03881,3152384,906448896,28371456,2048,512,18,9
xl,8,41993984580.07762,3152384,906448896,28371456,2048,512,18,9
s,8,5124218013.585818,4923520,509967360,44311680,1536,640,18,9
m,8,10248436027.171637,4923520,509967360,44311680,1536,640,18,9
l,8,25621090067.929092,4923520,509967360,44311680,1536,640,18,9
xl,8,51242180135.858185,4923520,509967360,44311680,1536,640,18,9
s,8,4337603825.752694,4923520,694052352,44311680,1792,640,18,9
m,8,8675207651.505388,4923520,694052352,44311680,1792,640,18,9
l,8,21688019128.76347,4923520,694052352,44311680,1792,640,18,9
xl,8,43376038257.52694,4923520,694052352,44311680,1792,640,18,9
m,8,7373523282.37167,4923520,906448896,44311680,2048,640,18,9
l,8,18433808205.929173,4923520,906448896,44311680,2048,640,18,9
xl,8,36867616411.858345,4923520,906448896,44311680,2048,640,18,9
l,8,16052436246.144205,7087872,906448896,63790848,2048,768,18,9
xl,8,32104872492.28841,7087872,906448896,63790848,2048,768,18,9
s,8,54443314927.13742,198272,63047680,1784448,512,128,20,9
m,8,108886629854.27484,198272,63047680,1784448,512,128,20,9
l,8,272216574635.6871,198272,63047680,1784448,512,128,20,9
xl,8,544433149271.3742,198272,63047680,1784448,512,128,20,9
s,8,29327811258.407112,198272,141757440,1784448,768,128,20,9
m,8,58655622516.814224,198272,141757440,1784448,768,128,20,9
l,8,146639056292.03555,198272,141757440,1784448,768,128,20,9
xl,8,293278112584.0711,198272,141757440,1784448,768,128,20,9
s,8,17945212834.531067,198272,251924480,1784448,1024,128,20,9
m,8,35890425669.06213,198272,251924480,1784448,1024,128,20,9
l,8,89726064172.65535,198272,251924480,1784448,1024,128,20,9
xl,8,179452128345.3107,198272,251924480,1784448,1024,128,20,9
s,8,12011831942.747574,198272,393548800,1784448,1280,128,20,9
m,8,24023663885.495148,198272,393548800,1784448,1280,128,20,9
l,8,60059159713.73786,198272,393548800,1784448,1280,128,20,9
xl,8,120118319427.47572,198272,393548800,1784448,1280,128,20,9
s,8,8570774645.811024,198272,566630400,1784448,1536,128,20,9
m,8,17141549291.622047,198272,566630400,1784448,1536,128,20,9
l,8,42853873229.055115,198272,566630400,1784448,1536,128,20,9
xl,8,85707746458.11023,198272,566630400,1784448,1536,128,20,9
s,8,6410333334.256421,198272,771169280,1784448,1792,128,20,9
m,8,12820666668.512842,198272,771169280,1784448,1792,128,20,9
l,8,32051666671.28211,198272,771169280,1784448,1792,128,20,9
xl,8,64103333342.56422,198272,771169280,1784448,1792,128,20,9
s,8,4969711398.124535,198272,1007165440,1784448,2048,128,20,9
m,8,9939422796.24907,198272,1007165440,1784448,2048,128,20,9
l,8,24848556990.622673,198272,1007165440,1784448,2048,128,20,9
xl,8,49697113981.245346,198272,1007165440,1784448,2048,128,20,9
s,8,21820903797.395874,789760,141757440,7107840,768,256,20,9
m,8,43641807594.79175,789760,141757440,7107840,768,256,20,9
l,8,109104518986.97939,789760,141757440,7107840,768,256,20,9
xl,8,218209037973.95877,789760,141757440,7107840,768,256,20,9
s,8,14824597731.575634,789760,251924480,7107840,1024,256,20,9
m,8,29649195463.151268,789760,251924480,7107840,1024,256,20,9
l,8,74122988657.87817,789760,251924480,7107840,1024,256,20,9
xl,8,148245977315.75635,789760,251924480,7107840,1024,256,20,9
s,8,10528362059.758646,789760,393548800,7107840,1280,256,20,9
m,8,21056724119.517292,789760,393548800,7107840,1280,256,20,9
l,8,52641810298.79323,789760,393548800,7107840,1280,256,20,9
xl,8,105283620597.58646,789760,393548800,7107840,1280,256,20,9
s,8,7787806811.552271,789760,566630400,7107840,1536,256,20,9
m,8,15575613623.104542,789760,566630400,7107840,1536,256,20,9
l,8,38939034057.76135,789760,566630400,7107840,1536,256,20,9
xl,8,77878068115.5227,789760,566630400,7107840,1536,256,20,9
s,8,5962018981.923731,789760,771169280,7107840,1792,256,20,9
m,8,11924037963.847462,789760,771169280,7107840,1792,256,20,9
l,8,29810094909.618652,789760,771169280,7107840,1792,256,20,9
xl,8,59620189819.237305,789760,771169280,7107840,1792,256,20,9
s,8,4695955302.3195915,789760,1007165440,7107840,2048,256,20,9
m,8,9391910604.639183,789760,1007165440,7107840,2048,256,20,9
l,8,23479776511.597958,789760,1007165440,7107840,2048,256,20,9
xl,8,46959553023.195915,789760,1007165440,7107840,2048,256,20,9
s,8,11585769264.492731,1774464,251924480,15970176,1024,384,20,9
m,8,23171538528.985462,1774464,251924480,15970176,1024,384,20,9
l,8,57928846322.46365,1774464,251924480,15970176,1024,384,20,9
xl,8,115857692644.9273,1774464,251924480,15970176,1024,384,20,9
s,8,8784346266.842579,1774464,393548800,15970176,1280,384,20,9
m,8,17568692533.685158,1774464,393548800,15970176,1280,384,20,9
l,8,43921731334.21289,1774464,393548800,15970176,1280,384,20,9
xl,8,87843462668.42578,1774464,393548800,15970176,1280,384,20,9
s,8,6790563485.303971,1774464,566630400,15970176,1536,384,20,9
m,8,13581126970.607943,1774464,566630400,15970176,1536,384,20,9
l,8,33952817426.519855,1774464,566630400,15970176,1536,384,20,9
xl,8,67905634853.03971,1774464,566630400,15970176,1536,384,20,9
s,8,5359466262.331382,1774464,771169280,15970176,1792,384,20,9
m,8,10718932524.662764,1774464,771169280,15970176,1792,384,20,9
l,8,26797331311.656906,1774464,771169280,15970176,1792,384,20,9
xl,8,53594662623.31381,1774464,771169280,15970176,1792,384,20,9
s,8,4313942060.237954,1774464,1007165440,15970176,2048,384,20,9
m,8,8627884120.475908,1774464,1007165440,15970176,2048,384,20,9
l,8,21569710301.18977,1774464,1007165440,15970176,2048,384,20,9
xl,8,43139420602.37954,1774464,1007165440,15970176,2048,384,20,9
s,8,7151887320.127173,3152384,393548800,28371456,1280,512,20,9
m,8,14303774640.254347,3152384,393548800,28371456,1280,512,20,9
l,8,35759436600.635864,3152384,393548800,28371456,1280,512,20,9
xl,8,71518873201.27173,3152384,393548800,28371456,1280,512,20,9
s,8,5772087330.850135,3152384,566630400,28371456,1536,512,20,9
m,8,11544174661.70027,3152384,566630400,28371456,1536,512,20,9
l,8,28860436654.250675,3152384,566630400,28371456,1536,512,20,9
xl,8,57720873308.50135,3152384,566630400,28371456,1536,512,20,9
s,8,4704330211.765613,3152384,771169280,28371456,1792,512,20,9
m,8,9408660423.531225,3152384,771169280,28371456,1792,512,20,9
l,8,23521651058.828064,3152384,771169280,28371456,1792,512,20,9
xl,8,47043302117.65613,3152384,771169280,28371456,1792,512,20,9
m,8,7758225394.695062,3152384,1007165440,28371456,2048,512,20,9
l,8,19395563486.737656,3152384,1007165440,28371456,2048,512,20,9
xl,8,38791126973.47531,3152384,1007165440,28371456,2048,512,20,9
s,8,4845924790.471904,4923520,566630400,44311680,1536,640,20,9
m,8,9691849580.943808,4923520,566630400,44311680,1536,640,20,9
l,8,24229623952.35952,4923520,566630400,44311680,1536,640,20,9
xl,8,48459247904.71904,4923520,566630400,44311680,1536,640,20,9
s,8,4070310212.994449,4923520,771169280,44311680,1792,640,20,9
m,8,8140620425.988898,4923520,771169280,44311680,1792,640,20,9
l,8,20351551064.972244,4923520,771169280,44311680,1792,640,20,9
xl,8,40703102129.94449,4923520,771169280,44311680,1792,640,20,9
m,8,6875160019.34945,4923520,1007165440,44311680,2048,640,20,9
l,8,17187900048.373627,4923520,1007165440,44311680,2048,640,20,9
xl,8,34375800096.74725,4923520,1007165440,44311680,2048,640,20,9
m,8,6994964409.061489,7087872,771169280,63790848,1792,768,20,9
l,8,17487411022.653725,7087872,771169280,63790848,1792,768,20,9
xl,8,34974822045.30745,7087872,771169280,63790848,1792,768,20,9
l,8,15099318728.402538,7087872,1007165440,63790848,2048,768,20,9
xl,8,30198637456.805077,7087872,1007165440,63790848,2048,768,20,9
l,8,13209821292.887693,9645440,1007165440,86808960,2048,896,20,9
xl,8,26419642585.775387,9645440,1007165440,86808960,2048,896,20,9
s,8,50647846737.18468,198272,69352448,1784448,512,128,22,9
m,8,101295693474.36935,198272,69352448,1784448,512,128,22,9
l,8,253239233685.92337,198272,69352448,1784448,512,128,22,9
xl,8,506478467371.84674,198272,69352448,1784448,512,128,22,9
s,8,26992931307.09275,198272,155933184,1784448,768,128,22,9
m,8,53985862614.1855,198272,155933184,1784448,768,128,22,9
l,8,134964656535.46375,198272,155933184,1784448,768,128,22,9
xl,8,269929313070.9275,198272,155933184,1784448,768,128,22,9
s,8,16437268152.332712,198272,277116928,1784448,1024,128,22,9
m,8,32874536304.665424,198272,277116928,1784448,1024,128,22,9
l,8,82186340761.66356,198272,277116928,1784448,1024,128,22,9
xl,8,164372681523.32712,198272,277116928,1784448,1024,128,22,9
s,8,10975015070.890696,198272,432903680,1784448,1280,128,22,9
m,8,21950030141.78139,198272,432903680,1784448,1280,128,22,9
l,8,54875075354.453476,198272,432903680,1784448,1280,128,22,9
xl,8,109750150708.90695,198272,432903680,1784448,1280,128,22,9
s,8,7819659876.07403,198272,623293440,1784448,1536,128,22,9
m,8,15639319752.14806,198272,623293440,1784448,1536,128,22,9
l,8,39098299380.37015,198272,623293440,1784448,1536,128,22,9
xl,8,78196598760.7403,198272,623293440,1784448,1536,128,22,9
s,8,5843250732.206062,198272,848286208,1784448,1792,128,22,9
m,8,11686501464.412125,198272,848286208,1784448,1792,128,22,9
l,8,29216253661.030315,198272,848286208,1784448,1792,128,22,9
xl,8,58432507322.06063,198272,848286208,1784448,1792,128,22,9
s,8,4527334998.3784895,198272,1107881984,1784448,2048,128,22,9
m,8,9054669996.756979,198272,1107881984,1784448,2048,128,22,9
l,8,22636674991.89245,198272,1107881984,1784448,2048,128,22,9
xl,8,45273349983.7849,198272,1107881984,1784448,2048,128,22,9
s,8,20501455767.371128,789760,155933184,7107840,768,256,22,9
m,8,41002911534.742256,789760,155933184,7107840,768,256,22,9
l,8,102507278836.85565,789760,155933184,7107840,768,256,22,9
xl,8,205014557673.7113,789760,155933184,7107840,768,256,22,9
s,8,13780245433.888115,789760,277116928,7107840,1024,256,22,9
m,8,27560490867.77623,789760,277116928,7107840,1024,256,22,9
l,8,68901227169.44058,789760,277116928,7107840,1024,256,22,9
xl,8,137802454338.88116,789760,277116928,7107840,1024,256,22,9
s,8,9723243811.038635,789760,432903680,7107840,1280,256,22,9
m,8,19446487622.07727,789760,432903680,7107840,1280,256,22,9
l,8,48616219055.19318,789760,432903680,7107840,1280,256,22,9
xl,8,97232438110.38635,789760,432903680,7107840,1280,256,22,9
s,8,7162652257.931578,789760,623293440,7107840,1536,256,22,9
m,8,14325304515.863155,789760,623293440,7107840,1536,256,22,9
l,8,35813261289.65789,789760,623293440,7107840,1536,256,22,9
xl,8,71626522579.31578,789760,623293440,7107840,1536,256,22,9
s,8,5468428183.0014305,789760,848286208,7107840,1792,256,22,9
m,8,10936856366.002861,789760,848286208,7107840,1792,256,22,9
l,8,27342140915.007153,789760,848286208,7107840,1792,256,22,9
xl,8,54684281830.014305,789760,848286208,7107840,1792,256,22,9
s,8,4299026824.138988,789760,1107881984,7107840,2048,256,22,9
m,8,8598053648.277975,789760,1107881984,7107840,2048,256,22,9
l,8,21495134120.69494,789760,1107881984,7107840,2048,256,22,9
xl,8,42990268241.38988,789760,1107881984,7107840,2048,256,22,9
s,8,10937930134.102524,1774464,277116928,15970176,1024,384,22,9
m,8,21875860268.205048,1774464,277116928,15970176,1024,384,22,9
l,8,54689650670.51262,1774464,277116928,15970176,1024,384,22,9
xl,8,109379301341.02524,1774464,277116928,15970176,1024,384,22,9
s,8,8216679491.260016,1774464,432903680,15970176,1280,384,22,9
m,8,16433358982.520033,1774464,432903680,15970176,1280,384,22,9
l,8,41083397456.30008,1774464,432903680,15970176,1280,384,22,9
xl,8,82166794912.60016,1774464,432903680,15970176,1280,384,22,9
s,8,6310326086.352925,1774464,623293440,15970176,1536,384,22,9
m,8,12620652172.70585,1774464,623293440,15970176,1536,384,22,9
l,8,31551630431.764626,1774464,623293440,15970176,1536,384,22,9
xl,8,63103260863.52925,1774464,623293440,15970176,1536,384,22,9
s,8,4957238071.239398,1774464,848286208,15970176,1792,384,22,9
m,8,9914476142.478796,1774464,848286208,15970176,1792,384,22,9
l,8,24786190356.196987,1774464,848286208,15970176,1792,384,22,9
xl,8,49572380712.393974,1774464,848286208,15970176,1792,384,22,9
m,8,7953294690.501355,1774464,1107881984,15970176,2048,384,22,9
l,8,19883236726.253387,1774464,1107881984,15970176,2048,384,22,9
xl,8,39766473452.506775,1774464,1107881984,15970176,2048,384,22,9
s,8,6771029354.63315,3152384,432903680,28371456,1280,512,22,9
m,8,13542058709.2663,3152384,432903680,28371456,1280,512,22,9
l,8,33855146773.16575,3152384,432903680,28371456,1280,512,22,9
xl,8,67710293546.3315,3152384,432903680,28371456,1280,512,22,9
s,8,5421382836.02338,3152384,623293440,28371456,1536,512,22,9
m,8,10842765672.04676,3152384,623293440,28371456,1536,512,22,9
l,8,27106914180.1169,3152384,623293440,28371456,1536,512,22,9
xl,8,54213828360.2338,3152384,623293440,28371456,1536,512,22,9
s,8,4391558370.837242,3152384,848286208,28371456,1792,512,22,9
m,8,8783116741.674484,3152384,848286208,28371456,1792,512,22,9
l,8,21957791854.18621,3152384,848286208,28371456,1792,512,22,9
xl,8,43915583708.37242,3152384,848286208,28371456,1792,512,22,9
m,8,7208441604.126227,3152384,1107881984,28371456,2048,512,22,9
l,8,18021104010.315567,3152384,1107881984,28371456,2048,512,22,9
xl,8,36042208020.631134,3152384,1107881984,28371456,2048,512,22,9
s,8,4596302351.975715,4923520,623293440,44311680,1536,640,22,9
m,8,9192604703.95143,4923520,623293440,44311680,1536,640,22,9
l,8,22981511759.878574,4923520,623293440,44311680,1536,640,22,9
xl,8,45963023519.75715,4923520,623293440,44311680,1536,640,22,9
m,8,7668093975.006799,4923520,848286208,44311680,1792,640,22,9
l,8,19170234937.516994,4923520,848286208,44311680,1792,640,22,9
xl,8,38340469875.03399,4923520,848286208,44311680,1792,640,22,9
l,8,16099746922.282219,4923520,1107881984,44311680,2048,640,22,9
xl,8,32199493844.564438,4923520,1107881984,44311680,2048,640,22,9
l,8,16608015129.078026,7087872,848286208,63790848,1792,768,22,9
xl,8,33216030258.15605,7087872,848286208,63790848,1792,768,22,9
l,8,14253040777.92686,7087872,1107881984,63790848,2048,768,22,9
xl,8,28506081555.85372,7087872,1107881984,63790848,2048,768,22,9
xl,8,25115037924.310028,9645440,1107881984,86808960,2048,896,22,9
s,8,47347085957.30884,198272,75657216,1784448,512,128,24,9
m,8,94694171914.61768,198272,75657216,1784448,512,128,24,9
l,8,236735429786.5442,198272,75657216,1784448,512,128,24,9
xl,8,473470859573.0884,198272,75657216,1784448,512,128,24,9
s,8,25002410232.346397,198272,170108928,1784448,768,128,24,9
m,8,50004820464.692795,198272,170108928,1784448,768,128,24,9
l,8,125012051161.732,198272,170108928,1784448,768,128,24,9
xl,8,250024102323.464,198272,170108928,1784448,768,128,24,9
s,8,15163105277.803858,198272,302309376,1784448,1024,128,24,9
m,8,30326210555.607716,198272,302309376,1784448,1024,128,24,9
l,8,75815526389.01929,198272,302309376,1784448,1024,128,24,9
xl,8,151631052778.03857,198272,302309376,1784448,1024,128,24,9
s,8,10102964565.427849,198272,472258560,1784448,1280,128,24,9
m,8,20205929130.855698,198272,472258560,1784448,1280,128,24,9
l,8,50514822827.139244,198272,472258560,1784448,1280,128,24,9
xl,8,101029645654.27849,198272,472258560,1784448,1280,128,24,9
s,8,7189587820.355092,198272,679956480,1784448,1536,128,24,9
m,8,14379175640.710184,198272,679956480,1784448,1536,128,24,9
l,8,35947939101.77546,198272,679956480,1784448,1536,128,24,9
xl,8,71895878203.55092,198272,679956480,1784448,1536,128,24,9
s,8,5368346289.085533,198272,925403136,1784448,1792,128,24,9
m,8,10736692578.171066,198272,925403136,1784448,1792,128,24,9
l,8,26841731445.42767,198272,925403136,1784448,1792,128,24,9
xl,8,53683462890.85534,198272,925403136,1784448,1792,128,24,9
s,8,4157277040.742446,198272,1208598528,1784448,2048,128,24,9
m,8,8314554081.484892,198272,1208598528,1784448,2048,128,24,9
l,8,20786385203.71223,198272,1208598528,1784448,2048,128,24,9
xl,8,41572770407.42446,198272,1208598528,1784448,2048,128,24,9
s,8,19332475899.362244,789760,170108928,7107840,768,256,24,9
m,8,38664951798.72449,789760,170108928,7107840,768,256,24,9
l,8,96662379496.81122,789760,170108928,7107840,768,256,24,9
xl,8,193324758993.62244,789760,170108928,7107840,768,256,24,9
s,8,12873352983.219326,789760,302309376,7107840,1024,256,24,9
m,8,25746705966.438652,789760,302309376,7107840,1024,256,24,9
l,8,64366764916.096634,789760,302309376,7107840,1024,256,24,9
xl,8,128733529832.19327,789760,302309376,7107840,1024,256,24,9
s,8,9032515030.827612,789760,472258560,7107840,1280,256,24,9
m,8,18065030061.655224,789760,472258560,7107840,1280,256,24,9
l,8,45162575154.13806,789760,472258560,7107840,1280,256,24,9
xl,8,90325150308.27612,789760,472258560,7107840,1280,256,24,9
s,8,6630406300.689456,789760,679956480,7107840,1536,256,24,9
m,8,13260812601.378912,789760,679956480,7107840,1536,256,24,9
l,8,33152031503.44728,789760,679956480,7107840,1536,256,24,9
xl,8,66304063006.89456,789760,679956480,7107840,1536,256,24,9
s,8,5050316505.355517,789760,925403136,7107840,1792,256,24,9
m,8,10100633010.711035,789760,925403136,7107840,1792,256,24,9
l,8,25251582526.777588,789760,925403136,7107840,1792,256,24,9
xl,8,50503165053.555176,789760,925403136,7107840,1792,256,24,9
m,8,7927939721.273935,789760,1208598528,7107840,2048,256,24,9
l,8,19819849303.184837,789760,1208598528,7107840,2048,256,24,9
xl,8,39639698606.369675,789760,1208598528,7107840,2048,256,24,9
s,8,10358704535.43862,1774464,302309376,15970176,1024,384,24,9
m,8,20717409070.87724,1774464,302309376,15970176,1024,384,24,9
l,8,51793522677.1931,1774464,302309376,15970176,1024,384,24,9
xl,8,103587045354.3862,1774464,302309376,15970176,1024,384,24,9
s,8,7717927411.719568,1774464,472258560,15970176,1280,384,24,9
m,8,15435854823.439137,1774464,472258560,15970176,1280,384,24,9
l,8,38589637058.59784,1774464,472258560,15970176,1280,384,24,9
xl,8,77179274117.19568,1774464,472258560,15970176,1280,384,24,9
s,8,5893528179.975715,1774464,679956480,15970176,1536,384,24,9
m,8,11787056359.95143,1774464,679956480,15970176,1536,384,24,9
l,8,29467640899.878574,1774464,679956480,15970176,1536,384,24,9
xl,8,58935281799.75715,1774464,679956480,15970176,1536,384,24,9
s,8,4611169580.741395,1774464,925403136,15970176,1792,384,24,9
m,8,9222339161.48279,1774464,925403136,15970176,1792,384,24,9
l,8,23055847903.706974,1774464,925403136,15970176,1792,384,24,9
xl,8,46111695807.41395,1774464,925403136,15970176,1792,384,24,9
m,8,7376543947.530938,1774464,1208598528,15970176,2048,384,24,9
l,8,18441359868.827347,1774464,1208598528,15970176,2048,384,24,9
xl,8,36882719737.65469,1774464,1208598528,15970176,2048,384,24,9
s,8,6428683985.644183,3152384,472258560,28371456,1280,512,24,9
m,8,12857367971.288366,3152384,472258560,28371456,1280,512,24,9
l,8,32143419928.220913,3152384,472258560,28371456,1280,512,24,9
xl,8,64286839856.441826,3152384,472258560,28371456,1280,512,24,9
s,8,5110854014.710755,3152384,679956480,28371456,1536,512,24,9
m,8,10221708029.42151,3152384,679956480,28371456,1536,512,24,9
l,8,25554270073.553776,3152384,679956480,28371456,1536,512,24,9
xl,8,51108540147.10755,3152384,679956480,28371456,1536,512,24,9
s,8,4117783633.5955276,3152384,925403136,28371456,1792,512,24,9
m,8,8235567267.191055,3152384,925403136,28371456,1792,512,24,9
l,8,20588918167.97764,3152384,925403136,28371456,1792,512,24,9
xl,8,41177836335.95528,3152384,925403136,28371456,1792,512,24,9
m,8,6731421868.0094185,3152384,1208598528,28371456,2048,512,24,9
l,8,16828554670.023546,3152384,1208598528,28371456,2048,512,24,9
xl,8,33657109340.047092,3152384,1208598528,28371456,2048,512,24,9
s,8,4371137095.015022,4923520,679956480,44311680,1536,640,24,9
m,8,8742274190.030045,4923520,679956480,44311680,1536,640,24,9
l,8,21855685475.07511,4923520,679956480,44311680,1536,640,24,9
xl,8,43711370950.15022,4923520,679956480,44311680,1536,640,24,9
m,8,7247414137.1307,4923520,925403136,44311680,1792,640,24,9
l,8,18118535342.82675,4923520,925403136,44311680,1792,640,24,9
xl,8,36237070685.6535,4923520,925403136,44311680,1792,640,24,9
l,8,15141170703.69039,4923520,1208598528,44311680,2048,640,24,9
xl,8,30282341407.38078,4923520,1208598528,44311680,2048,640,24,9
l,8,15812829533.042337,7087872,925403136,63790848,1792,768,24,9
xl,8,31625659066.084675,7087872,925403136,63790848,1792,768,24,9
l,8,13496591559.970171,7087872,1208598528,63790848,2048,768,24,9
xl,8,26993183119.940342,7087872,1208598528,63790848,2048,768,24,9
xl,8,23933213391.555756,9645440,1208598528,86808960,2048,896,24,9
