FLOPs,Patch size,Tokens,Encoder parameters,Global model parameters,Decoder parameters,Global model dimension,Encoder/Decoder dimension,Global model layers,Decoder layers
s,1.5,53511817018.83321,344309.76,7083786.24,688619.52,384,192,4,2
m,1.5,107023634037.66643,344309.76,7083786.24,688619.52,384,192,4,2
s,1.5,34136099025.147503,612106.24,12593397.76,1224212.48,512,256,4,2
m,1.5,68272198050.295006,612106.24,12593397.76,1224212.48,512,256,4,2
s,1.5,23758338731.42588,956416.0,19677184.0,1912832.0,640,320,4,2
m,1.5,47516677462.85176,956416.0,19677184.0,1912832.0,640,320,4,2
l,1.5,118791693657.1294,956416.0,19677184.0,1912832.0,640,320,4,2
s,1.5,20999116484.43298,956416.0,23809392.64,1912832.0,704,320,4,2
m,1.5,41998232968.86596,956416.0,23809392.64,1912832.0,704,320,4,2
l,1.5,104995582422.1649,956416.0,23809392.64,1912832.0,704,320,4,2
xl,1.5,209991164844.3298,956416.0,23809392.64,1912832.0,704,320,4,2
s,1.5,19549844246.33224,1377239.04,23809392.64,2754478.08,704,384,4,2
m,1.5,39099688492.66448,1377239.04,23809392.64,2754478.08,704,384,4,2
l,1.5,97749221231.66121,1377239.04,23809392.64,2754478.08,704,384,4,2
xl,1.5,195498442463.32242,1377239.04,23809392.64,2754478.08,704,384,4,2
s,1.5,17520679335.43912,1377239.04,28335144.96,2754478.08,768,384,4,2
m,1.5,35041358670.87824,1377239.04,28335144.96,2754478.08,768,384,4,2
l,1.5,87603396677.1956,1377239.04,28335144.96,2754478.08,768,384,4,2
xl,1.5,175206793354.3912,1377239.04,28335144.96,2754478.08,768,384,4,2
s,1.5,15774596044.980534,1377239.04,33254440.96,2754478.08,832,384,4,2
m,1.5,31549192089.961067,1377239.04,33254440.96,2754478.08,832,384,4,2
l,1.5,78872980224.90266,1377239.04,33254440.96,2754478.08,832,384,4,2
xl,1.5,157745960449.80533,1377239.04,33254440.96,2754478.08,832,384,4,2
s,1.5,14806460540.358307,1874575.3599999999,33254440.96,3749150.7199999997,832,448,4,2
m,1.5,29612921080.716614,1874575.3599999999,33254440.96,3749150.7199999997,832,448,4,2
l,1.5,74032302701.79153,1874575.3599999999,33254440.96,3749150.7199999997,832,448,4,2
xl,1.5,148064605403.58307,1874575.3599999999,33254440.96,3749150.7199999997,832,448,4,2
s,1.5,13468143556.676039,1874575.3599999999,38567280.64,3749150.7199999997,896,448,4,2
m,1.5,26936287113.352077,1874575.3599999999,38567280.64,3749150.7199999997,896,448,4,2
l,1.5,67340717783.380196,1874575.3599999999,38567280.64,3749150.7199999997,896,448,4,2
xl,1.5,134681435566.76039,1874575.3599999999,38567280.64,3749150.7199999997,896,448,4,2
s,1.5,12291955022.820082,1874575.3599999999,44273664.0,3749150.7199999997,960,448,4,2
m,1.5,24583910045.640163,1874575.3599999999,44273664.0,3749150.7199999997,960,448,4,2
l,1.5,61459775114.10041,1874575.3599999999,44273664.0,3749150.7199999997,960,448,4,2
xl,1.5,122919550228.20082,1874575.3599999999,44273664.0,3749150.7199999997,960,448,4,2
s,1.5,11612538931.91932,2448424.96,44273664.0,4896849.92,960,512,4,2
m,1.5,23225077863.83864,2448424.96,44273664.0,4896849.92,960,512,4,2
l,1.5,58062694659.596596,2448424.96,44273664.0,4896849.92,960,512,4,2
xl,1.5,116125389319.19319,2448424.96,44273664.0,4896849.92,960,512,4,2
l,1.5,53411900661.06213,2448424.96,50373591.04,4896849.92,1024,512,4,2
xl,1.5,106823801322.12427,2448424.96,50373591.04,4896849.92,1024,512,4,2
l,1.5,49259179019.997375,2448424.96,56867061.76,4896849.92,1088,512,4,2
xl,1.5,98518358039.99475,2448424.96,56867061.76,4896849.92,1088,512,4,2
l,1.5,46782101485.86526,3098787.84,56867061.76,6197575.68,1088,576,4,2
xl,1.5,93564202971.73051,3098787.84,56867061.76,6197575.68,1088,576,4,2
l,1.5,43416400397.00901,3098787.84,63754076.16,6197575.68,1152,576,4,2
xl,1.5,86832800794.01802,3098787.84,63754076.16,6197575.68,1152,576,4,2
l,1.5,40373774213.17345,3098787.84,71034634.24000001,6197575.68,1216,576,4,2
xl,1.5,80747548426.3469,3098787.84,71034634.24000001,6197575.68,1216,576,4,2
l,1.5,38511278669.2481,3825664.0,71034634.24000001,7651328.0,1216,640,4,2
xl,1.5,77022557338.4962,3825664.0,71034634.24000001,7651328.0,1216,640,4,2
l,1.5,35995939931.54487,3825664.0,78708736.0,7651328.0,1280,640,4,2
xl,1.5,71991879863.08974,3825664.0,78708736.0,7651328.0,1280,640,4,2
l,1.5,34362218512.79997,4629053.4399999995,78708736.0,9258106.879999999,1280,704,4,2
xl,1.5,68724437025.59995,4629053.4399999995,78708736.0,9258106.879999999,1280,704,4,2
s,1.5,33554629672.816303,612106.24,12052275.2,1224212.48,448,256,5,2
m,1.5,67109259345.63261,612106.24,12052275.2,1224212.48,448,256,5,2
s,1.5,22683762795.63839,956416.0,19923148.799999997,1912832.0,576,320,5,2
m,1.5,45367525591.27678,956416.0,19923148.799999997,1912832.0,576,320,5,2
l,1.5,113418813978.19194,956416.0,19923148.799999997,1912832.0,576,320,5,2
s,1.5,18506206401.08723,1377239.04,24596480.0,2754478.08,640,384,5,2
m,1.5,37012412802.17446,1377239.04,24596480.0,2754478.08,640,384,5,2
l,1.5,92531032005.43616,1377239.04,24596480.0,2754478.08,640,384,5,2
xl,1.5,185062064010.8723,1377239.04,24596480.0,2754478.08,640,384,5,2
s,1.5,16407124195.675112,1377239.04,29761740.8,2754478.08,704,384,5,2
m,1.5,32814248391.350224,1377239.04,29761740.8,2754478.08,704,384,5,2
l,1.5,82035620978.37555,1377239.04,29761740.8,2754478.08,704,384,5,2
xl,1.5,164071241956.7511,1377239.04,29761740.8,2754478.08,704,384,5,2
s,1.5,13793238359.464628,1874575.3599999999,35418931.2,3749150.7199999997,768,448,5,2
m,1.5,27586476718.929256,1874575.3599999999,35418931.2,3749150.7199999997,768,448,5,2
l,1.5,68966191797.32314,1874575.3599999999,35418931.2,3749150.7199999997,768,448,5,2
xl,1.5,137932383594.64627,1874575.3599999999,35418931.2,3749150.7199999997,768,448,5,2
s,1.5,12438374480.990696,1874575.3599999999,41568051.2,3749150.7199999997,832,448,5,2
m,1.5,24876748961.98139,1874575.3599999999,41568051.2,3749150.7199999997,832,448,5,2
l,1.5,62191872404.95348,1874575.3599999999,41568051.2,3749150.7199999997,832,448,5,2
xl,1.5,124383744809.90697,1874575.3599999999,41568051.2,3749150.7199999997,832,448,5,2
s,1.5,11743133582.938757,2448424.96,41568051.2,4896849.92,832,512,5,2
m,1.5,23486267165.877514,2448424.96,41568051.2,4896849.92,832,512,5,2
l,1.5,58715667914.69379,2448424.96,41568051.2,4896849.92,832,512,5,2
xl,1.5,117431335829.38757,2448424.96,41568051.2,4896849.92,832,512,5,2
l,1.5,53450129831.79782,2448424.96,48209100.8,4896849.92,896,512,5,2
xl,1.5,106900259663.59564,2448424.96,48209100.8,4896849.92,896,512,5,2
l,1.5,48815697743.74689,2448424.96,55342080.0,4896849.92,960,512,5,2
xl,1.5,97631395487.49377,2448424.96,55342080.0,4896849.92,960,512,5,2
l,1.5,46381919931.620384,3098787.84,55342080.0,6197575.68,960,576,5,2
xl,1.5,92763839863.24077,3098787.84,55342080.0,6197575.68,960,576,5,2
l,1.5,42671771359.35912,3098787.84,62966988.8,6197575.68,1024,576,5,2
xl,1.5,85343542718.71825,3098787.84,62966988.8,6197575.68,1024,576,5,2
l,1.5,39358219792.428635,3098787.84,71083827.2,6197575.68,1088,576,5,2
xl,1.5,78716439584.85727,3098787.84,71083827.2,6197575.68,1088,576,5,2
l,1.5,37586187326.33124,3825664.0,71083827.2,7651328.0,1088,640,5,2
xl,1.5,75172374652.66248,3825664.0,71083827.2,7651328.0,1088,640,5,2
l,1.5,34871319586.0809,3825664.0,79692595.19999999,7651328.0,1152,640,5,2
xl,1.5,69742639172.1618,3825664.0,79692595.19999999,7651328.0,1152,640,5,2
xl,1.5,64836987918.02864,3825664.0,88793292.80000001,7651328.0,1216,640,5,2
l,1.5,33335910883.74202,4629053.4399999995,79692595.19999999,9258106.879999999,1152,704,5,2
xl,1.5,66671821767.48404,4629053.4399999995,79692595.19999999,9258106.879999999,1152,704,5,2
xl,1.5,62174730557.76283,4629053.4399999995,88793292.80000001,9258106.879999999,1216,704,5,2
xl,1.5,58079557704.78345,4629053.4399999995,98385920.0,9258106.879999999,1280,704,5,2
xl,1.5,55742452852.54897,5508956.16,98385920.0,11017912.32,1280,768,5,2
s,1.5,47437981632.13496,344309.76,7378944.0,688619.52,320,192,6,2
m,1.5,94875963264.26991,344309.76,7378944.0,688619.52,320,192,6,2
s,1.5,34812710513.85299,612106.24,10625679.36,1224212.48,384,256,6,2
m,1.5,69625421027.70598,612106.24,10625679.36,1224212.48,384,256,6,2
s,1.5,28851929203.403866,612106.24,14462730.24,1224212.48,448,256,6,2
m,1.5,57703858406.80773,612106.24,14462730.24,1224212.48,448,256,6,2
l,1.5,144259646017.01935,612106.24,14462730.24,1224212.48,448,256,6,2
s,1.5,22675679043.34496,956416.0,18890096.64,1912832.0,512,320,6,2
m,1.5,45351358086.68992,956416.0,18890096.64,1912832.0,512,320,6,2
l,1.5,113378395216.7248,956416.0,18890096.64,1912832.0,512,320,6,2
s,1.5,19525403606.025265,956416.0,23907778.56,1912832.0,576,320,6,2
m,1.5,39050807212.05053,956416.0,23907778.56,1912832.0,576,320,6,2
l,1.5,97627018030.12633,956416.0,23907778.56,1912832.0,576,320,6,2
xl,1.5,195254036060.25266,956416.0,23907778.56,1912832.0,576,320,6,2
s,1.5,18266314139.078747,1377239.04,23907778.56,2754478.08,576,384,6,2
m,1.5,36532628278.15749,1377239.04,23907778.56,2754478.08,576,384,6,2
l,1.5,91331570695.39374,1377239.04,23907778.56,2754478.08,576,384,6,2
xl,1.5,182663141390.78748,1377239.04,23907778.56,2754478.08,576,384,6,2
s,1.5,16012524222.721842,1377239.04,29515776.0,2754478.08,640,384,6,2
m,1.5,32025048445.443684,1377239.04,29515776.0,2754478.08,640,384,6,2
l,1.5,80062621113.6092,1377239.04,29515776.0,2754478.08,640,384,6,2
xl,1.5,160125242227.2184,1377239.04,29515776.0,2754478.08,640,384,6,2
s,1.5,13352563759.752434,1874575.3599999999,35714088.96,3749150.7199999997,704,448,6,2
m,1.5,26705127519.504868,1874575.3599999999,35714088.96,3749150.7199999997,704,448,6,2
l,1.5,66762818798.76218,1874575.3599999999,35714088.96,3749150.7199999997,704,448,6,2
xl,1.5,133525637597.52435,1874575.3599999999,35714088.96,3749150.7199999997,704,448,6,2
s,1.5,11936286615.35176,1874575.3599999999,42502717.44,3749150.7199999997,768,448,6,2
m,1.5,23872573230.70352,1874575.3599999999,42502717.44,3749150.7199999997,768,448,6,2
l,1.5,59681433076.758804,1874575.3599999999,42502717.44,3749150.7199999997,768,448,6,2
xl,1.5,119362866153.51761,1874575.3599999999,42502717.44,3749150.7199999997,768,448,6,2
s,1.5,11294593295.176664,2448424.96,42502717.44,4896849.92,768,512,6,2
m,1.5,22589186590.35333,2448424.96,42502717.44,4896849.92,768,512,6,2
l,1.5,56472966475.88332,2448424.96,42502717.44,4896849.92,768,512,6,2
xl,1.5,112945932951.76665,2448424.96,42502717.44,4896849.92,768,512,6,2
l,1.5,51012903061.6805,2448424.96,49881661.44,4896849.92,832,512,6,2
xl,1.5,102025806123.361,2448424.96,49881661.44,4896849.92,832,512,6,2
l,1.5,46261508738.294205,2448424.96,57850920.96,4896849.92,896,512,6,2
xl,1.5,92523017476.58841,2448424.96,57850920.96,4896849.92,896,512,6,2
l,1.5,44070036818.91514,3098787.84,57850920.96,6197575.68,896,576,6,2
xl,1.5,88140073637.83028,3098787.84,57850920.96,6197575.68,896,576,6,2
l,1.5,40285906850.69155,3098787.84,66410496.0,6197575.68,960,576,6,2
xl,1.5,80571813701.3831,3098787.84,66410496.0,6197575.68,960,576,6,2
l,1.5,36938450097.71656,3098787.84,75560386.56,6197575.68,1024,576,6,2
xl,1.5,73876900195.43312,3098787.84,75560386.56,6197575.68,1024,576,6,2
l,1.5,38431323164.015785,3825664.0,66410496.0,7651328.0,960,640,6,2
xl,1.5,76862646328.03157,3825664.0,66410496.0,7651328.0,960,640,6,2
l,1.5,35373278576.660225,3825664.0,75560386.56,7651328.0,1024,640,6,2
xl,1.5,70746557153.32045,3825664.0,75560386.56,7651328.0,1024,640,6,2
l,1.5,32639765166.48833,3825664.0,85300592.64,7651328.0,1088,640,6,2
xl,1.5,65279530332.97666,3825664.0,85300592.64,7651328.0,1088,640,6,2
xl,1.5,60380845818.44346,3825664.0,95631114.24,7651328.0,1152,640,6,2
xl,1.5,62581562801.12496,4629053.4399999995,85300592.64,9258106.879999999,1088,704,6,2
xl,1.5,58065424173.367805,4629053.4399999995,95631114.24,9258106.879999999,1152,704,6,2
xl,1.5,53984632128.262985,4629053.4399999995,106551951.36000001,9258106.879999999,1216,704,6,2
xl,1.5,55729433766.69682,5508956.16,95631114.24,11017912.32,1152,768,6,2
xl,1.5,51959721847.853584,5508956.16,106551951.36000001,11017912.32,1216,768,6,2
xl,1.5,48528270032.67486,5508956.16,118063104.0,11017912.32,1280,768,6,2
xl,1.5,46751017890.090096,6465372.16,118063104.0,12930744.32,1280,832,6,2
s,1.5,30680848176.12225,612106.24,12396625.92,1224212.48,384,256,7,2
m,1.5,61361696352.2445,612106.24,12396625.92,1224212.48,384,256,7,2
s,1.5,23566680234.821457,956416.0,16873185.28,1912832.0,448,320,7,2
m,1.5,47133360469.642914,956416.0,16873185.28,1912832.0,448,320,7,2
l,1.5,117833401174.10728,956416.0,16873185.28,1912832.0,448,320,7,2
s,1.5,19981945680.648052,956416.0,22038446.08,1912832.0,512,320,7,2
m,1.5,39963891361.296104,956416.0,22038446.08,1912832.0,512,320,7,2
l,1.5,99909728403.24026,956416.0,22038446.08,1912832.0,512,320,7,2
s,1.5,16161220237.18652,1377239.04,27892408.32,2754478.08,576,384,7,2
m,1.5,32322440474.37304,1377239.04,27892408.32,2754478.08,576,384,7,2
l,1.5,80806101185.93259,1377239.04,27892408.32,2754478.08,576,384,7,2
xl,1.5,161612202371.86517,1377239.04,27892408.32,2754478.08,576,384,7,2
s,1.5,13331320360.839146,1874575.3599999999,34435072.0,3749150.7199999997,640,448,7,2
m,1.5,26662640721.67829,1874575.3599999999,34435072.0,3749150.7199999997,640,448,7,2
l,1.5,66656601804.195724,1874575.3599999999,34435072.0,3749150.7199999997,640,448,7,2
xl,1.5,133313203608.39145,1874575.3599999999,34435072.0,3749150.7199999997,640,448,7,2
s,1.5,11807795263.901114,1874575.3599999999,41666437.120000005,3749150.7199999997,704,448,7,2
m,1.5,23615590527.802227,1874575.3599999999,41666437.120000005,3749150.7199999997,704,448,7,2
l,1.5,59038976319.50557,1874575.3599999999,41666437.120000005,3749150.7199999997,704,448,7,2
xl,1.5,118077952639.01114,1874575.3599999999,41666437.120000005,3749150.7199999997,704,448,7,2
s,1.5,11179479328.740818,2448424.96,41666437.120000005,4896849.92,704,512,7,2
m,1.5,22358958657.481636,2448424.96,41666437.120000005,4896849.92,704,512,7,2
l,1.5,55897396643.70409,2448424.96,41666437.120000005,4896849.92,704,512,7,2
xl,1.5,111794793287.40817,2448424.96,41666437.120000005,4896849.92,704,512,7,2
l,1.5,50091770046.248695,2448424.96,49586503.68,4896849.92,768,512,7,2
xl,1.5,100183540092.49739,2448424.96,49586503.68,4896849.92,768,512,7,2
l,1.5,45096768535.8882,2448424.96,58195271.68,4896849.92,832,512,7,2
xl,1.5,90193537071.7764,2448424.96,58195271.68,4896849.92,832,512,7,2
l,1.5,43011771428.91572,3098787.84,58195271.68,6197575.68,832,576,7,2
xl,1.5,86023542857.83144,3098787.84,58195271.68,6197575.68,832,576,7,2
l,1.5,39064989923.10694,3098787.84,67492741.12,6197575.68,896,576,7,2
xl,1.5,78129979846.21388,3098787.84,67492741.12,6197575.68,896,576,7,2
l,1.5,37318677608.34193,3825664.0,67492741.12,7651328.0,896,640,7,2
xl,1.5,74637355216.68385,3825664.0,67492741.12,7651328.0,896,640,7,2
l,1.5,34149631555.52719,3825664.0,77478912.0,7651328.0,960,640,7,2
xl,1.5,68299263111.05438,3825664.0,77478912.0,7651328.0,960,640,7,2
xl,1.5,62681595901.40269,3825664.0,88153784.32,7651328.0,1024,640,7,2
l,1.5,32675775029.02258,4629053.4399999995,77478912.0,9258106.879999999,960,704,7,2
xl,1.5,65351550058.04516,4629053.4399999995,77478912.0,9258106.879999999,960,704,7,2
xl,1.5,60189999590.4215,4629053.4399999995,88153784.32,9258106.879999999,1024,704,7,2
xl,1.5,55570604291.305565,4629053.4399999995,99517358.08,9258106.879999999,1088,704,7,2
xl,1.5,51426928587.99098,4629053.4399999995,111569633.28,9258106.879999999,1152,704,7,2
xl,1.5,53427331625.32901,5508956.16,99517358.08,11017912.32,1088,768,7,2
xl,1.5,49586075435.37115,5508956.16,111569633.28,11017912.32,1152,768,7,2
xl,1.5,46113205309.026245,5508956.16,124310609.92000002,11017912.32,1216,768,7,2
xl,1.5,47731978899.05001,6465372.16,111569633.28,12930744.32,1152,832,7,2
s,1.5,27425733745.88658,612106.24,14167572.48,1224212.48,384,256,8,2
m,1.5,54851467491.77316,612106.24,14167572.48,1224212.48,384,256,8,2
l,1.5,137128668729.43292,612106.24,14167572.48,1224212.48,384,256,8,2
s,1.5,21145953873.06798,956416.0,19283640.32,1912832.0,448,320,8,2
m,1.5,42291907746.13596,956416.0,19283640.32,1912832.0,448,320,8,2
l,1.5,105729769365.3399,956416.0,19283640.32,1912832.0,448,320,8,2
s,1.5,16800936378.818285,1377239.04,25186795.52,2754478.08,512,384,8,2
m,1.5,33601872757.63657,1377239.04,25186795.52,2754478.08,512,384,8,2
l,1.5,84004681894.09143,1377239.04,25186795.52,2754478.08,512,384,8,2
xl,1.5,168009363788.18286,1377239.04,25186795.52,2754478.08,512,384,8,2
s,1.5,14491189078.809256,1377239.04,31877038.08,2754478.08,576,384,8,2
m,1.5,28982378157.61851,1377239.04,31877038.08,2754478.08,576,384,8,2
l,1.5,72455945394.04628,1377239.04,31877038.08,2754478.08,576,384,8,2
xl,1.5,144911890788.09256,1377239.04,31877038.08,2754478.08,576,384,8,2
s,1.5,13670078444.11568,1874575.3599999999,31877038.08,3749150.7199999997,576,448,8,2
m,1.5,27340156888.23136,1874575.3599999999,31877038.08,3749150.7199999997,576,448,8,2
l,1.5,68350392220.5784,1874575.3599999999,31877038.08,3749150.7199999997,576,448,8,2
xl,1.5,136700784441.1568,1874575.3599999999,31877038.08,3749150.7199999997,576,448,8,2
s,1.5,11986596944.976181,1874575.3599999999,39354368.0,3749150.7199999997,640,448,8,2
m,1.5,23973193889.952362,1874575.3599999999,39354368.0,3749150.7199999997,640,448,8,2
l,1.5,59932984724.880905,1874575.3599999999,39354368.0,3749150.7199999997,640,448,8,2
xl,1.5,119865969449.76181,1874575.3599999999,39354368.0,3749150.7199999997,640,448,8,2
l,1.5,50379135864.73032,2448424.96,47618785.28,4896849.92,704,512,8,2
xl,1.5,100758271729.46065,2448424.96,47618785.28,4896849.92,704,512,8,2
l,1.5,45006260838.947815,2448424.96,56670289.92,4896849.92,768,512,8,2
xl,1.5,90012521677.89563,2448424.96,56670289.92,4896849.92,768,512,8,2
l,1.5,42929431663.33988,3098787.84,56670289.92,6197575.68,768,576,8,2
xl,1.5,85858863326.67976,3098787.84,56670289.92,6197575.68,768,576,8,2
l,1.5,38728011507.86193,3098787.84,66508881.92,6197575.68,832,576,8,2
xl,1.5,77456023015.72386,3098787.84,66508881.92,6197575.68,832,576,8,2
l,1.5,35080847834.09884,3098787.84,77134561.28,6197575.68,896,576,8,2
xl,1.5,70161695668.19768,3098787.84,77134561.28,6197575.68,896,576,8,2
l,1.5,37011034887.87008,3825664.0,66508881.92,7651328.0,832,640,8,2
xl,1.5,74022069775.74016,3825664.0,66508881.92,7651328.0,832,640,8,2
l,1.5,33666125615.489056,3825664.0,77134561.28,7651328.0,896,640,8,2
xl,1.5,67332251230.97811,3825664.0,77134561.28,7651328.0,896,640,8,2
xl,1.5,61452722699.75085,3825664.0,88547328.0,7651328.0,960,640,8,2
xl,1.5,59055996491.45773,4629053.4399999995,88547328.0,9258106.879999999,960,704,8,2
xl,1.5,54251299079.77162,4629053.4399999995,100747182.08,9258106.879999999,1024,704,8,2
xl,1.5,49972255593.58902,4629053.4399999995,113734123.52,9258106.879999999,1088,704,8,2
xl,1.5,52206713388.38752,5508956.16,100747182.08,11017912.32,1024,768,8,2
xl,1.5,48232309351.40565,5508956.16,113734123.52,11017912.32,1088,768,8,2
xl,1.5,46476276840.26714,6465372.16,113734123.52,12930744.32,1088,832,8,2
s,1.5,43701455374.53503,344309.76,7083786.24,688619.52,256,192,9,2
m,1.5,87402910749.07005,344309.76,7083786.24,688619.52,256,192,9,2
s,1.5,30946165594.803726,612106.24,11068416.0,1224212.48,320,256,9,2
m,1.5,61892331189.60745,612106.24,11068416.0,1224212.48,320,256,9,2
s,1.5,19176208727.674934,956416.0,21694095.36,1912832.0,448,320,9,2
m,1.5,38352417455.34987,956416.0,21694095.36,1912832.0,448,320,9,2
l,1.5,95881043638.37468,956416.0,21694095.36,1912832.0,448,320,9,2
s,1.5,15275208121.166801,1377239.04,28335144.96,2754478.08,512,384,9,2
m,1.5,30550416242.333603,1377239.04,28335144.96,2754478.08,512,384,9,2
l,1.5,76376040605.83401,1377239.04,28335144.96,2754478.08,512,384,9,2
xl,1.5,152752081211.66803,1377239.04,28335144.96,2754478.08,512,384,9,2
s,1.5,12455874516.466938,1874575.3599999999,35861667.839999996,3749150.7199999997,576,448,9,2
m,1.5,24911749032.933876,1874575.3599999999,35861667.839999996,3749150.7199999997,576,448,9,2
l,1.5,62279372582.33469,1874575.3599999999,35861667.839999996,3749150.7199999997,576,448,9,2
xl,1.5,124558745164.66937,1874575.3599999999,35861667.839999996,3749150.7199999997,576,448,9,2
s,1.5,10888299758.509008,1874575.3599999999,44273664.0,3749150.7199999997,640,448,9,2
m,1.5,21776599517.018017,1874575.3599999999,44273664.0,3749150.7199999997,640,448,9,2
l,1.5,54441498792.545044,1874575.3599999999,44273664.0,3749150.7199999997,640,448,9,2
xl,1.5,108882997585.09009,1874575.3599999999,44273664.0,3749150.7199999997,640,448,9,2
s,1.5,10351806937.217209,2448424.96,44273664.0,4896849.92,640,512,9,2
m,1.5,20703613874.434418,2448424.96,44273664.0,4896849.92,640,512,9,2
l,1.5,51759034686.08604,2448424.96,44273664.0,4896849.92,640,512,9,2
xl,1.5,103518069372.17207,2448424.96,44273664.0,4896849.92,640,512,9,2
l,1.5,45852517831.15649,2448424.96,53571133.44,4896849.92,704,512,9,2
xl,1.5,91705035662.31297,2448424.96,53571133.44,4896849.92,704,512,9,2
l,1.5,43698721542.931076,3098787.84,53571133.44,6197575.68,704,576,9,2
xl,1.5,87397443085.86215,3098787.84,53571133.44,6197575.68,704,576,9,2
l,1.5,39139228151.475876,3098787.84,63754076.160000004,6197575.68,768,576,9,2
xl,1.5,78278456302.95175,3098787.84,63754076.160000004,6197575.68,768,576,9,2
l,1.5,35220248749.222466,3098787.84,74822492.16,6197575.68,832,576,9,2
xl,1.5,70440497498.44493,3098787.84,74822492.16,6197575.68,832,576,9,2
l,1.5,33794489293.438618,3825664.0,74822492.16,7651328.0,832,640,9,2
xl,1.5,67588978586.877235,3825664.0,74822492.16,7651328.0,832,640,9,2
xl,1.5,61329635285.199646,3825664.0,86776381.44,7651328.0,896,640,9,2
xl,1.5,58942314068.23384,4629053.4399999995,86776381.44,9258106.879999999,896,704,9,2
xl,1.5,53866809901.47329,4629053.4399999995,99615744.0,9258106.879999999,960,704,9,2
xl,1.5,49379250830.58429,4629053.4399999995,113340579.84,9258106.879999999,1024,704,9,2
xl,1.5,51850563708.70965,5508956.16,99615744.0,11017912.32,960,768,9,2
xl,1.5,47679652107.77567,5508956.16,113340579.84,11017912.32,1024,768,9,2
xl,1.5,45962914949.2985,6465372.16,113340579.84,12930744.32,1024,832,9,2
s,1.5,39891530970.05255,344309.76,7695892.48,688619.52,256,192,10,2
m,1.5,79783061940.1051,344309.76,7695892.48,688619.52,256,192,10,2
s,1.5,28335072278.442623,612106.24,12024832.0,1224212.48,320,256,10,2
m,1.5,56670144556.88525,612106.24,12024832.0,1224212.48,320,256,10,2
s,1.5,21224864157.473415,956416.0,17315758.080000002,1912832.0,384,320,10,2
m,1.5,42449728314.94683,956416.0,17315758.080000002,1912832.0,384,320,10,2
l,1.5,106124320787.36708,956416.0,17315758.080000002,1912832.0,384,320,10,2
s,1.5,17542157321.24549,956416.0,23568670.72,1912832.0,448,320,10,2
m,1.5,35084314642.49098,956416.0,23568670.72,1912832.0,448,320,10,2
l,1.5,87710786606.22746,956416.0,23568670.72,1912832.0,448,320,10,2
xl,1.5,175421573212.45493,956416.0,23568670.72,1912832.0,448,320,10,2
s,1.5,16519155312.181765,1377239.04,23568670.72,2754478.08,448,384,10,2
m,1.5,33038310624.36353,1377239.04,23568670.72,2754478.08,448,384,10,2
l,1.5,82595776560.90881,1377239.04,23568670.72,2754478.08,448,384,10,2
xl,1.5,165191553121.81763,1377239.04,23568670.72,2754478.08,448,384,10,2
s,1.5,14003519282.12529,1377239.04,30783569.92,2754478.08,512,384,10,2
m,1.5,28007038564.25058,1377239.04,30783569.92,2754478.08,512,384,10,2
l,1.5,70017596410.62645,1377239.04,30783569.92,2754478.08,512,384,10,2
xl,1.5,140035192821.2529,1377239.04,30783569.92,2754478.08,512,384,10,2
s,1.5,11439770993.136562,1874575.3599999999,38960455.67999999,3749150.7199999997,576,448,10,2
m,1.5,22879541986.273125,1874575.3599999999,38960455.67999999,3749150.7199999997,576,448,10,2
l,1.5,57198854965.68281,1874575.3599999999,38960455.67999999,3749150.7199999997,576,448,10,2
xl,1.5,114397709931.36562,1874575.3599999999,38960455.67999999,3749150.7199999997,576,448,10,2
l,1.5,47611483523.71266,2448424.96,48099328.0,4896849.92,640,512,10,2
xl,1.5,95222967047.42532,2448424.96,48099328.0,4896849.92,640,512,10,2
l,1.5,42072279702.28981,2448424.96,58200186.879999995,4896849.92,704,512,10,2
xl,1.5,84144559404.57962,2448424.96,58200186.879999995,4896849.92,704,512,10,2
l,1.5,40251927469.14188,3098787.84,58200186.879999995,6197575.68,704,576,10,2
xl,1.5,80503854938.28375,3098787.84,58200186.879999995,6197575.68,704,576,10,2
l,1.5,35963997021.45831,3098787.84,69263032.32000001,6197575.68,768,576,10,2
xl,1.5,71927994042.91663,3098787.84,69263032.32000001,6197575.68,768,576,10,2
l,1.5,34478655803.31937,3825664.0,69263032.32000001,7651328.0,768,640,10,2
xl,1.5,68957311606.63873,3825664.0,69263032.32000001,7651328.0,768,640,10,2
l,1.5,31092325492.864944,3825664.0,81287864.32,7651328.0,832,640,10,2
xl,1.5,62184650985.72989,3825664.0,81287864.32,7651328.0,832,640,10,2
xl,1.5,56309673440.88387,3825664.0,94274682.88,7651328.0,896,640,10,2
l,1.5,29865816092.302036,4629053.4399999995,81287864.32,9258106.879999999,832,704,10,2
xl,1.5,59731632184.60407,4629053.4399999995,81287864.32,9258106.879999999,832,704,10,2
xl,1.5,54290739722.30739,4629053.4399999995,94274682.88,9258106.879999999,896,704,10,2
xl,1.5,49515901176.82043,4629053.4399999995,108223488.0,9258106.879999999,960,704,10,2
xl,1.5,52243236225.43191,5508956.16,94274682.88,11017912.32,896,768,10,2
xl,1.5,47807045392.0507,5508956.16,108223488.0,11017912.32,960,768,10,2
xl,1.5,43875062994.345634,5508956.16,123134279.68,11017912.32,1024,768,10,2
xl,1.5,46081288241.828896,6465372.16,108223488.0,12930744.32,960,832,10,2
s,1.5,36370001510.664375,344309.76,10625679.36,1032929.28,384,192,6,3
m,1.5,72740003021.32875,344309.76,10625679.36,1032929.28,384,192,6,3
s,1.5,23243836998.892628,612106.24,18890096.64,1836318.72,512,256,6,3
m,1.5,46487673997.785255,612106.24,18890096.64,1836318.72,512,256,6,3
l,1.5,116219184994.46313,612106.24,18890096.64,1836318.72,512,256,6,3
s,1.5,16199557816.86983,956416.0,29515776.0,2869248.0,640,320,6,3
m,1.5,32399115633.73966,956416.0,29515776.0,2869248.0,640,320,6,3
l,1.5,80997789084.34914,956416.0,29515776.0,2869248.0,640,320,6,3
xl,1.5,161995578168.69827,956416.0,29515776.0,2869248.0,640,320,6,3
s,1.5,14280424620.588995,956416.0,35714088.96,2869248.0,704,320,6,3
m,1.5,28560849241.17799,956416.0,35714088.96,2869248.0,704,320,6,3
l,1.5,71402123102.94498,956416.0,35714088.96,2869248.0,704,320,6,3
xl,1.5,142804246205.88995,956416.0,35714088.96,2869248.0,704,320,6,3
s,1.5,13381006770.335543,1377239.04,35714088.96,4131717.12,704,384,6,3
m,1.5,26762013540.671085,1377239.04,35714088.96,4131717.12,704,384,6,3
l,1.5,66905033851.67772,1377239.04,35714088.96,4131717.12,704,384,6,3
xl,1.5,133810067703.35544,1377239.04,35714088.96,4131717.12,704,384,6,3
s,1.5,11959010710.83441,1377239.04,42502717.44,4131717.12,768,384,6,3
m,1.5,23918021421.66882,1377239.04,42502717.44,4131717.12,768,384,6,3
l,1.5,59795053554.17205,1377239.04,42502717.44,4131717.12,768,384,6,3
xl,1.5,119590107108.3441,1377239.04,42502717.44,4131717.12,768,384,6,3
l,1.5,53708325261.3301,1377239.04,49881661.44,4131717.12,832,384,6,3
xl,1.5,107416650522.6602,1377239.04,49881661.44,4131717.12,832,384,6,3
l,1.5,50698631358.242714,1874575.3599999999,49881661.44,5623726.08,832,448,6,3
xl,1.5,101397262716.48543,1874575.3599999999,49881661.44,5623726.08,832,448,6,3
l,1.5,46002905440.46111,1874575.3599999999,57850920.96,5623726.08,896,448,6,3
xl,1.5,92005810880.92223,1874575.3599999999,57850920.96,5623726.08,896,448,6,3
l,1.5,41895030107.73937,1874575.3599999999,66410496.0,5623726.08,960,448,6,3
xl,1.5,83790060215.47874,1874575.3599999999,66410496.0,5623726.08,960,448,6,3
l,1.5,39779733366.159874,2448424.96,66410496.0,7345274.88,960,512,6,3
xl,1.5,79559466732.31975,2448424.96,66410496.0,7345274.88,960,512,6,3
l,1.5,36512455502.70863,2448424.96,75560386.56,7345274.88,1024,512,6,3
xl,1.5,73024911005.41727,2448424.96,75560386.56,7345274.88,1024,512,6,3
l,1.5,33607274454.472527,2448424.96,85300592.64,7345274.88,1088,512,6,3
xl,1.5,67214548908.94505,2448424.96,85300592.64,7345274.88,1088,512,6,3
xl,1.5,64125891457.622765,3098787.84,85300592.64,9296363.52,1088,576,6,3
xl,1.5,59392541824.79812,3098787.84,95631114.24,9296363.52,1152,576,6,3
xl,1.5,55129927425.58749,3098787.84,106551951.36000001,9296363.52,1216,576,6,3
xl,1.5,52805193708.64626,3825664.0,106551951.36000001,11476992.0,1216,640,6,3
xl,1.5,49264966696.882515,3825664.0,118063104.0,11476992.0,1280,640,6,3
xl,1.5,47216733849.80855,4629053.4399999995,118063104.0,13887160.319999998,1280,704,6,3
s,1.5,39795156279.54629,344309.76,8608768.0,1032929.28,320,192,7,3
m,1.5,79590312559.09258,344309.76,8608768.0,1032929.28,320,192,7,3
s,1.5,31884024020.53605,344309.76,12396625.92,1032929.28,384,192,7,3
m,1.5,63768048041.0721,344309.76,12396625.92,1032929.28,384,192,7,3
s,1.5,24180969735.25207,612106.24,16873185.28,1836318.72,448,256,7,3
m,1.5,48361939470.50414,612106.24,16873185.28,1836318.72,448,256,7,3
l,1.5,120904848676.26036,612106.24,16873185.28,1836318.72,448,256,7,3
s,1.5,20421824740.874603,612106.24,22038446.08,1836318.72,512,256,7,3
m,1.5,40843649481.74921,612106.24,22038446.08,1836318.72,512,256,7,3
l,1.5,102109123704.37302,612106.24,22038446.08,1836318.72,512,256,7,3
s,1.5,16351764302.519342,956416.0,27892408.32,2869248.0,576,320,7,3
m,1.5,32703528605.038685,956416.0,27892408.32,2869248.0,576,320,7,3
l,1.5,81758821512.59671,956416.0,27892408.32,2869248.0,576,320,7,3
xl,1.5,163517643025.19342,956416.0,27892408.32,2869248.0,576,320,7,3
s,1.5,14256128948.625174,956416.0,34435072.0,2869248.0,640,320,7,3
m,1.5,28512257897.250347,956416.0,34435072.0,2869248.0,640,320,7,3
l,1.5,71280644743.12587,956416.0,34435072.0,2869248.0,640,320,7,3
xl,1.5,142561289486.25174,956416.0,34435072.0,2869248.0,640,320,7,3
s,1.5,13359672843.928047,1377239.04,34435072.0,4131717.12,640,384,7,3
m,1.5,26719345687.856094,1377239.04,34435072.0,4131717.12,640,384,7,3
l,1.5,66798364219.640236,1377239.04,34435072.0,4131717.12,640,384,7,3
xl,1.5,133596728439.28047,1377239.04,34435072.0,4131717.12,640,384,7,3
s,1.5,11830032297.722454,1377239.04,41666437.120000005,4131717.12,704,384,7,3
m,1.5,23660064595.44491,1377239.04,41666437.120000005,4131717.12,704,384,7,3
l,1.5,59150161488.612274,1377239.04,41666437.120000005,4131717.12,704,384,7,3
xl,1.5,118300322977.22455,1377239.04,41666437.120000005,4131717.12,704,384,7,3
l,1.5,52688252072.953094,1377239.04,49586503.68,4131717.12,768,384,7,3
xl,1.5,105376504145.90619,1377239.04,49586503.68,4131717.12,768,384,7,3
l,1.5,49788711684.057335,1874575.3599999999,49586503.68,5623726.08,768,448,7,3
xl,1.5,99577423368.11467,1874575.3599999999,49586503.68,5623726.08,768,448,7,3
l,1.5,44850988587.89092,1874575.3599999999,58195271.68,5623726.08,832,448,7,3
xl,1.5,89701977175.78185,1874575.3599999999,58195271.68,5623726.08,832,448,7,3
l,1.5,40576228585.9617,1874575.3599999999,67492741.12,5623726.08,896,448,7,3
xl,1.5,81152457171.9234,1874575.3599999999,67492741.12,5623726.08,896,448,7,3
l,1.5,38588850720.658356,2448424.96,67492741.12,7345274.88,896,512,7,3
xl,1.5,77177701441.31671,2448424.96,67492741.12,7345274.88,896,512,7,3
l,1.5,35210176427.38878,2448424.96,77478912.0,7345274.88,960,512,7,3
xl,1.5,70420352854.77756,2448424.96,77478912.0,7345274.88,960,512,7,3
xl,1.5,64463560886.5136,2448424.96,88153784.32,7345274.88,1024,512,7,3
l,1.5,33518727974.119843,3098787.84,77478912.0,9296363.52,960,576,7,3
xl,1.5,67037455948.239685,3098787.84,77478912.0,9296363.52,960,576,7,3
xl,1.5,61617204199.92023,3098787.84,88153784.32,9296363.52,1024,576,7,3
xl,1.5,56784938385.92906,3098787.84,99517358.08,9296363.52,1088,576,7,3
xl,1.5,52465226668.9521,3098787.84,111569633.28,9296363.52,1152,576,7,3
xl,1.5,54321649965.87429,3825664.0,99517358.08,11476992.0,1088,640,7,3
xl,1.5,50355493346.996765,3825664.0,111569633.28,11476992.0,1152,640,7,3
xl,1.5,46777899258.25656,3825664.0,124310609.92000002,11476992.0,1216,640,7,3
s,1.5,35579013238.58222,344309.76,9838592.0,1032929.28,320,192,8,3
m,1.5,71158026477.16444,344309.76,9838592.0,1032929.28,320,192,8,3
s,1.5,21639206703.06419,612106.24,19283640.32,1836318.72,448,256,8,3
m,1.5,43278413406.12838,612106.24,19283640.32,1836318.72,448,256,8,3
l,1.5,108196033515.32094,612106.24,19283640.32,1836318.72,448,256,8,3
s,1.5,17006959913.989355,956416.0,25186795.52,2869248.0,512,320,8,3
m,1.5,34013919827.97871,956416.0,25186795.52,2869248.0,512,320,8,3
l,1.5,85034799569.94678,956416.0,25186795.52,2869248.0,512,320,8,3
xl,1.5,170069599139.89355,956416.0,25186795.52,2869248.0,512,320,8,3
s,1.5,14644201390.169117,956416.0,31877038.08,2869248.0,576,320,8,3
m,1.5,29288402780.338234,956416.0,31877038.08,2869248.0,576,320,8,3
l,1.5,73221006950.8456,956416.0,31877038.08,2869248.0,576,320,8,3
xl,1.5,146442013901.6912,956416.0,31877038.08,2869248.0,576,320,8,3
s,1.5,12009513187.914604,1377239.04,39354368.0,4131717.12,640,384,8,3
m,1.5,24019026375.82921,1377239.04,39354368.0,4131717.12,640,384,8,3
l,1.5,60047565939.57302,1377239.04,39354368.0,4131717.12,640,384,8,3
xl,1.5,120095131879.14604,1377239.04,39354368.0,4131717.12,640,384,8,3
l,1.5,53006275488.0119,1377239.04,47618785.28,4131717.12,704,384,8,3
xl,1.5,106012550976.0238,1377239.04,47618785.28,4131717.12,704,384,8,3
l,1.5,50072601005.27204,1874575.3599999999,47618785.28,5623726.08,704,448,8,3
xl,1.5,100145202010.54408,1874575.3599999999,47618785.28,5623726.08,704,448,8,3
l,1.5,44761463767.530205,1874575.3599999999,56670289.92,5623726.08,768,448,8,3
xl,1.5,89522927535.06041,1874575.3599999999,56670289.92,5623726.08,768,448,8,3
l,1.5,40212794960.72838,1874575.3599999999,66508881.92,5623726.08,832,448,8,3
xl,1.5,80425589921.45676,1874575.3599999999,66508881.92,5623726.08,832,448,8,3
l,1.5,38260002116.88307,2448424.96,66508881.92,7345274.88,832,512,8,3
xl,1.5,76520004233.76614,2448424.96,66508881.92,7345274.88,832,512,8,3
l,1.5,34696398723.90609,2448424.96,77134561.28,7345274.88,896,512,8,3
xl,1.5,69392797447.81218,2448424.96,77134561.28,7345274.88,896,512,8,3
xl,1.5,63164547636.57141,2448424.96,88547328.0,7345274.88,960,512,8,3
xl,1.5,60429316005.03907,3098787.84,88547328.0,9296363.52,960,576,8,3
xl,1.5,55408058337.697815,3098787.84,100747182.08,9296363.52,1024,576,8,3
xl,1.5,50952085814.70459,3098787.84,113734123.52,9296363.52,1088,576,8,3
xl,1.5,53060308310.66325,3825664.0,100747182.08,11476992.0,1024,640,8,3
xl,1.5,48959980222.42408,3825664.0,113734123.52,11476992.0,1088,640,8,3
s,1.5,32170655972.131744,344309.76,11068416.0,1032929.28,320,192,9,3
m,1.5,64341311944.26349,344309.76,11068416.0,1032929.28,320,192,9,3
s,1.5,23714600362.313564,612106.24,15938519.040000001,1836318.72,384,256,9,3
m,1.5,47429200724.62713,612106.24,15938519.040000001,1836318.72,384,256,9,3
l,1.5,118573001811.56783,612106.24,15938519.040000001,1836318.72,384,256,9,3
s,1.5,19580969017.48074,612106.24,21694095.36,1836318.72,448,256,9,3
m,1.5,39161938034.96148,612106.24,21694095.36,1836318.72,448,256,9,3
l,1.5,97904845087.40369,612106.24,21694095.36,1836318.72,448,256,9,3
s,1.5,15445322402.150642,956416.0,28335144.96,2869248.0,512,320,9,3
m,1.5,30890644804.301285,956416.0,28335144.96,2869248.0,512,320,9,3
l,1.5,77226612010.75322,956416.0,28335144.96,2869248.0,512,320,9,3
xl,1.5,154453224021.50644,956416.0,28335144.96,2869248.0,512,320,9,3
s,1.5,13259548746.284843,956416.0,35861667.839999996,2869248.0,576,320,9,3
m,1.5,26519097492.569687,956416.0,35861667.839999996,2869248.0,576,320,9,3
l,1.5,66297743731.42422,956416.0,35861667.839999996,2869248.0,576,320,9,3
xl,1.5,132595487462.84843,956416.0,35861667.839999996,2869248.0,576,320,9,3
s,1.5,12480622086.922962,1377239.04,35861667.839999996,4131717.12,576,384,9,3
m,1.5,24961244173.845924,1377239.04,35861667.839999996,4131717.12,576,384,9,3
l,1.5,62403110434.61481,1377239.04,35861667.839999996,4131717.12,576,384,9,3
xl,1.5,124806220869.22961,1377239.04,35861667.839999996,4131717.12,576,384,9,3
s,1.5,10907205585.516806,1377239.04,44273664.0,4131717.12,640,384,9,3
m,1.5,21814411171.03361,1377239.04,44273664.0,4131717.12,640,384,9,3
l,1.5,54536027927.58403,1377239.04,44273664.0,4131717.12,640,384,9,3
xl,1.5,109072055855.16806,1377239.04,44273664.0,4131717.12,640,384,9,3
l,1.5,45598454308.99469,1874575.3599999999,53571133.44,5623726.08,704,448,9,3
xl,1.5,91196908617.98938,1874575.3599999999,53571133.44,5623726.08,704,448,9,3
l,1.5,40656327651.95956,1874575.3599999999,63754076.160000004,5623726.08,768,448,9,3
xl,1.5,81312655303.91911,1874575.3599999999,63754076.160000004,5623726.08,768,448,9,3
l,1.5,38661288611.307304,2448424.96,63754076.160000004,7345274.88,768,512,9,3
xl,1.5,77322577222.61461,2448424.96,63754076.160000004,7345274.88,768,512,9,3
l,1.5,34832755068.72877,2448424.96,74822492.16,7345274.88,832,512,9,3
xl,1.5,69665510137.45753,2448424.96,74822492.16,7345274.88,832,512,9,3
l,1.5,31517257264.634007,2448424.96,86776381.44,7345274.88,896,512,9,3
xl,1.5,63034514529.26801,2448424.96,86776381.44,7345274.88,896,512,9,3
xl,1.5,60310290170.65786,3098787.84,86776381.44,9296363.52,896,576,9,3
xl,1.5,55007058611.374565,3098787.84,99615744.0,9296363.52,960,576,9,3
xl,1.5,50335741814.01508,3098787.84,113340579.84,9296363.52,1024,576,9,3
xl,1.5,52692458149.54204,3825664.0,99615744.0,11476992.0,960,640,9,3
xl,1.5,48390619960.98796,3825664.0,113340579.84,11476992.0,1024,640,9,3
s,1.5,29358230542.383385,344309.76,12024832.0,1032929.28,320,192,10,3
m,1.5,58716461084.76677,344309.76,12024832.0,1032929.28,320,192,10,3
s,1.5,21721848456.596287,612106.24,17315758.080000002,1836318.72,384,256,10,3
m,1.5,43443696913.19257,612106.24,17315758.080000002,1836318.72,384,256,10,3
l,1.5,108609242282.98143,612106.24,17315758.080000002,1836318.72,384,256,10,3
s,1.5,14146355526.272158,956416.0,30783569.92,2869248.0,512,320,10,3
m,1.5,28292711052.544315,956416.0,30783569.92,2869248.0,512,320,10,3
l,1.5,70731777631.3608,956416.0,30783569.92,2869248.0,512,320,10,3
xl,1.5,141463555262.7216,956416.0,30783569.92,2869248.0,512,320,10,3
s,1.5,11460642240.161604,1377239.04,38960455.67999999,4131717.12,576,384,10,3
m,1.5,22921284480.323208,1377239.04,38960455.67999999,4131717.12,576,384,10,3
l,1.5,57303211200.80802,1377239.04,38960455.67999999,4131717.12,576,384,10,3
xl,1.5,114606422401.61604,1377239.04,38960455.67999999,4131717.12,576,384,10,3
l,1.5,49951197500.21798,1377239.04,48099328.0,4131717.12,640,384,10,3
xl,1.5,99902395000.43596,1377239.04,48099328.0,4131717.12,640,384,10,3
l,1.5,47337611883.16995,1874575.3599999999,48099328.0,5623726.08,640,448,10,3
xl,1.5,94675223766.3399,1874575.3599999999,48099328.0,5623726.08,640,448,10,3
l,1.5,41858283304.46521,1874575.3599999999,58200186.879999995,5623726.08,704,448,10,3
xl,1.5,83716566608.93042,1874575.3599999999,58200186.879999995,5623726.08,704,448,10,3
l,1.5,37240911818.44972,1874575.3599999999,69263032.32000001,5623726.08,768,448,10,3
xl,1.5,74481823636.89944,1874575.3599999999,69263032.32000001,5623726.08,768,448,10,3
l,1.5,35560058934.52205,2448424.96,69263032.32000001,7345274.88,768,512,10,3
xl,1.5,71120117869.0441,2448424.96,69263032.32000001,7345274.88,768,512,10,3
l,1.5,31969038821.699738,2448424.96,81287864.32,7345274.88,832,512,10,3
xl,1.5,63938077643.399475,2448424.96,81287864.32,7345274.88,832,512,10,3
l,1.5,30568464251.866844,3098787.84,81287864.32,9296363.52,832,576,10,3
xl,1.5,61136928503.73369,3098787.84,81287864.32,9296363.52,832,576,10,3
xl,1.5,55449199474.93338,3098787.84,94274682.88,9296363.52,896,576,10,3
xl,1.5,50477744961.51826,3098787.84,108223488.0,9296363.52,960,576,10,3
xl,1.5,48521846010.137886,3825664.0,108223488.0,11476992.0,960,640,10,3
xl,1.5,44476379156.7665,3825664.0,123134279.68,11476992.0,1024,640,10,3
xl,1.5,42800200084.22432,4629053.4399999995,123134279.68,13887160.319999998,1024,704,10,3
s,1.5,20038040087.057816,612106.24,19086704.64,1836318.72,384,256,11,3
m,1.5,40076080174.11563,612106.24,19086704.64,1836318.72,384,256,11,3
l,1.5,100190200435.28906,612106.24,19086704.64,1836318.72,384,256,11,3
s,1.5,15462563848.447727,956416.0,25979125.759999998,2869248.0,448,320,11,3
m,1.5,30925127696.895454,956416.0,25979125.759999998,2869248.0,448,320,11,3
l,1.5,77312819242.23863,956416.0,25979125.759999998,2869248.0,448,320,11,3
xl,1.5,154625638484.47726,956416.0,25979125.759999998,2869248.0,448,320,11,3
s,1.5,13048927804.025414,956416.0,33931919.36,2869248.0,512,320,11,3
m,1.5,26097855608.050827,956416.0,33931919.36,2869248.0,512,320,11,3
l,1.5,65244639020.12707,956416.0,33931919.36,2869248.0,512,320,11,3
xl,1.5,130489278040.25414,956416.0,33931919.36,2869248.0,512,320,11,3
s,1.5,10594782764.167364,1377239.04,42945085.44,4131717.12,576,384,11,3
m,1.5,21189565528.33473,1377239.04,42945085.44,4131717.12,576,384,11,3
l,1.5,52973913820.83682,1377239.04,42945085.44,4131717.12,576,384,11,3
xl,1.5,105947827641.67365,1377239.04,42945085.44,4131717.12,576,384,11,3
l,1.5,43844478648.59009,1874575.3599999999,53018624.0,5623726.08,640,448,11,3
xl,1.5,87688957297.18018,1874575.3599999999,53018624.0,5623726.08,640,448,11,3
l,1.5,38685168193.94292,1874575.3599999999,64152535.04,5623726.08,704,448,11,3
xl,1.5,77370336387.88583,1874575.3599999999,64152535.04,5623726.08,704,448,11,3
l,1.5,36874584715.66134,2448424.96,64152535.04,7345274.88,704,512,11,3
xl,1.5,73749169431.32268,2448424.96,64152535.04,7345274.88,704,512,11,3
l,1.5,32919415731.08248,2448424.96,76346818.56,7345274.88,768,512,11,3
xl,1.5,65838831462.16496,2448424.96,76346818.56,7345274.88,768,512,11,3
xl,1.5,59080845336.51957,2448424.96,89601474.56,7345274.88,832,512,11,3
xl,1.5,56681137873.18531,3098787.84,89601474.56,9296363.52,832,576,11,3
xl,1.5,51313279933.72249,3098787.84,103916503.03999999,9296363.52,896,576,11,3
xl,1.5,49293390398.79814,3825664.0,103916503.03999999,11476992.0,896,640,11,3
xl,1.5,44963019535.101074,3825664.0,119291904.0,11476992.0,960,640,11,3
xl,1.5,43250665906.62859,4629053.4399999995,119291904.0,13887160.319999998,960,704,11,3
s,1.5,32776538434.21997,344309.76,9270067.2,1032929.28,256,192,12,3
m,1.5,65553076868.43994,344309.76,9270067.2,1032929.28,256,192,12,3
s,1.5,18596498845.196102,612106.24,20857651.2,1836318.72,384,256,12,3
m,1.5,37192997690.392204,612106.24,20857651.2,1836318.72,384,256,12,3
l,1.5,92982494225.98051,612106.24,20857651.2,1836318.72,384,256,12,3
s,1.5,14382299960.708933,956416.0,28389580.8,2869248.0,448,320,12,3
m,1.5,28764599921.417866,956416.0,28389580.8,2869248.0,448,320,12,3
l,1.5,71911499803.54466,956416.0,28389580.8,2869248.0,448,320,12,3
xl,1.5,143822999607.08932,956416.0,28389580.8,2869248.0,448,320,12,3
s,1.5,11456515291.284082,1377239.04,37080268.8,4131717.12,512,384,12,3
m,1.5,22913030582.568165,1377239.04,37080268.8,4131717.12,512,384,12,3
l,1.5,57282576456.42041,1377239.04,37080268.8,4131717.12,512,384,12,3
xl,1.5,114565152912.84082,1377239.04,37080268.8,4131717.12,512,384,12,3
s,1.5,9850565689.14507,1377239.04,46929715.2,4131717.12,576,384,12,3
m,1.5,19701131378.29014,1377239.04,46929715.2,4131717.12,576,384,12,3
l,1.5,49252828445.72535,1377239.04,46929715.2,4131717.12,576,384,12,3
xl,1.5,98505656891.4507,1377239.04,46929715.2,4131717.12,576,384,12,3
l,1.5,46709952996.84302,1874575.3599999999,46929715.2,5623726.08,576,448,12,3
xl,1.5,93419905993.68604,1874575.3599999999,46929715.2,5623726.08,576,448,12,3
l,1.5,40831447752.31986,1874575.3599999999,57937920.0,5623726.08,640,448,12,3
xl,1.5,81662895504.63972,1874575.3599999999,57937920.0,5623726.08,640,448,12,3
l,1.5,35959236912.81925,1874575.3599999999,70104883.2,5623726.08,704,448,12,3
xl,1.5,71918473825.6385,1874575.3599999999,70104883.2,5623726.08,704,448,12,3
l,1.5,34389650761.5526,2448424.96,70104883.2,7345274.88,704,512,12,3
xl,1.5,68779301523.1052,2448424.96,70104883.2,7345274.88,704,512,12,3
l,1.5,30643844169.660824,2448424.96,83430604.8,7345274.88,768,512,12,3
xl,1.5,61287688339.32165,2448424.96,83430604.8,7345274.88,768,512,12,3
l,1.5,29354636191.01966,3098787.84,83430604.8,9296363.52,768,576,12,3
xl,1.5,58709272382.03932,3098787.84,83430604.8,9296363.52,768,576,12,3
xl,1.5,52830721448.96117,3098787.84,97915084.8,9296363.52,832,576,12,3
xl,1.5,47751524792.52137,3098787.84,113558323.2,9296363.52,896,576,12,3
xl,1.5,50692090267.7247,3825664.0,97915084.8,11476992.0,832,640,12,3
xl,1.5,45997519849.05583,3825664.0,113558323.2,11476992.0,896,640,12,3
s,1.5,30585648629.110302,344309.76,10057154.56,1032929.28,256,192,13,3
m,1.5,61171297258.220604,344309.76,10057154.56,1032929.28,256,192,13,3
s,1.5,21709496660.357136,612106.24,15714304.0,1836318.72,320,256,13,3
m,1.5,43418993320.71427,612106.24,15714304.0,1836318.72,320,256,13,3
l,1.5,108547483301.78569,612106.24,15714304.0,1836318.72,320,256,13,3
s,1.5,17348447515.46693,612106.24,22628597.759999998,1836318.72,384,256,13,3
m,1.5,34696895030.93386,612106.24,22628597.759999998,1836318.72,384,256,13,3
l,1.5,86742237577.33466,612106.24,22628597.759999998,1836318.72,384,256,13,3
xl,1.5,173484475154.6693,612106.24,22628597.759999998,1836318.72,384,256,13,3
s,1.5,13443120878.198992,956416.0,30800035.84,2869248.0,448,320,13,3
m,1.5,26886241756.397984,956416.0,30800035.84,2869248.0,448,320,13,3
l,1.5,67215604390.994965,956416.0,30800035.84,2869248.0,448,320,13,3
xl,1.5,134431208781.98993,956416.0,30800035.84,2869248.0,448,320,13,3
s,1.5,10725972360.659279,1377239.04,40228618.24,4131717.12,512,384,13,3
m,1.5,21451944721.318558,1377239.04,40228618.24,4131717.12,512,384,13,3
l,1.5,53629861803.296394,1377239.04,40228618.24,4131717.12,512,384,13,3
xl,1.5,107259723606.59279,1377239.04,40228618.24,4131717.12,512,384,13,3
l,1.5,46020198016.032005,1377239.04,50914344.95999999,4131717.12,576,384,13,3
xl,1.5,92040396032.06401,1377239.04,50914344.95999999,4131717.12,576,384,13,3
l,1.5,43792615259.55682,1874575.3599999999,50914344.95999999,5623726.08,576,448,13,3
xl,1.5,87585230519.11365,1874575.3599999999,50914344.95999999,5623726.08,576,448,13,3
l,1.5,38205904739.63262,1874575.3599999999,62857216.0,5623726.08,640,448,13,3
xl,1.5,76411809479.26524,1874575.3599999999,62857216.0,5623726.08,640,448,13,3
l,1.5,36438880760.23454,2448424.96,62857216.0,7345274.88,640,512,13,3
xl,1.5,72877761520.46909,2448424.96,62857216.0,7345274.88,640,512,13,3
l,1.5,32218485827.380817,2448424.96,76057231.36,7345274.88,704,512,13,3
xl,1.5,64436971654.761635,2448424.96,76057231.36,7345274.88,704,512,13,3
xl,1.5,57325063790.23035,2448424.96,90514391.03999999,7345274.88,768,512,13,3
xl,1.5,55063137031.59939,3098787.84,90514391.03999999,9296363.52,768,576,13,3
xl,1.5,49470155665.959885,3098787.84,106228695.03999999,9296363.52,832,576,13,3
xl,1.5,47590106914.74062,3825664.0,106228695.03999999,11476992.0,832,640,13,3
xl,1.5,43114766537.64933,3825664.0,123200143.36,11476992.0,896,640,13,3
xl,1.5,41537827137.10688,4629053.4399999995,123200143.36,13887160.319999998,896,704,13,3
s,1.5,28669299514.845676,344309.76,10844241.92,1032929.28,256,192,14,3
m,1.5,57338599029.69135,344309.76,10844241.92,1032929.28,256,192,14,3
s,1.5,20391283793.37656,612106.24,16944128.0,1836318.72,320,256,14,3
m,1.5,40782567586.75312,612106.24,16944128.0,1836318.72,320,256,14,3
l,1.5,101956418966.88281,612106.24,16944128.0,1836318.72,320,256,14,3
s,1.5,15291057673.99418,956416.0,24399544.32,2869248.0,384,320,14,3
m,1.5,30582115347.98836,956416.0,24399544.32,2869248.0,384,320,14,3
l,1.5,76455288369.9709,956416.0,24399544.32,2869248.0,384,320,14,3
xl,1.5,152910576739.9418,956416.0,24399544.32,2869248.0,384,320,14,3
s,1.5,12619081690.027365,956416.0,33210490.88,2869248.0,448,320,14,3
m,1.5,25238163380.05473,956416.0,33210490.88,2869248.0,448,320,14,3
l,1.5,63095408450.13682,956416.0,33210490.88,2869248.0,448,320,14,3
xl,1.5,126190816900.27364,956416.0,33210490.88,2869248.0,448,320,14,3
s,1.5,10083012990.196096,1377239.04,43376967.68,4131717.12,512,384,14,3
m,1.5,20166025980.392193,1377239.04,43376967.68,4131717.12,512,384,14,3
l,1.5,50415064950.980484,1377239.04,43376967.68,4131717.12,512,384,14,3
xl,1.5,100830129901.96097,1377239.04,43376967.68,4131717.12,512,384,14,3
l,1.5,41218268620.414185,1874575.3599999999,54898974.72,5623726.08,576,448,14,3
xl,1.5,82436537240.82837,1874575.3599999999,54898974.72,5623726.08,576,448,14,3
l,1.5,35897616704.34263,1874575.3599999999,67776512.0,5623726.08,640,448,14,3
xl,1.5,71795233408.68526,1874575.3599999999,67776512.0,5623726.08,640,448,14,3
l,1.5,34333288261.92006,2448424.96,67776512.0,7345274.88,640,512,14,3
xl,1.5,68666576523.84012,2448424.96,67776512.0,7345274.88,640,512,14,3
l,1.5,30305190258.630695,2448424.96,82009579.52,7345274.88,704,512,14,3
xl,1.5,60610380517.26139,2448424.96,82009579.52,7345274.88,704,512,14,3
l,1.5,29043733146.04509,3098787.84,82009579.52,9296363.52,704,576,14,3
xl,1.5,58087466292.09018,3098787.84,82009579.52,9296363.52,704,576,14,3
xl,1.5,51843405852.89589,3098787.84,97598177.28,9296363.52,768,576,14,3
xl,1.5,46511552532.301704,3098787.84,114542305.28,9296363.52,832,576,14,3
xl,1.5,49782403265.92446,3825664.0,97598177.28,11476992.0,768,640,14,3
xl,1.5,44845869215.50028,3825664.0,114542305.28,11476992.0,832,640,14,3
s,1.5,26978929982.31253,344309.76,11631329.28,1032929.28,256,192,15,3
m,1.5,53957859964.62506,344309.76,11631329.28,1032929.28,256,192,15,3
s,1.5,19223991975.06297,612106.24,18173952.0,1836318.72,320,256,15,3
m,1.5,38447983950.12594,612106.24,18173952.0,1836318.72,320,256,15,3
l,1.5,96119959875.31483,612106.24,18173952.0,1836318.72,320,256,15,3
s,1.5,14437059548.412472,956416.0,26170490.88,2869248.0,384,320,15,3
m,1.5,28874119096.824944,956416.0,26170490.88,2869248.0,384,320,15,3
l,1.5,72185297742.06236,956416.0,26170490.88,2869248.0,384,320,15,3
xl,1.5,144370595484.12473,956416.0,26170490.88,2869248.0,384,320,15,3
s,1.5,11890231815.003365,956416.0,35620945.92,2869248.0,448,320,15,3
m,1.5,23780463630.00673,956416.0,35620945.92,2869248.0,448,320,15,3
l,1.5,59451159075.01683,956416.0,35620945.92,2869248.0,448,320,15,3
xl,1.5,118902318150.03366,956416.0,35620945.92,2869248.0,448,320,15,3
s,1.5,11260054994.901304,1377239.04,35620945.92,4131717.12,448,384,15,3
m,1.5,22520109989.80261,1377239.04,35620945.92,4131717.12,448,384,15,3
l,1.5,56300274974.506516,1377239.04,35620945.92,4131717.12,448,384,15,3
xl,1.5,112600549949.01303,1377239.04,35620945.92,4131717.12,448,384,15,3
s,1.5,9512777514.051453,1377239.04,46525317.12,4131717.12,512,384,15,3
m,1.5,19025555028.102905,1377239.04,46525317.12,4131717.12,512,384,15,3
l,1.5,47563887570.25726,1377239.04,46525317.12,4131717.12,512,384,15,3
xl,1.5,95127775140.51453,1377239.04,46525317.12,4131717.12,512,384,15,3
l,1.5,38929783307.831764,1874575.3599999999,58883604.480000004,5623726.08,576,448,15,3
xl,1.5,77859566615.66353,1874575.3599999999,58883604.480000004,5623726.08,576,448,15,3
l,1.5,32457742740.2094,2448424.96,72695808.0,7345274.88,640,512,15,3
xl,1.5,64915485480.4188,2448424.96,72695808.0,7345274.88,640,512,15,3
xl,1.5,57212796995.199295,2448424.96,87961927.68,7345274.88,704,512,15,3
xl,1.5,54959547064.95372,3098787.84,87961927.68,9296363.52,704,576,15,3
xl,1.5,48979411074.31976,3098787.84,104681963.52,9296363.52,768,576,15,3
xl,1.5,47135782487.47456,3825664.0,104681963.52,11476992.0,768,640,15,3
xl,1.5,42400864201.52429,3825664.0,122855915.52,11476992.0,832,640,15,3
xl,1.5,40874790734.80537,4629053.4399999995,122855915.52,13887160.319999998,832,704,15,3
s,1.5,24893334649.931847,344309.76,15938519.040000001,1377239.04,384,192,9,4
m,1.5,49786669299.86369,344309.76,15938519.040000001,1377239.04,384,192,9,4
l,1.5,124466673249.65924,344309.76,15938519.040000001,1377239.04,384,192,9,4
s,1.5,18900903909.570625,612106.24,21694095.36,2448424.96,448,256,9,4
m,1.5,37801807819.14125,612106.24,21694095.36,2448424.96,448,256,9,4
l,1.5,94504519547.85313,612106.24,21694095.36,2448424.96,448,256,9,4
s,1.5,15950266772.16743,612106.24,28335144.96,2448424.96,512,256,9,4
m,1.5,31900533544.33486,612106.24,28335144.96,2448424.96,512,256,9,4
l,1.5,79751333860.83716,612106.24,28335144.96,2448424.96,512,256,9,4
xl,1.5,159502667721.67432,612106.24,28335144.96,2448424.96,512,256,9,4
s,1.5,12783381384.939024,956416.0,35861667.839999996,3825664.0,576,320,9,4
m,1.5,25566762769.878048,956416.0,35861667.839999996,3825664.0,576,320,9,4
l,1.5,63916906924.69512,956416.0,35861667.839999996,3825664.0,576,320,9,4
xl,1.5,127833813849.39024,956416.0,35861667.839999996,3825664.0,576,320,9,4
s,1.5,11137734752.26292,956416.0,44273664.0,3825664.0,640,320,9,4
m,1.5,22275469504.52584,956416.0,44273664.0,3825664.0,640,320,9,4
l,1.5,55688673761.314606,956416.0,44273664.0,3825664.0,640,320,9,4
xl,1.5,111377347522.62921,956416.0,44273664.0,3825664.0,640,320,9,4
l,1.5,46248286874.65745,1377239.04,53571133.44,5508956.16,704,384,9,4
xl,1.5,92496573749.3149,1377239.04,53571133.44,5508956.16,704,384,9,4
l,1.5,41172134652.89063,1377239.04,63754076.160000004,5508956.16,768,384,9,4
xl,1.5,82344269305.78127,1377239.04,63754076.160000004,5508956.16,768,384,9,4
l,1.5,38956146991.78214,1874575.3599999999,63754076.160000004,7498301.4399999995,768,448,9,4
xl,1.5,77912293983.56429,1874575.3599999999,63754076.160000004,7498301.4399999995,768,448,9,4
l,1.5,35071926112.1136,1874575.3599999999,74822492.16,7498301.4399999995,832,448,9,4
xl,1.5,70143852224.2272,1874575.3599999999,74822492.16,7498301.4399999995,832,448,9,4
l,1.5,31712937083.327015,1874575.3599999999,86776381.44,7498301.4399999995,896,448,9,4
xl,1.5,63425874166.65403,1874575.3599999999,86776381.44,7498301.4399999995,896,448,9,4
xl,1.5,60387543252.16721,2448424.96,86776381.44,9793699.84,896,512,9,4
xl,1.5,55071315679.63713,2448424.96,99615744.0,9793699.84,960,512,9,4
xl,1.5,50389543257.44116,2448424.96,113340579.84,9793699.84,1024,512,9,4
xl,1.5,48213406180.5347,3098787.84,113340579.84,12395151.36,1024,576,9,4
s,1.5,28463463158.72776,344309.76,12024832.0,1377239.04,320,192,10,4
m,1.5,56926926317.45552,344309.76,12024832.0,1377239.04,320,192,10,4
s,1.5,17311490069.09234,612106.24,23568670.72,2448424.96,448,256,10,4
m,1.5,34622980138.18468,612106.24,23568670.72,2448424.96,448,256,10,4
l,1.5,86557450345.4617,612106.24,23568670.72,2448424.96,448,256,10,4
xl,1.5,173114900690.9234,612106.24,23568670.72,2448424.96,448,256,10,4
s,1.5,11715432482.406796,956416.0,38960455.67999999,3825664.0,576,320,10,4
m,1.5,23430864964.81359,956416.0,38960455.67999999,3825664.0,576,320,10,4
l,1.5,58577162412.03397,956416.0,38960455.67999999,3825664.0,576,320,10,4
xl,1.5,117154324824.06795,956416.0,38960455.67999999,3825664.0,576,320,10,4
l,1.5,48038340806.36018,1377239.04,48099328.0,5508956.16,640,384,10,4
xl,1.5,96076681612.72037,1377239.04,48099328.0,5508956.16,640,384,10,4
l,1.5,42405244715.26907,1377239.04,58200186.879999995,5508956.16,704,384,10,4
xl,1.5,84810489430.53815,1377239.04,58200186.879999995,5508956.16,704,384,10,4
l,1.5,35809357717.4013,1874575.3599999999,69263032.32000001,7498301.4399999995,768,448,10,4
xl,1.5,71618715434.8026,1874575.3599999999,69263032.32000001,7498301.4399999995,768,448,10,4
l,1.5,32170386680.10824,1874575.3599999999,81287864.32,7498301.4399999995,832,448,10,4
xl,1.5,64340773360.21648,1874575.3599999999,81287864.32,7498301.4399999995,832,448,10,4
xl,1.5,55514494290.694824,2448424.96,94274682.88,9793699.84,896,512,10,4
xl,1.5,50531850556.89495,2448424.96,108223488.0,9793699.84,960,512,10,4
xl,1.5,48343671556.59166,3098787.84,108223488.0,12395151.36,960,576,10,4
xl,1.5,44326630603.93255,3098787.84,123134279.68,12395151.36,1024,576,10,4
s,1.5,26239467287.594624,344309.76,13254656.0,1377239.04,320,192,11,4
m,1.5,52478934575.18925,344309.76,13254656.0,1377239.04,320,192,11,4
s,1.5,15968654644.905401,612106.24,25979125.759999998,2448424.96,448,256,11,4
m,1.5,31937309289.810802,612106.24,25979125.759999998,2448424.96,448,256,11,4
l,1.5,79843273224.52701,612106.24,25979125.759999998,2448424.96,448,256,11,4
xl,1.5,159686546449.05402,612106.24,25979125.759999998,2448424.96,448,256,11,4
s,1.5,12587504422.323872,956416.0,33931919.36,3825664.0,512,320,11,4
m,1.5,25175008844.647743,956416.0,33931919.36,3825664.0,512,320,11,4
l,1.5,62937522111.61936,956416.0,33931919.36,3825664.0,512,320,11,4
xl,1.5,125875044223.23872,956416.0,33931919.36,3825664.0,512,320,11,4
s,1.5,10812163048.88577,956416.0,42945085.44,3825664.0,576,320,11,4
m,1.5,21624326097.77154,956416.0,42945085.44,3825664.0,576,320,11,4
l,1.5,54060815244.428856,956416.0,42945085.44,3825664.0,576,320,11,4
xl,1.5,108121630488.85771,956416.0,42945085.44,3825664.0,576,320,11,4
l,1.5,44444951037.873024,1377239.04,53018624.0,5508956.16,640,384,11,4
xl,1.5,88889902075.74605,1377239.04,53018624.0,5508956.16,640,384,11,4
l,1.5,39151884376.013596,1377239.04,64152535.04,5508956.16,704,384,11,4
xl,1.5,78303768752.02719,1377239.04,64152535.04,5508956.16,704,384,11,4
l,1.5,37142724993.71098,1874575.3599999999,64152535.04,7498301.4399999995,704,448,11,4
xl,1.5,74285449987.42197,1874575.3599999999,64152535.04,7498301.4399999995,704,448,11,4
l,1.5,33132952868.21869,1874575.3599999999,76346818.56,7498301.4399999995,768,448,11,4
xl,1.5,66265905736.43738,1874575.3599999999,76346818.56,7498301.4399999995,768,448,11,4
xl,1.5,59424516836.87594,1874575.3599999999,89601474.56,7498301.4399999995,832,448,11,4
xl,1.5,56749368069.71021,2448424.96,89601474.56,9793699.84,832,512,11,4
xl,1.5,51369192515.5541,2448424.96,103916503.03999999,9793699.84,896,512,11,4
xl,1.5,46683761836.98526,2448424.96,119291904.0,9793699.84,960,512,11,4
xl,1.5,49109515338.705826,3098787.84,103916503.03999999,12395151.36,896,576,11,4
xl,1.5,44809981731.0063,3098787.84,119291904.0,12395151.36,960,576,11,4
s,1.5,24337828056.398964,344309.76,14484480.0,1377239.04,320,192,12,4
m,1.5,48675656112.79793,344309.76,14484480.0,1377239.04,320,192,12,4
l,1.5,121689140281.99483,344309.76,14484480.0,1377239.04,320,192,12,4
s,1.5,17982024834.229324,612106.24,20857651.2,2448424.96,384,256,12,4
m,1.5,35964049668.45865,612106.24,20857651.2,2448424.96,384,256,12,4
l,1.5,89910124171.14662,612106.24,20857651.2,2448424.96,384,256,12,4
s,1.5,14819147784.33776,612106.24,28389580.8,2448424.96,448,256,12,4
m,1.5,29638295568.67552,612106.24,28389580.8,2448424.96,448,256,12,4
l,1.5,74095738921.68881,612106.24,28389580.8,2448424.96,448,256,12,4
xl,1.5,148191477843.37762,612106.24,28389580.8,2448424.96,448,256,12,4
s,1.5,11711120029.633892,956416.0,37080268.8,3825664.0,512,320,12,4
m,1.5,23422240059.267784,956416.0,37080268.8,3825664.0,512,320,12,4
l,1.5,58555600148.169464,956416.0,37080268.8,3825664.0,512,320,12,4
xl,1.5,117111200296.33893,956416.0,37080268.8,3825664.0,512,320,12,4
s,1.5,10038208924.493896,956416.0,46929715.2,3825664.0,576,320,12,4
m,1.5,20076417848.987793,956416.0,46929715.2,3825664.0,576,320,12,4
l,1.5,50191044622.46948,956416.0,46929715.2,3825664.0,576,320,12,4
xl,1.5,100382089244.93896,956416.0,46929715.2,3825664.0,576,320,12,4
l,1.5,47392089017.077934,1377239.04,46929715.2,5508956.16,576,384,12,4
xl,1.5,94784178034.15587,1377239.04,46929715.2,5508956.16,576,384,12,4
l,1.5,41351736254.2065,1377239.04,57937920.0,5508956.16,640,384,12,4
xl,1.5,82703472508.413,1377239.04,57937920.0,5508956.16,640,384,12,4
l,1.5,34622755201.25963,1874575.3599999999,70104883.2,7498301.4399999995,704,448,12,4
xl,1.5,69245510402.51926,1874575.3599999999,70104883.2,7498301.4399999995,704,448,12,4
l,1.5,30828796998.34811,1874575.3599999999,83430604.8,7498301.4399999995,768,448,12,4
xl,1.5,61657593996.69622,1874575.3599999999,83430604.8,7498301.4399999995,768,448,12,4
l,1.5,29391237920.643257,2448424.96,83430604.8,9793699.84,768,512,12,4
xl,1.5,58782475841.286514,2448424.96,83430604.8,9793699.84,768,512,12,4
xl,1.5,52889991741.782074,2448424.96,97915084.8,9793699.84,832,512,12,4
xl,1.5,47799941097.01211,2448424.96,113558323.2,9793699.84,896,512,12,4
xl,1.5,45837371446.854904,3098787.84,113558323.2,12395151.36,896,576,12,4
s,1.5,22693196159.74025,344309.76,15714304.0,1377239.04,320,192,13,4
m,1.5,45386392319.4805,344309.76,15714304.0,1377239.04,320,192,13,4
l,1.5,113465980798.70125,344309.76,15714304.0,1377239.04,320,192,13,4
s,1.5,16812494749.12164,612106.24,22628597.759999998,2448424.96,384,256,13,4
m,1.5,33624989498.24328,612106.24,22628597.759999998,2448424.96,384,256,13,4
l,1.5,84062473745.6082,612106.24,22628597.759999998,2448424.96,384,256,13,4
xl,1.5,168124947491.2164,612106.24,22628597.759999998,2448424.96,384,256,13,4
s,1.5,10948826003.82158,956416.0,40228618.24,3825664.0,512,320,13,4
m,1.5,21897652007.64316,956416.0,40228618.24,3825664.0,512,320,13,4
l,1.5,54744130019.10791,956416.0,40228618.24,3825664.0,512,320,13,4
xl,1.5,109488260038.21582,956416.0,40228618.24,3825664.0,512,320,13,4
l,1.5,44391658193.47106,1377239.04,50914344.95999999,5508956.16,576,384,13,4
xl,1.5,88783316386.94212,1377239.04,50914344.95999999,5508956.16,576,384,13,4
l,1.5,38661060402.58557,1377239.04,62857216.0,5508956.16,640,384,13,4
xl,1.5,77322120805.17114,1377239.04,62857216.0,5508956.16,640,384,13,4
l,1.5,36700699376.89508,1874575.3599999999,62857216.0,7498301.4399999995,640,448,13,4
xl,1.5,73401398753.79016,1874575.3599999999,62857216.0,7498301.4399999995,640,448,13,4
l,1.5,32422998136.353687,1874575.3599999999,76057231.36,7498301.4399999995,704,448,13,4
xl,1.5,64845996272.707375,1874575.3599999999,76057231.36,7498301.4399999995,704,448,13,4
xl,1.5,57648556234.06174,1874575.3599999999,90514391.03999999,7498301.4399999995,768,448,13,4
xl,1.5,55127525260.508156,2448424.96,90514391.03999999,9793699.84,768,512,13,4
xl,1.5,49522121697.46327,2448424.96,106228695.03999999,9793699.84,832,512,13,4
xl,1.5,47418697453.360435,3098787.84,106228695.03999999,12395151.36,832,576,13,4
xl,1.5,42974032019.18752,3098787.84,123200143.36,12395151.36,896,576,13,4
s,1.5,21256767341.65023,344309.76,16944128.0,1377239.04,320,192,14,4
m,1.5,42513534683.30046,344309.76,16944128.0,1377239.04,320,192,14,4
l,1.5,106283836708.25116,344309.76,16944128.0,1377239.04,320,192,14,4
s,1.5,15785804305.571306,612106.24,24399544.32,2448424.96,384,256,14,4
m,1.5,31571608611.142612,612106.24,24399544.32,2448424.96,384,256,14,4
l,1.5,78929021527.85654,612106.24,24399544.32,2448424.96,384,256,14,4
xl,1.5,157858043055.71307,612106.24,24399544.32,2448424.96,384,256,14,4
s,1.5,12187053963.955408,956416.0,33210490.88,3825664.0,448,320,14,4
m,1.5,24374107927.910816,956416.0,33210490.88,3825664.0,448,320,14,4
l,1.5,60935269819.77704,956416.0,33210490.88,3825664.0,448,320,14,4
xl,1.5,121870539639.55408,956416.0,33210490.88,3825664.0,448,320,14,4
s,1.5,10279704894.294434,956416.0,43376967.68,3825664.0,512,320,14,4
m,1.5,20559409788.588867,956416.0,43376967.68,3825664.0,512,320,14,4
l,1.5,51398524471.47217,956416.0,43376967.68,3825664.0,512,320,14,4
xl,1.5,102797048942.94434,956416.0,43376967.68,3825664.0,512,320,14,4
l,1.5,41748525840.181274,1377239.04,54898974.72,5508956.16,576,384,14,4
xl,1.5,83497051680.36255,1377239.04,54898974.72,5508956.16,576,384,14,4
l,1.5,36299146455.26381,1377239.04,67776512.0,5508956.16,640,384,14,4
xl,1.5,72598292910.52762,1377239.04,67776512.0,5508956.16,640,384,14,4
l,1.5,34565626659.29482,1874575.3599999999,67776512.0,7498301.4399999995,640,448,14,4
xl,1.5,69131253318.58965,1874575.3599999999,67776512.0,7498301.4399999995,640,448,14,4
l,1.5,30486065677.744366,1874575.3599999999,82009579.52,7498301.4399999995,704,448,14,4
xl,1.5,60972131355.48873,1874575.3599999999,82009579.52,7498301.4399999995,704,448,14,4
l,1.5,29079563190.279427,2448424.96,82009579.52,9793699.84,704,512,14,4
xl,1.5,58159126380.55885,2448424.96,82009579.52,9793699.84,704,512,14,4
xl,1.5,51900480329.06358,2448424.96,97598177.28,9793699.84,768,512,14,4
xl,1.5,46557485804.84163,2448424.96,114542305.28,9793699.84,832,512,14,4
xl,1.5,44693626496.759415,3098787.84,114542305.28,12395151.36,832,576,14,4
s,1.5,26221445265.64883,344309.76,11631329.28,1377239.04,256,192,15,4
m,1.5,52442890531.29766,344309.76,11631329.28,1377239.04,256,192,15,4
s,1.5,14877291150.444502,612106.24,26170490.88,2448424.96,384,256,15,4
m,1.5,29754582300.889004,612106.24,26170490.88,2448424.96,384,256,15,4
l,1.5,74386455752.2225,612106.24,26170490.88,2448424.96,384,256,15,4
xl,1.5,148772911504.445,612106.24,26170490.88,2448424.96,384,256,15,4
s,1.5,11505908808.842783,956416.0,35620945.92,3825664.0,448,320,15,4
m,1.5,23011817617.685566,956416.0,35620945.92,3825664.0,448,320,15,4
l,1.5,57529544044.21391,956416.0,35620945.92,3825664.0,448,320,15,4
xl,1.5,115059088088.42783,956416.0,35620945.92,3825664.0,448,320,15,4
s,1.5,9687658121.955868,956416.0,46525317.12,3825664.0,512,320,15,4
m,1.5,19375316243.911736,956416.0,46525317.12,3825664.0,512,320,15,4
l,1.5,48438290609.779335,956416.0,46525317.12,3825664.0,512,320,15,4
xl,1.5,96876581219.55867,956416.0,46525317.12,3825664.0,512,320,15,4
l,1.5,45826323250.11489,1377239.04,46525317.12,5508956.16,512,384,15,4
xl,1.5,91652646500.22978,1377239.04,46525317.12,5508956.16,512,384,15,4
l,1.5,39402456514.31419,1377239.04,58883604.480000004,5508956.16,576,384,15,4
xl,1.5,78804913028.62839,1377239.04,58883604.480000004,5508956.16,576,384,15,4
l,1.5,32665313559.62357,1874575.3599999999,72695808.0,7498301.4399999995,640,448,15,4
xl,1.5,65330627119.24714,1874575.3599999999,72695808.0,7498301.4399999995,640,448,15,4
l,1.5,28767510023.88928,1874575.3599999999,87961927.68,7498301.4399999995,704,448,15,4
xl,1.5,57535020047.77856,1874575.3599999999,87961927.68,7498301.4399999995,704,448,15,4
xl,1.5,55023693114.21708,2448424.96,87961927.68,9793699.84,704,512,15,4
xl,1.5,49030350681.385376,2448424.96,104681963.52,9793699.84,768,512,15,4
xl,1.5,46967624382.368225,3098787.84,104681963.52,12395151.36,768,576,15,4
xl,1.5,42264744356.99391,3098787.84,122855915.52,12395151.36,832,576,15,4
s,1.5,24800254066.500385,344309.76,12418416.64,1377239.04,256,192,16,4
m,1.5,49600508133.00077,344309.76,12418416.64,1377239.04,256,192,16,4
s,1.5,14067661481.268124,612106.24,27941437.44,2448424.96,384,256,16,4
m,1.5,28135322962.536247,612106.24,27941437.44,2448424.96,384,256,16,4
l,1.5,70338307406.34062,612106.24,27941437.44,2448424.96,384,256,16,4
xl,1.5,140676614812.68124,612106.24,27941437.44,2448424.96,384,256,16,4
s,1.5,10896873060.810177,956416.0,38031400.96,3825664.0,448,320,16,4
m,1.5,21793746121.620354,956416.0,38031400.96,3825664.0,448,320,16,4
l,1.5,54484365304.05089,956416.0,38031400.96,3825664.0,448,320,16,4
xl,1.5,108968730608.10178,956416.0,38031400.96,3825664.0,448,320,16,4
l,1.5,43458360439.82654,1377239.04,49673666.56,5508956.16,512,384,16,4
xl,1.5,86916720879.65308,1377239.04,49673666.56,5508956.16,512,384,16,4
l,1.5,37306034169.49085,1377239.04,62868234.239999995,5508956.16,576,384,16,4
xl,1.5,74612068338.9817,1377239.04,62868234.239999995,5508956.16,576,384,16,4
l,1.5,35477432052.78203,1874575.3599999999,62868234.239999995,7498301.4399999995,576,448,16,4
xl,1.5,70954864105.56406,1874575.3599999999,62868234.239999995,7498301.4399999995,576,448,16,4
l,1.5,30963058793.217087,1874575.3599999999,77615104.0,7498301.4399999995,640,448,16,4
xl,1.5,61926117586.43417,1874575.3599999999,77615104.0,7498301.4399999995,640,448,16,4
xl,1.5,52209036960.92441,2448424.96,93914275.84,9793699.84,704,512,16,4
xl,1.5,46461026308.579185,2448424.96,111765749.76,9793699.84,768,512,16,4
xl,1.5,44604728256.491005,3098787.84,111765749.76,12395151.36,768,576,16,4
s,1.5,35841009693.88635,153026.56,7428096.0,612106.24,192,128,17,4
m,1.5,71682019387.7727,153026.56,7428096.0,612106.24,192,128,17,4
s,1.5,23525198030.870728,344309.76,13205504.0,1377239.04,256,192,17,4
m,1.5,47050396061.741455,344309.76,13205504.0,1377239.04,256,192,17,4
s,1.5,16719220694.65279,612106.24,20633600.0,2448424.96,320,256,17,4
m,1.5,33438441389.30558,612106.24,20633600.0,2448424.96,320,256,17,4
l,1.5,83596103473.26396,612106.24,20633600.0,2448424.96,320,256,17,4
s,1.5,13341604644.35731,612106.24,29712384.0,2448424.96,384,256,17,4
m,1.5,26683209288.71462,612106.24,29712384.0,2448424.96,384,256,17,4
l,1.5,66708023221.786545,612106.24,29712384.0,2448424.96,384,256,17,4
xl,1.5,133416046443.57309,612106.24,29712384.0,2448424.96,384,256,17,4
s,1.5,10349071471.341434,956416.0,40441856.0,3825664.0,448,320,17,4
m,1.5,20698142942.68287,956416.0,40441856.0,3825664.0,448,320,17,4
l,1.5,51745357356.70718,956416.0,40441856.0,3825664.0,448,320,17,4
xl,1.5,103490714713.41435,956416.0,40441856.0,3825664.0,448,320,17,4
l,1.5,41323091101.28632,1377239.04,52822016.0,5508956.16,512,384,17,4
xl,1.5,82646182202.57265,1377239.04,52822016.0,5508956.16,512,384,17,4
l,1.5,35421424132.31045,1377239.04,66852864.0,5508956.16,576,384,17,4
xl,1.5,70842848264.6209,1377239.04,66852864.0,5508956.16,576,384,17,4
l,1.5,33768816276.19166,1874575.3599999999,66852864.0,7498301.4399999995,576,448,17,4
xl,1.5,67537632552.38332,1874575.3599999999,66852864.0,7498301.4399999995,576,448,17,4
l,1.5,29429432180.77202,1874575.3599999999,82534400.0,7498301.4399999995,640,448,17,4
xl,1.5,58858864361.54404,1874575.3599999999,82534400.0,7498301.4399999995,640,448,17,4
l,1.5,28116638363.043285,2448424.96,82534400.0,9793699.84,640,512,17,4
xl,1.5,56233276726.08657,2448424.96,82534400.0,9793699.84,640,512,17,4
xl,1.5,49668326705.521286,2448424.96,99866624.0,9793699.84,704,512,17,4
xl,1.5,44147572839.059235,2448424.96,118849536.0,9793699.84,768,512,17,4
xl,1.5,42468194149.265205,3098787.84,118849536.0,12395151.36,768,576,17,4
s,1.5,22374839871.32598,344309.76,13992591.36,1377239.04,256,192,18,4
m,1.5,44749679742.65196,344309.76,13992591.36,1377239.04,256,192,18,4
l,1.5,111874199356.62991,344309.76,13992591.36,1377239.04,256,192,18,4
s,1.5,15926313102.855547,612106.24,21863424.0,2448424.96,320,256,18,4
m,1.5,31852626205.711094,612106.24,21863424.0,2448424.96,320,256,18,4
l,1.5,79631565514.27774,612106.24,21863424.0,2448424.96,320,256,18,4
s,1.5,9853711142.213312,956416.0,42852311.04,3825664.0,448,320,18,4
m,1.5,19707422284.426624,956416.0,42852311.04,3825664.0,448,320,18,4
l,1.5,49268555711.06656,956416.0,42852311.04,3825664.0,448,320,18,4
xl,1.5,98537111422.13312,956416.0,42852311.04,3825664.0,448,320,18,4
l,1.5,39387822141.46454,1377239.04,55970365.44,5508956.16,512,384,18,4
xl,1.5,78775644282.92908,1377239.04,55970365.44,5508956.16,512,384,18,4
l,1.5,32217214651.006104,1874575.3599999999,70837493.76,7498301.4399999995,576,448,18,4
xl,1.5,64434429302.01221,1874575.3599999999,70837493.76,7498301.4399999995,576,448,18,4
l,1.5,28040559444.42472,1874575.3599999999,87453696.0,7498301.4399999995,640,448,18,4
xl,1.5,56081118888.84944,1874575.3599999999,87453696.0,7498301.4399999995,640,448,18,4
xl,1.5,53692475342.35353,2448424.96,87453696.0,9793699.84,640,512,18,4
xl,1.5,47363424133.60976,2448424.96,105818972.16,9793699.84,704,512,18,4
xl,1.5,45435813078.39681,3098787.84,105818972.16,12395151.36,704,576,18,4
xl,1.5,40526981167.764175,3098787.84,125933322.24,12395151.36,768,576,18,4
s,1.5,21331739817.100517,344309.76,14779678.72,1377239.04,256,192,19,4
m,1.5,42663479634.201035,344309.76,14779678.72,1377239.04,256,192,19,4
l,1.5,106658699085.5026,344309.76,14779678.72,1377239.04,256,192,19,4
s,1.5,15205207573.153734,612106.24,23093248.0,2448424.96,320,256,19,4
m,1.5,30410415146.30747,612106.24,23093248.0,2448424.96,320,256,19,4
l,1.5,76026037865.76866,612106.24,23093248.0,2448424.96,320,256,19,4
xl,1.5,152052075731.53732,612106.24,23093248.0,2448424.96,320,256,19,4
s,1.5,11422132134.353281,956416.0,33254277.12,3825664.0,384,320,19,4
m,1.5,22844264268.706562,956416.0,33254277.12,3825664.0,384,320,19,4
l,1.5,57110660671.7664,956416.0,33254277.12,3825664.0,384,320,19,4
xl,1.5,114221321343.5328,956416.0,33254277.12,3825664.0,384,320,19,4
s,1.5,9403605760.495274,956416.0,45262766.08,3825664.0,448,320,19,4
m,1.5,18807211520.990547,956416.0,45262766.08,3825664.0,448,320,19,4
l,1.5,47018028802.47637,956416.0,45262766.08,3825664.0,448,320,19,4
xl,1.5,94036057604.95274,956416.0,45262766.08,3825664.0,448,320,19,4
l,1.5,37625711341.29511,1377239.04,59118714.88,5508956.16,512,384,19,4
xl,1.5,75251422682.59023,1377239.04,59118714.88,5508956.16,512,384,19,4
l,1.5,30801934606.725983,1874575.3599999999,74822123.52,7498301.4399999995,576,448,19,4
xl,1.5,61603869213.451965,1874575.3599999999,74822123.52,7498301.4399999995,576,448,19,4
xl,1.5,53553740019.74241,1874575.3599999999,92372992.0,7498301.4399999995,640,448,19,4
xl,1.5,51371351604.16893,2448424.96,92372992.0,9793699.84,640,512,19,4
xl,1.5,45262956752.73208,2448424.96,111771320.32,9793699.84,704,512,19,4
xl,1.5,43499342402.21468,3098787.84,111771320.32,12395151.36,704,576,19,4
s,1.5,20381564699.44789,344309.76,15391784.96,1377239.04,256,192,20,4
m,1.5,40763129398.89578,344309.76,15391784.96,1377239.04,256,192,20,4
l,1.5,101907823497.23947,344309.76,15391784.96,1377239.04,256,192,20,4
s,1.5,14546573372.664438,612106.24,24049664.0,2448424.96,320,256,20,4
m,1.5,29093146745.328876,612106.24,24049664.0,2448424.96,320,256,20,4
l,1.5,72732866863.32219,612106.24,24049664.0,2448424.96,320,256,20,4
xl,1.5,145465733726.64438,612106.24,24049664.0,2448424.96,320,256,20,4
s,1.5,10938787385.887445,956416.0,34631516.160000004,3825664.0,384,320,20,4
m,1.5,21877574771.77489,956416.0,34631516.160000004,3825664.0,384,320,20,4
l,1.5,54693936929.437225,956416.0,34631516.160000004,3825664.0,384,320,20,4
xl,1.5,109387873858.87445,956416.0,34631516.160000004,3825664.0,384,320,20,4
s,1.5,8992824574.013296,956416.0,47137341.44,3825664.0,448,320,20,4
m,1.5,17985649148.026592,956416.0,47137341.44,3825664.0,448,320,20,4
l,1.5,44964122870.06648,956416.0,47137341.44,3825664.0,448,320,20,4
xl,1.5,89928245740.13297,956416.0,47137341.44,3825664.0,448,320,20,4
l,1.5,42704659464.82478,1377239.04,47137341.44,5508956.16,448,384,20,4
xl,1.5,85409318929.64957,1377239.04,47137341.44,5508956.16,448,384,20,4
l,1.5,36014513762.611496,1377239.04,61567139.84,5508956.16,512,384,20,4
xl,1.5,72029027525.22299,1377239.04,61567139.84,5508956.16,512,384,20,4
l,1.5,29505766607.025677,1874575.3599999999,77920911.35999998,7498301.4399999995,576,448,20,4
xl,1.5,59011533214.05135,1874575.3599999999,77920911.35999998,7498301.4399999995,576,448,20,4
xl,1.5,49242595865.92758,2448424.96,96198656.0,9793699.84,640,512,20,4
xl,1.5,43340880642.05354,2448424.96,116400373.75999999,9793699.84,704,512,20,4
xl,1.5,41721188715.73651,3098787.84,116400373.75999999,12395151.36,704,576,20,4
s,1.5,34153384697.692387,153026.56,9270067.2,765132.8,256,128,12,5
m,1.5,68306769395.38477,153026.56,9270067.2,765132.8,256,128,12,5
s,1.5,23719692949.827164,344309.76,14484480.0,1721548.8,320,192,12,5
m,1.5,47439385899.65433,344309.76,14484480.0,1721548.8,320,192,12,5
l,1.5,118598464749.13583,344309.76,14484480.0,1721548.8,320,192,12,5
s,1.5,18922333563.45313,344309.76,20857651.2,1721548.8,384,192,12,5
m,1.5,37844667126.90626,344309.76,20857651.2,1721548.8,384,192,12,5
l,1.5,94611667817.26564,344309.76,20857651.2,1721548.8,384,192,12,5
s,1.5,14426310902.48342,612106.24,28389580.8,3060531.2,448,256,12,5
m,1.5,28852621804.96684,612106.24,28389580.8,3060531.2,448,256,12,5
l,1.5,72131554512.4171,612106.24,28389580.8,3060531.2,448,256,12,5
xl,1.5,144263109024.8342,612106.24,28389580.8,3060531.2,448,256,12,5
s,1.5,12140696759.287893,612106.24,37080268.8,3060531.2,512,256,12,5
m,1.5,24281393518.575787,612106.24,37080268.8,3060531.2,512,256,12,5
l,1.5,60703483796.43947,612106.24,37080268.8,3060531.2,512,256,12,5
xl,1.5,121406967592.87894,612106.24,37080268.8,3060531.2,512,256,12,5
l,1.5,48814500262.795395,956416.0,46929715.2,4782080.0,576,320,12,5
xl,1.5,97629000525.59079,956416.0,46929715.2,4782080.0,576,320,12,5
l,1.5,42430540865.15941,956416.0,57937920.0,4782080.0,640,320,12,5
xl,1.5,84861081730.31882,956416.0,57937920.0,4782080.0,640,320,12,5
l,1.5,40032110543.699036,1377239.04,57937920.0,6886195.2,640,384,12,5
xl,1.5,80064221087.39807,1377239.04,57937920.0,6886195.2,640,384,12,5
l,1.5,35337828555.411644,1377239.04,70104883.2,6886195.2,704,384,12,5
xl,1.5,70675657110.82329,1377239.04,70104883.2,6886195.2,704,384,12,5
l,1.5,31394461236.646893,1377239.04,83430604.8,6886195.2,768,384,12,5
xl,1.5,62788922473.293785,1377239.04,83430604.8,6886195.2,768,384,12,5
l,1.5,29841235156.1675,1874575.3599999999,83430604.8,9372876.799999999,768,448,12,5
xl,1.5,59682470312.335,1874575.3599999999,83430604.8,9372876.799999999,768,448,12,5
xl,1.5,53617478448.33014,1874575.3599999999,97915084.8,9372876.799999999,832,448,12,5
xl,1.5,48393355764.76613,1874575.3599999999,113558323.2,9372876.799999999,896,448,12,5
xl,1.5,46262220983.588875,2448424.96,113558323.2,12242124.8,896,512,12,5
s,1.5,22154855578.69319,344309.76,15714304.0,1721548.8,320,192,13,5
m,1.5,44309711157.38638,344309.76,15714304.0,1721548.8,320,192,13,5
l,1.5,110774277893.46596,344309.76,15714304.0,1721548.8,320,192,13,5
s,1.5,13481563890.466763,612106.24,30800035.84,3060531.2,448,256,13,5
m,1.5,26963127780.933525,612106.24,30800035.84,3060531.2,448,256,13,5
l,1.5,67407819452.33381,612106.24,30800035.84,3060531.2,448,256,13,5
xl,1.5,134815638904.66762,612106.24,30800035.84,3060531.2,448,256,13,5
s,1.5,10622115055.19357,956416.0,40228618.24,4782080.0,512,320,13,5
m,1.5,21244230110.38714,956416.0,40228618.24,4782080.0,512,320,13,5
l,1.5,53110575275.96784,956416.0,40228618.24,4782080.0,512,320,13,5
xl,1.5,106221150551.93568,956416.0,40228618.24,4782080.0,512,320,13,5
l,1.5,45637295906.94589,956416.0,50914344.95999999,4782080.0,576,320,13,5
xl,1.5,91274591813.89178,956416.0,50914344.95999999,4782080.0,576,320,13,5
l,1.5,37505178328.72029,1377239.04,62857216.0,6886195.2,640,384,13,5
xl,1.5,75010356657.44058,1377239.04,62857216.0,6886195.2,640,384,13,5
l,1.5,33049271840.98617,1377239.04,76057231.36,6886195.2,704,384,13,5
xl,1.5,66098543681.97234,1377239.04,76057231.36,6886195.2,704,384,13,5
xl,1.5,55918327419.51838,1874575.3599999999,90514391.03999999,9372876.799999999,768,448,13,5
xl,1.5,50159351876.985825,1874575.3599999999,106228695.03999999,9372876.799999999,832,448,13,5
xl,1.5,47873511500.24014,2448424.96,106228695.03999999,12242124.8,832,512,13,5
xl,1.5,43347244851.028885,2448424.96,123200143.36,12242124.8,896,512,13,5
s,1.5,20783711028.190147,344309.76,16944128.0,1721548.8,320,192,14,5
m,1.5,41567422056.380295,344309.76,16944128.0,1721548.8,320,192,14,5
l,1.5,103918555140.95073,344309.76,16944128.0,1721548.8,320,192,14,5
s,1.5,12652950238.491219,612106.24,33210490.88,3060531.2,448,256,14,5
m,1.5,25305900476.982437,612106.24,33210490.88,3060531.2,448,256,14,5
l,1.5,63264751192.45609,612106.24,33210490.88,3060531.2,448,256,14,5
xl,1.5,126529502384.91219,612106.24,33210490.88,3060531.2,448,256,14,5
s,1.5,9991180469.278463,956416.0,43376967.68,4782080.0,512,320,14,5
m,1.5,19982360938.556927,956416.0,43376967.68,4782080.0,512,320,14,5
l,1.5,49955902346.39232,956416.0,43376967.68,4782080.0,512,320,14,5
xl,1.5,99911804692.78464,956416.0,43376967.68,4782080.0,512,320,14,5
l,1.5,42848408402.51997,956416.0,54898974.72,4782080.0,576,320,14,5
xl,1.5,85696816805.03995,956416.0,54898974.72,4782080.0,576,320,14,5
l,1.5,35278317889.647835,1377239.04,67776512.0,6886195.2,640,384,14,5
xl,1.5,70556635779.29567,1377239.04,67776512.0,6886195.2,640,384,14,5
l,1.5,31039109758.284233,1377239.04,82009579.52,6886195.2,704,384,14,5
xl,1.5,62078219516.56847,1377239.04,82009579.52,6886195.2,704,384,14,5
l,1.5,29519995671.943542,1874575.3599999999,82009579.52,9372876.799999999,704,448,14,5
xl,1.5,59039991343.887085,1874575.3599999999,82009579.52,9372876.799999999,704,448,14,5
xl,1.5,52600820556.6417,1874575.3599999999,97598177.28,9372876.799999999,768,448,14,5
xl,1.5,47120270752.8571,1874575.3599999999,114542305.28,9372876.799999999,832,448,14,5
xl,1.5,45097445265.88481,2448424.96,114542305.28,12242124.8,832,512,14,5
s,1.5,19572392637.252953,344309.76,18173952.0,1721548.8,320,192,15,5
m,1.5,39144785274.505905,344309.76,18173952.0,1721548.8,320,192,15,5
l,1.5,97861963186.26476,344309.76,18173952.0,1721548.8,320,192,15,5
s,1.5,14481406781.96579,612106.24,26170490.88,3060531.2,384,256,15,5
m,1.5,28962813563.93158,612106.24,26170490.88,3060531.2,384,256,15,5
l,1.5,72407033909.82895,612106.24,26170490.88,3060531.2,384,256,15,5
xl,1.5,144814067819.6579,612106.24,26170490.88,3060531.2,384,256,15,5
s,1.5,11920296344.13628,612106.24,35620945.92,3060531.2,448,256,15,5
m,1.5,23840592688.27256,612106.24,35620945.92,3060531.2,448,256,15,5
l,1.5,59601481720.6814,612106.24,35620945.92,3060531.2,448,256,15,5
xl,1.5,119202963441.3628,612106.24,35620945.92,3060531.2,448,256,15,5
s,1.5,9430996162.47485,956416.0,46525317.12,4782080.0,512,320,15,5
m,1.5,18861992324.9497,956416.0,46525317.12,4782080.0,512,320,15,5
l,1.5,47154980812.37425,956416.0,46525317.12,4782080.0,512,320,15,5
xl,1.5,94309961624.7485,956416.0,46525317.12,4782080.0,512,320,15,5
l,1.5,40380747679.32812,956416.0,58883604.480000004,4782080.0,576,320,15,5
xl,1.5,80761495358.65623,956416.0,58883604.480000004,4782080.0,576,320,15,5
l,1.5,38202505071.141106,1377239.04,58883604.480000004,6886195.2,576,384,15,5
xl,1.5,76405010142.28221,1377239.04,58883604.480000004,6886195.2,576,384,15,5
l,1.5,33301075017.09832,1377239.04,72695808.0,6886195.2,640,384,15,5
xl,1.5,66602150034.19664,1377239.04,72695808.0,6886195.2,640,384,15,5
xl,1.5,55811497857.22783,1874575.3599999999,87961927.68,9372876.799999999,704,448,15,5
xl,1.5,49654908081.47183,1874575.3599999999,104681963.52,9372876.799999999,768,448,15,5
xl,1.5,47413785988.11046,2448424.96,104681963.52,12242124.8,768,512,15,5
xl,1.5,42625687342.95946,2448424.96,122855915.52,12242124.8,832,512,15,5
s,1.5,18494494765.751526,344309.76,19403776.0,1721548.8,320,192,16,5
m,1.5,36988989531.50305,344309.76,19403776.0,1721548.8,320,192,16,5
l,1.5,92472473828.75763,344309.76,19403776.0,1721548.8,320,192,16,5
s,1.5,13713179783.165884,612106.24,27941437.44,3060531.2,384,256,16,5
m,1.5,27426359566.331768,612106.24,27941437.44,3060531.2,384,256,16,5
l,1.5,68565898915.82942,612106.24,27941437.44,3060531.2,384,256,16,5
xl,1.5,137131797831.65884,612106.24,27941437.44,3060531.2,384,256,16,5
s,1.5,11267845352.610334,612106.24,38031400.96,3060531.2,448,256,16,5
m,1.5,22535690705.22067,612106.24,38031400.96,3060531.2,448,256,16,5
l,1.5,56339226763.051674,612106.24,38031400.96,3060531.2,448,256,16,5
xl,1.5,112678453526.10335,612106.24,38031400.96,3060531.2,448,256,16,5
l,1.5,44651467883.41984,956416.0,49673666.56,4782080.0,512,320,16,5
xl,1.5,89302935766.83968,956416.0,49673666.56,4782080.0,512,320,16,5
l,1.5,36228627891.902405,1377239.04,62868234.239999995,6886195.2,576,384,16,5
xl,1.5,72457255783.80481,1377239.04,62868234.239999995,6886195.2,576,384,16,5
l,1.5,31533706383.420227,1377239.04,77615104.0,6886195.2,640,384,16,5
xl,1.5,63067412766.840454,1377239.04,77615104.0,6886195.2,640,384,16,5
xl,1.5,52917786068.91933,1874575.3599999999,93914275.84,9372876.799999999,704,448,16,5
xl,1.5,47021467639.76578,1874575.3599999999,111765749.76,9372876.799999999,768,448,16,5
xl,1.5,45006934956.58249,2448424.96,111765749.76,12242124.8,768,512,16,5
s,1.5,35198975924.93673,153026.56,7428096.0,765132.8,192,128,17,5
m,1.5,70397951849.87346,153026.56,7428096.0,765132.8,192,128,17,5
s,1.5,17529124494.85647,344309.76,20633600.0,1721548.8,320,192,17,5
m,1.5,35058248989.71294,344309.76,20633600.0,1721548.8,320,192,17,5
l,1.5,87645622474.28235,344309.76,20633600.0,1721548.8,320,192,17,5
s,1.5,13022354344.320751,612106.24,29712384.0,3060531.2,384,256,17,5
m,1.5,26044708688.641502,612106.24,29712384.0,3060531.2,384,256,17,5
l,1.5,65111771721.60376,612106.24,29712384.0,3060531.2,384,256,17,5
xl,1.5,130223543443.20752,612106.24,29712384.0,3060531.2,384,256,17,5
s,1.5,10056695406.789354,956416.0,40441856.0,4782080.0,448,320,17,5
m,1.5,20113390813.57871,956416.0,40441856.0,4782080.0,448,320,17,5
l,1.5,50283477033.94677,956416.0,40441856.0,4782080.0,448,320,17,5
xl,1.5,100566954067.89354,956416.0,40441856.0,4782080.0,448,320,17,5
l,1.5,42400382143.1792,956416.0,52822016.0,4782080.0,512,320,17,5
xl,1.5,84800764286.3584,956416.0,52822016.0,4782080.0,512,320,17,5
l,1.5,34448705016.1865,1377239.04,66852864.0,6886195.2,576,384,17,5
xl,1.5,68897410032.373,1377239.04,66852864.0,6886195.2,576,384,17,5
l,1.5,29944480261.350033,1377239.04,82534400.0,6886195.2,640,384,17,5
xl,1.5,59888960522.700066,1377239.04,82534400.0,6886195.2,640,384,17,5
l,1.5,28528178896.93437,1874575.3599999999,82534400.0,9372876.799999999,640,448,17,5
xl,1.5,57056357793.86874,1874575.3599999999,82534400.0,9372876.799999999,640,448,17,5
xl,1.5,50309349402.33701,1874575.3599999999,99866624.0,9372876.799999999,704,448,17,5
xl,1.5,42832635423.169,2448424.96,118849536.0,12242124.8,768,512,17,5
s,1.5,33443225453.443054,153026.56,7870832.64,765132.8,192,128,18,5
m,1.5,66886450906.88611,153026.56,7870832.64,765132.8,192,128,18,5
s,1.5,12397793778.280064,612106.24,31483330.56,3060531.2,384,256,18,5
m,1.5,24795587556.560127,612106.24,31483330.56,3060531.2,384,256,18,5
l,1.5,61988968891.400314,612106.24,31483330.56,3060531.2,384,256,18,5
xl,1.5,123977937782.80063,612106.24,31483330.56,3060531.2,384,256,18,5
s,1.5,9588295585.681261,956416.0,42852311.04,4782080.0,448,320,18,5
m,1.5,19176591171.362522,956416.0,42852311.04,4782080.0,448,320,18,5
l,1.5,47941477928.4063,956416.0,42852311.04,4782080.0,448,320,18,5
xl,1.5,95882955856.8126,956416.0,42852311.04,4782080.0,448,320,18,5
l,1.5,40365377737.42233,956416.0,55970365.44,4782080.0,512,320,18,5
xl,1.5,80730755474.84467,956416.0,55970365.44,4782080.0,512,320,18,5
l,1.5,32835488072.662895,1377239.04,70837493.76,6886195.2,576,384,18,5
xl,1.5,65670976145.32579,1377239.04,70837493.76,6886195.2,576,384,18,5
xl,1.5,54442361887.14947,1874575.3599999999,87453696.0,9372876.799999999,640,448,18,5
xl,1.5,47945983922.565475,1874575.3599999999,105818972.16,9372876.799999999,704,448,18,5
xl,1.5,45853217538.32249,2448424.96,105818972.16,12242124.8,704,512,18,5
xl,1.5,40858736685.20331,2448424.96,125933322.24,12242124.8,768,512,18,5
s,1.5,31854309377.37048,153026.56,8313569.28,765132.8,192,128,19,5
m,1.5,63708618754.74096,153026.56,8313569.28,765132.8,192,128,19,5
s,1.5,20855378076.24178,344309.76,14779678.72,1721548.8,256,192,19,5
m,1.5,41710756152.48356,344309.76,14779678.72,1721548.8,256,192,19,5
l,1.5,104276890381.2089,344309.76,14779678.72,1721548.8,256,192,19,5
s,1.5,11830400110.870346,612106.24,33254277.12,3060531.2,384,256,19,5
m,1.5,23660800221.740692,612106.24,33254277.12,3060531.2,384,256,19,5
l,1.5,59152000554.35173,612106.24,33254277.12,3060531.2,384,256,19,5
xl,1.5,118304001108.70346,612106.24,33254277.12,3060531.2,384,256,19,5
s,1.5,9161586335.255636,956416.0,45262766.08,4782080.0,448,320,19,5
m,1.5,18323172670.511272,956416.0,45262766.08,4782080.0,448,320,19,5
l,1.5,45807931676.27818,956416.0,45262766.08,4782080.0,448,320,19,5
xl,1.5,91615863352.55637,956416.0,45262766.08,4782080.0,448,320,19,5
l,1.5,38516767399.50939,956416.0,59118714.88,4782080.0,512,320,19,5
xl,1.5,77033534799.01878,956416.0,59118714.88,4782080.0,512,320,19,5
l,1.5,36530032414.727005,1377239.04,59118714.88,6886195.2,512,384,19,5
xl,1.5,73060064829.45401,1377239.04,59118714.88,6886195.2,512,384,19,5
l,1.5,31366604473.866676,1377239.04,74822123.52,6886195.2,576,384,19,5
xl,1.5,62733208947.73335,1377239.04,74822123.52,6886195.2,576,384,19,5
xl,1.5,52057390218.40459,1874575.3599999999,92372992.0,9372876.799999999,640,448,19,5
xl,1.5,45794701650.012276,1874575.3599999999,111771320.32,9372876.799999999,704,448,19,5
xl,1.5,43881775834.64789,2448424.96,111771320.32,12242124.8,704,512,19,5
s,1.5,30409526898.99273,153026.56,8657879.040000001,765132.8,192,128,20,5
m,1.5,60819053797.98546,153026.56,8657879.040000001,765132.8,192,128,20,5
s,1.5,19946261794.742702,344309.76,15391784.96,1721548.8,256,192,20,5
m,1.5,39892523589.485405,344309.76,15391784.96,1721548.8,256,192,20,5
l,1.5,99731308973.71352,344309.76,15391784.96,1721548.8,256,192,20,5
s,1.5,11312667981.35435,612106.24,34631516.160000004,3060531.2,384,256,20,5
m,1.5,22625335962.7087,612106.24,34631516.160000004,3060531.2,384,256,20,5
l,1.5,56563339906.77174,612106.24,34631516.160000004,3060531.2,384,256,20,5
xl,1.5,113126679813.54349,612106.24,34631516.160000004,3060531.2,384,256,20,5
l,1.5,43856193216.31124,956416.0,47137341.44,4782080.0,448,320,20,5
xl,1.5,87712386432.62248,956416.0,47137341.44,4782080.0,448,320,20,5
l,1.5,35009410043.489075,1377239.04,61567139.84,6886195.2,512,384,20,5
xl,1.5,70018820086.97815,1377239.04,61567139.84,6886195.2,512,384,20,5
l,1.5,30023513531.90595,1377239.04,77920911.35999998,6886195.2,576,384,20,5
xl,1.5,60047027063.8119,1377239.04,77920911.35999998,6886195.2,576,384,20,5
xl,1.5,49872606943.9115,1874575.3599999999,96198656.0,9372876.799999999,640,448,20,5
xl,1.5,43828180573.73577,1874575.3599999999,116400373.75999999,9372876.799999999,704,448,20,5
xl,1.5,42072868792.07023,2448424.96,116400373.75999999,12242124.8,704,512,20,5
s,1.5,29090116993.468925,153026.56,9100615.68,765132.8,192,128,21,5
m,1.5,58180233986.93785,153026.56,9100615.68,765132.8,192,128,21,5
s,1.5,19113094202.857243,344309.76,16178872.32,1721548.8,256,192,21,5
m,1.5,38226188405.714485,344309.76,16178872.32,1721548.8,256,192,21,5
l,1.5,95565471014.28622,344309.76,16178872.32,1721548.8,256,192,21,5
s,1.5,10838350767.18182,612106.24,36402462.72,3060531.2,384,256,21,5
m,1.5,21676701534.36364,612106.24,36402462.72,3060531.2,384,256,21,5
l,1.5,54191753835.9091,612106.24,36402462.72,3060531.2,384,256,21,5
xl,1.5,108383507671.8182,612106.24,36402462.72,3060531.2,384,256,21,5
l,1.5,42063973572.33474,956416.0,49547796.48,4782080.0,448,320,21,5
xl,1.5,84127947144.66948,956416.0,49547796.48,4782080.0,448,320,21,5
l,1.5,33610325146.9523,1377239.04,64715489.28,6886195.2,512,384,21,5
xl,1.5,67220650293.9046,1377239.04,64715489.28,6886195.2,512,384,21,5
l,1.5,28790719751.410336,1377239.04,81905541.12,6886195.2,576,384,21,5
xl,1.5,57581439502.82067,1377239.04,81905541.12,6886195.2,576,384,21,5
l,1.5,27479065630.026054,1874575.3599999999,81905541.12,9372876.799999999,576,448,21,5
xl,1.5,54958131260.05211,1874575.3599999999,81905541.12,9372876.799999999,576,448,21,5
xl,1.5,47863822441.19069,1874575.3599999999,101117952.0,9372876.799999999,640,448,21,5
xl,1.5,40407191949.50743,2448424.96,122352721.92,12242124.8,704,512,21,5
s,1.5,27880439255.116035,153026.56,9543352.32,765132.8,192,128,22,5
m,1.5,55760878510.23207,153026.56,9543352.32,765132.8,192,128,22,5
s,1.5,18346739801.25301,344309.76,16965959.68,1721548.8,256,192,22,5
m,1.5,36693479602.50602,344309.76,16965959.68,1721548.8,256,192,22,5
l,1.5,91733699006.26506,344309.76,16965959.68,1721548.8,256,192,22,5
s,1.5,13065442848.375957,612106.24,26509312.0,3060531.2,320,256,22,5
m,1.5,26130885696.751915,612106.24,26509312.0,3060531.2,320,256,22,5
l,1.5,65327214241.87978,612106.24,26509312.0,3060531.2,320,256,22,5
xl,1.5,130654428483.75957,612106.24,26509312.0,3060531.2,320,256,22,5
s,1.5,10402207321.098145,612106.24,38173409.28,3060531.2,384,256,22,5
m,1.5,20804414642.19629,612106.24,38173409.28,3060531.2,384,256,22,5
l,1.5,52011036605.49072,612106.24,38173409.28,3060531.2,384,256,22,5
xl,1.5,104022073210.98145,612106.24,38173409.28,3060531.2,384,256,22,5
l,1.5,40412484121.526825,956416.0,51958251.519999996,4782080.0,448,320,22,5
xl,1.5,80824968243.05365,956416.0,51958251.519999996,4782080.0,448,320,22,5
l,1.5,32318766829.16481,1377239.04,67863838.72,6886195.2,512,384,22,5
xl,1.5,64637533658.32962,1377239.04,67863838.72,6886195.2,512,384,22,5
l,1.5,27655172295.634953,1377239.04,85890170.88,6886195.2,576,384,22,5
xl,1.5,55310344591.269905,1377239.04,85890170.88,6886195.2,576,384,22,5
l,1.5,26442766234.2829,1874575.3599999999,85890170.88,9372876.799999999,576,448,22,5
xl,1.5,52885532468.5658,1874575.3599999999,85890170.88,9372876.799999999,576,448,22,5
xl,1.5,46010593439.648476,1874575.3599999999,106037248.0,9372876.799999999,640,448,22,5
xl,1.5,44079968935.27311,2448424.96,106037248.0,12242124.8,640,512,22,5
s,1.5,17639471296.261528,344309.76,17753047.04,1721548.8,256,192,23,5
m,1.5,35278942592.523056,344309.76,17753047.04,1721548.8,256,192,23,5
l,1.5,88197356481.30763,344309.76,17753047.04,1721548.8,256,192,23,5
s,1.5,12576156291.512367,612106.24,27739136.0,3060531.2,320,256,23,5
m,1.5,25152312583.024734,612106.24,27739136.0,3060531.2,320,256,23,5
l,1.5,62880781457.56184,612106.24,27739136.0,3060531.2,320,256,23,5
xl,1.5,125761562915.12367,612106.24,27739136.0,3060531.2,320,256,23,5
s,1.5,9448895541.126366,956416.0,39944355.839999996,4782080.0,384,320,23,5
m,1.5,18897791082.25273,956416.0,39944355.839999996,4782080.0,384,320,23,5
l,1.5,47244477705.63183,956416.0,39944355.839999996,4782080.0,384,320,23,5
xl,1.5,94488955411.26366,956416.0,39944355.839999996,4782080.0,384,320,23,5
l,1.5,38885774961.82876,956416.0,54368706.56,4782080.0,448,320,23,5
xl,1.5,77771549923.65752,956416.0,54368706.56,4782080.0,448,320,23,5
l,1.5,31122797787.522327,1377239.04,71012188.16,6886195.2,512,384,23,5
xl,1.5,62245595575.044655,1377239.04,71012188.16,6886195.2,512,384,23,5
xl,1.5,50963577575.43355,1874575.3599999999,89874800.63999999,9372876.799999999,576,448,23,5
xl,1.5,44295524493.610565,1874575.3599999999,110956544.0,9372876.799999999,640,448,23,5
xl,1.5,42503344388.19167,2448424.96,110956544.0,12242124.8,640,512,23,5
s,1.5,16984709196.233557,344309.76,18540134.4,1721548.8,256,192,24,5
m,1.5,33969418392.467113,344309.76,18540134.4,1721548.8,256,192,24,5
l,1.5,84923545981.16779,344309.76,18540134.4,1721548.8,256,192,24,5
s,1.5,12122193322.39613,612106.24,28968960.0,3060531.2,320,256,24,5
m,1.5,24244386644.79226,612106.24,28968960.0,3060531.2,320,256,24,5
l,1.5,60610966611.980644,612106.24,28968960.0,3060531.2,320,256,24,5
xl,1.5,121221933223.96129,612106.24,28968960.0,3060531.2,320,256,24,5
s,1.5,9115690722.635138,956416.0,41715302.4,4782080.0,384,320,24,5
m,1.5,18231381445.270275,956416.0,41715302.4,4782080.0,384,320,24,5
l,1.5,45578453613.17568,956416.0,41715302.4,4782080.0,384,320,24,5
xl,1.5,91156907226.35136,956416.0,41715302.4,4782080.0,384,320,24,5
l,1.5,37470219149.43883,956416.0,56779161.6,4782080.0,448,320,24,5
xl,1.5,74940438298.87766,956416.0,56779161.6,4782080.0,448,320,24,5
l,1.5,30012184658.854523,1377239.04,74160537.6,6886195.2,512,384,24,5
xl,1.5,60024369317.709045,1377239.04,74160537.6,6886195.2,512,384,24,5
xl,1.5,49176418520.937614,1874575.3599999999,93859430.4,9372876.799999999,576,448,24,5
xl,1.5,42703720949.98416,1874575.3599999999,115875840.0,9372876.799999999,640,448,24,5
xl,1.5,41035608602.74858,2448424.96,115875840.0,12242124.8,640,512,24,5
s,1.5,19170627021.70365,344309.76,18173952.0,2065858.56,320,192,15,6
m,1.5,38341254043.4073,344309.76,18173952.0,2065858.56,320,192,15,6
l,1.5,95853135108.51826,344309.76,18173952.0,2065858.56,320,192,15,6
s,1.5,11664792286.966105,612106.24,35620945.92,3672637.44,448,256,15,6
m,1.5,23329584573.93221,612106.24,35620945.92,3672637.44,448,256,15,6
l,1.5,58323961434.83052,612106.24,35620945.92,3672637.44,448,256,15,6
xl,1.5,116647922869.66104,612106.24,35620945.92,3672637.44,448,256,15,6
l,1.5,39484927522.8569,956416.0,58883604.480000004,5738496.0,576,320,15,6
xl,1.5,78969855045.7138,956416.0,58883604.480000004,5738496.0,576,320,15,6
l,1.5,32439909909.52236,1377239.04,72695808.0,8263434.24,640,384,15,6
xl,1.5,64879819819.04472,1377239.04,72695808.0,8263434.24,640,384,15,6
xl,1.5,57185091345.6533,1377239.04,87961927.68,8263434.24,704,384,15,6
xl,1.5,48365880490.964485,1874575.3599999999,104681963.52,11247452.16,768,448,15,6
xl,1.5,43393638836.36306,1874575.3599999999,122855915.52,11247452.16,832,448,15,6
xl,1.5,41398586202.64527,2448424.96,122855915.52,14690549.76,832,512,15,6
s,1.5,18135356973.37977,344309.76,19403776.0,2065858.56,320,192,16,6
m,1.5,36270713946.75954,344309.76,19403776.0,2065858.56,320,192,16,6
l,1.5,90676784866.89885,344309.76,19403776.0,2065858.56,320,192,16,6
s,1.5,11039277438.70242,612106.24,38031400.96,3672637.44,448,256,16,6
m,1.5,22078554877.40484,612106.24,38031400.96,3672637.44,448,256,16,6
l,1.5,55196387193.5121,612106.24,38031400.96,3672637.44,448,256,16,6
xl,1.5,110392774387.0242,612106.24,38031400.96,3672637.44,448,256,16,6
l,1.5,43558705260.67546,956416.0,49673666.56,5738496.0,512,320,16,6
xl,1.5,87117410521.35092,956416.0,49673666.56,5738496.0,512,320,16,6
l,1.5,37379954604.73051,956416.0,62868234.239999995,5738496.0,576,320,16,6
xl,1.5,74759909209.46101,956416.0,62868234.239999995,5738496.0,576,320,16,6
l,1.5,30760462640.38002,1377239.04,77615104.0,8263434.24,640,384,16,6
xl,1.5,61520925280.76004,1377239.04,77615104.0,8263434.24,640,384,16,6
xl,1.5,54151062333.64016,1377239.04,93914275.84,8263434.24,704,384,16,6
xl,1.5,51456278816.984566,1874575.3599999999,93914275.84,11247452.16,704,448,16,6
xl,1.5,45863947530.540344,1874575.3599999999,111765749.76,11247452.16,768,448,16,6
s,1.5,17206173189.79752,344309.76,20633600.0,2065858.56,320,192,17,6
m,1.5,34412346379.59504,344309.76,20633600.0,2065858.56,320,192,17,6
l,1.5,86030865948.9876,344309.76,20633600.0,2065858.56,320,192,17,6
s,1.5,10477433658.020067,612106.24,40441856.0,3672637.44,448,256,17,6
m,1.5,20954867316.040134,612106.24,40441856.0,3672637.44,448,256,17,6
l,1.5,52387168290.10034,612106.24,40441856.0,3672637.44,448,256,17,6
xl,1.5,104774336580.20068,612106.24,40441856.0,3672637.44,448,256,17,6
l,1.5,41413807253.40948,956416.0,52822016.0,5738496.0,512,320,17,6
xl,1.5,82827614506.81895,956416.0,52822016.0,5738496.0,512,320,17,6
l,1.5,35488057983.448494,956416.0,66852864.0,5738496.0,576,320,17,6
xl,1.5,70976115966.89699,956416.0,66852864.0,5738496.0,576,320,17,6
l,1.5,29246349181.945904,1377239.04,82534400.0,8263434.24,640,384,17,6
xl,1.5,58492698363.89181,1377239.04,82534400.0,8263434.24,640,384,17,6
xl,1.5,51422761203.105965,1377239.04,99866624.0,8263434.24,704,384,17,6
xl,1.5,48986572249.72786,1874575.3599999999,99866624.0,11247452.16,704,448,17,6
xl,1.5,43608129671.73893,1874575.3599999999,118849536.0,11247452.16,768,448,17,6
s,1.5,32883552280.61799,153026.56,7870832.64,918159.36,192,128,18,6
m,1.5,65767104561.23598,153026.56,7870832.64,918159.36,192,128,18,6
s,1.5,16367563969.520483,344309.76,21863424.0,2065858.56,320,192,18,6
m,1.5,32735127939.040966,344309.76,21863424.0,2065858.56,320,192,18,6
l,1.5,81837819847.60242,344309.76,21863424.0,2065858.56,320,192,18,6
s,1.5,12121647125.252668,612106.24,31483330.56,3672637.44,384,256,18,6
m,1.5,24243294250.505337,612106.24,31483330.56,3672637.44,384,256,18,6
l,1.5,60608235626.263336,612106.24,31483330.56,3672637.44,384,256,18,6
xl,1.5,121216471252.52667,612106.24,31483330.56,3672637.44,384,256,18,6
s,1.5,9970010209.290455,612106.24,42852311.04,3672637.44,448,256,18,6
m,1.5,19940020418.58091,612106.24,42852311.04,3672637.44,448,256,18,6
l,1.5,49850051046.45227,612106.24,42852311.04,3672637.44,448,256,18,6
xl,1.5,99700102092.90454,612106.24,42852311.04,3672637.44,448,256,18,6
l,1.5,39470231836.59756,956416.0,55970365.44,5738496.0,512,320,18,6
xl,1.5,78940463673.19511,956416.0,55970365.44,5738496.0,512,320,18,6
l,1.5,33778443211.06732,956416.0,70837493.76,5738496.0,576,320,18,6
xl,1.5,67556886422.13464,956416.0,70837493.76,5738496.0,576,320,18,6
l,1.5,31997931948.571785,1377239.04,70837493.76,8263434.24,576,384,18,6
xl,1.5,63995863897.14357,1377239.04,70837493.76,8263434.24,576,384,18,6
l,1.5,27874300459.41985,1377239.04,87453696.0,8263434.24,640,384,18,6
xl,1.5,55748600918.8397,1377239.04,87453696.0,8263434.24,640,384,18,6
xl,1.5,46743081208.78176,1874575.3599999999,105818972.16,11247452.16,704,448,18,6
xl,1.5,41563813850.443886,1874575.3599999999,125933322.24,11247452.16,768,448,18,6
s,1.5,31346149926.438362,153026.56,8313569.28,918159.36,192,128,19,6
m,1.5,62692299852.876724,153026.56,8313569.28,918159.36,192,128,19,6
s,1.5,15606901549.284351,344309.76,23093248.0,2065858.56,320,192,19,6
m,1.5,31213803098.568703,344309.76,23093248.0,2065858.56,320,192,19,6
l,1.5,78034507746.42175,344309.76,23093248.0,2065858.56,320,192,19,6
xl,1.5,156069015492.8435,344309.76,23093248.0,2065858.56,320,192,19,6
s,1.5,11578694573.585691,612106.24,33254277.12,3672637.44,384,256,19,6
m,1.5,23157389147.171383,612106.24,33254277.12,3672637.44,384,256,19,6
l,1.5,57893472867.92846,612106.24,33254277.12,3672637.44,384,256,19,6
xl,1.5,115786945735.85692,612106.24,33254277.12,3672637.44,384,256,19,6
s,1.5,9509465623.373253,612106.24,45262766.08,3672637.44,448,256,19,6
m,1.5,19018931246.746506,612106.24,45262766.08,3672637.44,448,256,19,6
l,1.5,47547328116.866264,612106.24,45262766.08,3672637.44,448,256,19,6
xl,1.5,95094656233.73253,612106.24,45262766.08,3672637.44,448,256,19,6
l,1.5,37700905336.556564,956416.0,59118714.88,5738496.0,512,320,19,6
xl,1.5,75401810673.11313,956416.0,59118714.88,5738496.0,512,320,19,6
l,1.5,30601434662.629105,1377239.04,74822123.52,8263434.24,576,384,19,6
xl,1.5,61202869325.25821,1377239.04,74822123.52,8263434.24,576,384,19,6
xl,1.5,53250436495.904724,1377239.04,92372992.0,8263434.24,640,384,19,6
xl,1.5,44696086298.66636,1874575.3599999999,111771320.32,11247452.16,704,448,19,6
s,1.5,29946082868.372086,153026.56,8657879.040000001,918159.36,192,128,20,6
m,1.5,59892165736.74417,153026.56,8657879.040000001,918159.36,192,128,20,6
s,1.5,14913800977.472351,344309.76,24049664.0,2065858.56,320,192,20,6
m,1.5,29827601954.944702,344309.76,24049664.0,2065858.56,320,192,20,6
l,1.5,74569004887.36176,344309.76,24049664.0,2065858.56,320,192,20,6
xl,1.5,149138009774.7235,344309.76,24049664.0,2065858.56,320,192,20,6
s,1.5,11082296588.32936,612106.24,34631516.160000004,3672637.44,384,256,20,6
m,1.5,22164593176.65872,612106.24,34631516.160000004,3672637.44,384,256,20,6
l,1.5,55411482941.6468,612106.24,34631516.160000004,3672637.44,384,256,20,6
xl,1.5,110822965883.2936,612106.24,34631516.160000004,3672637.44,384,256,20,6
l,1.5,36083399873.88909,956416.0,61567139.84,5738496.0,512,320,20,6
xl,1.5,72166799747.77818,956416.0,61567139.84,5738496.0,512,320,20,6
l,1.5,29321735580.120285,1377239.04,77920911.35999998,8263434.24,576,384,20,6
xl,1.5,58643471160.24057,1377239.04,77920911.35999998,8263434.24,576,384,20,6
xl,1.5,50966561112.536766,1377239.04,96198656.0,8263434.24,640,384,20,6
xl,1.5,48572399753.80202,1874575.3599999999,96198656.0,11247452.16,640,448,20,6
xl,1.5,42820855341.19686,1874575.3599999999,116400373.75999999,11247452.16,704,448,20,6
s,1.5,28665735762.568386,153026.56,9100615.68,918159.36,192,128,21,6
m,1.5,57331471525.13677,153026.56,9100615.68,918159.36,192,128,21,6
s,1.5,14279643658.323889,344309.76,25279488.0,2065858.56,320,192,21,6
m,1.5,28559287316.647778,344309.76,25279488.0,2065858.56,320,192,21,6
l,1.5,71398218291.61945,344309.76,25279488.0,2065858.56,320,192,21,6
xl,1.5,142796436583.2389,344309.76,25279488.0,2065858.56,320,192,21,6
s,1.5,10626711699.712374,612106.24,36402462.72,3672637.44,384,256,21,6
m,1.5,21253423399.424747,612106.24,36402462.72,3672637.44,384,256,21,6
l,1.5,53133558498.561874,612106.24,36402462.72,3672637.44,384,256,21,6
xl,1.5,106267116997.12375,612106.24,36402462.72,3672637.44,384,256,21,6
l,1.5,41092812444.47211,956416.0,49547796.48,5738496.0,448,320,21,6
xl,1.5,82185624888.94421,956416.0,49547796.48,5738496.0,448,320,21,6
l,1.5,34598978201.496704,956416.0,64715489.28,5738496.0,512,320,21,6
xl,1.5,69197956402.99341,956416.0,64715489.28,5738496.0,512,320,21,6
l,1.5,28144769967.18412,1377239.04,81905541.12,8263434.24,576,384,21,6
xl,1.5,56289539934.36824,1377239.04,81905541.12,8263434.24,576,384,21,6
xl,1.5,48870536684.37983,1377239.04,101117952.0,8263434.24,640,384,21,6
xl,1.5,46664987304.52515,1874575.3599999999,101117952.0,11247452.16,640,448,21,6
xl,1.5,41096639617.33628,1874575.3599999999,122352721.92,11247452.16,704,448,21,6
s,1.5,27490382324.801376,153026.56,9543352.32,918159.36,192,128,22,6
m,1.5,54980764649.60275,153026.56,9543352.32,918159.36,192,128,22,6
s,1.5,10207105268.865278,612106.24,38173409.28,3672637.44,384,256,22,6
m,1.5,20414210537.730556,612106.24,38173409.28,3672637.44,384,256,22,6
l,1.5,51035526344.32639,612106.24,38173409.28,3672637.44,384,256,22,6
xl,1.5,102071052688.65279,612106.24,38173409.28,3672637.44,384,256,22,6
l,1.5,39515270951.01112,956416.0,51958251.519999996,5738496.0,448,320,22,6
xl,1.5,79030541902.02225,956416.0,51958251.519999996,5738496.0,448,320,22,6
l,1.5,33231864889.567417,956416.0,67863838.72,5738496.0,512,320,22,6
xl,1.5,66463729779.134834,956416.0,67863838.72,5738496.0,512,320,22,6
l,1.5,27058644160.524654,1377239.04,85890170.88,8263434.24,576,384,22,6
xl,1.5,54117288321.04931,1377239.04,85890170.88,8263434.24,576,384,22,6
xl,1.5,44901720589.44436,1874575.3599999999,106037248.0,11247452.16,640,448,22,6
xl,1.5,39505903155.238335,1874575.3599999999,128305070.08,11247452.16,704,448,22,6
s,1.5,26407616372.323296,153026.56,9986088.959999999,918159.36,192,128,23,6
m,1.5,52815232744.64659,153026.56,9986088.959999999,918159.36,192,128,23,6
s,1.5,17312479124.937283,344309.76,17753047.04,2065858.56,256,192,23,6
m,1.5,34624958249.874565,344309.76,17753047.04,2065858.56,256,192,23,6
l,1.5,86562395624.68642,344309.76,17753047.04,2065858.56,256,192,23,6
s,1.5,9819377253.020761,612106.24,39944355.839999996,3672637.44,384,256,23,6
m,1.5,19638754506.041523,612106.24,39944355.839999996,3672637.44,384,256,23,6
l,1.5,49096886265.103806,612106.24,39944355.839999996,3672637.44,384,256,23,6
xl,1.5,98193772530.20761,612106.24,39944355.839999996,3672637.44,384,256,23,6
l,1.5,38054374099.28845,956416.0,54368706.56,5738496.0,448,320,23,6
xl,1.5,76108748198.5769,956416.0,54368706.56,5738496.0,448,320,23,6
l,1.5,31968682737.739666,956416.0,71012188.16,5738496.0,512,320,23,6
xl,1.5,63937365475.47933,956416.0,71012188.16,5738496.0,512,320,23,6
l,1.5,30369333921.243145,1377239.04,71012188.16,8263434.24,512,384,23,6
xl,1.5,60738667842.48629,1377239.04,71012188.16,8263434.24,512,384,23,6
xl,1.5,52106464435.02534,1377239.04,89874800.63999999,8263434.24,576,384,23,6
xl,1.5,43266854425.033264,1874575.3599999999,110956544.0,11247452.16,640,448,23,6
s,1.5,25406912228.1184,153026.56,10428825.6,918159.36,192,128,24,6
m,1.5,50813824456.2368,153026.56,10428825.6,918159.36,192,128,24,6
s,1.5,16681333072.638348,344309.76,18540134.4,2065858.56,256,192,24,6
m,1.5,33362666145.276695,344309.76,18540134.4,2065858.56,256,192,24,6
l,1.5,83406665363.19174,344309.76,18540134.4,2065858.56,256,192,24,6
s,1.5,9460027789.29328,612106.24,41715302.4,3672637.44,384,256,24,6
m,1.5,18920055578.58656,612106.24,41715302.4,3672637.44,384,256,24,6
l,1.5,47300138946.4664,612106.24,41715302.4,3672637.44,384,256,24,6
xl,1.5,94600277892.9328,612106.24,41715302.4,3672637.44,384,256,24,6
l,1.5,36697646071.827126,956416.0,56779161.6,5738496.0,448,320,24,6
xl,1.5,73395292143.65425,956416.0,56779161.6,5738496.0,448,320,24,6
l,1.5,29310930030.61363,1377239.04,74160537.6,8263434.24,512,384,24,6
xl,1.5,58621860061.22726,1377239.04,74160537.6,8263434.24,512,384,24,6
xl,1.5,50239718535.65043,1377239.04,93859430.4,8263434.24,576,384,24,6
xl,1.5,47911797793.11606,1874575.3599999999,93859430.4,11247452.16,576,448,24,6
xl,1.5,41746856477.738014,1874575.3599999999,115875840.0,11247452.16,640,448,24,6
s,1.5,16085650897.293127,344309.76,21863424.0,2410168.3200000003,320,192,18,7
m,1.5,32171301794.586254,344309.76,21863424.0,2410168.3200000003,320,192,18,7
l,1.5,80428254486.46564,344309.76,21863424.0,2410168.3200000003,320,192,18,7
s,1.5,9790644011.707518,612106.24,42852311.04,4284743.68,448,256,18,7
m,1.5,19581288023.415035,612106.24,42852311.04,4284743.68,448,256,18,7
l,1.5,48953220058.53758,612106.24,42852311.04,4284743.68,448,256,18,7
xl,1.5,97906440117.07516,612106.24,42852311.04,4284743.68,448,256,18,7
l,1.5,38613926266.09862,956416.0,55970365.44,6694912.0,512,320,18,7
xl,1.5,77227852532.19724,956416.0,55970365.44,6694912.0,512,320,18,7
l,1.5,33149328992.66155,956416.0,70837493.76,6694912.0,576,320,18,7
xl,1.5,66298657985.3231,956416.0,70837493.76,6694912.0,576,320,18,7
xl,1.5,54536770292.60344,1377239.04,87453696.0,9640673.280000001,640,384,18,7
xl,1.5,48019190712.065125,1377239.04,105818972.16,9640673.280000001,704,384,18,7
xl,1.5,40656808992.90626,1874575.3599999999,125933322.24,13122027.52,768,448,18,7
s,1.5,15350377388.061012,344309.76,23093248.0,2410168.3200000003,320,192,19,7
m,1.5,30700754776.122025,344309.76,23093248.0,2410168.3200000003,320,192,19,7
l,1.5,76751886940.30505,344309.76,23093248.0,2410168.3200000003,320,192,19,7
xl,1.5,153503773880.6101,344309.76,23093248.0,2410168.3200000003,320,192,19,7
s,1.5,9346151897.682478,612106.24,45262766.08,4284743.68,448,256,19,7
m,1.5,18692303795.364956,612106.24,45262766.08,4284743.68,448,256,19,7
l,1.5,46730759488.412384,612106.24,45262766.08,4284743.68,448,256,19,7
xl,1.5,93461518976.82477,612106.24,45262766.08,4284743.68,448,256,19,7
l,1.5,36918889518.55926,956416.0,59118714.88,6694912.0,512,320,19,7
xl,1.5,73837779037.11852,956416.0,59118714.88,6694912.0,512,320,19,7
l,1.5,31652871929.793983,956416.0,74822123.52,6694912.0,576,320,19,7
xl,1.5,63305743859.58797,956416.0,74822123.52,6694912.0,576,320,19,7
xl,1.5,52143701693.684975,1377239.04,92372992.0,9640673.280000001,640,384,19,7
xl,1.5,45861481833.25814,1377239.04,111771320.32,9640673.280000001,704,384,19,7
xl,1.5,43648947608.2774,1874575.3599999999,111771320.32,13122027.52,704,448,19,7
s,1.5,14679384190.696753,344309.76,24049664.0,2410168.3200000003,320,192,20,7
m,1.5,29358768381.393505,344309.76,24049664.0,2410168.3200000003,320,192,20,7
l,1.5,73396920953.48376,344309.76,24049664.0,2410168.3200000003,320,192,20,7
xl,1.5,146793841906.96753,344309.76,24049664.0,2410168.3200000003,320,192,20,7
s,1.5,8940266604.804502,612106.24,47137341.44,4284743.68,448,256,20,7
m,1.5,17880533209.609005,612106.24,47137341.44,4284743.68,448,256,20,7
l,1.5,44701333024.022514,612106.24,47137341.44,4284743.68,448,256,20,7
xl,1.5,89402666048.04503,612106.24,47137341.44,4284743.68,448,256,20,7
l,1.5,35366409133.70958,956416.0,61567139.84,6694912.0,512,320,20,7
xl,1.5,70732818267.41916,956416.0,61567139.84,6694912.0,512,320,20,7
l,1.5,30285687947.203316,956416.0,77920911.35999998,6694912.0,576,320,20,7
xl,1.5,60571375894.40663,956416.0,77920911.35999998,6694912.0,576,320,20,7
xl,1.5,49951820165.70767,1377239.04,96198656.0,9640673.280000001,640,384,20,7
xl,1.5,43889344707.335205,1377239.04,116400373.75999999,9640673.280000001,704,384,20,7
xl,1.5,41858793526.828995,1874575.3599999999,116400373.75999999,13122027.52,704,448,20,7
s,1.5,28253558664.55003,153026.56,9100615.68,1071185.92,192,128,21,7
m,1.5,56507117329.10006,153026.56,9100615.68,1071185.92,192,128,21,7
s,1.5,14064594808.880022,344309.76,25279488.0,2410168.3200000003,320,192,21,7
m,1.5,28129189617.760044,344309.76,25279488.0,2410168.3200000003,320,192,21,7
l,1.5,70322974044.40012,344309.76,25279488.0,2410168.3200000003,320,192,21,7
xl,1.5,140645948088.80023,344309.76,25279488.0,2410168.3200000003,320,192,21,7
s,1.5,10423179625.199406,612106.24,36402462.72,4284743.68,384,256,21,7
m,1.5,20846359250.39881,612106.24,36402462.72,4284743.68,384,256,21,7
l,1.5,52115898125.997025,612106.24,36402462.72,4284743.68,384,256,21,7
xl,1.5,104231796251.99405,612106.24,36402462.72,4284743.68,384,256,21,7
l,1.5,42840838309.743385,612106.24,49547796.48,4284743.68,448,256,21,7
xl,1.5,85681676619.48677,612106.24,49547796.48,4284743.68,448,256,21,7
l,1.5,33939226763.237423,956416.0,64715489.28,6694912.0,512,320,21,7
xl,1.5,67878453526.474846,956416.0,64715489.28,6694912.0,512,320,21,7
l,1.5,29031719523.496754,956416.0,81905541.12,6694912.0,576,320,21,7
xl,1.5,58063439046.99351,956416.0,81905541.12,6694912.0,576,320,21,7
l,1.5,27527169254.39323,1377239.04,81905541.12,9640673.280000001,576,384,21,7
xl,1.5,55054338508.78646,1377239.04,81905541.12,9640673.280000001,576,384,21,7
xl,1.5,47936778356.67066,1377239.04,101117952.0,9640673.280000001,640,384,21,7
xl,1.5,40209691960.92274,1874575.3599999999,122352721.92,13122027.52,704,448,21,7
s,1.5,27111088870.860718,153026.56,9543352.32,1071185.92,192,128,22,7
m,1.5,54222177741.721436,153026.56,9543352.32,1071185.92,192,128,22,7
s,1.5,13499231658.427029,344309.76,26509312.0,2410168.3200000003,320,192,22,7
m,1.5,26998463316.854057,344309.76,26509312.0,2410168.3200000003,320,192,22,7
l,1.5,67496158292.13515,344309.76,26509312.0,2410168.3200000003,320,192,22,7
xl,1.5,134992316584.2703,344309.76,26509312.0,2410168.3200000003,320,192,22,7
s,1.5,10019187079.9027,612106.24,38173409.28,4284743.68,384,256,22,7
m,1.5,20038374159.8054,612106.24,38173409.28,4284743.68,384,256,22,7
l,1.5,50095935399.5135,612106.24,38173409.28,4284743.68,384,256,22,7
xl,1.5,100191870799.027,612106.24,38173409.28,4284743.68,384,256,22,7
l,1.5,41129025238.26862,612106.24,51958251.519999996,4284743.68,448,256,22,7
xl,1.5,82258050476.53725,612106.24,51958251.519999996,4284743.68,448,256,22,7
l,1.5,32622762123.39094,956416.0,67863838.72,6694912.0,512,320,22,7
xl,1.5,65245524246.78188,956416.0,67863838.72,6694912.0,512,320,22,7
l,1.5,26487307133.245235,1377239.04,85890170.88,9640673.280000001,576,384,22,7
xl,1.5,52974614266.49047,1377239.04,85890170.88,9640673.280000001,576,384,22,7
xl,1.5,46078005219.4853,1377239.04,106037248.0,9640673.280000001,640,384,22,7
s,1.5,26057422721.605667,153026.56,9986088.959999999,1071185.92,192,128,23,7
m,1.5,52114845443.211334,153026.56,9986088.959999999,1071185.92,192,128,23,7
s,1.5,12977564531.267965,344309.76,27739136.0,2410168.3200000003,320,192,23,7
m,1.5,25955129062.53593,344309.76,27739136.0,2410168.3200000003,320,192,23,7
l,1.5,64887822656.33983,344309.76,27739136.0,2410168.3200000003,320,192,23,7
xl,1.5,129775645312.67966,344309.76,27739136.0,2410168.3200000003,320,192,23,7
s,1.5,9645342753.196264,612106.24,39944355.839999996,4284743.68,384,256,23,7
m,1.5,19290685506.39253,612106.24,39944355.839999996,4284743.68,384,256,23,7
l,1.5,48226713765.98132,612106.24,39944355.839999996,4284743.68,384,256,23,7
xl,1.5,96453427531.96265,612106.24,39944355.839999996,4284743.68,384,256,23,7
l,1.5,31404612341.599667,956416.0,71012188.16,6694912.0,512,320,23,7
xl,1.5,62809224683.19933,956416.0,71012188.16,6694912.0,512,320,23,7
xl,1.5,51046297178.37631,1377239.04,89874800.63999999,9640673.280000001,576,384,23,7
xl,1.5,44358000908.92756,1377239.04,110956544.0,9640673.280000001,640,384,23,7
xl,1.5,42284877391.829605,1874575.3599999999,110956544.0,13122027.52,640,448,23,7
s,1.5,25082593569.39128,153026.56,10428825.6,1071185.92,192,128,24,7
m,1.5,50165187138.78256,153026.56,10428825.6,1071185.92,192,128,24,7
s,1.5,12494716034.567846,344309.76,28968960.0,2410168.3200000003,320,192,24,7
m,1.5,24989432069.135693,344309.76,28968960.0,2410168.3200000003,320,192,24,7
l,1.5,62473580172.83923,344309.76,28968960.0,2410168.3200000003,320,192,24,7
xl,1.5,124947160345.67847,344309.76,28968960.0,2410168.3200000003,320,192,24,7
s,1.5,9298393290.008036,612106.24,41715302.4,4284743.68,384,256,24,7
m,1.5,18596786580.01607,612106.24,41715302.4,4284743.68,384,256,24,7
l,1.5,46491966450.04018,612106.24,41715302.4,4284743.68,384,256,24,7
xl,1.5,92983932900.08035,612106.24,41715302.4,4284743.68,384,256,24,7
l,1.5,35956287721.25244,956416.0,56779161.6,6694912.0,448,320,24,7
xl,1.5,71912575442.50488,956416.0,56779161.6,6694912.0,448,320,24,7
l,1.5,30274160393.97043,956416.0,74160537.6,6694912.0,512,320,24,7
xl,1.5,60548320787.94086,956416.0,74160537.6,6694912.0,512,320,24,7
xl,1.5,49253433943.11006,1377239.04,93859430.4,9640673.280000001,576,384,24,7
xl,1.5,42761784800.32318,1377239.04,115875840.0,9640673.280000001,640,384,24,7
xl,1.5,40831933248.80744,1874575.3599999999,115875840.0,13122027.52,640,448,24,7
s,1.5,13855927054.809153,344309.76,25279488.0,2754478.08,320,192,21,8
m,1.5,27711854109.618305,344309.76,25279488.0,2754478.08,320,192,21,8
l,1.5,69279635274.04576,344309.76,25279488.0,2754478.08,320,192,21,8
xl,1.5,138559270548.09152,344309.76,25279488.0,2754478.08,320,192,21,8
l,1.5,42176796709.94533,612106.24,49547796.48,4896849.92,448,256,21,8
xl,1.5,84353593419.89066,612106.24,49547796.48,4896849.92,448,256,21,8
l,1.5,33304165491.90885,956416.0,64715489.28,7651328.0,512,320,21,8
xl,1.5,66608330983.8177,956416.0,64715489.28,7651328.0,512,320,21,8
l,1.5,28565775329.403706,956416.0,81905541.12,7651328.0,576,320,21,8
xl,1.5,57131550658.80741,956416.0,81905541.12,7651328.0,576,320,21,8
xl,1.5,47038033258.818665,1377239.04,101117952.0,11017912.32,640,384,21,8
xl,1.5,41385693345.366974,1377239.04,122352721.92,11017912.32,704,384,21,8
s,1.5,13306887909.163828,344309.76,26509312.0,2754478.08,320,192,22,8
m,1.5,26613775818.327656,344309.76,26509312.0,2754478.08,320,192,22,8
l,1.5,66534439545.81914,344309.76,26509312.0,2754478.08,320,192,22,8
xl,1.5,133068879091.63828,344309.76,26509312.0,2754478.08,320,192,22,8
l,1.5,40516611022.71433,612106.24,51958251.519999996,4896849.92,448,256,22,8
xl,1.5,81033222045.42867,612106.24,51958251.519999996,4896849.92,448,256,22,8
l,1.5,32035585809.409225,956416.0,67863838.72,7651328.0,512,320,22,8
xl,1.5,64071171618.81845,956416.0,67863838.72,7651328.0,512,320,22,8
l,1.5,27447558229.73568,956416.0,85890170.88,7651328.0,576,320,22,8
xl,1.5,54895116459.47136,956416.0,85890170.88,7651328.0,576,320,22,8
xl,1.5,45247003299.61365,1377239.04,106037248.0,11017912.32,640,384,22,8
xl,1.5,39772940327.78127,1377239.04,128305070.08,11017912.32,704,384,22,8
s,1.5,12799701549.461369,344309.76,27739136.0,2754478.08,320,192,23,8
m,1.5,25599403098.922737,344309.76,27739136.0,2754478.08,320,192,23,8
l,1.5,63998507747.30685,344309.76,27739136.0,2754478.08,320,192,23,8
xl,1.5,127997015494.6137,344309.76,27739136.0,2754478.08,320,192,23,8
l,1.5,38982173643.62914,612106.24,54368706.56,4896849.92,448,256,23,8
xl,1.5,77964347287.25829,612106.24,54368706.56,4896849.92,448,256,23,8
l,1.5,30860102258.13853,956416.0,71012188.16,7651328.0,512,320,23,8
xl,1.5,61720204516.27706,956416.0,71012188.16,7651328.0,512,320,23,8
xl,1.5,52827178392.85436,956416.0,89874800.63999999,7651328.0,576,320,23,8
xl,1.5,43587361730.1977,1377239.04,110956544.0,11017912.32,640,384,23,8
s,1.5,24766450391.492203,153026.56,10428825.6,1224212.48,192,128,24,8
m,1.5,49532900782.984406,153026.56,10428825.6,1224212.48,192,128,24,8
s,1.5,12329758000.742487,344309.76,28968960.0,2754478.08,320,192,24,8
m,1.5,24659516001.484974,344309.76,28968960.0,2754478.08,320,192,24,8
l,1.5,61648790003.71243,344309.76,28968960.0,2754478.08,320,192,24,8
xl,1.5,123297580007.42487,344309.76,28968960.0,2754478.08,320,192,24,8
s,1.5,9142189393.16458,612106.24,41715302.4,4896849.92,384,256,24,8
m,1.5,18284378786.32916,612106.24,41715302.4,4896849.92,384,256,24,8
l,1.5,45710946965.8229,612106.24,41715302.4,4896849.92,384,256,24,8
xl,1.5,91421893931.6458,612106.24,41715302.4,4896849.92,384,256,24,8
l,1.5,37559719112.05045,612106.24,56779161.6,4896849.92,448,256,24,8
xl,1.5,75119438224.1009,612106.24,56779161.6,4896849.92,448,256,24,8
l,1.5,29767829523.89069,956416.0,74160537.6,7651328.0,512,320,24,8
xl,1.5,59535659047.78138,956416.0,74160537.6,7651328.0,512,320,24,8
xl,1.5,50909385640.0005,956416.0,93859430.4,7651328.0,576,320,24,8
xl,1.5,48305128393.949234,1377239.04,93859430.4,11017912.32,576,384,24,8
xl,1.5,42045162375.914566,1377239.04,115875840.0,11017912.32,640,384,24,8
s,1.5,12169098837.926996,344309.76,28968960.0,3098787.84,320,192,24,9
m,1.5,24338197675.853992,344309.76,28968960.0,3098787.84,320,192,24,9
l,1.5,60845494189.63499,344309.76,28968960.0,3098787.84,320,192,24,9
xl,1.5,121690988379.26997,344309.76,28968960.0,3098787.84,320,192,24,9
l,1.5,37048326249.32978,612106.24,56779161.6,5508956.16,448,256,24,9
xl,1.5,74096652498.65956,612106.24,56779161.6,5508956.16,448,256,24,9
l,1.5,29278156669.29201,956416.0,74160537.6,8607744.0,512,320,24,9
xl,1.5,58556313338.58402,956416.0,74160537.6,8607744.0,512,320,24,9
xl,1.5,50191568609.25951,956416.0,93859430.4,8607744.0,576,320,24,9
xl,1.5,41352163066.14816,1377239.04,115875840.0,12395151.36,640,384,24,9
s,2.0,76129998171.9056,344309.76,7083786.24,688619.52,384,192,4,2
m,2.0,152259996343.8112,344309.76,7083786.24,688619.52,384,192,4,2
s,2.0,47493417488.32559,612106.24,12593397.76,1224212.48,512,256,4,2
m,2.0,94986834976.65118,612106.24,12593397.76,1224212.48,512,256,4,2
s,2.0,32524031356.288536,956416.0,19677184.0,1912832.0,640,320,4,2
m,2.0,65048062712.57707,956416.0,19677184.0,1912832.0,640,320,4,2
l,2.0,162620156781.44266,956416.0,19677184.0,1912832.0,640,320,4,2
s,2.0,28874798356.88814,956416.0,23809392.64,1912832.0,704,320,4,2
m,2.0,57749596713.77628,956416.0,23809392.64,1912832.0,704,320,4,2
l,2.0,144373991784.4407,956416.0,23809392.64,1912832.0,704,320,4,2
xl,2.0,288747983568.8814,956416.0,23809392.64,1912832.0,704,320,4,2
s,2.0,26296877866.359688,1377239.04,23809392.64,2754478.08,704,384,4,2
m,2.0,52593755732.719376,1377239.04,23809392.64,2754478.08,704,384,4,2
l,2.0,131484389331.79843,1377239.04,23809392.64,2754478.08,704,384,4,2
xl,2.0,262968778663.59686,1377239.04,23809392.64,2754478.08,704,384,4,2
s,2.0,23692041608.956642,1377239.04,28335144.96,2754478.08,768,384,4,2
m,2.0,47384083217.913284,1377239.04,28335144.96,2754478.08,768,384,4,2
l,2.0,118460208044.78322,1377239.04,28335144.96,2754478.08,768,384,4,2
xl,2.0,236920416089.56644,1377239.04,28335144.96,2754478.08,768,384,4,2
s,2.0,21420448990.158466,1377239.04,33254440.96,2754478.08,832,384,4,2
m,2.0,42840897980.31693,1377239.04,33254440.96,2754478.08,832,384,4,2
l,2.0,107102244950.79233,1377239.04,33254440.96,2754478.08,832,384,4,2
xl,2.0,214204489901.58466,1377239.04,33254440.96,2754478.08,832,384,4,2
s,2.0,19735697019.347675,1874575.3599999999,33254440.96,3749150.7199999997,832,448,4,2
m,2.0,39471394038.69535,1874575.3599999999,33254440.96,3749150.7199999997,832,448,4,2
l,2.0,98678485096.73837,1874575.3599999999,33254440.96,3749150.7199999997,832,448,4,2
xl,2.0,197356970193.47675,1874575.3599999999,33254440.96,3749150.7199999997,832,448,4,2
s,2.0,18037238187.034653,1874575.3599999999,38567280.64,3749150.7199999997,896,448,4,2
m,2.0,36074476374.069305,1874575.3599999999,38567280.64,3749150.7199999997,896,448,4,2
l,2.0,90186190935.17326,1874575.3599999999,38567280.64,3749150.7199999997,896,448,4,2
xl,2.0,180372381870.34653,1874575.3599999999,38567280.64,3749150.7199999997,896,448,4,2
s,2.0,16526939196.475767,1874575.3599999999,44273664.0,3749150.7199999997,960,448,4,2
m,2.0,33053878392.951534,1874575.3599999999,44273664.0,3749150.7199999997,960,448,4,2
l,2.0,82634695982.37883,1874575.3599999999,44273664.0,3749150.7199999997,960,448,4,2
xl,2.0,165269391964.75766,1874575.3599999999,44273664.0,3749150.7199999997,960,448,4,2
s,2.0,15365064290.575756,2448424.96,44273664.0,4896849.92,960,512,4,2
m,2.0,30730128581.151512,2448424.96,44273664.0,4896849.92,960,512,4,2
l,2.0,76825321452.87878,2448424.96,44273664.0,4896849.92,960,512,4,2
xl,2.0,153650642905.75757,2448424.96,44273664.0,4896849.92,960,512,4,2
s,2.0,14195617185.64208,2448424.96,50373591.04,4896849.92,1024,512,4,2
m,2.0,28391234371.28416,2448424.96,50373591.04,4896849.92,1024,512,4,2
l,2.0,70978085928.2104,2448424.96,50373591.04,4896849.92,1024,512,4,2
xl,2.0,141956171856.4208,2448424.96,50373591.04,4896849.92,1024,512,4,2
s,2.0,13140430965.768274,2448424.96,56867061.76,4896849.92,1088,512,4,2
m,2.0,26280861931.53655,2448424.96,56867061.76,4896849.92,1088,512,4,2
l,2.0,65702154828.84137,2448424.96,56867061.76,4896849.92,1088,512,4,2
xl,2.0,131404309657.68274,2448424.96,56867061.76,4896849.92,1088,512,4,2
s,2.0,12305173080.58752,3098787.84,56867061.76,6197575.68,1088,576,4,2
m,2.0,24610346161.17504,3098787.84,56867061.76,6197575.68,1088,576,4,2
l,2.0,61525865402.9376,3098787.84,56867061.76,6197575.68,1088,576,4,2
xl,2.0,123051730805.8752,3098787.84,56867061.76,6197575.68,1088,576,4,2
l,2.0,57327274700.765205,3098787.84,63754076.16,6197575.68,1152,576,4,2
xl,2.0,114654549401.53041,3098787.84,63754076.16,6197575.68,1152,576,4,2
l,2.0,53495639617.49094,3098787.84,71034634.24000001,6197575.68,1216,576,4,2
xl,2.0,106991279234.98187,3098787.84,71034634.24000001,6197575.68,1216,576,4,2
l,2.0,50392363163.625656,3825664.0,71034634.24000001,7651328.0,1216,640,4,2
xl,2.0,100784726327.25131,3825664.0,71034634.24000001,7651328.0,1216,640,4,2
l,2.0,47275251186.64662,3825664.0,78708736.0,7651328.0,1280,640,4,2
xl,2.0,94550502373.29324,3825664.0,78708736.0,7651328.0,1280,640,4,2
l,2.0,44599214135.87235,4629053.4399999995,78708736.0,9258106.879999999,1280,704,4,2
xl,2.0,89198428271.7447,4629053.4399999995,78708736.0,9258106.879999999,1280,704,4,2
s,2.0,47081698543.76382,612106.24,12052275.2,1224212.48,448,256,5,2
m,2.0,94163397087.52763,612106.24,12052275.2,1224212.48,448,256,5,2
s,2.0,31333965627.69253,956416.0,19923148.799999997,1912832.0,576,320,5,2
m,2.0,62667931255.38506,956416.0,19923148.799999997,1912832.0,576,320,5,2
l,2.0,156669828138.46265,956416.0,19923148.799999997,1912832.0,576,320,5,2
s,2.0,25127156275.859867,1377239.04,24596480.0,2754478.08,640,384,5,2
m,2.0,50254312551.719734,1377239.04,24596480.0,2754478.08,640,384,5,2
l,2.0,125635781379.29933,1377239.04,24596480.0,2754478.08,640,384,5,2
xl,2.0,251271562758.59866,1377239.04,24596480.0,2754478.08,640,384,5,2
s,2.0,22394006587.03401,1377239.04,29761740.8,2754478.08,704,384,5,2
m,2.0,44788013174.06802,1377239.04,29761740.8,2754478.08,704,384,5,2
l,2.0,111970032935.17006,1377239.04,29761740.8,2754478.08,704,384,5,2
xl,2.0,223940065870.34012,1377239.04,29761740.8,2754478.08,704,384,5,2
s,2.0,18564509657.180695,1874575.3599999999,35418931.2,3749150.7199999997,768,448,5,2
m,2.0,37129019314.36139,1874575.3599999999,35418931.2,3749150.7199999997,768,448,5,2
l,2.0,92822548285.90347,1874575.3599999999,35418931.2,3749150.7199999997,768,448,5,2
xl,2.0,185645096571.80695,1874575.3599999999,35418931.2,3749150.7199999997,768,448,5,2
s,2.0,16817649333.487766,1874575.3599999999,41568051.2,3749150.7199999997,832,448,5,2
m,2.0,33635298666.975533,1874575.3599999999,41568051.2,3749150.7199999997,832,448,5,2
l,2.0,84088246667.43883,1874575.3599999999,41568051.2,3749150.7199999997,832,448,5,2
xl,2.0,168176493334.87766,1874575.3599999999,41568051.2,3749150.7199999997,832,448,5,2
s,2.0,15616025938.373995,2448424.96,41568051.2,4896849.92,832,512,5,2
m,2.0,31232051876.74799,2448424.96,41568051.2,4896849.92,832,512,5,2
l,2.0,78080129691.86996,2448424.96,41568051.2,4896849.92,832,512,5,2
xl,2.0,156160259383.73993,2448424.96,41568051.2,4896849.92,832,512,5,2
s,2.0,14285541618.413536,2448424.96,48209100.8,4896849.92,896,512,5,2
m,2.0,28571083236.827072,2448424.96,48209100.8,4896849.92,896,512,5,2
l,2.0,71427708092.06767,2448424.96,48209100.8,4896849.92,896,512,5,2
xl,2.0,142855416184.13535,2448424.96,48209100.8,4896849.92,896,512,5,2
s,2.0,13100346212.176794,2448424.96,55342080.0,4896849.92,960,512,5,2
m,2.0,26200692424.35359,2448424.96,55342080.0,4896849.92,960,512,5,2
l,2.0,65501731060.88397,2448424.96,55342080.0,4896849.92,960,512,5,2
xl,2.0,131003462121.76794,2448424.96,55342080.0,4896849.92,960,512,5,2
s,2.0,12270015444.042671,3098787.84,55342080.0,6197575.68,960,576,5,2
m,2.0,24540030888.085342,3098787.84,55342080.0,6197575.68,960,576,5,2
l,2.0,61350077220.213356,3098787.84,55342080.0,6197575.68,960,576,5,2
xl,2.0,122700154440.42671,3098787.84,55342080.0,6197575.68,960,576,5,2
l,2.0,56688409474.37507,3098787.84,62966988.8,6197575.68,1024,576,5,2
xl,2.0,113376818948.75014,3098787.84,62966988.8,6197575.68,1024,576,5,2
l,2.0,52481118166.96934,3098787.84,71083827.2,6197575.68,1088,576,5,2
xl,2.0,104962236333.93867,3098787.84,71083827.2,6197575.68,1088,576,5,2
l,2.0,49491140800.72771,3825664.0,71083827.2,7651328.0,1088,640,5,2
xl,2.0,98982281601.45541,3825664.0,71083827.2,7651328.0,1088,640,5,2
l,2.0,46096528283.8562,3825664.0,79692595.19999999,7651328.0,1152,640,5,2
xl,2.0,92193056567.7124,3825664.0,79692595.19999999,7651328.0,1152,640,5,2
l,2.0,43000823992.10953,3825664.0,88793292.80000001,7651328.0,1216,640,5,2
xl,2.0,86001647984.21906,3825664.0,88793292.80000001,7651328.0,1216,640,5,2
l,2.0,43548676003.74808,4629053.4399999995,79692595.19999999,9258106.879999999,1152,704,5,2
xl,2.0,87097352007.49615,4629053.4399999995,79692595.19999999,9258106.879999999,1152,704,5,2
l,2.0,40775432493.203896,4629053.4399999995,88793292.80000001,9258106.879999999,1216,704,5,2
xl,2.0,81550864986.40779,4629053.4399999995,88793292.80000001,9258106.879999999,1216,704,5,2
l,2.0,38226122381.0935,4629053.4399999995,98385920.0,9258106.879999999,1280,704,5,2
xl,2.0,76452244762.187,4629053.4399999995,98385920.0,9258106.879999999,1280,704,5,2
l,2.0,36301115525.26481,5508956.16,98385920.0,11017912.32,1280,768,5,2
xl,2.0,72602231050.52962,5508956.16,98385920.0,11017912.32,1280,768,5,2
s,2.0,68791257694.38474,344309.76,7378944.0,688619.52,320,192,6,2
m,2.0,137582515388.76947,344309.76,7378944.0,688619.52,320,192,6,2
s,2.0,49100516251.46956,612106.24,10625679.36,1224212.48,384,256,6,2
m,2.0,98201032502.93912,612106.24,10625679.36,1224212.48,384,256,6,2
s,2.0,40943152038.36629,612106.24,14462730.24,1224212.48,448,256,6,2
m,2.0,81886304076.73257,612106.24,14462730.24,1224212.48,448,256,6,2
l,2.0,204715760191.83142,612106.24,14462730.24,1224212.48,448,256,6,2
s,2.0,31516483211.48708,956416.0,18890096.64,1912832.0,512,320,6,2
m,2.0,63032966422.97416,956416.0,18890096.64,1912832.0,512,320,6,2
l,2.0,157582416057.4354,956416.0,18890096.64,1912832.0,512,320,6,2
s,2.0,27268295490.52374,956416.0,23907778.56,1912832.0,576,320,6,2
m,2.0,54536590981.04748,956416.0,23907778.56,1912832.0,576,320,6,2
l,2.0,136341477452.61868,956416.0,23907778.56,1912832.0,576,320,6,2
xl,2.0,272682954905.23737,956416.0,23907778.56,1912832.0,576,320,6,2
s,2.0,24957773045.30482,1377239.04,23907778.56,2754478.08,576,384,6,2
m,2.0,49915546090.60964,1377239.04,23907778.56,2754478.08,576,384,6,2
l,2.0,124788865226.52411,1377239.04,23907778.56,2754478.08,576,384,6,2
xl,2.0,249577730453.04822,1377239.04,23907778.56,2754478.08,576,384,6,2
s,2.0,22000452033.60774,1377239.04,29515776.0,2754478.08,640,384,6,2
m,2.0,44000904067.21548,1377239.04,29515776.0,2754478.08,640,384,6,2
l,2.0,110002260168.03868,1377239.04,29515776.0,2754478.08,640,384,6,2
xl,2.0,220004520336.07736,1377239.04,29515776.0,2754478.08,640,384,6,2
s,2.0,18093807795.240864,1874575.3599999999,35714088.96,3749150.7199999997,704,448,6,2
m,2.0,36187615590.48173,1874575.3599999999,35714088.96,3749150.7199999997,704,448,6,2
l,2.0,90469038976.20432,1874575.3599999999,35714088.96,3749150.7199999997,704,448,6,2
xl,2.0,180938077952.40863,1874575.3599999999,35714088.96,3749150.7199999997,704,448,6,2
s,2.0,16249875304.956861,1874575.3599999999,42502717.44,3749150.7199999997,768,448,6,2
m,2.0,32499750609.913723,1874575.3599999999,42502717.44,3749150.7199999997,768,448,6,2
l,2.0,81249376524.78432,1874575.3599999999,42502717.44,3749150.7199999997,768,448,6,2
xl,2.0,162498753049.56863,1874575.3599999999,42502717.44,3749150.7199999997,768,448,6,2
s,2.0,15125304703.498337,2448424.96,42502717.44,4896849.92,768,512,6,2
m,2.0,30250609406.996674,2448424.96,42502717.44,4896849.92,768,512,6,2
l,2.0,75626523517.49168,2448424.96,42502717.44,4896849.92,768,512,6,2
xl,2.0,151253047034.98337,2448424.96,42502717.44,4896849.92,768,512,6,2
s,2.0,13730885574.717398,2448424.96,49881661.44,4896849.92,832,512,6,2
m,2.0,27461771149.434795,2448424.96,49881661.44,4896849.92,832,512,6,2
l,2.0,68654427873.58699,2448424.96,49881661.44,4896849.92,832,512,6,2
xl,2.0,137308855747.17398,2448424.96,49881661.44,4896849.92,832,512,6,2
s,2.0,12502282416.677988,2448424.96,57850920.96,4896849.92,896,512,6,2
m,2.0,25004564833.355976,2448424.96,57850920.96,4896849.92,896,512,6,2
l,2.0,62511412083.38994,2448424.96,57850920.96,4896849.92,896,512,6,2
xl,2.0,125022824166.77988,2448424.96,57850920.96,4896849.92,896,512,6,2
s,2.0,11743839891.860165,3098787.84,57850920.96,6197575.68,896,576,6,2
m,2.0,23487679783.72033,3098787.84,57850920.96,6197575.68,896,576,6,2
l,2.0,58719199459.30083,3098787.84,57850920.96,6197575.68,896,576,6,2
xl,2.0,117438398918.60165,3098787.84,57850920.96,6197575.68,896,576,6,2
l,2.0,53907982699.598335,3098787.84,66410496.0,6197575.68,960,576,6,2
xl,2.0,107815965399.19667,3098787.84,66410496.0,6197575.68,960,576,6,2
l,2.0,49606621554.706635,3098787.84,75560386.56,6197575.68,1024,576,6,2
xl,2.0,99213243109.41327,3098787.84,75560386.56,6197575.68,1024,576,6,2
l,2.0,50758090352.32449,3825664.0,66410496.0,7651328.0,960,640,6,2
xl,2.0,101516180704.64899,3825664.0,66410496.0,7651328.0,960,640,6,2
l,2.0,46926846281.4308,3825664.0,75560386.56,7651328.0,1024,640,6,2
xl,2.0,93853692562.8616,3825664.0,75560386.56,7651328.0,1024,640,6,2
l,2.0,43465444807.252716,3825664.0,85300592.64,7651328.0,1088,640,6,2
xl,2.0,86930889614.50543,3825664.0,85300592.64,7651328.0,1088,640,6,2
l,2.0,40335027358.01642,3825664.0,95631114.24,7651328.0,1152,640,6,2
xl,2.0,80670054716.03284,3825664.0,95631114.24,7651328.0,1152,640,6,2
l,2.0,41192973831.11212,4629053.4399999995,85300592.64,9258106.879999999,1088,704,6,2
xl,2.0,82385947662.22424,4629053.4399999995,85300592.64,9258106.879999999,1088,704,6,2
l,2.0,38370703082.90734,4629053.4399999995,95631114.24,9258106.879999999,1152,704,6,2
xl,2.0,76741406165.81468,4629053.4399999995,95631114.24,9258106.879999999,1152,704,6,2
l,2.0,35796537402.42619,4629053.4399999995,106551951.36000001,9258106.879999999,1216,704,6,2
xl,2.0,71593074804.85239,4629053.4399999995,106551951.36000001,9258106.879999999,1216,704,6,2
l,2.0,36431476340.42699,5508956.16,95631114.24,11017912.32,1152,768,6,2
xl,2.0,72862952680.85397,5508956.16,95631114.24,11017912.32,1152,768,6,2
l,2.0,34103033897.564476,5508956.16,106551951.36000001,11017912.32,1216,768,6,2
xl,2.0,68206067795.12895,5508956.16,106551951.36000001,11017912.32,1216,768,6,2
xl,2.0,63927246873.550545,5508956.16,118063104.0,11017912.32,1280,768,6,2
xl,2.0,60992634853.40798,6465372.16,118063104.0,12930744.32,1280,832,6,2
s,2.0,43716744148.12559,612106.24,12396625.92,1224212.48,384,256,7,2
m,2.0,87433488296.25117,612106.24,12396625.92,1224212.48,384,256,7,2
s,2.0,32880242538.978447,956416.0,16873185.28,1912832.0,448,320,7,2
m,2.0,65760485077.956894,956416.0,16873185.28,1912832.0,448,320,7,2
l,2.0,164401212694.89224,956416.0,16873185.28,1912832.0,448,320,7,2
s,2.0,28039527892.232887,956416.0,22038446.08,1912832.0,512,320,7,2
m,2.0,56079055784.465775,956416.0,22038446.08,1912832.0,512,320,7,2
l,2.0,140197639461.16443,956416.0,22038446.08,1912832.0,512,320,7,2
s,2.0,22308454930.117855,1377239.04,27892408.32,2754478.08,576,384,7,2
m,2.0,44616909860.23571,1377239.04,27892408.32,2754478.08,576,384,7,2
l,2.0,111542274650.58928,1377239.04,27892408.32,2754478.08,576,384,7,2
xl,2.0,223084549301.17856,1377239.04,27892408.32,2754478.08,576,384,7,2
s,2.0,18150504377.251144,1874575.3599999999,34435072.0,3749150.7199999997,640,448,7,2
m,2.0,36301008754.50229,1874575.3599999999,34435072.0,3749150.7199999997,640,448,7,2
l,2.0,90752521886.25572,1874575.3599999999,34435072.0,3749150.7199999997,640,448,7,2
xl,2.0,181505043772.51144,1874575.3599999999,34435072.0,3749150.7199999997,640,448,7,2
s,2.0,16156392974.060858,1874575.3599999999,41666437.120000005,3749150.7199999997,704,448,7,2
m,2.0,32312785948.121716,1874575.3599999999,41666437.120000005,3749150.7199999997,704,448,7,2
l,2.0,80781964870.30429,1874575.3599999999,41666437.120000005,3749150.7199999997,704,448,7,2
xl,2.0,161563929740.60858,1874575.3599999999,41666437.120000005,3749150.7199999997,704,448,7,2
s,2.0,15044281265.263624,2448424.96,41666437.120000005,4896849.92,704,512,7,2
m,2.0,30088562530.52725,2448424.96,41666437.120000005,4896849.92,704,512,7,2
l,2.0,75221406326.31813,2448424.96,41666437.120000005,4896849.92,704,512,7,2
xl,2.0,150442812652.63626,2448424.96,41666437.120000005,4896849.92,704,512,7,2
s,2.0,13552507697.043745,2448424.96,49586503.68,4896849.92,768,512,7,2
m,2.0,27105015394.08749,2448424.96,49586503.68,4896849.92,768,512,7,2
l,2.0,67762538485.21873,2448424.96,49586503.68,4896849.92,768,512,7,2
xl,2.0,135525076970.43745,2448424.96,49586503.68,4896849.92,768,512,7,2
s,2.0,12251861481.183323,2448424.96,58195271.68,4896849.92,832,512,7,2
m,2.0,24503722962.366646,2448424.96,58195271.68,4896849.92,832,512,7,2
l,2.0,61259307405.91662,2448424.96,58195271.68,4896849.92,832,512,7,2
xl,2.0,122518614811.83324,2448424.96,58195271.68,4896849.92,832,512,7,2
s,2.0,11522611785.318483,3098787.84,58195271.68,6197575.68,832,576,7,2
m,2.0,23045223570.636967,3098787.84,58195271.68,6197575.68,832,576,7,2
l,2.0,57613058926.592415,3098787.84,58195271.68,6197575.68,832,576,7,2
xl,2.0,115226117853.18483,3098787.84,58195271.68,6197575.68,832,576,7,2
l,2.0,52556575867.336205,3098787.84,67492741.12,6197575.68,896,576,7,2
xl,2.0,105113151734.67241,3098787.84,67492741.12,6197575.68,896,576,7,2
l,2.0,49558239911.055626,3825664.0,67492741.12,7651328.0,896,640,7,2
xl,2.0,99116479822.11125,3825664.0,67492741.12,7651328.0,896,640,7,2
l,2.0,45554925318.348755,3825664.0,77478912.0,7651328.0,960,640,7,2
xl,2.0,91109850636.69751,3825664.0,77478912.0,7651328.0,960,640,7,2
l,2.0,41967305672.009346,3825664.0,88153784.32,7651328.0,1024,640,7,2
xl,2.0,83934611344.01869,3825664.0,88153784.32,7651328.0,1024,640,7,2
l,2.0,43064975393.04515,4629053.4399999995,77478912.0,9258106.879999999,960,704,7,2
xl,2.0,86129950786.0903,4629053.4399999995,77478912.0,9258106.879999999,960,704,7,2
l,2.0,39844962625.65457,4629053.4399999995,88153784.32,9258106.879999999,1024,704,7,2
xl,2.0,79689925251.30914,4629053.4399999995,88153784.32,9258106.879999999,1024,704,7,2
l,2.0,36931536145.74886,4629053.4399999995,99517358.08,9258106.879999999,1088,704,7,2
xl,2.0,73863072291.49773,4629053.4399999995,99517358.08,9258106.879999999,1088,704,7,2
l,2.0,34293212307.28674,4629053.4399999995,111569633.28,9258106.879999999,1152,704,7,2
xl,2.0,68586424614.57348,4629053.4399999995,111569633.28,9258106.879999999,1152,704,7,2
l,2.0,35131638372.64567,5508956.16,99517358.08,11017912.32,1088,768,7,2
xl,2.0,70263276745.29134,5508956.16,99517358.08,11017912.32,1088,768,7,2
l,2.0,32735869872.367527,5508956.16,111569633.28,11017912.32,1152,768,7,2
xl,2.0,65471739744.735054,5508956.16,111569633.28,11017912.32,1152,768,7,2
xl,2.0,61098559609.5711,5508956.16,124310609.92000002,11017912.32,1216,768,7,2
xl,2.0,62397023446.736824,6465372.16,111569633.28,12930744.32,1152,832,7,2
xl,2.0,58412450240.11593,6465372.16,124310609.92000002,12930744.32,1216,832,7,2
xl,2.0,54750950767.34238,6465372.16,137740288.0,12930744.32,1280,832,7,2
xl,2.0,52421390493.20152,7498301.4399999995,137740288.0,14996602.879999999,1280,896,7,2
s,2.0,39396948575.850105,612106.24,14167572.48,1224212.48,384,256,8,2
m,2.0,78793897151.70021,612106.24,14167572.48,1224212.48,384,256,8,2
l,2.0,196984742879.25052,612106.24,14167572.48,1224212.48,384,256,8,2
s,2.0,29763823252.912148,956416.0,19283640.32,1912832.0,448,320,8,2
m,2.0,59527646505.824295,956416.0,19283640.32,1912832.0,448,320,8,2
l,2.0,148819116264.56073,956416.0,19283640.32,1912832.0,448,320,8,2
s,2.0,23259329812.14619,1377239.04,25186795.52,2754478.08,512,384,8,2
m,2.0,46518659624.29238,1377239.04,25186795.52,2754478.08,512,384,8,2
l,2.0,116296649060.73096,1377239.04,25186795.52,2754478.08,512,384,8,2
xl,2.0,232593298121.4619,1377239.04,25186795.52,2754478.08,512,384,8,2
s,2.0,20167621134.025143,1377239.04,31877038.08,2754478.08,576,384,8,2
m,2.0,40335242268.050285,1377239.04,31877038.08,2754478.08,576,384,8,2
l,2.0,100838105670.12572,1377239.04,31877038.08,2754478.08,576,384,8,2
xl,2.0,201676211340.25143,1377239.04,31877038.08,2754478.08,576,384,8,2
s,2.0,18667277973.72546,1874575.3599999999,31877038.08,3749150.7199999997,576,448,8,2
m,2.0,37334555947.45092,1874575.3599999999,31877038.08,3749150.7199999997,576,448,8,2
l,2.0,93336389868.62729,1874575.3599999999,31877038.08,3749150.7199999997,576,448,8,2
xl,2.0,186672779737.25458,1874575.3599999999,31877038.08,3749150.7199999997,576,448,8,2
s,2.0,16460656155.78184,1874575.3599999999,39354368.0,3749150.7199999997,640,448,8,2
m,2.0,32921312311.56368,1874575.3599999999,39354368.0,3749150.7199999997,640,448,8,2
l,2.0,82303280778.9092,1874575.3599999999,39354368.0,3749150.7199999997,640,448,8,2
xl,2.0,164606561557.8184,1874575.3599999999,39354368.0,3749150.7199999997,640,448,8,2
s,2.0,13680280301.01975,2448424.96,47618785.28,4896849.92,704,512,8,2
m,2.0,27360560602.0395,2448424.96,47618785.28,4896849.92,704,512,8,2
l,2.0,68401401505.09875,2448424.96,47618785.28,4896849.92,704,512,8,2
xl,2.0,136802803010.1975,2448424.96,47618785.28,4896849.92,704,512,8,2
s,2.0,12275994719.334541,2448424.96,56670289.92,4896849.92,768,512,8,2
m,2.0,24551989438.669083,2448424.96,56670289.92,4896849.92,768,512,8,2
l,2.0,61379973596.67271,2448424.96,56670289.92,4896849.92,768,512,8,2
xl,2.0,122759947193.34541,2448424.96,56670289.92,4896849.92,768,512,8,2
s,2.0,11543955125.554497,3098787.84,56670289.92,6197575.68,768,576,8,2
m,2.0,23087910251.108994,3098787.84,56670289.92,6197575.68,768,576,8,2
l,2.0,57719775627.772484,3098787.84,56670289.92,6197575.68,768,576,8,2
xl,2.0,115439551255.54497,3098787.84,56670289.92,6197575.68,768,576,8,2
l,2.0,52313504382.455444,3098787.84,66508881.92,6197575.68,832,576,8,2
xl,2.0,104627008764.91089,3098787.84,66508881.92,6197575.68,832,576,8,2
l,2.0,47564632374.98073,3098787.84,77134561.28,6197575.68,896,576,8,2
xl,2.0,95129264749.96146,3098787.84,77134561.28,6197575.68,896,576,8,2
l,2.0,49342054570.68919,3825664.0,66508881.92,7651328.0,832,640,8,2
xl,2.0,98684109141.37839,3825664.0,66508881.92,7651328.0,832,640,8,2
l,2.0,45095444298.61515,3825664.0,77134561.28,7651328.0,896,640,8,2
xl,2.0,90190888597.2303,3825664.0,77134561.28,7651328.0,896,640,8,2
l,2.0,41319319935.56037,3825664.0,88547328.0,7651328.0,960,640,8,2
xl,2.0,82638639871.12074,3825664.0,88547328.0,7651328.0,960,640,8,2
l,2.0,39260402265.32295,4629053.4399999995,88547328.0,9258106.879999999,960,704,8,2
xl,2.0,78520804530.6459,4629053.4399999995,88547328.0,9258106.879999999,960,704,8,2
l,2.0,36211437380.063095,4629053.4399999995,100747182.08,9258106.879999999,1024,704,8,2
xl,2.0,72422874760.12619,4629053.4399999995,100747182.08,9258106.879999999,1024,704,8,2
l,2.0,33469134265.28883,4629053.4399999995,113734123.52,9258106.879999999,1088,704,8,2
xl,2.0,66938268530.57766,4629053.4399999995,113734123.52,9258106.879999999,1088,704,8,2
l,2.0,34479398986.09869,5508956.16,100747182.08,11017912.32,1024,768,8,2
xl,2.0,68958797972.19737,5508956.16,100747182.08,11017912.32,1024,768,8,2
xl,2.0,63968237888.71033,5508956.16,113734123.52,11017912.32,1088,768,8,2
xl,2.0,59441952181.294815,5508956.16,127508152.32,11017912.32,1152,768,8,2
xl,2.0,61029947725.39882,6465372.16,113734123.52,12930744.32,1088,832,8,2
xl,2.0,56896494567.09666,6465372.16,127508152.32,12930744.32,1152,832,8,2
xl,2.0,53120331445.30247,6465372.16,142069268.48000002,12930744.32,1216,832,8,2
xl,2.0,49668157582.374954,6465372.16,157417472.0,12930744.32,1280,832,8,2
xl,2.0,54384966005.8634,7498301.4399999995,127508152.32,14996602.879999999,1152,896,8,2
xl,2.0,50924682729.937935,7498301.4399999995,142069268.48000002,14996602.879999999,1216,896,8,2
xl,2.0,47743446415.236885,7498301.4399999995,157417472.0,14996602.879999999,1280,896,8,2
xl,2.0,45837997807.99027,8607744.0,157417472.0,17215488.0,1280,960,8,2
s,2.0,64535703918.698814,344309.76,7083786.24,688619.52,256,192,9,2
m,2.0,129071407837.39763,344309.76,7083786.24,688619.52,256,192,9,2
s,2.0,44507068619.759315,612106.24,11068416.0,1224212.48,320,256,9,2
m,2.0,89014137239.51863,612106.24,11068416.0,1224212.48,320,256,9,2
s,2.0,27187013401.396744,956416.0,21694095.36,1912832.0,448,320,9,2
m,2.0,54374026802.79349,956416.0,21694095.36,1912832.0,448,320,9,2
l,2.0,135935067006.9837,956416.0,21694095.36,1912832.0,448,320,9,2
s,2.0,21309235036.51196,1377239.04,28335144.96,2754478.08,512,384,9,2
m,2.0,42618470073.02392,1377239.04,28335144.96,2754478.08,512,384,9,2
l,2.0,106546175182.5598,1377239.04,28335144.96,2754478.08,512,384,9,2
xl,2.0,213092350365.1196,1377239.04,28335144.96,2754478.08,512,384,9,2
s,2.0,17144409771.955868,1874575.3599999999,35861667.839999996,3749150.7199999997,576,448,9,2
m,2.0,34288819543.911736,1874575.3599999999,35861667.839999996,3749150.7199999997,576,448,9,2
l,2.0,85722048859.77934,1874575.3599999999,35861667.839999996,3749150.7199999997,576,448,9,2
xl,2.0,171444097719.5587,1874575.3599999999,35861667.839999996,3749150.7199999997,576,448,9,2
s,2.0,15058664412.40629,1874575.3599999999,44273664.0,3749150.7199999997,640,448,9,2
m,2.0,30117328824.81258,1874575.3599999999,44273664.0,3749150.7199999997,640,448,9,2
l,2.0,75293322062.03145,1874575.3599999999,44273664.0,3749150.7199999997,640,448,9,2
xl,2.0,150586644124.0629,1874575.3599999999,44273664.0,3749150.7199999997,640,448,9,2
s,2.0,14088001565.089064,2448424.96,44273664.0,4896849.92,640,512,9,2
m,2.0,28176003130.178127,2448424.96,44273664.0,4896849.92,640,512,9,2
l,2.0,70440007825.44531,2448424.96,44273664.0,4896849.92,640,512,9,2
xl,2.0,140880015650.89062,2448424.96,44273664.0,4896849.92,640,512,9,2
s,2.0,12543054888.833654,2448424.96,53571133.44,4896849.92,704,512,9,2
m,2.0,25086109777.66731,2448424.96,53571133.44,4896849.92,704,512,9,2
l,2.0,62715274444.16827,2448424.96,53571133.44,4896849.92,704,512,9,2
xl,2.0,125430548888.33653,2448424.96,53571133.44,4896849.92,704,512,9,2
s,2.0,11779808428.273878,3098787.84,53571133.44,6197575.68,704,576,9,2
m,2.0,23559616856.547756,3098787.84,53571133.44,6197575.68,704,576,9,2
l,2.0,58899042141.369385,3098787.84,53571133.44,6197575.68,704,576,9,2
xl,2.0,117798084282.73877,3098787.84,53571133.44,6197575.68,704,576,9,2
l,2.0,53023317989.046844,3098787.84,63754076.160000004,6197575.68,768,576,9,2
xl,2.0,106046635978.09369,3098787.84,63754076.160000004,6197575.68,768,576,9,2
l,2.0,47906784416.85174,3098787.84,74822492.16,6197575.68,832,576,9,2
xl,2.0,95813568833.70348,3098787.84,74822492.16,6197575.68,832,576,9,2
l,2.0,45402879817.057396,3825664.0,74822492.16,7651328.0,832,640,9,2
xl,2.0,90805759634.11479,3825664.0,74822492.16,7651328.0,832,640,9,2
l,2.0,41370011251.90171,3825664.0,86776381.44,7651328.0,896,640,9,2
xl,2.0,82740022503.80342,3825664.0,86776381.44,7651328.0,896,640,9,2
l,2.0,39306164811.59178,4629053.4399999995,86776381.44,9258106.879999999,896,704,9,2
xl,2.0,78612329623.18356,4629053.4399999995,86776381.44,9258106.879999999,896,704,9,2
l,2.0,36073491442.48822,4629053.4399999995,99615744.0,9258106.879999999,960,704,9,2
xl,2.0,72146982884.97644,4629053.4399999995,99615744.0,9258106.879999999,960,704,9,2
l,2.0,33185224226.347816,4629053.4399999995,113340579.84,9258106.879999999,1024,704,9,2
xl,2.0,66370448452.69563,4629053.4399999995,113340579.84,9258106.879999999,1024,704,9,2
l,2.0,34354310913.2725,5508956.16,99615744.0,11017912.32,960,768,9,2
xl,2.0,68708621826.545,5508956.16,99615744.0,11017912.32,960,768,9,2
l,2.0,31724746362.83549,5508956.16,113340579.84,11017912.32,1024,768,9,2
xl,2.0,63449492725.67098,5508956.16,113340579.84,11017912.32,1024,768,9,2
xl,2.0,58708423328.64963,5508956.16,127950888.96,11017912.32,1088,768,9,2
xl,2.0,60557587758.38963,6465372.16,113340579.84,12930744.32,1024,832,9,2
xl,2.0,56224088454.14685,6465372.16,127950888.96,12930744.32,1088,832,9,2
xl,2.0,52287185382.985985,6465372.16,143446671.35999998,12930744.32,1152,832,9,2
xl,2.0,48707475213.997185,6465372.16,159827927.04000002,12930744.32,1216,832,9,2
xl,2.0,53770291819.822105,7498301.4399999995,127950888.96,14996602.879999999,1088,896,9,2
xl,2.0,50158490235.671585,7498301.4399999995,143446671.35999998,14996602.879999999,1152,896,9,2
xl,2.0,46855111176.68328,7498301.4399999995,159827927.04000002,14996602.879999999,1216,896,9,2
xl,2.0,45018546301.3242,8607744.0,159827927.04000002,17215488.0,1216,960,9,2
s,2.0,59268959770.392235,344309.76,7695892.48,688619.52,256,192,10,2
m,2.0,118537919540.78447,344309.76,7695892.48,688619.52,256,192,10,2
s,2.0,41027342511.58967,612106.24,12024832.0,1224212.48,320,256,10,2
m,2.0,82054685023.17934,612106.24,12024832.0,1224212.48,320,256,10,2
s,2.0,30117010125.868862,956416.0,17315758.080000002,1912832.0,384,320,10,2
m,2.0,60234020251.737724,956416.0,17315758.080000002,1912832.0,384,320,10,2
l,2.0,150585050629.3443,956416.0,17315758.080000002,1912832.0,384,320,10,2
s,2.0,25020829340.008972,956416.0,23568670.72,1912832.0,448,320,10,2
m,2.0,50041658680.017944,956416.0,23568670.72,1912832.0,448,320,10,2
l,2.0,125104146700.04486,956416.0,23568670.72,1912832.0,448,320,10,2
xl,2.0,250208293400.08972,956416.0,23568670.72,1912832.0,448,320,10,2
s,2.0,23061798624.285854,1377239.04,23568670.72,2754478.08,448,384,10,2
m,2.0,46123597248.57171,1377239.04,23568670.72,2754478.08,448,384,10,2
l,2.0,115308993121.42928,1377239.04,23568670.72,2754478.08,448,384,10,2
xl,2.0,230617986242.85855,1377239.04,23568670.72,2754478.08,448,384,10,2
s,2.0,19660842477.103584,1377239.04,30783569.92,2754478.08,512,384,10,2
m,2.0,39321684954.20717,1377239.04,30783569.92,2754478.08,512,384,10,2
l,2.0,98304212385.51791,1377239.04,30783569.92,2754478.08,512,384,10,2
xl,2.0,196608424771.03583,1377239.04,30783569.92,2754478.08,512,384,10,2
s,2.0,15851270224.927345,1874575.3599999999,38960455.67999999,3749150.7199999997,576,448,10,2
m,2.0,31702540449.85469,1874575.3599999999,38960455.67999999,3749150.7199999997,576,448,10,2
l,2.0,79256351124.63672,1874575.3599999999,38960455.67999999,3749150.7199999997,576,448,10,2
xl,2.0,158512702249.27344,1874575.3599999999,38960455.67999999,3749150.7199999997,576,448,10,2
s,2.0,13048285621.452307,2448424.96,48099328.0,4896849.92,640,512,10,2
m,2.0,26096571242.904613,2448424.96,48099328.0,4896849.92,640,512,10,2
l,2.0,65241428107.26153,2448424.96,48099328.0,4896849.92,640,512,10,2
xl,2.0,130482856214.52306,2448424.96,48099328.0,4896849.92,640,512,10,2
s,2.0,11580390791.237669,2448424.96,58200186.879999995,4896849.92,704,512,10,2
m,2.0,23160781582.475338,2448424.96,58200186.879999995,4896849.92,704,512,10,2
l,2.0,57901953956.18835,2448424.96,58200186.879999995,4896849.92,704,512,10,2
xl,2.0,115803907912.3767,2448424.96,58200186.879999995,4896849.92,704,512,10,2
s,2.0,10926752380.797733,3098787.84,58200186.879999995,6197575.68,704,576,10,2
m,2.0,21853504761.595467,3098787.84,58200186.879999995,6197575.68,704,576,10,2
l,2.0,54633761903.98866,3098787.84,58200186.879999995,6197575.68,704,576,10,2
xl,2.0,109267523807.97733,3098787.84,58200186.879999995,6197575.68,704,576,10,2
l,2.0,49033622460.04894,3098787.84,69263032.32000001,6197575.68,768,576,10,2
xl,2.0,98067244920.09789,3098787.84,69263032.32000001,6197575.68,768,576,10,2
l,2.0,46413762308.781235,3825664.0,69263032.32000001,7651328.0,768,640,10,2
xl,2.0,92827524617.56247,3825664.0,69263032.32000001,7651328.0,768,640,10,2
l,2.0,42046165263.25312,3825664.0,81287864.32,7651328.0,832,640,10,2
xl,2.0,84092330526.50624,3825664.0,81287864.32,7651328.0,832,640,10,2
l,2.0,38213140350.73818,3825664.0,94274682.88,7651328.0,896,640,10,2
xl,2.0,76426280701.47636,3825664.0,94274682.88,7651328.0,896,640,10,2
l,2.0,39916041071.81547,4629053.4399999995,81287864.32,9258106.879999999,832,704,10,2
xl,2.0,79832082143.63094,4629053.4399999995,81287864.32,9258106.879999999,832,704,10,2
l,2.0,36445524043.670845,4629053.4399999995,94274682.88,9258106.879999999,896,704,10,2
xl,2.0,72891048087.34169,4629053.4399999995,94274682.88,9258106.879999999,896,704,10,2
l,2.0,33365122126.938416,4629053.4399999995,108223488.0,9258106.879999999,960,704,10,2
xl,2.0,66730244253.87683,4629053.4399999995,108223488.0,9258106.879999999,960,704,10,2
l,2.0,34691562282.031525,5508956.16,94274682.88,11017912.32,896,768,10,2
xl,2.0,69383124564.06305,5508956.16,94274682.88,11017912.32,896,768,10,2
l,2.0,31889118915.053032,5508956.16,108223488.0,11017912.32,960,768,10,2
xl,2.0,63778237830.106064,5508956.16,108223488.0,11017912.32,960,768,10,2
xl,2.0,58755367213.48679,5508956.16,123134279.68,11017912.32,1024,768,10,2
l,2.0,30428488976.894768,6465372.16,108223488.0,12930744.32,960,832,10,2
xl,2.0,60856977953.789536,6465372.16,108223488.0,12930744.32,960,832,10,2
xl,2.0,56267141942.34073,6465372.16,123134279.68,12930744.32,1024,832,10,2
xl,2.0,52119862059.856606,6465372.16,139007057.92,12930744.32,1088,832,10,2
xl,2.0,48368729089.46321,6465372.16,155841822.71999997,12930744.32,1152,832,10,2
xl,2.0,50004493523.79883,7498301.4399999995,139007057.92,14996602.879999999,1088,896,10,2
xl,2.0,46541557479.42816,7498301.4399999995,155841822.71999997,14996602.879999999,1152,896,10,2
xl,2.0,44729015450.38956,8607744.0,155841822.71999997,17215488.0,1152,960,10,2
s,2.0,52122383422.99384,344309.76,10625679.36,1032929.28,384,192,6,3
m,2.0,104244766845.98769,344309.76,10625679.36,1032929.28,384,192,6,3
s,2.0,32576939538.200985,612106.24,18890096.64,1836318.72,512,256,6,3
m,2.0,65153879076.40197,612106.24,18890096.64,1836318.72,512,256,6,3
l,2.0,162884697691.0049,612106.24,18890096.64,1836318.72,512,256,6,3
s,2.0,22338693190.022575,956416.0,29515776.0,2869248.0,640,320,6,3
m,2.0,44677386380.04515,956416.0,29515776.0,2869248.0,640,320,6,3
l,2.0,111693465950.11287,956416.0,29515776.0,2869248.0,640,320,6,3
xl,2.0,223386931900.22574,956416.0,29515776.0,2869248.0,640,320,6,3
s,2.0,19765171296.422443,956416.0,35714088.96,2869248.0,704,320,6,3
m,2.0,39530342592.84489,956416.0,35714088.96,2869248.0,704,320,6,3
l,2.0,98825856482.11221,956416.0,35714088.96,2869248.0,704,320,6,3
xl,2.0,197651712964.22443,956416.0,35714088.96,2869248.0,704,320,6,3
s,2.0,18142019841.57587,1377239.04,35714088.96,4131717.12,704,384,6,3
m,2.0,36284039683.15174,1377239.04,35714088.96,4131717.12,704,384,6,3
l,2.0,90710099207.87936,1377239.04,35714088.96,4131717.12,704,384,6,3
xl,2.0,181420198415.75873,1377239.04,35714088.96,4131717.12,704,384,6,3
s,2.0,16288750964.606804,1377239.04,42502717.44,4131717.12,768,384,6,3
m,2.0,32577501929.213608,1377239.04,42502717.44,4131717.12,768,384,6,3
l,2.0,81443754823.03401,1377239.04,42502717.44,4131717.12,768,384,6,3
xl,2.0,162887509646.06802,1377239.04,42502717.44,4131717.12,768,384,6,3
s,2.0,14682949865.427124,1377239.04,49881661.44,4131717.12,832,384,6,3
m,2.0,29365899730.854248,1377239.04,49881661.44,4131717.12,832,384,6,3
l,2.0,73414749327.13562,1377239.04,49881661.44,4131717.12,832,384,6,3
xl,2.0,146829498654.27124,1377239.04,49881661.44,4131717.12,832,384,6,3
s,2.0,13620315873.125708,1874575.3599999999,49881661.44,5623726.08,832,448,6,3
m,2.0,27240631746.251415,1874575.3599999999,49881661.44,5623726.08,832,448,6,3
l,2.0,68101579365.62854,1874575.3599999999,49881661.44,5623726.08,832,448,6,3
xl,2.0,136203158731.25708,1874575.3599999999,49881661.44,5623726.08,832,448,6,3
s,2.0,12410548341.790297,1874575.3599999999,57850920.96,5623726.08,896,448,6,3
m,2.0,24821096683.580593,1874575.3599999999,57850920.96,5623726.08,896,448,6,3
l,2.0,62052741708.951485,1874575.3599999999,57850920.96,5623726.08,896,448,6,3
xl,2.0,124105483417.90297,1874575.3599999999,57850920.96,5623726.08,896,448,6,3
l,2.0,56704621637.51392,1874575.3599999999,66410496.0,5623726.08,960,448,6,3
xl,2.0,113409243275.02785,1874575.3599999999,66410496.0,5623726.08,960,448,6,3
l,2.0,53035379924.010025,2448424.96,66410496.0,7345274.88,960,512,6,3
xl,2.0,106070759848.02005,2448424.96,66410496.0,7345274.88,960,512,6,3
l,2.0,48866759059.712616,2448424.96,75560386.56,7345274.88,1024,512,6,3
xl,2.0,97733518119.42523,2448424.96,75560386.56,7345274.88,1024,512,6,3
l,2.0,45124670526.36962,2448424.96,85300592.64,7345274.88,1088,512,6,3
xl,2.0,90249341052.73924,2448424.96,85300592.64,7345274.88,1088,512,6,3
l,2.0,42483947702.0619,3098787.84,85300592.64,9296363.52,1088,576,6,3
xl,2.0,84967895404.1238,3098787.84,85300592.64,9296363.52,1088,576,6,3
l,2.0,39488438886.979294,3098787.84,95631114.24,9296363.52,1152,576,6,3
xl,2.0,78976877773.95859,3098787.84,95631114.24,9296363.52,1152,576,6,3
l,2.0,36767435842.836365,3098787.84,106551951.36000001,9296363.52,1216,576,6,3
xl,2.0,73534871685.67273,3098787.84,106551951.36000001,9296363.52,1216,576,6,3
l,2.0,34803380922.26246,3825664.0,106551951.36000001,11476992.0,1216,640,6,3
xl,2.0,69606761844.52492,3825664.0,106551951.36000001,11476992.0,1216,640,6,3
xl,2.0,65156128679.2884,3825664.0,118063104.0,11476992.0,1280,640,6,3
xl,2.0,61751750580.12263,4629053.4399999995,118063104.0,13887160.319999998,1280,704,6,3
s,2.0,57220428949.23773,344309.76,8608768.0,1032929.28,320,192,7,3
m,2.0,114440857898.47546,344309.76,8608768.0,1032929.28,320,192,7,3
s,2.0,46096201903.075424,344309.76,12396625.92,1032929.28,384,192,7,3
m,2.0,92192403806.15085,344309.76,12396625.92,1032929.28,384,192,7,3
s,2.0,34036142091.62451,612106.24,16873185.28,1836318.72,448,256,7,3
m,2.0,68072284183.24902,612106.24,16873185.28,1836318.72,448,256,7,3
l,2.0,170180710458.12256,612106.24,16873185.28,1836318.72,448,256,7,3
s,2.0,28875803699.089325,612106.24,22038446.08,1836318.72,512,256,7,3
m,2.0,57751607398.17865,612106.24,22038446.08,1836318.72,512,256,7,3
l,2.0,144379018495.44662,612106.24,22038446.08,1836318.72,512,256,7,3
s,2.0,22656307898.19483,956416.0,27892408.32,2869248.0,576,320,7,3
m,2.0,45312615796.38966,956416.0,27892408.32,2869248.0,576,320,7,3
l,2.0,113281539490.97417,956416.0,27892408.32,2869248.0,576,320,7,3
xl,2.0,226563078981.94833,956416.0,27892408.32,2869248.0,576,320,7,3
s,2.0,19832845603.99424,956416.0,34435072.0,2869248.0,640,320,7,3
m,2.0,39665691207.98848,956416.0,34435072.0,2869248.0,640,320,7,3
l,2.0,99164228019.9712,956416.0,34435072.0,2869248.0,640,320,7,3
xl,2.0,198328456039.9424,956416.0,34435072.0,2869248.0,640,320,7,3
s,2.0,18199019444.985466,1377239.04,34435072.0,4131717.12,640,384,7,3
m,2.0,36398038889.97093,1377239.04,34435072.0,4131717.12,640,384,7,3
l,2.0,90995097224.92734,1377239.04,34435072.0,4131717.12,640,384,7,3
xl,2.0,181990194449.85468,1377239.04,34435072.0,4131717.12,640,384,7,3
s,2.0,16194822103.377277,1377239.04,41666437.120000005,4131717.12,704,384,7,3
m,2.0,32389644206.754555,1377239.04,41666437.120000005,4131717.12,704,384,7,3
l,2.0,80974110516.88638,1377239.04,41666437.120000005,4131717.12,704,384,7,3
xl,2.0,161948221033.77277,1377239.04,41666437.120000005,4131717.12,704,384,7,3
s,2.0,14479161442.585217,1377239.04,49586503.68,4131717.12,768,384,7,3
m,2.0,28958322885.170433,1377239.04,49586503.68,4131717.12,768,384,7,3
l,2.0,72395807212.92609,1377239.04,49586503.68,4131717.12,768,384,7,3
xl,2.0,144791614425.85217,1377239.04,49586503.68,4131717.12,768,384,7,3
s,2.0,13444780886.641352,1874575.3599999999,49586503.68,5623726.08,768,448,7,3
m,2.0,26889561773.282703,1874575.3599999999,49586503.68,5623726.08,768,448,7,3
l,2.0,67223904433.20676,1874575.3599999999,49586503.68,5623726.08,768,448,7,3
xl,2.0,134447808866.41351,1874575.3599999999,49586503.68,5623726.08,768,448,7,3
s,2.0,12163752523.492098,1874575.3599999999,58195271.68,5623726.08,832,448,7,3
m,2.0,24327505046.984196,1874575.3599999999,58195271.68,5623726.08,832,448,7,3
l,2.0,60818762617.460495,1874575.3599999999,58195271.68,5623726.08,832,448,7,3
xl,2.0,121637525234.92099,1874575.3599999999,58195271.68,5623726.08,832,448,7,3
l,2.0,55211303215.58687,1874575.3599999999,67492741.12,5623726.08,896,448,7,3
xl,2.0,110422606431.17374,1874575.3599999999,67492741.12,5623726.08,896,448,7,3
l,2.0,51726838171.87336,2448424.96,67492741.12,7345274.88,896,512,7,3
xl,2.0,103453676343.74672,2448424.96,67492741.12,7345274.88,896,512,7,3
l,2.0,47380861483.341736,2448424.96,77478912.0,7345274.88,960,512,7,3
xl,2.0,94761722966.68347,2448424.96,77478912.0,7345274.88,960,512,7,3
l,2.0,43512091755.49205,2448424.96,88153784.32,7345274.88,1024,512,7,3
xl,2.0,87024183510.9841,2448424.96,88153784.32,7345274.88,1024,512,7,3
l,2.0,44477963607.13672,3098787.84,77478912.0,9296363.52,960,576,7,3
xl,2.0,88955927214.27344,3098787.84,77478912.0,9296363.52,960,576,7,3
l,2.0,41051589065.63274,3098787.84,88153784.32,9296363.52,1024,576,7,3
xl,2.0,82103178131.26547,3098787.84,88153784.32,9296363.52,1024,576,7,3
l,2.0,37965868603.94114,3098787.84,99517358.08,9296363.52,1088,576,7,3
xl,2.0,75931737207.88228,3098787.84,99517358.08,9296363.52,1088,576,7,3
l,2.0,35183260857.84252,3098787.84,111569633.28,9296363.52,1152,576,7,3
xl,2.0,70366521715.68504,3098787.84,111569633.28,9296363.52,1152,576,7,3
l,2.0,35875330441.64164,3825664.0,99517358.08,11476992.0,1088,640,7,3
xl,2.0,71750660883.28328,3825664.0,99517358.08,11476992.0,1088,640,7,3
l,2.0,33380658882.63456,3825664.0,111569633.28,11476992.0,1152,640,7,3
xl,2.0,66761317765.26912,3825664.0,111569633.28,11476992.0,1152,640,7,3
xl,2.0,62220141023.21394,3825664.0,124310609.92000002,11476992.0,1216,640,7,3
xl,2.0,58082630115.314,3825664.0,137740288.0,11476992.0,1280,640,7,3
xl,2.0,59108331991.81064,4629053.4399999995,124310609.92000002,13887160.319999998,1216,704,7,3
xl,2.0,55361869913.00594,4629053.4399999995,137740288.0,13887160.319999998,1280,704,7,3
xl,2.0,52665427450.00142,5508956.16,137740288.0,16526868.48,1280,768,7,3
s,2.0,51594465454.261116,344309.76,9838592.0,1032929.28,320,192,8,3
m,2.0,103188930908.52223,344309.76,9838592.0,1032929.28,320,192,8,3
s,2.0,30707846822.774548,612106.24,19283640.32,1836318.72,448,256,8,3
m,2.0,61415693645.549095,612106.24,19283640.32,1836318.72,448,256,8,3
l,2.0,153539234113.87274,612106.24,19283640.32,1836318.72,448,256,8,3
s,2.0,23637719997.961937,956416.0,25186795.52,2869248.0,512,320,8,3
m,2.0,47275439995.923874,956416.0,25186795.52,2869248.0,512,320,8,3
l,2.0,118188599989.80968,956416.0,25186795.52,2869248.0,512,320,8,3
xl,2.0,236377199979.61935,956416.0,25186795.52,2869248.0,512,320,8,3
s,2.0,20451489302.9745,956416.0,31877038.08,2869248.0,576,320,8,3
m,2.0,40902978605.949,956416.0,31877038.08,2869248.0,576,320,8,3
l,2.0,102257446514.8725,956416.0,31877038.08,2869248.0,576,320,8,3
xl,2.0,204514893029.745,956416.0,31877038.08,2869248.0,576,320,8,3
s,2.0,16500548124.447906,1377239.04,39354368.0,4131717.12,640,384,8,3
m,2.0,33001096248.895813,1377239.04,39354368.0,4131717.12,640,384,8,3
l,2.0,82502740622.23953,1377239.04,39354368.0,4131717.12,640,384,8,3
xl,2.0,165005481244.47906,1377239.04,39354368.0,4131717.12,640,384,8,3
s,2.0,14625098402.342081,1377239.04,47618785.28,4131717.12,704,384,8,3
m,2.0,29250196804.684162,1377239.04,47618785.28,4131717.12,704,384,8,3
l,2.0,73125492011.7104,1377239.04,47618785.28,4131717.12,704,384,8,3
xl,2.0,146250984023.4208,1377239.04,47618785.28,4131717.12,704,384,8,3
s,2.0,13570520850.92073,1874575.3599999999,47618785.28,5623726.08,704,448,8,3
m,2.0,27141041701.84146,1874575.3599999999,47618785.28,5623726.08,704,448,8,3
l,2.0,67852604254.60365,1874575.3599999999,47618785.28,5623726.08,704,448,8,3
xl,2.0,135705208509.2073,1874575.3599999999,47618785.28,5623726.08,704,448,8,3
s,2.0,12187539565.628447,1874575.3599999999,56670289.92,5623726.08,768,448,8,3
m,2.0,24375079131.256893,1874575.3599999999,56670289.92,5623726.08,768,448,8,3
l,2.0,60937697828.142235,1874575.3599999999,56670289.92,5623726.08,768,448,8,3
xl,2.0,121875395656.28447,1874575.3599999999,56670289.92,5623726.08,768,448,8,3
l,2.0,54943118242.40084,1874575.3599999999,66508881.92,5623726.08,832,448,8,3
xl,2.0,109886236484.80168,1874575.3599999999,66508881.92,5623726.08,832,448,8,3
l,2.0,51491363898.10603,2448424.96,66508881.92,7345274.88,832,512,8,3
xl,2.0,102982727796.21207,2448424.96,66508881.92,7345274.88,832,512,8,3
l,2.0,46884009231.21387,2448424.96,77134561.28,7345274.88,896,512,8,3
xl,2.0,93768018462.42773,2448424.96,77134561.28,7345274.88,896,512,8,3
l,2.0,42815919943.8698,2448424.96,88547328.0,7345274.88,960,512,8,3
xl,2.0,85631839887.7396,2448424.96,88547328.0,7345274.88,960,512,8,3
l,2.0,40431363654.95677,3098787.84,88547328.0,9296363.52,960,576,8,3
xl,2.0,80862727309.91354,3098787.84,88547328.0,9296363.52,960,576,8,3
l,2.0,37205285090.63431,3098787.84,100747182.08,9296363.52,1024,576,8,3
xl,2.0,74410570181.26862,3098787.84,100747182.08,9296363.52,1024,576,8,3
l,2.0,34316391994.970768,3098787.84,113734123.52,9296363.52,1088,576,8,3
xl,2.0,68632783989.941536,3098787.84,113734123.52,9296363.52,1088,576,8,3
l,2.0,35195451820.49212,3825664.0,100747182.08,11476992.0,1024,640,8,3
xl,2.0,70390903640.98424,3825664.0,100747182.08,11476992.0,1024,640,8,3
l,2.0,32599355658.974415,3825664.0,113734123.52,11476992.0,1088,640,8,3
xl,2.0,65198711317.94883,3825664.0,113734123.52,11476992.0,1088,640,8,3
xl,2.0,60503009592.009674,3825664.0,127508152.32,11476992.0,1152,640,8,3
xl,2.0,56250841152.578255,3825664.0,142069268.48000002,11476992.0,1216,640,8,3
xl,2.0,57556521056.21981,4629053.4399999995,127508152.32,13887160.319999998,1152,704,8,3
xl,2.0,53695212051.72247,4629053.4399999995,142069268.48000002,13887160.319999998,1216,704,8,3
xl,2.0,50170392459.685104,4629053.4399999995,157417472.0,13887160.319999998,1280,704,8,3
xl,2.0,51154952788.15282,5508956.16,142069268.48000002,16526868.48,1216,768,8,3
xl,2.0,47945788248.029175,5508956.16,157417472.0,16526868.48,1280,768,8,3
s,2.0,46975766307.03223,344309.76,11068416.0,1032929.28,320,192,9,3
m,2.0,93951532614.06445,344309.76,11068416.0,1032929.28,320,192,9,3
s,2.0,33712243851.134842,612106.24,15938519.040000001,1836318.72,384,256,9,3
m,2.0,67424487702.269684,612106.24,15938519.040000001,1836318.72,384,256,9,3
l,2.0,168561219255.67422,612106.24,15938519.040000001,1836318.72,384,256,9,3
s,2.0,27972497690.90389,612106.24,21694095.36,1836318.72,448,256,9,3
m,2.0,55944995381.80778,612106.24,21694095.36,1836318.72,448,256,9,3
l,2.0,139862488454.51944,612106.24,21694095.36,1836318.72,448,256,9,3
s,2.0,21626402941.091145,956416.0,28335144.96,2869248.0,512,320,9,3
m,2.0,43252805882.18229,956416.0,28335144.96,2869248.0,512,320,9,3
l,2.0,108132014705.45573,956416.0,28335144.96,2869248.0,512,320,9,3
xl,2.0,216264029410.91147,956416.0,28335144.96,2869248.0,512,320,9,3
s,2.0,18637741083.355766,956416.0,35861667.839999996,2869248.0,576,320,9,3
m,2.0,37275482166.71153,956416.0,35861667.839999996,2869248.0,576,320,9,3
l,2.0,93188705416.77882,956416.0,35861667.839999996,2869248.0,576,320,9,3
xl,2.0,186377410833.55765,956416.0,35861667.839999996,2869248.0,576,320,9,3
s,2.0,17187689047.391834,1377239.04,35861667.839999996,4131717.12,576,384,9,3
m,2.0,34375378094.78367,1377239.04,35861667.839999996,4131717.12,576,384,9,3
l,2.0,85938445236.95917,1377239.04,35861667.839999996,4131717.12,576,384,9,3
xl,2.0,171876890473.91833,1377239.04,35861667.839999996,4131717.12,576,384,9,3
s,2.0,15092043499.780077,1377239.04,44273664.0,4131717.12,640,384,9,3
m,2.0,30184086999.560154,1377239.04,44273664.0,4131717.12,640,384,9,3
l,2.0,75460217498.90038,1377239.04,44273664.0,4131717.12,640,384,9,3
xl,2.0,150920434997.80075,1377239.04,44273664.0,4131717.12,640,384,9,3
s,2.0,12450723720.926794,1874575.3599999999,53571133.44,5623726.08,704,448,9,3
m,2.0,24901447441.85359,1874575.3599999999,53571133.44,5623726.08,704,448,9,3
l,2.0,62253618604.63397,1874575.3599999999,53571133.44,5623726.08,704,448,9,3
xl,2.0,124507237209.26794,1874575.3599999999,53571133.44,5623726.08,704,448,9,3
l,2.0,55726619336.02489,1874575.3599999999,63754076.160000004,5623726.08,768,448,9,3
xl,2.0,111453238672.04977,1874575.3599999999,63754076.160000004,5623726.08,768,448,9,3
l,2.0,52178895850.3495,2448424.96,63754076.160000004,7345274.88,768,512,9,3
xl,2.0,104357791700.699,2448424.96,63754076.160000004,7345274.88,768,512,9,3
l,2.0,47216405110.74841,2448424.96,74822492.16,7345274.88,832,512,9,3
xl,2.0,94432810221.49683,2448424.96,74822492.16,7345274.88,832,512,9,3
l,2.0,42870352295.46771,2448424.96,86776381.44,7345274.88,896,512,9,3
xl,2.0,85740704590.93542,2448424.96,86776381.44,7345274.88,896,512,9,3
l,2.0,40479898379.366745,3098787.84,86776381.44,9296363.52,896,576,9,3
xl,2.0,80959796758.73349,3098787.84,86776381.44,9296363.52,896,576,9,3
l,2.0,37059678425.21285,3098787.84,99615744.0,9296363.52,960,576,9,3
xl,2.0,74119356850.4257,3098787.84,99615744.0,9296363.52,960,576,9,3
l,2.0,34017989958.42059,3098787.84,113340579.84,9296363.52,1024,576,9,3
xl,2.0,68035979916.84118,3098787.84,113340579.84,9296363.52,1024,576,9,3
l,2.0,35065124070.50772,3825664.0,99615744.0,11476992.0,960,640,9,3
xl,2.0,70130248141.01544,3825664.0,99615744.0,11476992.0,960,640,9,3
l,2.0,32329950708.008747,3825664.0,113340579.84,11476992.0,1024,640,9,3
xl,2.0,64659901416.017494,3825664.0,113340579.84,11476992.0,1024,640,9,3
xl,2.0,59743226937.12711,3825664.0,127950888.96,11476992.0,1088,640,9,3
xl,2.0,55317465643.10982,3825664.0,143446671.35999998,11476992.0,1152,640,9,3
xl,2.0,56868518315.085945,4629053.4399999995,127950888.96,13887160.319999998,1088,704,9,3
xl,2.0,52844079877.90038,4629053.4399999995,143446671.35999998,13887160.319999998,1152,704,9,3
xl,2.0,49190375065.858826,4629053.4399999995,159827927.04000002,13887160.319999998,1216,704,9,3
xl,2.0,50381868119.9448,5508956.16,143446671.35999998,16526868.48,1152,768,9,3
xl,2.0,47049977974.13622,5508956.16,159827927.04000002,16526868.48,1216,768,9,3
s,2.0,43116048866.805374,344309.76,12024832.0,1032929.28,320,192,10,3
m,2.0,86232097733.61075,344309.76,12024832.0,1032929.28,320,192,10,3
s,2.0,31083934700.54105,612106.24,17315758.080000002,1836318.72,384,256,10,3
m,2.0,62167869401.0821,612106.24,17315758.080000002,1836318.72,384,256,10,3
l,2.0,155419673502.70526,612106.24,17315758.080000002,1836318.72,384,256,10,3
s,2.0,19930528237.44485,956416.0,30783569.92,2869248.0,512,320,10,3
m,2.0,39861056474.8897,956416.0,30783569.92,2869248.0,512,320,10,3
l,2.0,99652641187.22426,956416.0,30783569.92,2869248.0,512,320,10,3
xl,2.0,199305282374.44852,956416.0,30783569.92,2869248.0,512,320,10,3
s,2.0,15888259886.661644,1377239.04,38960455.67999999,4131717.12,576,384,10,3
m,2.0,31776519773.323288,1377239.04,38960455.67999999,4131717.12,576,384,10,3
l,2.0,79441299433.30823,1377239.04,38960455.67999999,4131717.12,576,384,10,3
xl,2.0,158882598866.61646,1377239.04,38960455.67999999,4131717.12,576,384,10,3
s,2.0,13905089987.334932,1377239.04,48099328.0,4131717.12,640,384,10,3
m,2.0,27810179974.669865,1377239.04,48099328.0,4131717.12,640,384,10,3
l,2.0,69525449936.67467,1377239.04,48099328.0,4131717.12,640,384,10,3
xl,2.0,139050899873.34933,1377239.04,48099328.0,4131717.12,640,384,10,3
s,2.0,12948396120.914104,1874575.3599999999,48099328.0,5623726.08,640,448,10,3
m,2.0,25896792241.82821,1874575.3599999999,48099328.0,5623726.08,640,448,10,3
l,2.0,64741980604.570526,1874575.3599999999,48099328.0,5623726.08,640,448,10,3
xl,2.0,129483961209.14105,1874575.3599999999,48099328.0,5623726.08,640,448,10,3
s,2.0,11501643877.511917,1874575.3599999999,58200186.879999995,5623726.08,704,448,10,3
m,2.0,23003287755.023834,1874575.3599999999,58200186.879999995,5623726.08,704,448,10,3
l,2.0,57508219387.559586,1874575.3599999999,58200186.879999995,5623726.08,704,448,10,3
xl,2.0,115016438775.11917,1874575.3599999999,58200186.879999995,5623726.08,704,448,10,3
l,2.0,51336579132.4931,1874575.3599999999,69263032.32000001,5623726.08,768,448,10,3
xl,2.0,102673158264.9862,1874575.3599999999,69263032.32000001,5623726.08,768,448,10,3
l,2.0,48310628790.985275,2448424.96,69263032.32000001,7345274.88,768,512,10,3
xl,2.0,96621257581.97055,2448424.96,69263032.32000001,7345274.88,768,512,10,3
l,2.0,43596869587.95436,2448424.96,81287864.32,7345274.88,832,512,10,3
xl,2.0,87193739175.90872,2448424.96,81287864.32,7345274.88,832,512,10,3
l,2.0,41127041713.49096,3098787.84,81287864.32,9296363.52,832,576,10,3
xl,2.0,82254083426.98192,3098787.84,81287864.32,9296363.52,832,576,10,3
l,2.0,37452441272.12719,3098787.84,94274682.88,9296363.52,896,576,10,3
xl,2.0,74904882544.25438,3098787.84,94274682.88,9296363.52,896,576,10,3
l,2.0,34207055752.890312,3098787.84,108223488.0,9296363.52,960,576,10,3
xl,2.0,68414111505.780624,3098787.84,108223488.0,9296363.52,960,576,10,3
l,2.0,32500671333.867073,3825664.0,108223488.0,11476992.0,960,640,10,3
xl,2.0,65001342667.734146,3825664.0,108223488.0,11476992.0,960,640,10,3
xl,2.0,59791840971.84147,3825664.0,123134279.68,11476992.0,1024,640,10,3
xl,2.0,55130220756.92857,3825664.0,139007057.92,11476992.0,1088,640,10,3
xl,2.0,56912564787.80679,4629053.4399999995,123134279.68,13887160.319999998,1024,704,10,3
xl,2.0,52673179181.911804,4629053.4399999995,139007057.92,13887160.319999998,1088,704,10,3
xl,2.0,48844902613.48646,4629053.4399999995,155841822.71999997,13887160.319999998,1152,704,10,3
xl,2.0,50226498847.60642,5508956.16,139007057.92,16526868.48,1088,768,10,3
xl,2.0,46733819561.264046,5508956.16,155841822.71999997,16526868.48,1152,768,10,3
s,2.0,28835807381.01442,612106.24,19086704.64,1836318.72,384,256,11,3
m,2.0,57671614762.02884,612106.24,19086704.64,1836318.72,384,256,11,3
l,2.0,144179036905.0721,612106.24,19086704.64,1836318.72,384,256,11,3
s,2.0,21806469723.471775,956416.0,25979125.759999998,2869248.0,448,320,11,3
m,2.0,43612939446.94355,956416.0,25979125.759999998,2869248.0,448,320,11,3
l,2.0,109032348617.35887,956416.0,25979125.759999998,2869248.0,448,320,11,3
xl,2.0,218064697234.71774,956416.0,25979125.759999998,2869248.0,448,320,11,3
s,2.0,18481283906.207005,956416.0,33931919.36,2869248.0,512,320,11,3
m,2.0,36962567812.41401,956416.0,33931919.36,2869248.0,512,320,11,3
l,2.0,92406419531.03502,956416.0,33931919.36,2869248.0,512,320,11,3
xl,2.0,184812839062.07004,956416.0,33931919.36,2869248.0,512,320,11,3
s,2.0,14771500206.890814,1377239.04,42945085.44,4131717.12,576,384,11,3
m,2.0,29543000413.781628,1377239.04,42945085.44,4131717.12,576,384,11,3
l,2.0,73857501034.45407,1377239.04,42945085.44,4131717.12,576,384,11,3
xl,2.0,147715002068.90814,1377239.04,42945085.44,4131717.12,576,384,11,3
s,2.0,12064811068.610546,1874575.3599999999,53018624.0,5623726.08,640,448,11,3
m,2.0,24129622137.221092,1874575.3599999999,53018624.0,5623726.08,640,448,11,3
l,2.0,60324055343.052734,1874575.3599999999,53018624.0,5623726.08,640,448,11,3
xl,2.0,120648110686.10547,1874575.3599999999,53018624.0,5623726.08,640,448,11,3
l,2.0,53435033419.62074,1874575.3599999999,64152535.04,5623726.08,704,448,11,3
xl,2.0,106870066839.24149,1874575.3599999999,64152535.04,5623726.08,704,448,11,3
l,2.0,50164527127.91359,2448424.96,64152535.04,7345274.88,704,512,11,3
xl,2.0,100329054255.82718,2448424.96,64152535.04,7345274.88,704,512,11,3
l,2.0,44976322391.38424,2448424.96,76346818.56,7345274.88,768,512,11,3
xl,2.0,89952644782.76848,2448424.96,76346818.56,7345274.88,768,512,11,3
l,2.0,40492758280.29222,2448424.96,89601474.56,7345274.88,832,512,11,3
xl,2.0,80985516560.58444,2448424.96,89601474.56,7345274.88,832,512,11,3
l,2.0,38353485764.34712,3098787.84,89601474.56,9296363.52,832,576,11,3
xl,2.0,76706971528.69424,3098787.84,89601474.56,9296363.52,832,576,11,3
l,2.0,34846315060.94713,3098787.84,103916503.03999999,9296363.52,896,576,11,3
xl,2.0,69692630121.89426,3098787.84,103916503.03999999,9296363.52,896,576,11,3
l,2.0,33077206310.628826,3825664.0,103916503.03999999,11476992.0,896,640,11,3
xl,2.0,66154412621.25765,3825664.0,103916503.03999999,11476992.0,896,640,11,3
xl,2.0,60571506213.71585,3825664.0,119291904.0,11476992.0,960,640,11,3
xl,2.0,55605463460.80831,3825664.0,135727677.44,11476992.0,1024,640,11,3
xl,2.0,57618505159.58872,4629053.4399999995,119291904.0,13887160.319999998,960,704,11,3
xl,2.0,53106838056.18137,4629053.4399999995,135727677.44,13887160.319999998,1024,704,11,3
xl,2.0,49054314289.89598,4629053.4399999995,153223823.36,13887160.319999998,1088,704,11,3
xl,2.0,46925485299.53985,5508956.16,153223823.36,16526868.48,1088,768,11,3
s,2.0,48402677564.874146,344309.76,9270067.2,1032929.28,256,192,12,3
m,2.0,96805355129.74829,344309.76,9270067.2,1032929.28,256,192,12,3
s,2.0,26890936214.183,612106.24,20857651.2,1836318.72,384,256,12,3
m,2.0,53781872428.366,612106.24,20857651.2,1836318.72,384,256,12,3
l,2.0,134454681070.915,612106.24,20857651.2,1836318.72,384,256,12,3
s,2.0,20390526142.651154,956416.0,28389580.8,2869248.0,448,320,12,3
m,2.0,40781052285.30231,956416.0,28389580.8,2869248.0,448,320,12,3
l,2.0,101952630713.25578,956416.0,28389580.8,2869248.0,448,320,12,3
xl,2.0,203905261426.51157,956416.0,28389580.8,2869248.0,448,320,12,3
s,2.0,15982122443.86281,1377239.04,37080268.8,4131717.12,512,384,12,3
m,2.0,31964244887.72562,1377239.04,37080268.8,4131717.12,512,384,12,3
l,2.0,79910612219.31404,1377239.04,37080268.8,4131717.12,512,384,12,3
xl,2.0,159821224438.62808,1377239.04,37080268.8,4131717.12,512,384,12,3
s,2.0,13801421003.139393,1377239.04,46929715.2,4131717.12,576,384,12,3
m,2.0,27602842006.278786,1377239.04,46929715.2,4131717.12,576,384,12,3
l,2.0,69007105015.69696,1377239.04,46929715.2,4131717.12,576,384,12,3
xl,2.0,138014210031.39392,1377239.04,46929715.2,4131717.12,576,384,12,3
s,2.0,12858455471.790022,1874575.3599999999,46929715.2,5623726.08,576,448,12,3
m,2.0,25716910943.580044,1874575.3599999999,46929715.2,5623726.08,576,448,12,3
l,2.0,64292277358.95011,1874575.3599999999,46929715.2,5623726.08,576,448,12,3
xl,2.0,128584554717.90022,1874575.3599999999,46929715.2,5623726.08,576,448,12,3
s,2.0,11294112599.201704,1874575.3599999999,57937920.0,5623726.08,640,448,12,3
m,2.0,22588225198.403408,1874575.3599999999,57937920.0,5623726.08,640,448,12,3
l,2.0,56470562996.008514,1874575.3599999999,57937920.0,5623726.08,640,448,12,3
xl,2.0,112941125992.01703,1874575.3599999999,57937920.0,5623726.08,640,448,12,3
l,2.0,49900673866.36465,1874575.3599999999,70104883.2,5623726.08,704,448,12,3
xl,2.0,99801347732.7293,1874575.3599999999,70104883.2,5623726.08,704,448,12,3
l,2.0,47036908942.78176,2448424.96,70104883.2,7345274.88,704,512,12,3
xl,2.0,94073817885.56352,2448424.96,70104883.2,7345274.88,704,512,12,3
l,2.0,42072555758.18597,2448424.96,83430604.8,7345274.88,768,512,12,3
xl,2.0,84145111516.37193,2448424.96,83430604.8,7345274.88,768,512,12,3
l,2.0,39767852861.92732,3098787.84,83430604.8,9296363.52,768,576,12,3
xl,2.0,79535705723.85464,3098787.84,83430604.8,9296363.52,768,576,12,3
l,2.0,35930385754.87623,3098787.84,97915084.8,9296363.52,832,576,12,3
xl,2.0,71860771509.75246,3098787.84,97915084.8,9296363.52,832,576,12,3
l,2.0,32579287038.010067,3098787.84,113558323.2,9296363.52,896,576,12,3
xl,2.0,65158574076.020134,3098787.84,113558323.2,9296363.52,896,576,12,3
l,2.0,34052456710.07615,3825664.0,97915084.8,11476992.0,832,640,12,3
xl,2.0,68104913420.1523,3825664.0,97915084.8,11476992.0,832,640,12,3
l,2.0,31027754893.691544,3825664.0,113558323.2,11476992.0,896,640,12,3
xl,2.0,62055509787.38309,3825664.0,113558323.2,11476992.0,896,640,12,3
xl,2.0,56706933125.74059,3825664.0,130360320.0,11476992.0,960,640,12,3
xl,2.0,54110649417.69462,4629053.4399999995,130360320.0,13887160.319999998,960,704,12,3
xl,2.0,49778185220.852036,4629053.4399999995,148321075.2,13887160.319999998,1024,704,12,3
xl,2.0,45900743679.5895,4629053.4399999995,167440588.8,13887160.319999998,1088,704,12,3
xl,2.0,47587467379.209885,5508956.16,148321075.2,16526868.48,1024,768,12,3
xl,2.0,44031615291.564255,5508956.16,167440588.8,16526868.48,1088,768,12,3
s,2.0,45378323072.74995,344309.76,10057154.56,1032929.28,256,192,13,3
m,2.0,90756646145.4999,344309.76,10057154.56,1032929.28,256,192,13,3
s,2.0,31384439010.63474,612106.24,15714304.0,1836318.72,320,256,13,3
m,2.0,62768878021.26948,612106.24,15714304.0,1836318.72,320,256,13,3
l,2.0,156922195053.1737,612106.24,15714304.0,1836318.72,320,256,13,3
s,2.0,25191837657.574745,612106.24,22628597.759999998,1836318.72,384,256,13,3
m,2.0,50383675315.14949,612106.24,22628597.759999998,1836318.72,384,256,13,3
l,2.0,125959188287.87372,612106.24,22628597.759999998,1836318.72,384,256,13,3
xl,2.0,251918376575.74744,612106.24,22628597.759999998,1836318.72,384,256,13,3
s,2.0,19147251629.235046,956416.0,30800035.84,2869248.0,448,320,13,3
m,2.0,38294503258.47009,956416.0,30800035.84,2869248.0,448,320,13,3
l,2.0,95736258146.17523,956416.0,30800035.84,2869248.0,448,320,13,3
xl,2.0,191472516292.35046,956416.0,30800035.84,2869248.0,448,320,13,3
s,2.0,15036594017.543108,1377239.04,40228618.24,4131717.12,512,384,13,3
m,2.0,30073188035.086216,1377239.04,40228618.24,4131717.12,512,384,13,3
l,2.0,75182970087.71555,1377239.04,40228618.24,4131717.12,512,384,13,3
xl,2.0,150365940175.4311,1377239.04,40228618.24,4131717.12,512,384,13,3
s,2.0,12950904600.17209,1377239.04,50914344.95999999,4131717.12,576,384,13,3
m,2.0,25901809200.34418,1377239.04,50914344.95999999,4131717.12,576,384,13,3
l,2.0,64754523000.86045,1377239.04,50914344.95999999,4131717.12,576,384,13,3
xl,2.0,129509046001.7209,1377239.04,50914344.95999999,4131717.12,576,384,13,3
s,2.0,12117068172.021423,1874575.3599999999,50914344.95999999,5623726.08,576,448,13,3
m,2.0,24234136344.042847,1874575.3599999999,50914344.95999999,5623726.08,576,448,13,3
l,2.0,60585340860.10712,1874575.3599999999,50914344.95999999,5623726.08,576,448,13,3
xl,2.0,121170681720.21423,1874575.3599999999,50914344.95999999,5623726.08,576,448,13,3
l,2.0,53079830720.14787,1874575.3599999999,62857216.0,5623726.08,640,448,13,3
xl,2.0,106159661440.29575,1874575.3599999999,62857216.0,5623726.08,640,448,13,3
l,2.0,49851346952.44694,2448424.96,62857216.0,7345274.88,640,512,13,3
xl,2.0,99702693904.89388,2448424.96,62857216.0,7345274.88,640,512,13,3
l,2.0,44276399098.08195,2448424.96,76057231.36,7345274.88,704,512,13,3
xl,2.0,88552798196.1639,2448424.96,76057231.36,7345274.88,704,512,13,3
l,2.0,39520996517.741135,2448424.96,90514391.03999999,7345274.88,768,512,13,3
xl,2.0,79041993035.48227,2448424.96,90514391.03999999,7345274.88,768,512,13,3
l,2.0,37480583258.80394,3098787.84,90514391.03999999,9296363.52,768,576,13,3
xl,2.0,74961166517.60788,3098787.84,90514391.03999999,9296363.52,768,576,13,3
l,2.0,33795265405.520367,3098787.84,106228695.03999999,9296363.52,832,576,13,3
xl,2.0,67590530811.04073,3098787.84,106228695.03999999,9296363.52,832,576,13,3
l,2.0,32128716409.848522,3825664.0,106228695.03999999,11476992.0,832,640,13,3
xl,2.0,64257432819.697044,3825664.0,106228695.03999999,11476992.0,832,640,13,3
xl,2.0,58434904791.3458,3825664.0,123200143.36,11476992.0,896,640,13,3
xl,2.0,53305917886.54061,3825664.0,141428736.0,11476992.0,960,640,13,3
xl,2.0,55681823519.17407,4629053.4399999995,123200143.36,13887160.319999998,896,704,13,3
xl,2.0,51005403997.25484,4629053.4399999995,141428736.0,13887160.319999998,960,704,13,3
xl,2.0,46842190605.48735,4629053.4399999995,160914472.96,13887160.319999998,1024,704,13,3
xl,2.0,48707828687.88614,5508956.16,141428736.0,16526868.48,960,768,13,3
xl,2.0,44897226871.41987,5508956.16,160914472.96,16526868.48,1024,768,13,3
s,2.0,42709685009.44451,344309.76,10844241.92,1032929.28,256,192,14,3
m,2.0,85419370018.88902,344309.76,10844241.92,1032929.28,256,192,14,3
s,2.0,29613333820.0344,612106.24,16944128.0,1836318.72,320,256,14,3
m,2.0,59226667640.0688,612106.24,16944128.0,1836318.72,320,256,14,3
l,2.0,148066669100.172,612106.24,16944128.0,1836318.72,320,256,14,3
s,2.0,21765993986.7071,956416.0,24399544.32,2869248.0,384,320,14,3
m,2.0,43531987973.4142,956416.0,24399544.32,2869248.0,384,320,14,3
l,2.0,108829969933.53549,956416.0,24399544.32,2869248.0,384,320,14,3
xl,2.0,217659939867.07098,956416.0,24399544.32,2869248.0,384,320,14,3
s,2.0,18046876788.445488,956416.0,33210490.88,2869248.0,448,320,14,3
m,2.0,36093753576.890976,956416.0,33210490.88,2869248.0,448,320,14,3
l,2.0,90234383942.22745,956416.0,33210490.88,2869248.0,448,320,14,3
xl,2.0,180468767884.4549,956416.0,33210490.88,2869248.0,448,320,14,3
s,2.0,14196694424.40704,1377239.04,43376967.68,4131717.12,512,384,14,3
m,2.0,28393388848.81408,1377239.04,43376967.68,4131717.12,512,384,14,3
l,2.0,70983472122.0352,1377239.04,43376967.68,4131717.12,512,384,14,3
xl,2.0,141966944244.0704,1377239.04,43376967.68,4131717.12,512,384,14,3
s,2.0,11456513443.259844,1874575.3599999999,54898974.72,5623726.08,576,448,14,3
m,2.0,22913026886.519688,1874575.3599999999,54898974.72,5623726.08,576,448,14,3
l,2.0,57282567216.299225,1874575.3599999999,54898974.72,5623726.08,576,448,14,3
xl,2.0,114565134432.59845,1874575.3599999999,54898974.72,5623726.08,576,448,14,3
l,2.0,50073221952.285095,1874575.3599999999,67776512.0,5623726.08,640,448,14,3
xl,2.0,100146443904.57019,1874575.3599999999,67776512.0,5623726.08,640,448,14,3
l,2.0,47190190074.89762,2448424.96,67776512.0,7345274.88,640,512,14,3
xl,2.0,94380380149.79524,2448424.96,67776512.0,7345274.88,640,512,14,3
l,2.0,41821945863.874596,2448424.96,82009579.52,7345274.88,704,512,14,3
xl,2.0,83643891727.74919,2448424.96,82009579.52,7345274.88,704,512,14,3
l,2.0,39543874304.36568,3098787.84,82009579.52,9296363.52,704,576,14,3
xl,2.0,79087748608.73135,3098787.84,82009579.52,9296363.52,704,576,14,3
l,2.0,35442111040.19513,3098787.84,97598177.28,9296363.52,768,576,14,3
xl,2.0,70884222080.39026,3098787.84,97598177.28,9296363.52,768,576,14,3
l,2.0,31899665786.231804,3098787.84,114542305.28,9296363.52,832,576,14,3
xl,2.0,63799331572.46361,3098787.84,114542305.28,9296363.52,832,576,14,3
l,2.0,33613576551.320446,3825664.0,97598177.28,11476992.0,768,640,14,3
xl,2.0,67227153102.64089,3825664.0,97598177.28,11476992.0,768,640,14,3
l,2.0,30410710848.15704,3825664.0,114542305.28,11476992.0,832,640,14,3
xl,2.0,60821421696.31408,3825664.0,114542305.28,11476992.0,832,640,14,3
xl,2.0,55213494558.29225,3825664.0,132841963.52,11476992.0,896,640,14,3
xl,2.0,52749190586.03612,4629053.4399999995,132841963.52,13887160.319999998,896,704,14,3
xl,2.0,48237216981.5972,4629053.4399999995,152497152.0,13887160.319999998,960,704,14,3
xl,2.0,46177228006.03455,5508956.16,152497152.0,16526868.48,960,768,14,3
s,2.0,40337491463.94141,344309.76,11631329.28,1032929.28,256,192,15,3
m,2.0,80674982927.88281,344309.76,11631329.28,1032929.28,256,192,15,3
s,2.0,28031446672.55426,612106.24,18173952.0,1836318.72,320,256,15,3
m,2.0,56062893345.10852,612106.24,18173952.0,1836318.72,320,256,15,3
l,2.0,140157233362.7713,612106.24,18173952.0,1836318.72,320,256,15,3
s,2.0,20639250081.26911,956416.0,26170490.88,2869248.0,384,320,15,3
m,2.0,41278500162.53822,956416.0,26170490.88,2869248.0,384,320,15,3
l,2.0,103196250406.34557,956416.0,26170490.88,2869248.0,384,320,15,3
xl,2.0,206392500812.69113,956416.0,26170490.88,2869248.0,384,320,15,3
s,2.0,17066103599.932087,956416.0,35620945.92,2869248.0,448,320,15,3
m,2.0,34132207199.864174,956416.0,35620945.92,2869248.0,448,320,15,3
l,2.0,85330517999.66043,956416.0,35620945.92,2869248.0,448,320,15,3
xl,2.0,170661035999.32086,956416.0,35620945.92,2869248.0,448,320,15,3
s,2.0,15842264137.253767,1377239.04,35620945.92,4131717.12,448,384,15,3
m,2.0,31684528274.507534,1377239.04,35620945.92,4131717.12,448,384,15,3
l,2.0,79211320686.26883,1377239.04,35620945.92,4131717.12,448,384,15,3
xl,2.0,158422641372.53766,1377239.04,35620945.92,4131717.12,448,384,15,3
s,2.0,13445659708.3463,1377239.04,46525317.12,4131717.12,512,384,15,3
m,2.0,26891319416.6926,1377239.04,46525317.12,4131717.12,512,384,15,3
l,2.0,67228298541.73151,1377239.04,46525317.12,4131717.12,512,384,15,3
xl,2.0,134456597083.46301,1377239.04,46525317.12,4131717.12,512,384,15,3
s,2.0,10864255071.821905,1874575.3599999999,58883604.480000004,5623726.08,576,448,15,3
m,2.0,21728510143.64381,1874575.3599999999,58883604.480000004,5623726.08,576,448,15,3
l,2.0,54321275359.10953,1874575.3599999999,58883604.480000004,5623726.08,576,448,15,3
xl,2.0,108642550718.21906,1874575.3599999999,58883604.480000004,5623726.08,576,448,15,3
l,2.0,44798750137.521416,2448424.96,72695808.0,7345274.88,640,512,15,3
xl,2.0,89597500275.04283,2448424.96,72695808.0,7345274.88,640,512,15,3
l,2.0,39625324035.61179,2448424.96,87961927.68,7345274.88,704,512,15,3
xl,2.0,79250648071.22359,2448424.96,87961927.68,7345274.88,704,512,15,3
l,2.0,37574403511.213905,3098787.84,87961927.68,9296363.52,704,576,15,3
xl,2.0,75148807022.42781,3098787.84,87961927.68,9296363.52,704,576,15,3
l,2.0,33613935800.39013,3098787.84,104681963.52,9296363.52,768,576,15,3
xl,2.0,67227871600.78026,3098787.84,104681963.52,9296363.52,768,576,15,3
l,2.0,31964786323.023838,3825664.0,104681963.52,11476992.0,768,640,15,3
xl,2.0,63929572646.047676,3825664.0,104681963.52,11476992.0,768,640,15,3
xl,2.0,57734223449.1068,3825664.0,122855915.52,11476992.0,832,640,15,3
xl,2.0,52328707877.44145,3825664.0,142483783.68,11476992.0,896,640,15,3
xl,2.0,55045250560.3263,4629053.4399999995,122855915.52,13887160.319999998,832,704,15,3
xl,2.0,50110012081.75643,4629053.4399999995,142483783.68,13887160.319999998,896,704,15,3
xl,2.0,45754034527.07499,4629053.4399999995,163565568.0,13887160.319999998,960,704,15,3
xl,2.0,47890640861.85917,5508956.16,142483783.68,16526868.48,896,768,15,3
xl,2.0,43896593604.95152,5508956.16,163565568.0,16526868.48,960,768,15,3
xl,2.0,42044509913.868065,6465372.16,163565568.0,19396116.48,960,832,15,3
s,2.0,36043894150.49005,344309.76,15938519.040000001,1377239.04,384,192,9,4
m,2.0,72087788300.9801,344309.76,15938519.040000001,1377239.04,384,192,9,4
l,2.0,180219470752.45026,344309.76,15938519.040000001,1377239.04,384,192,9,4
s,2.0,26651464159.801804,612106.24,21694095.36,2448424.96,448,256,9,4
m,2.0,53302928319.60361,612106.24,21694095.36,2448424.96,448,256,9,4
l,2.0,133257320799.00902,612106.24,21694095.36,2448424.96,448,256,9,4
s,2.0,22587598247.74014,612106.24,28335144.96,2448424.96,512,256,9,4
m,2.0,45175196495.48028,612106.24,28335144.96,2448424.96,512,256,9,4
l,2.0,112937991238.7007,612106.24,28335144.96,2448424.96,512,256,9,4
xl,2.0,225875982477.4014,612106.24,28335144.96,2448424.96,512,256,9,4
s,2.0,17742643596.210953,956416.0,35861667.839999996,3825664.0,576,320,9,4
m,2.0,35485287192.421906,956416.0,35861667.839999996,3825664.0,576,320,9,4
l,2.0,88713217981.05476,956416.0,35861667.839999996,3825664.0,576,320,9,4
xl,2.0,177426435962.10953,956416.0,35861667.839999996,3825664.0,576,320,9,4
s,2.0,15518242252.424446,956416.0,44273664.0,3825664.0,640,320,9,4
m,2.0,31036484504.848892,956416.0,44273664.0,3825664.0,640,320,9,4
l,2.0,77591211262.12222,956416.0,44273664.0,3825664.0,640,320,9,4
xl,2.0,155182422524.24445,956416.0,44273664.0,3825664.0,640,320,9,4
s,2.0,12683682348.089647,1377239.04,53571133.44,5508956.16,704,384,9,4
m,2.0,25367364696.179295,1377239.04,53571133.44,5508956.16,704,384,9,4
l,2.0,63418411740.448235,1377239.04,53571133.44,5508956.16,704,384,9,4
xl,2.0,126836823480.89647,1377239.04,53571133.44,5508956.16,704,384,9,4
l,2.0,56658142961.24776,1377239.04,63754076.160000004,5508956.16,768,384,9,4
xl,2.0,113316285922.49551,1377239.04,63754076.160000004,5508956.16,768,384,9,4
l,2.0,52692377120.432304,1874575.3599999999,63754076.160000004,7498301.4399999995,768,448,9,4
xl,2.0,105384754240.86461,1874575.3599999999,63754076.160000004,7498301.4399999995,768,448,9,4
l,2.0,47636468084.88039,1874575.3599999999,74822492.16,7498301.4399999995,832,448,9,4
xl,2.0,95272936169.76077,1874575.3599999999,74822492.16,7498301.4399999995,832,448,9,4
l,2.0,43216361122.98305,1874575.3599999999,86776381.44,7498301.4399999995,896,448,9,4
xl,2.0,86432722245.9661,1874575.3599999999,86776381.44,7498301.4399999995,896,448,9,4
l,2.0,40544136406.573166,2448424.96,86776381.44,9793699.84,896,512,9,4
xl,2.0,81088272813.14633,2448424.96,86776381.44,9793699.84,896,512,9,4
l,2.0,37113512646.349266,2448424.96,99615744.0,9793699.84,960,512,9,4
xl,2.0,74227025292.69853,2448424.96,99615744.0,9793699.84,960,512,9,4
l,2.0,34063344487.536263,2448424.96,113340579.84,9793699.84,1024,512,9,4
xl,2.0,68126688975.072525,2448424.96,113340579.84,9793699.84,1024,512,9,4
l,2.0,32176175510.084126,3098787.84,113340579.84,12395151.36,1024,576,9,4
xl,2.0,64352351020.16825,3098787.84,113340579.84,12395151.36,1024,576,9,4
xl,2.0,59480574963.258224,3098787.84,127950888.96,12395151.36,1088,576,9,4
xl,2.0,55092213293.72252,3098787.84,143446671.35999998,12395151.36,1152,576,9,4
xl,2.0,56269903632.757256,3825664.0,127950888.96,15302656.0,1088,640,9,4
xl,2.0,52326806825.88577,3825664.0,143446671.35999998,15302656.0,1152,640,9,4
xl,2.0,48741855419.22881,3825664.0,159827927.04000002,15302656.0,1216,640,9,4
xl,2.0,46352323276.48705,4629053.4399999995,159827927.04000002,18516213.759999998,1216,704,9,4
s,2.0,41276063027.02928,344309.76,12024832.0,1377239.04,320,192,10,4
m,2.0,82552126054.05856,344309.76,12024832.0,1377239.04,320,192,10,4
s,2.0,24566509205.169266,612106.24,23568670.72,2448424.96,448,256,10,4
m,2.0,49133018410.33853,612106.24,23568670.72,2448424.96,448,256,10,4
l,2.0,122832546025.84633,612106.24,23568670.72,2448424.96,448,256,10,4
xl,2.0,245665092051.69266,612106.24,23568670.72,2448424.96,448,256,10,4
s,2.0,16361319933.909693,956416.0,38960455.67999999,3825664.0,576,320,10,4
m,2.0,32722639867.819386,956416.0,38960455.67999999,3825664.0,576,320,10,4
l,2.0,81806599669.54846,956416.0,38960455.67999999,3825664.0,576,320,10,4
xl,2.0,163613199339.09692,956416.0,38960455.67999999,3825664.0,576,320,10,4
s,2.0,13200538869.22959,1377239.04,48099328.0,5508956.16,640,384,10,4
m,2.0,26401077738.45918,1377239.04,48099328.0,5508956.16,640,384,10,4
l,2.0,66002694346.14795,1377239.04,48099328.0,5508956.16,640,384,10,4
xl,2.0,132005388692.2959,1377239.04,48099328.0,5508956.16,640,384,10,4
s,2.0,11700157572.106104,1377239.04,58200186.879999995,5508956.16,704,384,10,4
m,2.0,23400315144.212208,1377239.04,58200186.879999995,5508956.16,704,384,10,4
l,2.0,58500787860.530525,1377239.04,58200186.879999995,5508956.16,704,384,10,4
xl,2.0,117001575721.06105,1377239.04,58200186.879999995,5508956.16,704,384,10,4
l,2.0,48750477676.680466,1874575.3599999999,69263032.32000001,7498301.4399999995,768,448,10,4
xl,2.0,97500955353.36093,1874575.3599999999,69263032.32000001,7498301.4399999995,768,448,10,4
l,2.0,43954754255.93138,1874575.3599999999,81287864.32,7498301.4399999995,832,448,10,4
xl,2.0,87909508511.86276,1874575.3599999999,81287864.32,7498301.4399999995,832,448,10,4
l,2.0,37507423469.25304,2448424.96,94274682.88,9793699.84,896,512,10,4
xl,2.0,75014846938.50607,2448424.96,94274682.88,9793699.84,896,512,10,4
l,2.0,34252916167.231743,2448424.96,108223488.0,9793699.84,960,512,10,4
xl,2.0,68505832334.463486,2448424.96,108223488.0,9793699.84,960,512,10,4
l,2.0,32345271709.183773,3098787.84,108223488.0,12395151.36,960,576,10,4
xl,2.0,64690543418.367546,3098787.84,108223488.0,12395151.36,960,576,10,4
xl,2.0,59528762316.83429,3098787.84,123134279.68,12395151.36,1024,576,10,4
xl,2.0,54906487662.73185,3098787.84,139007057.92,12395151.36,1088,576,10,4
xl,2.0,52159230229.2399,3825664.0,139007057.92,15302656.0,1088,640,10,4
xl,2.0,48402632582.7874,3825664.0,155841822.71999997,15302656.0,1152,640,10,4
xl,2.0,46045440735.17108,4629053.4399999995,155841822.71999997,18516213.759999998,1152,704,10,4
s,2.0,38266138606.19906,344309.76,13254656.0,1377239.04,320,192,11,4
m,2.0,76532277212.39812,344309.76,13254656.0,1377239.04,320,192,11,4
s,2.0,22784099751.80715,612106.24,25979125.759999998,2448424.96,448,256,11,4
m,2.0,45568199503.6143,612106.24,25979125.759999998,2448424.96,448,256,11,4
l,2.0,113920498759.03575,612106.24,25979125.759999998,2448424.96,448,256,11,4
xl,2.0,227840997518.0715,612106.24,25979125.759999998,2448424.96,448,256,11,4
s,2.0,17600796409.84756,956416.0,33931919.36,3825664.0,512,320,11,4
m,2.0,35201592819.69512,956416.0,33931919.36,3825664.0,512,320,11,4
l,2.0,88003982049.2378,956416.0,33931919.36,3825664.0,512,320,11,4
xl,2.0,176007964098.4756,956416.0,33931919.36,3825664.0,512,320,11,4
s,2.0,15179542216.677343,956416.0,42945085.44,3825664.0,576,320,11,4
m,2.0,30359084433.354687,956416.0,42945085.44,3825664.0,576,320,11,4
l,2.0,75897711083.38672,956416.0,42945085.44,3825664.0,576,320,11,4
xl,2.0,151795422166.77344,956416.0,42945085.44,3825664.0,576,320,11,4
s,2.0,12283425519.950523,1377239.04,53018624.0,5508956.16,640,384,11,4
m,2.0,24566851039.901047,1377239.04,53018624.0,5508956.16,640,384,11,4
l,2.0,61417127599.75262,1377239.04,53018624.0,5508956.16,640,384,11,4
xl,2.0,122834255199.50523,1377239.04,53018624.0,5508956.16,640,384,11,4
l,2.0,54290931834.12669,1377239.04,64152535.04,5508956.16,704,384,11,4
xl,2.0,108581863668.25339,1377239.04,64152535.04,5508956.16,704,384,11,4
l,2.0,50638947493.41034,1874575.3599999999,64152535.04,7498301.4399999995,704,448,11,4
xl,2.0,101277894986.82068,1874575.3599999999,64152535.04,7498301.4399999995,704,448,11,4
l,2.0,45357312044.58211,1874575.3599999999,76346818.56,7498301.4399999995,768,448,11,4
xl,2.0,90714624089.16422,1874575.3599999999,76346818.56,7498301.4399999995,768,448,11,4
l,2.0,40801313885.34594,1874575.3599999999,89601474.56,7498301.4399999995,832,448,11,4
xl,2.0,81602627770.69188,1874575.3599999999,89601474.56,7498301.4399999995,832,448,11,4
l,2.0,38411147385.492455,2448424.96,89601474.56,9793699.84,832,512,11,4
xl,2.0,76822294770.98491,2448424.96,89601474.56,9793699.84,832,512,11,4
l,2.0,34893906756.9959,2448424.96,103916503.03999999,9793699.84,896,512,11,4
xl,2.0,69787813513.9918,2448424.96,103916503.03999999,9793699.84,896,512,11,4
xl,2.0,63603470604.27713,2448424.96,119291904.0,9793699.84,960,512,11,4
l,2.0,32916258115.33754,3098787.84,103916503.03999999,12395151.36,896,576,11,4
xl,2.0,65832516230.67508,3098787.84,103916503.03999999,12395151.36,896,576,11,4
xl,2.0,60301537403.61571,3098787.84,119291904.0,12395151.36,960,576,11,4
xl,2.0,55377864380.60604,3098787.84,135727677.44,12395151.36,1024,576,11,4
xl,2.0,50985663493.831276,3098787.84,153223823.36,12395151.36,1088,576,11,4
xl,2.0,52584433537.66449,3825664.0,135727677.44,15302656.0,1024,640,11,4
xl,2.0,48608261176.35284,3825664.0,153223823.36,15302656.0,1088,640,11,4
s,2.0,35665356920.6314,344309.76,14484480.0,1377239.04,320,192,12,4
m,2.0,71330713841.2628,344309.76,14484480.0,1377239.04,320,192,12,4
l,2.0,178326784603.157,344309.76,14484480.0,1377239.04,320,192,12,4
s,2.0,25667850361.147064,612106.24,20857651.2,2448424.96,384,256,12,4
m,2.0,51335700722.29413,612106.24,20857651.2,2448424.96,384,256,12,4
l,2.0,128339251805.73532,612106.24,20857651.2,2448424.96,384,256,12,4
s,2.0,21242837459.025455,612106.24,28389580.8,2448424.96,448,256,12,4
m,2.0,42485674918.05091,612106.24,28389580.8,2448424.96,448,256,12,4
l,2.0,106214187295.12727,612106.24,28389580.8,2448424.96,448,256,12,4
xl,2.0,212428374590.25455,612106.24,28389580.8,2448424.96,448,256,12,4
s,2.0,16460872574.367956,956416.0,37080268.8,3825664.0,512,320,12,4
m,2.0,32921745148.735912,956416.0,37080268.8,3825664.0,512,320,12,4
l,2.0,82304362871.83978,956416.0,37080268.8,3825664.0,512,320,12,4
xl,2.0,164608725743.67957,956416.0,37080268.8,3825664.0,512,320,12,4
s,2.0,14156983652.267296,956416.0,46929715.2,3825664.0,576,320,12,4
m,2.0,28313967304.53459,956416.0,46929715.2,3825664.0,576,320,12,4
l,2.0,70784918261.33649,956416.0,46929715.2,3825664.0,576,320,12,4
xl,2.0,141569836522.67297,956416.0,46929715.2,3825664.0,576,320,12,4
s,2.0,13107073947.78759,1377239.04,46929715.2,5508956.16,576,384,12,4
m,2.0,26214147895.57518,1377239.04,46929715.2,5508956.16,576,384,12,4
l,2.0,65535369738.93795,1377239.04,46929715.2,5508956.16,576,384,12,4
xl,2.0,131070739477.8759,1377239.04,46929715.2,5508956.16,576,384,12,4
s,2.0,11485467520.641499,1377239.04,57937920.0,5508956.16,640,384,12,4
m,2.0,22970935041.282997,1377239.04,57937920.0,5508956.16,640,384,12,4
l,2.0,57427337603.20749,1377239.04,57937920.0,5508956.16,640,384,12,4
xl,2.0,114854675206.41498,1377239.04,57937920.0,5508956.16,640,384,12,4
l,2.0,47453770096.80071,1874575.3599999999,70104883.2,7498301.4399999995,704,448,12,4
xl,2.0,94907540193.60143,1874575.3599999999,70104883.2,7498301.4399999995,704,448,12,4
l,2.0,42405756253.15688,1874575.3599999999,83430604.8,7498301.4399999995,768,448,12,4
xl,2.0,84811512506.31377,1874575.3599999999,83430604.8,7498301.4399999995,768,448,12,4
l,2.0,39829849127.74338,2448424.96,83430604.8,9793699.84,768,512,12,4
xl,2.0,79659698255.48676,2448424.96,83430604.8,9793699.84,768,512,12,4
l,2.0,35980986822.166794,2448424.96,97915084.8,9793699.84,832,512,12,4
xl,2.0,71961973644.33359,2448424.96,97915084.8,9793699.84,832,512,12,4
l,2.0,32620884039.861805,2448424.96,113558323.2,9793699.84,896,512,12,4
xl,2.0,65241768079.72361,2448424.96,113558323.2,9793699.84,896,512,12,4
l,2.0,30886090690.11746,3098787.84,113558323.2,12395151.36,896,576,12,4
xl,2.0,61772181380.23492,3098787.84,113558323.2,12395151.36,896,576,12,4
xl,2.0,56470247064.649445,3098787.84,130360320.0,12395151.36,960,576,12,4
xl,2.0,51768111092.716446,3098787.84,148321075.2,12395151.36,1024,576,12,4
xl,2.0,53568410374.13549,3825664.0,130360320.0,15302656.0,960,640,12,4
xl,2.0,49318932217.751396,3825664.0,148321075.2,15302656.0,1024,640,12,4
xl,2.0,45509969779.51598,3825664.0,167440588.8,15302656.0,1088,640,12,4
s,2.0,33395604112.585827,344309.76,15714304.0,1377239.04,320,192,13,4
m,2.0,66791208225.17165,344309.76,15714304.0,1377239.04,320,192,13,4
l,2.0,166978020562.92914,344309.76,15714304.0,1377239.04,320,192,13,4
s,2.0,24115336035.67088,612106.24,22628597.759999998,2448424.96,384,256,13,4
m,2.0,48230672071.34176,612106.24,22628597.759999998,2448424.96,384,256,13,4
l,2.0,120576680178.35439,612106.24,22628597.759999998,2448424.96,384,256,13,4
xl,2.0,241153360356.70877,612106.24,22628597.759999998,2448424.96,384,256,13,4
s,2.0,15459622848.920868,956416.0,40228618.24,3825664.0,512,320,13,4
m,2.0,30919245697.841736,956416.0,40228618.24,3825664.0,512,320,13,4
l,2.0,77298114244.60434,956416.0,40228618.24,3825664.0,512,320,13,4
xl,2.0,154596228489.20868,956416.0,40228618.24,3825664.0,512,320,13,4
s,2.0,12337597830.93265,1377239.04,50914344.95999999,5508956.16,576,384,13,4
m,2.0,24675195661.8653,1377239.04,50914344.95999999,5508956.16,576,384,13,4
l,2.0,61687989154.66325,1377239.04,50914344.95999999,5508956.16,576,384,13,4
xl,2.0,123375978309.3265,1377239.04,50914344.95999999,5508956.16,576,384,13,4
s,2.0,10784859617.019798,1377239.04,62857216.0,5508956.16,640,384,13,4
m,2.0,21569719234.039597,1377239.04,62857216.0,5508956.16,640,384,13,4
l,2.0,53924298085.09899,1377239.04,62857216.0,5508956.16,640,384,13,4
xl,2.0,107848596170.19798,1377239.04,62857216.0,5508956.16,640,384,13,4
l,2.0,50319834478.17799,1874575.3599999999,62857216.0,7498301.4399999995,640,448,13,4
xl,2.0,100639668956.35599,1874575.3599999999,62857216.0,7498301.4399999995,640,448,13,4
l,2.0,44645574400.073906,1874575.3599999999,76057231.36,7498301.4399999995,704,448,13,4
xl,2.0,89291148800.14781,1874575.3599999999,76057231.36,7498301.4399999995,704,448,13,4
l,2.0,39814866400.725266,1874575.3599999999,90514391.03999999,7498301.4399999995,768,448,13,4
xl,2.0,79629732801.45053,1874575.3599999999,90514391.03999999,7498301.4399999995,768,448,13,4
l,2.0,37535648175.61423,2448424.96,90514391.03999999,9793699.84,768,512,13,4
xl,2.0,75071296351.22845,2448424.96,90514391.03999999,9793699.84,768,512,13,4
l,2.0,33840027592.497936,2448424.96,106228695.03999999,9793699.84,832,512,13,4
xl,2.0,67680055184.99587,2448424.96,106228695.03999999,9793699.84,832,512,13,4
l,2.0,31976845072.24906,3098787.84,106228695.03999999,12395151.36,832,576,13,4
xl,2.0,63953690144.49812,3098787.84,106228695.03999999,12395151.36,832,576,13,4
xl,2.0,58183606340.49604,3098787.84,123200143.36,12395151.36,896,576,13,4
xl,2.0,53096718723.02952,3098787.84,141428736.0,12395151.36,960,576,13,4
xl,2.0,50523336890.98463,3825664.0,141428736.0,15302656.0,960,640,13,4
xl,2.0,46435293433.490204,3825664.0,160914472.96,15302656.0,1024,640,13,4
xl,2.0,44261522125.446846,4629053.4399999995,160914472.96,18516213.759999998,1024,704,13,4
s,2.0,31397461316.820583,344309.76,16944128.0,1377239.04,320,192,14,4
m,2.0,62794922633.64117,344309.76,16944128.0,1377239.04,320,192,14,4
l,2.0,156987306584.1029,344309.76,16944128.0,1377239.04,320,192,14,4
s,2.0,22739917113.47511,612106.24,24399544.32,2448424.96,384,256,14,4
m,2.0,45479834226.95022,612106.24,24399544.32,2448424.96,384,256,14,4
l,2.0,113699585567.37555,612106.24,24399544.32,2448424.96,384,256,14,4
xl,2.0,227399171134.7511,612106.24,24399544.32,2448424.96,384,256,14,4
s,2.0,17206353724.442726,956416.0,33210490.88,3825664.0,448,320,14,4
m,2.0,34412707448.88545,956416.0,33210490.88,3825664.0,448,320,14,4
l,2.0,86031768622.21364,956416.0,33210490.88,3825664.0,448,320,14,4
xl,2.0,172063537244.42728,956416.0,33210490.88,3825664.0,448,320,14,4
s,2.0,14573193188.926931,956416.0,43376967.68,3825664.0,512,320,14,4
m,2.0,29146386377.853863,956416.0,43376967.68,3825664.0,512,320,14,4
l,2.0,72865965944.63466,956416.0,43376967.68,3825664.0,512,320,14,4
xl,2.0,145731931889.26932,956416.0,43376967.68,3825664.0,512,320,14,4
s,2.0,11653458990.511972,1377239.04,54898974.72,5508956.16,576,384,14,4
m,2.0,23306917981.023945,1377239.04,54898974.72,5508956.16,576,384,14,4
l,2.0,58267294952.55986,1377239.04,54898974.72,5508956.16,576,384,14,4
xl,2.0,116534589905.11972,1377239.04,54898974.72,5508956.16,576,384,14,4
l,2.0,50824055544.30108,1377239.04,67776512.0,5508956.16,640,384,14,4
xl,2.0,101648111088.60216,1377239.04,67776512.0,5508956.16,640,384,14,4
l,2.0,47609784659.34429,1874575.3599999999,67776512.0,7498301.4399999995,640,448,14,4
xl,2.0,95219569318.68858,1874575.3599999999,67776512.0,7498301.4399999995,640,448,14,4
l,2.0,42151173157.92576,1874575.3599999999,82009579.52,7498301.4399999995,704,448,14,4
xl,2.0,84302346315.85152,1874575.3599999999,82009579.52,7498301.4399999995,704,448,14,4
l,2.0,39605173653.87097,2448424.96,82009579.52,9793699.84,704,512,14,4
xl,2.0,79210347307.74194,2448424.96,82009579.52,9793699.84,704,512,14,4
l,2.0,35491345227.061195,2448424.96,97598177.28,9793699.84,768,512,14,4
xl,2.0,70982690454.12239,2448424.96,97598177.28,9793699.84,768,512,14,4
l,2.0,31939544356.204216,2448424.96,114542305.28,9793699.84,832,512,14,4
xl,2.0,63879088712.40843,2448424.96,114542305.28,9793699.84,832,512,14,4
xl,2.0,60549225536.07261,3098787.84,114542305.28,12395151.36,832,576,14,4
xl,2.0,54989086434.7917,3098787.84,132841963.52,12395151.36,896,576,14,4
xl,2.0,50103537155.80513,3098787.84,152497152.0,12395151.36,960,576,14,4
xl,2.0,52233764485.70158,3825664.0,132841963.52,15302656.0,896,640,14,4
xl,2.0,47805834575.90259,3825664.0,152497152.0,15302656.0,960,640,14,4
s,2.0,38722573885.14922,344309.76,11631329.28,1377239.04,256,192,15,4
m,2.0,77445147770.29845,344309.76,11631329.28,1377239.04,256,192,15,4
s,2.0,21512926687.387917,612106.24,26170490.88,2448424.96,384,256,15,4
m,2.0,43025853374.77583,612106.24,26170490.88,2448424.96,384,256,15,4
l,2.0,107564633436.93959,612106.24,26170490.88,2448424.96,384,256,15,4
xl,2.0,215129266873.87918,612106.24,26170490.88,2448424.96,384,256,15,4
s,2.0,16312548640.757538,956416.0,35620945.92,3825664.0,448,320,15,4
m,2.0,32625097281.515076,956416.0,35620945.92,3825664.0,448,320,15,4
l,2.0,81562743203.78769,956416.0,35620945.92,3825664.0,448,320,15,4
xl,2.0,163125486407.57538,956416.0,35620945.92,3825664.0,448,320,15,4
s,2.0,13782903871.280294,956416.0,46525317.12,3825664.0,512,320,15,4
m,2.0,27565807742.56059,956416.0,46525317.12,3825664.0,512,320,15,4
l,2.0,68914519356.40147,956416.0,46525317.12,3825664.0,512,320,15,4
xl,2.0,137829038712.80295,956416.0,46525317.12,3825664.0,512,320,15,4
s,2.0,12785792116.849293,1377239.04,46525317.12,5508956.16,512,384,15,4
m,2.0,25571584233.698586,1377239.04,46525317.12,5508956.16,512,384,15,4
l,2.0,63928960584.24646,1377239.04,46525317.12,5508956.16,512,384,15,4
xl,2.0,127857921168.49292,1377239.04,46525317.12,5508956.16,512,384,15,4
s,2.0,11041207021.218372,1377239.04,58883604.480000004,5508956.16,576,384,15,4
m,2.0,22082414042.436745,1377239.04,58883604.480000004,5508956.16,576,384,15,4
l,2.0,55206035106.09186,1377239.04,58883604.480000004,5508956.16,576,384,15,4
xl,2.0,110412070212.18372,1377239.04,58883604.480000004,5508956.16,576,384,15,4
l,2.0,45176724697.000786,1874575.3599999999,72695808.0,7498301.4399999995,640,448,15,4
xl,2.0,90353449394.00157,1874575.3599999999,72695808.0,7498301.4399999995,640,448,15,4
l,2.0,39920753280.72583,1874575.3599999999,87961927.68,7498301.4399999995,704,448,15,4
xl,2.0,79841506561.45166,1874575.3599999999,87961927.68,7498301.4399999995,704,448,15,4
l,2.0,37629744650.21232,2448424.96,87961927.68,9793699.84,704,512,15,4
xl,2.0,75259489300.42464,2448424.96,87961927.68,9793699.84,704,512,15,4
l,2.0,33658218615.35366,2448424.96,104681963.52,9793699.84,768,512,15,4
xl,2.0,67316437230.70732,2448424.96,104681963.52,9793699.84,768,512,15,4
l,2.0,31814457189.774128,3098787.84,104681963.52,12395151.36,768,576,15,4
xl,2.0,63628914379.548256,3098787.84,104681963.52,12395151.36,768,576,15,4
xl,2.0,57488902756.13204,3098787.84,122855915.52,12395151.36,832,576,15,4
xl,2.0,52127094028.770485,3098787.84,142483783.68,12395151.36,896,576,15,4
xl,2.0,49644644429.48804,3825664.0,142483783.68,15302656.0,896,640,15,4
xl,2.0,45365744072.60261,3825664.0,163565568.0,15302656.0,960,640,15,4
xl,2.0,43288717418.46979,4629053.4399999995,163565568.0,18516213.759999998,960,704,15,4
s,2.0,36762449965.4233,344309.76,12418416.64,1377239.04,256,192,16,4
m,2.0,73524899930.8466,344309.76,12418416.64,1377239.04,256,192,16,4
s,2.0,20411568281.470573,612106.24,27941437.44,2448424.96,384,256,16,4
m,2.0,40823136562.94115,612106.24,27941437.44,2448424.96,384,256,16,4
l,2.0,102057841407.35287,612106.24,27941437.44,2448424.96,384,256,16,4
xl,2.0,204115682814.70575,612106.24,27941437.44,2448424.96,384,256,16,4
s,2.0,15507017647.492231,956416.0,38031400.96,3825664.0,448,320,16,4
m,2.0,31014035294.984463,956416.0,38031400.96,3825664.0,448,320,16,4
l,2.0,77535088237.46115,956416.0,38031400.96,3825664.0,448,320,16,4
xl,2.0,155070176474.9223,956416.0,38031400.96,3825664.0,448,320,16,4
s,2.0,12173399191.384003,1377239.04,49673666.56,5508956.16,512,384,16,4
m,2.0,24346798382.768005,1377239.04,49673666.56,5508956.16,512,384,16,4
l,2.0,60866995956.92001,1377239.04,49673666.56,5508956.16,512,384,16,4
xl,2.0,121733991913.84003,1377239.04,49673666.56,5508956.16,512,384,16,4
s,2.0,10490077065.174925,1377239.04,62868234.239999995,5508956.16,576,384,16,4
m,2.0,20980154130.34985,1377239.04,62868234.239999995,5508956.16,576,384,16,4
l,2.0,52450385325.874626,1377239.04,62868234.239999995,5508956.16,576,384,16,4
xl,2.0,104900770651.74925,1377239.04,62868234.239999995,5508956.16,576,384,16,4
l,2.0,49034028693.28886,1874575.3599999999,62868234.239999995,7498301.4399999995,576,448,16,4
xl,2.0,98068057386.57771,1874575.3599999999,62868234.239999995,7498301.4399999995,576,448,16,4
l,2.0,42980253234.97581,1874575.3599999999,77615104.0,7498301.4399999995,640,448,16,4
xl,2.0,85960506469.95161,1874575.3599999999,77615104.0,7498301.4399999995,640,448,16,4
l,2.0,35842014693.66159,2448424.96,93914275.84,9793699.84,704,512,16,4
xl,2.0,71684029387.32318,2448424.96,93914275.84,9793699.84,704,512,16,4
l,2.0,32005153663.41005,2448424.96,111765749.76,9793699.84,768,512,16,4
xl,2.0,64010307326.8201,2448424.96,111765749.76,9793699.84,768,512,16,4
l,2.0,30333553932.526966,3098787.84,111765749.76,12395151.36,768,576,16,4
xl,2.0,60667107865.05393,3098787.84,111765749.76,12395151.36,768,576,16,4
xl,2.0,54723050720.454445,3098787.84,131169525.76,12395151.36,832,576,16,4
xl,2.0,49548276999.81222,3098787.84,152125603.84,12395151.36,896,576,16,4
xl,2.0,51993662982.40736,3825664.0,131169525.76,15302656.0,832,640,16,4
xl,2.0,47300077089.58996,3825664.0,152125603.84,15302656.0,896,640,16,4
s,2.0,55133523867.73474,153026.56,7428096.0,612106.24,192,128,17,4
m,2.0,110267047735.46948,153026.56,7428096.0,612106.24,192,128,17,4
s,2.0,34991206625.79604,344309.76,13205504.0,1377239.04,256,192,17,4
m,2.0,69982413251.59209,344309.76,13205504.0,1377239.04,256,192,17,4
s,2.0,24238013100.31644,612106.24,20633600.0,2448424.96,320,256,17,4
m,2.0,48476026200.63288,612106.24,20633600.0,2448424.96,320,256,17,4
l,2.0,121190065501.58221,612106.24,20633600.0,2448424.96,320,256,17,4
s,2.0,19417486345.561466,612106.24,29712384.0,2448424.96,384,256,17,4
m,2.0,38834972691.12293,612106.24,29712384.0,2448424.96,384,256,17,4
l,2.0,97087431727.80733,612106.24,29712384.0,2448424.96,384,256,17,4
xl,2.0,194174863455.61465,612106.24,29712384.0,2448424.96,384,256,17,4
s,2.0,14777298917.633076,956416.0,40441856.0,3825664.0,448,320,17,4
m,2.0,29554597835.26615,956416.0,40441856.0,3825664.0,448,320,17,4
l,2.0,73886494588.16537,956416.0,40441856.0,3825664.0,448,320,17,4
xl,2.0,147772989176.33075,956416.0,40441856.0,3825664.0,448,320,17,4
s,2.0,11616987743.10768,1377239.04,52822016.0,5508956.16,512,384,17,4
m,2.0,23233975486.21536,1377239.04,52822016.0,5508956.16,512,384,17,4
l,2.0,58084938715.5384,1377239.04,52822016.0,5508956.16,512,384,17,4
xl,2.0,116169877431.0768,1377239.04,52822016.0,5508956.16,512,384,17,4
l,2.0,49956757111.32119,1377239.04,66852864.0,5508956.16,576,384,17,4
xl,2.0,99913514222.64238,1377239.04,66852864.0,5508956.16,576,384,17,4
l,2.0,46847896336.965836,1874575.3599999999,66852864.0,7498301.4399999995,576,448,17,4
xl,2.0,93695792673.93167,1874575.3599999999,66852864.0,7498301.4399999995,576,448,17,4
l,2.0,40987461797.7182,1874575.3599999999,82534400.0,7498301.4399999995,640,448,17,4
xl,2.0,81974923595.4364,1874575.3599999999,82534400.0,7498301.4399999995,640,448,17,4
l,2.0,38576080696.86498,2448424.96,82534400.0,9793699.84,640,512,17,4
xl,2.0,77152161393.72997,2448424.96,82534400.0,9793699.84,640,512,17,4
l,2.0,34216445221.993908,2448424.96,99866624.0,9793699.84,704,512,17,4
xl,2.0,68432890443.987816,2448424.96,99866624.0,9793699.84,704,512,17,4
xl,2.0,61013724226.02618,2448424.96,118849536.0,9793699.84,768,512,17,4
xl,2.0,57968770425.87595,3098787.84,118849536.0,12395151.36,768,576,17,4
xl,2.0,52211118479.4783,3098787.84,139483136.0,12395151.36,832,576,17,4
xl,2.0,49720850597.64574,3825664.0,139483136.0,15302656.0,832,640,17,4
xl,2.0,45166976545.36866,3825664.0,161767424.0,15302656.0,896,640,17,4
xl,2.0,43107697684.05253,4629053.4399999995,161767424.0,18516213.759999998,896,704,17,4
s,2.0,33382797559.19513,344309.76,13992591.36,1377239.04,256,192,18,4
m,2.0,66765595118.39026,344309.76,13992591.36,1377239.04,256,192,18,4
l,2.0,166913987795.97565,344309.76,13992591.36,1377239.04,256,192,18,4
s,2.0,23167907799.288963,612106.24,21863424.0,2448424.96,320,256,18,4
m,2.0,46335815598.57793,612106.24,21863424.0,2448424.96,320,256,18,4
l,2.0,115839538996.44481,612106.24,21863424.0,2448424.96,320,256,18,4
s,2.0,14113170884.368593,956416.0,42852311.04,3825664.0,448,320,18,4
m,2.0,28226341768.737186,956416.0,42852311.04,3825664.0,448,320,18,4
l,2.0,70565854421.84297,956416.0,42852311.04,3825664.0,448,320,18,4
xl,2.0,141131708843.68594,956416.0,42852311.04,3825664.0,448,320,18,4
s,2.0,11109217034.043673,1377239.04,55970365.44,5508956.16,512,384,18,4
m,2.0,22218434068.087345,1377239.04,55970365.44,5508956.16,512,384,18,4
l,2.0,55546085170.21836,1377239.04,55970365.44,5508956.16,512,384,18,4
xl,2.0,111092170340.43672,1377239.04,55970365.44,5508956.16,512,384,18,4
l,2.0,44848377008.849945,1874575.3599999999,70837493.76,7498301.4399999995,576,448,18,4
xl,2.0,89696754017.69989,1874575.3599999999,70837493.76,7498301.4399999995,576,448,18,4
l,2.0,39171274712.74983,1874575.3599999999,87453696.0,7498301.4399999995,640,448,18,4
xl,2.0,78342549425.49966,1874575.3599999999,87453696.0,7498301.4399999995,640,448,18,4
l,2.0,36963102945.68371,2448424.96,87453696.0,9793699.84,640,512,18,4
xl,2.0,73926205891.36742,2448424.96,87453696.0,9793699.84,640,512,18,4
l,2.0,32731929739.585728,2448424.96,105818972.16,9793699.84,704,512,18,4
xl,2.0,65463859479.171455,2448424.96,105818972.16,9793699.84,704,512,18,4
l,2.0,30985621505.570503,3098787.84,105818972.16,12395151.36,704,576,18,4
xl,2.0,61971243011.14101,3098787.84,105818972.16,12395151.36,704,576,18,4
xl,2.0,55500243568.81293,3098787.84,125933322.24,12395151.36,768,576,18,4
xl,2.0,49919673893.31661,3098787.84,147796746.24,12395151.36,832,576,18,4
xl,2.0,47638420068.39895,3825664.0,147796746.24,15302656.0,832,640,18,4
s,2.0,31915754989.295506,344309.76,14779678.72,1377239.04,256,192,19,4
m,2.0,63831509978.59101,344309.76,14779678.72,1377239.04,256,192,19,4
l,2.0,159578774946.47754,344309.76,14779678.72,1377239.04,256,192,19,4
s,2.0,22188297203.330215,612106.24,23093248.0,2448424.96,320,256,19,4
m,2.0,44376594406.66043,612106.24,23093248.0,2448424.96,320,256,19,4
l,2.0,110941486016.6511,612106.24,23093248.0,2448424.96,320,256,19,4
xl,2.0,221882972033.3022,612106.24,23093248.0,2448424.96,320,256,19,4
s,2.0,16342333320.384975,956416.0,33254277.12,3825664.0,384,320,19,4
m,2.0,32684666640.76995,956416.0,33254277.12,3825664.0,384,320,19,4
l,2.0,81711666601.92488,956416.0,33254277.12,3825664.0,384,320,19,4
xl,2.0,163423333203.84976,956416.0,33254277.12,3825664.0,384,320,19,4
s,2.0,13506170478.74763,956416.0,45262766.08,3825664.0,448,320,19,4
m,2.0,27012340957.49526,956416.0,45262766.08,3825664.0,448,320,19,4
l,2.0,67530852393.738144,956416.0,45262766.08,3825664.0,448,320,19,4
xl,2.0,135061704787.47629,956416.0,45262766.08,3825664.0,448,320,19,4
s,2.0,10643976012.313305,1377239.04,59118714.88,5508956.16,512,384,19,4
m,2.0,21287952024.62661,1377239.04,59118714.88,5508956.16,512,384,19,4
l,2.0,53219880061.56653,1377239.04,59118714.88,5508956.16,512,384,19,4
xl,2.0,106439760123.13306,1377239.04,59118714.88,5508956.16,512,384,19,4
l,2.0,43012554264.844925,1874575.3599999999,74822123.52,7498301.4399999995,576,448,19,4
xl,2.0,86025108529.68985,1874575.3599999999,74822123.52,7498301.4399999995,576,448,19,4
l,2.0,37509211662.236855,1874575.3599999999,92372992.0,7498301.4399999995,640,448,19,4
xl,2.0,75018423324.47371,1874575.3599999999,92372992.0,7498301.4399999995,640,448,19,4
l,2.0,35479598107.09475,2448424.96,92372992.0,9793699.84,640,512,19,4
xl,2.0,70959196214.1895,2448424.96,92372992.0,9793699.84,640,512,19,4
l,2.0,31370872347.605797,2448424.96,111771320.32,9793699.84,704,512,19,4
xl,2.0,62741744695.21159,2448424.96,111771320.32,9793699.84,704,512,19,4
l,2.0,29763207880.183495,3098787.84,111771320.32,12395151.36,704,576,19,4
xl,2.0,59526415760.36699,3098787.84,111771320.32,12395151.36,704,576,19,4
xl,2.0,53233367848.315926,3098787.84,133017108.48,12395151.36,768,576,19,4
xl,2.0,50647045913.56165,3825664.0,133017108.48,15302656.0,768,640,19,4
xl,2.0,45723412019.53586,3825664.0,156110356.48,15302656.0,832,640,19,4
xl,2.0,43614266627.725624,4629053.4399999995,156110356.48,18516213.759999998,832,704,19,4
s,2.0,30572225978.937347,344309.76,15391784.96,1377239.04,256,192,20,4
m,2.0,61144451957.874695,344309.76,15391784.96,1377239.04,256,192,20,4
l,2.0,152861129894.68674,344309.76,15391784.96,1377239.04,256,192,20,4
s,2.0,21288167811.527298,612106.24,24049664.0,2448424.96,320,256,20,4
m,2.0,42576335623.054596,612106.24,24049664.0,2448424.96,320,256,20,4
l,2.0,106440839057.6365,612106.24,24049664.0,2448424.96,320,256,20,4
xl,2.0,212881678115.273,612106.24,24049664.0,2448424.96,320,256,20,4
s,2.0,15698853687.286469,956416.0,34631516.160000004,3825664.0,384,320,20,4
m,2.0,31397707374.572937,956416.0,34631516.160000004,3825664.0,384,320,20,4
l,2.0,78494268436.43234,956416.0,34631516.160000004,3825664.0,384,320,20,4
xl,2.0,156988536872.8647,956416.0,34631516.160000004,3825664.0,384,320,20,4
s,2.0,12949230562.935581,956416.0,47137341.44,3825664.0,448,320,20,4
m,2.0,25898461125.871162,956416.0,47137341.44,3825664.0,448,320,20,4
l,2.0,64746152814.67791,956416.0,47137341.44,3825664.0,448,320,20,4
xl,2.0,129492305629.35582,956416.0,47137341.44,3825664.0,448,320,20,4
s,2.0,12065225264.126118,1377239.04,47137341.44,5508956.16,448,384,20,4
m,2.0,24130450528.252235,1377239.04,47137341.44,5508956.16,448,384,20,4
l,2.0,60326126320.63059,1377239.04,47137341.44,5508956.16,448,384,20,4
xl,2.0,120652252641.26118,1377239.04,47137341.44,5508956.16,448,384,20,4
s,2.0,10216136172.954967,1377239.04,61567139.84,5508956.16,512,384,20,4
m,2.0,20432272345.909935,1377239.04,61567139.84,5508956.16,512,384,20,4
l,2.0,51080680864.77483,1377239.04,61567139.84,5508956.16,512,384,20,4
xl,2.0,102161361729.54967,1377239.04,61567139.84,5508956.16,512,384,20,4
l,2.0,41321116351.90687,1874575.3599999999,77920911.35999998,7498301.4399999995,576,448,20,4
xl,2.0,82642232703.81374,1874575.3599999999,77920911.35999998,7498301.4399999995,576,448,20,4
l,2.0,34110578614.96162,2448424.96,96198656.0,9793699.84,640,512,20,4
xl,2.0,68221157229.92324,2448424.96,96198656.0,9793699.84,640,512,20,4
l,2.0,30118486995.251747,2448424.96,116400373.75999999,9793699.84,704,512,20,4
xl,2.0,60236973990.503494,2448424.96,116400373.75999999,9793699.84,704,512,20,4
xl,2.0,57267168917.14728,3098787.84,116400373.75999999,12395151.36,704,576,20,4
xl,2.0,51144403908.61737,3098787.84,138526064.64000002,12395151.36,768,576,20,4
xl,2.0,48752522026.46745,3825664.0,138526064.64000002,15302656.0,768,640,20,4
xl,2.0,43956416165.45099,3825664.0,162575728.64,15302656.0,832,640,20,4
xl,2.0,42003656966.06659,4629053.4399999995,162575728.64,18516213.759999998,832,704,20,4
s,2.0,51336692477.934265,153026.56,9270067.2,765132.8,256,128,12,5
m,2.0,102673384955.86853,153026.56,9270067.2,765132.8,256,128,12,5
s,2.0,34396991785.49204,344309.76,14484480.0,1721548.8,320,192,12,5
m,2.0,68793983570.98409,344309.76,14484480.0,1721548.8,320,192,12,5
l,2.0,171984958927.4602,344309.76,14484480.0,1721548.8,320,192,12,5
s,2.0,27546475532.030426,344309.76,20857651.2,1721548.8,384,192,12,5
m,2.0,55092951064.06085,344309.76,20857651.2,1721548.8,384,192,12,5
l,2.0,137732377660.15213,344309.76,20857651.2,1721548.8,384,192,12,5
s,2.0,20472219754.637333,612106.24,28389580.8,3060531.2,448,256,12,5
m,2.0,40944439509.274666,612106.24,28389580.8,3060531.2,448,256,12,5
l,2.0,102361098773.18668,612106.24,28389580.8,3060531.2,448,256,12,5
xl,2.0,204722197546.37335,612106.24,28389580.8,3060531.2,448,256,12,5
s,2.0,17286800916.239174,612106.24,37080268.8,3060531.2,512,256,12,5
m,2.0,34573601832.47835,612106.24,37080268.8,3060531.2,512,256,12,5
l,2.0,86434004581.19586,612106.24,37080268.8,3060531.2,512,256,12,5
xl,2.0,172868009162.39172,612106.24,37080268.8,3060531.2,512,256,12,5
s,2.0,13634504663.375816,956416.0,46929715.2,4782080.0,576,320,12,5
m,2.0,27269009326.751633,956416.0,46929715.2,4782080.0,576,320,12,5
l,2.0,68172523316.87908,956416.0,46929715.2,4782080.0,576,320,12,5
xl,2.0,136345046633.75816,956416.0,46929715.2,4782080.0,576,320,12,5
s,2.0,11888457734.155064,956416.0,57937920.0,4782080.0,640,320,12,5
m,2.0,23776915468.310127,956416.0,57937920.0,4782080.0,640,320,12,5
l,2.0,59442288670.775314,956416.0,57937920.0,4782080.0,640,320,12,5
xl,2.0,118884577341.55063,956416.0,57937920.0,4782080.0,640,320,12,5
s,2.0,11000504819.326443,1377239.04,57937920.0,6886195.2,640,384,12,5
m,2.0,22001009638.652885,1377239.04,57937920.0,6886195.2,640,384,12,5
l,2.0,55002524096.63221,1377239.04,57937920.0,6886195.2,640,384,12,5
xl,2.0,110005048193.26442,1377239.04,57937920.0,6886195.2,640,384,12,5
l,2.0,48750875581.32573,1377239.04,70104883.2,6886195.2,704,384,12,5
xl,2.0,97501751162.65146,1377239.04,70104883.2,6886195.2,704,384,12,5
l,2.0,43438571160.41396,1377239.04,83430604.8,6886195.2,768,384,12,5
xl,2.0,86877142320.82793,1377239.04,83430604.8,6886195.2,768,384,12,5
l,2.0,40625575518.15303,1874575.3599999999,83430604.8,9372876.799999999,768,448,12,5
xl,2.0,81251151036.30606,1874575.3599999999,83430604.8,9372876.799999999,768,448,12,5
l,2.0,36629106138.03578,1874575.3599999999,97915084.8,9372876.799999999,832,448,12,5
xl,2.0,73258212276.07156,1874575.3599999999,97915084.8,9372876.799999999,832,448,12,5
l,2.0,33152710998.49303,1874575.3599999999,113558323.2,9372876.799999999,896,448,12,5
xl,2.0,66305421996.98606,1874575.3599999999,113558323.2,9372876.799999999,896,448,12,5
l,2.0,31256306272.353508,2448424.96,113558323.2,12242124.8,896,512,12,5
xl,2.0,62512612544.707016,2448424.96,113558323.2,12242124.8,896,512,12,5
xl,2.0,57088393849.5153,2448424.96,130360320.0,12242124.8,960,512,12,5
xl,2.0,52287127642.03091,2448424.96,148321075.2,12242124.8,1024,512,12,5
xl,2.0,53908987056.30902,3098787.84,130360320.0,15493939.2,960,576,12,5
xl,2.0,49607472027.608536,3098787.84,148321075.2,15493939.2,1024,576,12,5
xl,2.0,45755551092.74213,3098787.84,167440588.8,15493939.2,1088,576,12,5
s,2.0,32281017610.891083,344309.76,15714304.0,1721548.8,320,192,13,5
m,2.0,64562035221.782166,344309.76,15714304.0,1721548.8,320,192,13,5
l,2.0,161405088054.4554,344309.76,15714304.0,1721548.8,320,192,13,5
s,2.0,19219269129.756535,612106.24,30800035.84,3060531.2,448,256,13,5
m,2.0,38438538259.51307,612106.24,30800035.84,3060531.2,448,256,13,5
l,2.0,96096345648.78268,612106.24,30800035.84,3060531.2,448,256,13,5
xl,2.0,192192691297.56537,612106.24,30800035.84,3060531.2,448,256,13,5
s,2.0,14838678258.480679,956416.0,40228618.24,4782080.0,512,320,13,5
m,2.0,29677356516.961357,956416.0,40228618.24,4782080.0,512,320,13,5
l,2.0,74193391292.4034,956416.0,40228618.24,4782080.0,512,320,13,5
xl,2.0,148386782584.8068,956416.0,40228618.24,4782080.0,512,320,13,5
s,2.0,12803817273.130432,956416.0,50914344.95999999,4782080.0,576,320,13,5
m,2.0,25607634546.260864,956416.0,50914344.95999999,4782080.0,576,320,13,5
l,2.0,64019086365.65216,956416.0,50914344.95999999,4782080.0,576,320,13,5
xl,2.0,128038172731.30432,956416.0,50914344.95999999,4782080.0,576,320,13,5
l,2.0,51780765890.84929,1377239.04,62857216.0,6886195.2,640,384,13,5
xl,2.0,103561531781.69858,1377239.04,62857216.0,6886195.2,640,384,13,5
l,2.0,45791849214.95772,1377239.04,76057231.36,6886195.2,704,384,13,5
xl,2.0,91583698429.91544,1377239.04,76057231.36,6886195.2,704,384,13,5
l,2.0,38241534560.21476,1874575.3599999999,90514391.03999999,9372876.799999999,768,448,13,5
xl,2.0,76483069120.42952,1874575.3599999999,90514391.03999999,9372876.799999999,768,448,13,5
l,2.0,34412698353.9674,1874575.3599999999,106228695.03999999,9372876.799999999,832,448,13,5
xl,2.0,68825396707.9348,1874575.3599999999,106228695.03999999,9372876.799999999,832,448,13,5
l,2.0,32373839045.64284,2448424.96,106228695.03999999,12242124.8,832,512,13,5
xl,2.0,64747678091.28568,2448424.96,106228695.03999999,12242124.8,832,512,13,5
xl,2.0,58840050479.604225,2448424.96,123200143.36,12242124.8,896,512,13,5
xl,2.0,53642858359.41586,2448424.96,141428736.0,12242124.8,960,512,13,5
xl,2.0,50826184756.49627,3098787.84,141428736.0,15493939.2,960,576,13,5
xl,2.0,46690990805.236565,3098787.84,160914472.96,15493939.2,1024,576,13,5
xl,2.0,44309479707.05799,3825664.0,160914472.96,19128320.0,1024,640,13,5
s,2.0,30410290382.948566,344309.76,16944128.0,1721548.8,320,192,14,5
m,2.0,60820580765.89713,344309.76,16944128.0,1721548.8,320,192,14,5
l,2.0,152051451914.74283,344309.76,16944128.0,1721548.8,320,192,14,5
s,2.0,18110840756.34395,612106.24,33210490.88,3060531.2,448,256,14,5
m,2.0,36221681512.6879,612106.24,33210490.88,3060531.2,448,256,14,5
l,2.0,90554203781.71974,612106.24,33210490.88,3060531.2,448,256,14,5
xl,2.0,181108407563.43948,612106.24,33210490.88,3060531.2,448,256,14,5
s,2.0,14020141339.53482,956416.0,43376967.68,4782080.0,512,320,14,5
m,2.0,28040282679.06964,956416.0,43376967.68,4782080.0,512,320,14,5
l,2.0,70100706697.6741,956416.0,43376967.68,4782080.0,512,320,14,5
xl,2.0,140201413395.3482,956416.0,43376967.68,4782080.0,512,320,14,5
s,2.0,12068537055.877256,956416.0,54898974.72,4782080.0,576,320,14,5
m,2.0,24137074111.754513,956416.0,54898974.72,4782080.0,576,320,14,5
l,2.0,60342685279.386284,956416.0,54898974.72,4782080.0,576,320,14,5
xl,2.0,120685370558.77257,956416.0,54898974.72,4782080.0,576,320,14,5
l,2.0,48915550540.59244,1377239.04,67776512.0,6886195.2,640,384,14,5
xl,2.0,97831101081.18488,1377239.04,67776512.0,6886195.2,640,384,14,5
l,2.0,43171475087.60259,1377239.04,82009579.52,6886195.2,704,384,14,5
xl,2.0,86342950175.20518,1377239.04,82009579.52,6886195.2,704,384,14,5
l,2.0,40391859511.75117,1874575.3599999999,82009579.52,9372876.799999999,704,448,14,5
xl,2.0,80783719023.50233,1874575.3599999999,82009579.52,9372876.799999999,704,448,14,5
l,2.0,36121790369.13034,1874575.3599999999,97598177.28,9372876.799999999,768,448,14,5
xl,2.0,72243580738.26068,1874575.3599999999,97598177.28,9372876.799999999,768,448,14,5
l,2.0,32449213647.458496,1874575.3599999999,114542305.28,9372876.799999999,832,448,14,5
xl,2.0,64898427294.91699,1874575.3599999999,114542305.28,9372876.799999999,832,448,14,5
l,2.0,30630230128.947445,2448424.96,114542305.28,12242124.8,832,512,14,5
xl,2.0,61260460257.89489,2448424.96,114542305.28,12242124.8,832,512,14,5
xl,2.0,55575063440.22425,2448424.96,132841963.52,12242124.8,896,512,14,5
xl,2.0,50589556280.993065,2448424.96,152497152.0,12242124.8,960,512,14,5
xl,2.0,52557530498.806984,3098787.84,132841963.52,15493939.2,896,576,14,5
xl,2.0,48076892603.56961,3098787.84,152497152.0,15493939.2,960,576,14,5
s,2.0,28744508488.12918,344309.76,18173952.0,1721548.8,320,192,15,5
m,2.0,57489016976.25836,344309.76,18173952.0,1721548.8,320,192,15,5
l,2.0,143722542440.6459,344309.76,18173952.0,1721548.8,320,192,15,5
s,2.0,20722952938.963005,612106.24,26170490.88,3060531.2,384,256,15,5
m,2.0,41445905877.92601,612106.24,26170490.88,3060531.2,384,256,15,5
l,2.0,103614764694.81503,612106.24,26170490.88,3060531.2,384,256,15,5
xl,2.0,207229529389.63007,612106.24,26170490.88,3060531.2,384,256,15,5
s,2.0,17123293113.15617,612106.24,35620945.92,3060531.2,448,256,15,5
m,2.0,34246586226.31234,612106.24,35620945.92,3060531.2,448,256,15,5
l,2.0,85616465565.78085,612106.24,35620945.92,3060531.2,448,256,15,5
xl,2.0,171232931131.5617,612106.24,35620945.92,3060531.2,448,256,15,5
s,2.0,13287188310.199596,956416.0,46525317.12,4782080.0,512,320,15,5
m,2.0,26574376620.399193,956416.0,46525317.12,4782080.0,512,320,15,5
l,2.0,66435941550.997986,956416.0,46525317.12,4782080.0,512,320,15,5
xl,2.0,132871883101.99597,956416.0,46525317.12,4782080.0,512,320,15,5
s,2.0,11413119916.390951,956416.0,58883604.480000004,4782080.0,576,320,15,5
m,2.0,22826239832.781902,956416.0,58883604.480000004,4782080.0,576,320,15,5
l,2.0,57065599581.95476,956416.0,58883604.480000004,4782080.0,576,320,15,5
xl,2.0,114131199163.90952,956416.0,58883604.480000004,4782080.0,576,320,15,5
s,2.0,10592302506.994291,1377239.04,58883604.480000004,6886195.2,576,384,15,5
m,2.0,21184605013.988583,1377239.04,58883604.480000004,6886195.2,576,384,15,5
l,2.0,52961512534.97146,1377239.04,58883604.480000004,6886195.2,576,384,15,5
xl,2.0,105923025069.94292,1377239.04,58883604.480000004,6886195.2,576,384,15,5
l,2.0,46350794942.97965,1377239.04,72695808.0,6886195.2,640,384,15,5
xl,2.0,92701589885.9593,1377239.04,72695808.0,6886195.2,640,384,15,5
l,2.0,38339208028.70962,1874575.3599999999,87961927.68,9372876.799999999,704,448,15,5
xl,2.0,76678416057.41924,1874575.3599999999,87961927.68,9372876.799999999,704,448,15,5
l,2.0,34224700938.977722,1874575.3599999999,104681963.52,9372876.799999999,768,448,15,5
xl,2.0,68449401877.955444,1874575.3599999999,104681963.52,9372876.799999999,768,448,15,5
l,2.0,32207404521.257515,2448424.96,104681963.52,12242124.8,768,512,15,5
xl,2.0,64414809042.51503,2448424.96,104681963.52,12242124.8,768,512,15,5
xl,2.0,58129678469.51375,2448424.96,122855915.52,12242124.8,832,512,15,5
xl,2.0,52653370303.985756,2448424.96,142483783.68,12242124.8,896,512,15,5
xl,2.0,49937019271.49633,3098787.84,142483783.68,15493939.2,896,576,15,5
xl,2.0,45609767135.03563,3098787.84,163565568.0,15493939.2,960,576,15,5
xl,2.0,43334588996.384094,3825664.0,163565568.0,19128320.0,960,640,15,5
s,2.0,27251742123.208782,344309.76,19403776.0,1721548.8,320,192,16,5
m,2.0,54503484246.417564,344309.76,19403776.0,1721548.8,320,192,16,5
l,2.0,136258710616.04391,344309.76,19403776.0,1721548.8,320,192,16,5
s,2.0,19699070319.869026,612106.24,27941437.44,3060531.2,384,256,16,5
m,2.0,39398140639.73805,612106.24,27941437.44,3060531.2,384,256,16,5
l,2.0,98495351599.34514,612106.24,27941437.44,3060531.2,384,256,16,5
xl,2.0,196990703198.69028,612106.24,27941437.44,3060531.2,384,256,16,5
s,2.0,16237874542.554394,612106.24,38031400.96,3060531.2,448,256,16,5
m,2.0,32475749085.108788,612106.24,38031400.96,3060531.2,448,256,16,5
l,2.0,81189372712.77196,612106.24,38031400.96,3060531.2,448,256,16,5
xl,2.0,162378745425.5439,612106.24,38031400.96,3060531.2,448,256,16,5
s,2.0,12627063411.665897,956416.0,49673666.56,4782080.0,512,320,16,5
m,2.0,25254126823.331795,956416.0,49673666.56,4782080.0,512,320,16,5
l,2.0,63135317058.32948,956416.0,49673666.56,4782080.0,512,320,16,5
xl,2.0,126270634116.65897,956416.0,49673666.56,4782080.0,512,320,16,5
l,2.0,50420224253.152084,1377239.04,62868234.239999995,6886195.2,576,384,16,5
xl,2.0,100840448506.30417,1377239.04,62868234.239999995,6886195.2,576,384,16,5
l,2.0,44041592265.26703,1377239.04,77615104.0,6886195.2,640,384,16,5
xl,2.0,88083184530.53406,1377239.04,77615104.0,6886195.2,640,384,16,5
l,2.0,36485092375.7239,1874575.3599999999,93914275.84,9372876.799999999,704,448,16,5
xl,2.0,72970184751.4478,1874575.3599999999,93914275.84,9372876.799999999,704,448,16,5
l,2.0,32516935777.451485,1874575.3599999999,111765749.76,9372876.799999999,768,448,16,5
xl,2.0,65033871554.90297,1874575.3599999999,111765749.76,9372876.799999999,768,448,16,5
l,2.0,30690565497.426243,2448424.96,111765749.76,12242124.8,768,512,16,5
xl,2.0,61381130994.852486,2448424.96,111765749.76,12242124.8,768,512,16,5
xl,2.0,55303341642.74448,2448424.96,131169525.76,12242124.8,832,512,16,5
xl,2.0,50023532350.21997,2448424.96,152125603.84,12242124.8,896,512,16,5
xl,2.0,52314450204.022675,3098787.84,131169525.76,15493939.2,832,576,16,5
xl,2.0,47565414271.28763,3098787.84,152125603.84,15493939.2,896,576,16,5
s,2.0,53675946988.84465,153026.56,7428096.0,765132.8,192,128,17,5
m,2.0,107351893977.6893,153026.56,7428096.0,765132.8,192,128,17,5
s,2.0,25906366780.202045,344309.76,20633600.0,1721548.8,320,192,17,5
m,2.0,51812733560.40409,344309.76,20633600.0,1721548.8,320,192,17,5
l,2.0,129531833901.01022,344309.76,20633600.0,1721548.8,320,192,17,5
s,2.0,18771600405.50021,612106.24,29712384.0,3060531.2,384,256,17,5
m,2.0,37543200811.00042,612106.24,29712384.0,3060531.2,384,256,17,5
l,2.0,93858002027.50105,612106.24,29712384.0,3060531.2,384,256,17,5
xl,2.0,187716004055.0021,612106.24,29712384.0,3060531.2,384,256,17,5
s,2.0,14208949066.205599,956416.0,40441856.0,4782080.0,448,320,17,5
m,2.0,28417898132.411198,956416.0,40441856.0,4782080.0,448,320,17,5
l,2.0,71044745331.028,956416.0,40441856.0,4782080.0,448,320,17,5
xl,2.0,142089490662.056,956416.0,40441856.0,4782080.0,448,320,17,5
s,2.0,12029425800.130426,956416.0,52822016.0,4782080.0,512,320,17,5
m,2.0,24058851600.260853,956416.0,52822016.0,4782080.0,512,320,17,5
l,2.0,60147129000.65213,956416.0,52822016.0,4782080.0,512,320,17,5
xl,2.0,120294258001.30426,956416.0,52822016.0,4782080.0,512,320,17,5
l,2.0,48111650214.08344,1377239.04,66852864.0,6886195.2,576,384,17,5
xl,2.0,96223300428.16689,1377239.04,66852864.0,6886195.2,576,384,17,5
l,2.0,41951560046.555305,1377239.04,82534400.0,6886195.2,640,384,17,5
xl,2.0,83903120093.11061,1377239.04,82534400.0,6886195.2,640,384,17,5
l,2.0,39322030513.251434,1874575.3599999999,82534400.0,9372876.799999999,640,448,17,5
xl,2.0,78644061026.50287,1874575.3599999999,82534400.0,9372876.799999999,640,448,17,5
l,2.0,34802037214.36966,1874575.3599999999,99866624.0,9372876.799999999,704,448,17,5
xl,2.0,69604074428.73932,1874575.3599999999,99866624.0,9372876.799999999,704,448,17,5
xl,2.0,58620348690.1164,2448424.96,118849536.0,12242124.8,768,512,17,5
xl,2.0,52739101339.82194,2448424.96,139483136.0,12242124.8,832,512,17,5
xl,2.0,50014126389.970604,3098787.84,139483136.0,15493939.2,832,576,17,5
xl,2.0,45408860244.233925,3098787.84,161767424.0,15493939.2,896,576,17,5
xl,2.0,43153186221.64969,3825664.0,161767424.0,19128320.0,896,640,17,5
s,2.0,51144775557.085266,153026.56,7870832.64,765132.8,192,128,18,5
m,2.0,102289551114.17053,153026.56,7870832.64,765132.8,192,128,18,5
s,2.0,17927537638.650143,612106.24,31483330.56,3060531.2,384,256,18,5
m,2.0,35855075277.300285,612106.24,31483330.56,3060531.2,384,256,18,5
l,2.0,89637688193.25072,612106.24,31483330.56,3060531.2,384,256,18,5
xl,2.0,179275376386.50143,612106.24,31483330.56,3060531.2,384,256,18,5
s,2.0,13593861494.133204,956416.0,42852311.04,4782080.0,448,320,18,5
m,2.0,27187722988.266407,956416.0,42852311.04,4782080.0,448,320,18,5
l,2.0,67969307470.66602,956416.0,42852311.04,4782080.0,448,320,18,5
xl,2.0,135938614941.33205,956416.0,42852311.04,4782080.0,448,320,18,5
s,2.0,11485803884.540773,956416.0,55970365.44,4782080.0,512,320,18,5
m,2.0,22971607769.081547,956416.0,55970365.44,4782080.0,512,320,18,5
l,2.0,57429019422.70387,956416.0,55970365.44,4782080.0,512,320,18,5
xl,2.0,114858038845.40775,956416.0,55970365.44,4782080.0,512,320,18,5
l,2.0,46005224309.10752,1377239.04,70837493.76,6886195.2,576,384,18,5
xl,2.0,92010448618.21504,1377239.04,70837493.76,6886195.2,576,384,18,5
l,2.0,37647422971.372765,1874575.3599999999,87453696.0,9372876.799999999,640,448,18,5
xl,2.0,75294845942.74553,1874575.3599999999,87453696.0,9372876.799999999,640,448,18,5
l,2.0,33267413394.798992,1874575.3599999999,105818972.16,9372876.799999999,704,448,18,5
xl,2.0,66534826789.597984,1874575.3599999999,105818972.16,9372876.799999999,704,448,18,5
l,2.0,31358241374.11143,2448424.96,105818972.16,12242124.8,704,512,18,5
xl,2.0,62716482748.22286,2448424.96,105818972.16,12242124.8,704,512,18,5
xl,2.0,56097224370.37194,2448424.96,125933322.24,12242124.8,768,512,18,5
xl,2.0,50402115334.03958,2448424.96,147796746.24,12242124.8,832,512,18,5
xl,2.0,47907577602.71782,3098787.84,147796746.24,15493939.2,832,576,18,5
s,2.0,48841576275.36609,153026.56,8313569.28,765132.8,192,128,19,5
m,2.0,97683152550.73218,153026.56,8313569.28,765132.8,192,128,19,5
s,2.0,30896252736.369877,344309.76,14779678.72,1721548.8,256,192,19,5
m,2.0,61792505472.73975,344309.76,14779678.72,1721548.8,256,192,19,5
l,2.0,154481263681.8494,344309.76,14779678.72,1721548.8,256,192,19,5
s,2.0,17156114980.688858,612106.24,33254277.12,3060531.2,384,256,19,5
m,2.0,34312229961.377716,612106.24,33254277.12,3060531.2,384,256,19,5
l,2.0,85780574903.44429,612106.24,33254277.12,3060531.2,384,256,19,5
xl,2.0,171561149806.88858,612106.24,33254277.12,3060531.2,384,256,19,5
s,2.0,13029817066.455229,956416.0,45262766.08,4782080.0,448,320,19,5
m,2.0,26059634132.910458,956416.0,45262766.08,4782080.0,448,320,19,5
l,2.0,65149085332.276146,956416.0,45262766.08,4782080.0,448,320,19,5
xl,2.0,130298170664.55229,956416.0,45262766.08,4782080.0,448,320,19,5
s,2.0,10989191221.407848,956416.0,59118714.88,4782080.0,512,320,19,5
m,2.0,21978382442.815697,956416.0,59118714.88,4782080.0,512,320,19,5
l,2.0,54945956107.03924,956416.0,59118714.88,4782080.0,512,320,19,5
xl,2.0,109891912214.07848,956416.0,59118714.88,4782080.0,512,320,19,5
s,2.0,10226179931.654955,1377239.04,59118714.88,6886195.2,512,384,19,5
m,2.0,20452359863.30991,1377239.04,59118714.88,6886195.2,512,384,19,5
l,2.0,51130899658.27477,1377239.04,59118714.88,6886195.2,512,384,19,5
xl,2.0,102261799316.54955,1377239.04,59118714.88,6886195.2,512,384,19,5
l,2.0,44075508881.15721,1377239.04,74822123.52,6886195.2,576,384,19,5
xl,2.0,88151017762.31442,1377239.04,74822123.52,6886195.2,576,384,19,5
l,2.0,36109622277.68228,1874575.3599999999,92372992.0,9372876.799999999,640,448,19,5
xl,2.0,72219244555.36456,1874575.3599999999,92372992.0,9372876.799999999,640,448,19,5
l,2.0,31862414598.58388,1874575.3599999999,111771320.32,9372876.799999999,704,448,19,5
xl,2.0,63724829197.16776,1874575.3599999999,111771320.32,9372876.799999999,704,448,19,5
l,2.0,30106844209.22222,2448424.96,111771320.32,12242124.8,704,512,19,5
xl,2.0,60213688418.44444,2448424.96,111771320.32,12242124.8,704,512,19,5
xl,2.0,53782336711.69706,2448424.96,133017108.48,12242124.8,768,512,19,5
xl,2.0,50951383139.127205,3098787.84,133017108.48,15493939.2,768,576,19,5
xl,2.0,45971308566.369545,3098787.84,156110356.48,15493939.2,832,576,19,5
s,2.0,46736877570.97694,153026.56,8657879.040000001,765132.8,192,128,20,5
m,2.0,93473755141.95387,153026.56,8657879.040000001,765132.8,192,128,20,5
s,2.0,29635491608.897842,344309.76,15391784.96,1721548.8,256,192,20,5
m,2.0,59270983217.795685,344309.76,15391784.96,1721548.8,256,192,20,5
l,2.0,148177458044.48923,344309.76,15391784.96,1721548.8,256,192,20,5
s,2.0,16448342162.908676,612106.24,34631516.160000004,3060531.2,384,256,20,5
m,2.0,32896684325.817352,612106.24,34631516.160000004,3060531.2,384,256,20,5
l,2.0,82241710814.54338,612106.24,34631516.160000004,3060531.2,384,256,20,5
xl,2.0,164483421629.08676,612106.24,34631516.160000004,3060531.2,384,256,20,5
s,2.0,12510715177.335085,956416.0,47137341.44,4782080.0,448,320,20,5
m,2.0,25021430354.67017,956416.0,47137341.44,4782080.0,448,320,20,5
l,2.0,62553575886.67542,956416.0,47137341.44,4782080.0,448,320,20,5
xl,2.0,125107151773.35085,956416.0,47137341.44,4782080.0,448,320,20,5
s,2.0,9830643895.661514,1377239.04,61567139.84,6886195.2,512,384,20,5
m,2.0,19661287791.32303,1377239.04,61567139.84,6886195.2,512,384,20,5
l,2.0,49153219478.30757,1377239.04,61567139.84,6886195.2,512,384,20,5
xl,2.0,98306438956.61514,1377239.04,61567139.84,6886195.2,512,384,20,5
l,2.0,42301162445.14873,1377239.04,77920911.35999998,6886195.2,576,384,20,5
xl,2.0,84602324890.29745,1377239.04,77920911.35999998,6886195.2,576,384,20,5
l,2.0,34692521723.0916,1874575.3599999999,96198656.0,9372876.799999999,640,448,20,5
xl,2.0,69385043446.1832,1874575.3599999999,96198656.0,9372876.799999999,640,448,20,5
l,2.0,30571282793.017754,1874575.3599999999,116400373.75999999,9372876.799999999,704,448,20,5
xl,2.0,61142565586.03551,1874575.3599999999,116400373.75999999,9372876.799999999,704,448,20,5
xl,2.0,57902983904.37127,2448424.96,116400373.75999999,12242124.8,704,512,20,5
xl,2.0,51650928289.98662,2448424.96,138526064.64000002,12242124.8,768,512,20,5
xl,2.0,49034453398.873116,3098787.84,138526064.64000002,15493939.2,768,576,20,5
xl,2.0,44185474860.916565,3098787.84,162575728.64,15493939.2,832,576,20,5
xl,2.0,42046844140.139206,3825664.0,162575728.64,19128320.0,832,640,20,5
s,2.0,44806078003.98372,153026.56,9100615.68,765132.8,192,128,21,5
m,2.0,89612156007.96744,153026.56,9100615.68,765132.8,192,128,21,5
s,2.0,28473590321.289978,344309.76,16178872.32,1721548.8,256,192,21,5
m,2.0,56947180642.579956,344309.76,16178872.32,1721548.8,256,192,21,5
l,2.0,142367951606.4499,344309.76,16178872.32,1721548.8,256,192,21,5
s,2.0,15796653705.62604,612106.24,36402462.72,3060531.2,384,256,21,5
m,2.0,31593307411.25208,612106.24,36402462.72,3060531.2,384,256,21,5
l,2.0,78983268528.1302,612106.24,36402462.72,3060531.2,384,256,21,5
xl,2.0,157966537056.2604,612106.24,36402462.72,3060531.2,384,256,21,5
s,2.0,12031390154.867054,956416.0,49547796.48,4782080.0,448,320,21,5
m,2.0,24062780309.734108,956416.0,49547796.48,4782080.0,448,320,21,5
l,2.0,60156950774.335266,956416.0,49547796.48,4782080.0,448,320,21,5
xl,2.0,120313901548.67053,956416.0,49547796.48,4782080.0,448,320,21,5
l,2.0,47322830711.74846,1377239.04,64715489.28,6886195.2,512,384,21,5
xl,2.0,94645661423.49692,1377239.04,64715489.28,6886195.2,512,384,21,5
l,2.0,40664147097.89494,1377239.04,81905541.12,6886195.2,576,384,21,5
xl,2.0,81328294195.78989,1377239.04,81905541.12,6886195.2,576,384,21,5
l,2.0,38188770153.30163,1874575.3599999999,81905541.12,9372876.799999999,576,448,21,5
xl,2.0,76377540306.60326,1874575.3599999999,81905541.12,9372876.799999999,576,448,21,5
l,2.0,33382447512.943348,1874575.3599999999,101117952.0,9372876.799999999,640,448,21,5
xl,2.0,66764895025.886696,1874575.3599999999,101117952.0,9372876.799999999,640,448,21,5
xl,2.0,55763072103.37954,2448424.96,122352721.92,12242124.8,704,512,21,5
xl,2.0,49682016651.466034,2448424.96,145609850.88,12242124.8,768,512,21,5
xl,2.0,47256533943.946434,3098787.84,145609850.88,15493939.2,768,576,21,5
xl,2.0,42533200320.51495,3098787.84,170889338.88,15493939.2,832,576,21,5
s,2.0,43028480199.93194,153026.56,9543352.32,765132.8,192,128,22,5
m,2.0,86056960399.86388,153026.56,9543352.32,765132.8,192,128,22,5
s,2.0,27399359740.529377,344309.76,16965959.68,1721548.8,256,192,22,5
m,2.0,54798719481.058754,344309.76,16965959.68,1721548.8,256,192,22,5
l,2.0,136996798702.64688,344309.76,16965959.68,1721548.8,256,192,22,5
s,2.0,19026693946.25761,612106.24,26509312.0,3060531.2,320,256,22,5
m,2.0,38053387892.51522,612106.24,26509312.0,3060531.2,320,256,22,5
l,2.0,95133469731.28806,612106.24,26509312.0,3060531.2,320,256,22,5
xl,2.0,190266939462.5761,612106.24,26509312.0,3060531.2,320,256,22,5
s,2.0,15194637422.012371,612106.24,38173409.28,3060531.2,384,256,22,5
m,2.0,30389274844.024742,612106.24,38173409.28,3060531.2,384,256,22,5
l,2.0,75973187110.06186,612106.24,38173409.28,3060531.2,384,256,22,5
xl,2.0,151946374220.12372,612106.24,38173409.28,3060531.2,384,256,22,5
s,2.0,11587438768.450966,956416.0,51958251.519999996,4782080.0,448,320,22,5
m,2.0,23174877536.90193,956416.0,51958251.519999996,4782080.0,448,320,22,5
l,2.0,57937193842.25483,956416.0,51958251.519999996,4782080.0,448,320,22,5
xl,2.0,115874387684.50966,956416.0,51958251.519999996,4782080.0,448,320,22,5
l,2.0,45623869404.01707,1377239.04,67863838.72,6886195.2,512,384,22,5
xl,2.0,91247738808.03413,1377239.04,67863838.72,6886195.2,512,384,22,5
l,2.0,39149113106.345345,1377239.04,85890170.88,6886195.2,576,384,22,5
xl,2.0,78298226212.69069,1377239.04,85890170.88,6886195.2,576,384,22,5
l,2.0,36849536115.63486,1874575.3599999999,85890170.88,9372876.799999999,576,448,22,5
xl,2.0,73699072231.26971,1874575.3599999999,85890170.88,9372876.799999999,576,448,22,5
l,2.0,32167716118.589718,1874575.3599999999,106037248.0,9372876.799999999,640,448,22,5
xl,2.0,64335432237.179436,1874575.3599999999,106037248.0,9372876.799999999,640,448,22,5
l,2.0,30379285446.853565,2448424.96,106037248.0,12242124.8,640,512,22,5
xl,2.0,60758570893.70713,2448424.96,106037248.0,12242124.8,640,512,22,5
xl,2.0,53775692003.67334,2448424.96,128305070.08,12242124.8,704,512,22,5
xl,2.0,47857701231.26578,2448424.96,152693637.12,12242124.8,768,512,22,5
xl,2.0,45603032909.600174,3098787.84,152693637.12,15493939.2,768,576,22,5
s,2.0,26403237886.937973,344309.76,17753047.04,1721548.8,256,192,23,5
m,2.0,52806475773.875946,344309.76,17753047.04,1721548.8,256,192,23,5
l,2.0,132016189434.68987,344309.76,17753047.04,1721548.8,256,192,23,5
s,2.0,18360958967.798477,612106.24,27739136.0,3060531.2,320,256,23,5
m,2.0,36721917935.596954,612106.24,27739136.0,3060531.2,320,256,23,5
l,2.0,91804794838.99237,612106.24,27739136.0,3060531.2,320,256,23,5
xl,2.0,183609589677.98474,612106.24,27739136.0,3060531.2,320,256,23,5
s,2.0,13526277171.86693,956416.0,39944355.839999996,4782080.0,384,320,23,5
m,2.0,27052554343.73386,956416.0,39944355.839999996,4782080.0,384,320,23,5
l,2.0,67631385859.33465,956416.0,39944355.839999996,4782080.0,384,320,23,5
xl,2.0,135262771718.6693,956416.0,39944355.839999996,4782080.0,384,320,23,5
s,2.0,11175084566.424349,956416.0,54368706.56,4782080.0,448,320,23,5
m,2.0,22350169132.848698,956416.0,54368706.56,4782080.0,448,320,23,5
l,2.0,55875422832.12174,956416.0,54368706.56,4782080.0,448,320,23,5
xl,2.0,111750845664.24348,956416.0,54368706.56,4782080.0,448,320,23,5
l,2.0,44042670805.73627,1377239.04,71012188.16,6886195.2,512,384,23,5
xl,2.0,88085341611.47253,1377239.04,71012188.16,6886195.2,512,384,23,5
l,2.0,35601050287.71732,1874575.3599999999,89874800.63999999,9372876.799999999,576,448,23,5
xl,2.0,71202100575.43465,1874575.3599999999,89874800.63999999,9372876.799999999,576,448,23,5
l,2.0,31038284879.16387,1874575.3599999999,110956544.0,9372876.799999999,640,448,23,5
xl,2.0,62076569758.32774,1874575.3599999999,110956544.0,9372876.799999999,640,448,23,5
l,2.0,29369979007.07208,2448424.96,110956544.0,12242124.8,640,512,23,5
xl,2.0,58739958014.14416,2448424.96,110956544.0,12242124.8,640,512,23,5
xl,2.0,51925096275.691826,2448424.96,134257418.24,12242124.8,704,512,23,5
xl,2.0,49281481518.97921,3098787.84,134257418.24,15493939.2,704,576,23,5
xl,2.0,44061331659.15501,3098787.84,159777423.35999998,15493939.2,768,576,23,5
xl,2.0,41934412185.39033,3825664.0,159777423.35999998,19128320.0,768,640,23,5
s,2.0,25477004529.08582,344309.76,18540134.4,1721548.8,256,192,24,5
m,2.0,50954009058.17164,344309.76,18540134.4,1721548.8,256,192,24,5
l,2.0,127385022645.4291,344309.76,18540134.4,1721548.8,256,192,24,5
s,2.0,17740236523.16524,612106.24,28968960.0,3060531.2,320,256,24,5
m,2.0,35480473046.33048,612106.24,28968960.0,3060531.2,320,256,24,5
l,2.0,88701182615.82622,612106.24,28968960.0,3060531.2,320,256,24,5
xl,2.0,177402365231.65244,612106.24,28968960.0,3060531.2,320,256,24,5
s,2.0,13082443794.137445,956416.0,41715302.4,4782080.0,384,320,24,5
m,2.0,26164887588.27489,956416.0,41715302.4,4782080.0,384,320,24,5
l,2.0,65412218970.687225,956416.0,41715302.4,4782080.0,384,320,24,5
xl,2.0,130824437941.37445,956416.0,41715302.4,4782080.0,384,320,24,5
s,2.0,10791070184.650854,956416.0,56779161.6,4782080.0,448,320,24,5
m,2.0,21582140369.30171,956416.0,56779161.6,4782080.0,448,320,24,5
l,2.0,53955350923.25427,956416.0,56779161.6,4782080.0,448,320,24,5
xl,2.0,107910701846.50854,956416.0,56779161.6,4782080.0,448,320,24,5
l,2.0,42567401045.73543,1377239.04,74160537.6,6886195.2,512,384,24,5
xl,2.0,85134802091.47086,1377239.04,74160537.6,6886195.2,512,384,24,5
l,2.0,34434391115.51542,1874575.3599999999,93859430.4,9372876.799999999,576,448,24,5
xl,2.0,68868782231.03084,1874575.3599999999,93859430.4,9372876.799999999,576,448,24,5
l,2.0,29985473712.375202,1874575.3599999999,115875840.0,9372876.799999999,640,448,24,5
xl,2.0,59970947424.750404,1874575.3599999999,115875840.0,9372876.799999999,640,448,24,5
xl,2.0,56851162935.01818,2448424.96,115875840.0,12242124.8,640,512,24,5
xl,2.0,50197633141.59991,2448424.96,140209766.4,12242124.8,704,512,24,5
xl,2.0,47722798182.18319,3098787.84,140209766.4,15493939.2,704,576,24,5
xl,2.0,42620462146.88681,3098787.84,166861209.6,15493939.2,768,576,24,5
xl,2.0,40627228452.233284,3825664.0,166861209.6,19128320.0,768,640,24,5
s,2.0,27914909210.978527,344309.76,18173952.0,2065858.56,320,192,15,6
m,2.0,55829818421.957054,344309.76,18173952.0,2065858.56,320,192,15,6
l,2.0,139574546054.89264,344309.76,18173952.0,2065858.56,320,192,15,6
s,2.0,16619033061.154524,612106.24,35620945.92,3672637.44,448,256,15,6
m,2.0,33238066122.309048,612106.24,35620945.92,3672637.44,448,256,15,6
l,2.0,83095165305.77261,612106.24,35620945.92,3672637.44,448,256,15,6
xl,2.0,166190330611.54523,612106.24,35620945.92,3672637.44,448,256,15,6
s,2.0,11071098095.987234,956416.0,58883604.480000004,5738496.0,576,320,15,6
m,2.0,22142196191.97447,956416.0,58883604.480000004,5738496.0,576,320,15,6
l,2.0,55355490479.93617,956416.0,58883604.480000004,5738496.0,576,320,15,6
xl,2.0,110710980959.87234,956416.0,58883604.480000004,5738496.0,576,320,15,6
l,2.0,44758194662.56366,1377239.04,72695808.0,8263434.24,640,384,15,6
xl,2.0,89516389325.12732,1377239.04,72695808.0,8263434.24,640,384,15,6
l,2.0,39593591209.26897,1377239.04,87961927.68,8263434.24,704,384,15,6
xl,2.0,79187182418.53793,1377239.04,87961927.68,8263434.24,704,384,15,6
l,2.0,33055671615.340824,1874575.3599999999,104681963.52,11247452.16,768,448,15,6
xl,2.0,66111343230.68165,1874575.3599999999,104681963.52,11247452.16,768,448,15,6
xl,2.0,59507751952.02279,1874575.3599999999,122855915.52,11247452.16,832,448,15,6
xl,2.0,55953183647.161575,2448424.96,122855915.52,14690549.76,832,512,15,6
xl,2.0,50861325893.472046,2448424.96,142483783.68,14690549.76,896,512,15,6
xl,2.0,46379589504.152565,2448424.96,163565568.0,14690549.76,960,512,15,6
xl,2.0,43924243097.51322,3098787.84,163565568.0,18592727.04,960,576,15,6
s,2.0,26504952024.08607,344309.76,19403776.0,2065858.56,320,192,16,6
m,2.0,53009904048.17214,344309.76,19403776.0,2065858.56,320,192,16,6
l,2.0,132524760120.43036,344309.76,19403776.0,2065858.56,320,192,16,6
s,2.0,15783723650.424452,612106.24,38031400.96,3672637.44,448,256,16,6
m,2.0,31567447300.848904,612106.24,38031400.96,3672637.44,448,256,16,6
l,2.0,78918618252.12225,612106.24,38031400.96,3672637.44,448,256,16,6
xl,2.0,157837236504.2445,612106.24,38031400.96,3672637.44,448,256,16,6
s,2.0,12209744865.796423,956416.0,49673666.56,5738496.0,512,320,16,6
m,2.0,24419489731.592846,956416.0,49673666.56,5738496.0,512,320,16,6
l,2.0,61048724328.98212,956416.0,49673666.56,5738496.0,512,320,16,6
xl,2.0,122097448657.96423,956416.0,49673666.56,5738496.0,512,320,16,6
s,2.0,10517054900.466995,956416.0,62868234.239999995,5738496.0,576,320,16,6
m,2.0,21034109800.93399,956416.0,62868234.239999995,5738496.0,576,320,16,6
l,2.0,52585274502.33498,956416.0,62868234.239999995,5738496.0,576,320,16,6
xl,2.0,105170549004.66995,956416.0,62868234.239999995,5738496.0,576,320,16,6
l,2.0,42601260619.96943,1377239.04,77615104.0,8263434.24,640,384,16,6
xl,2.0,85202521239.93886,1377239.04,77615104.0,8263434.24,640,384,16,6
l,2.0,37619288657.65325,1377239.04,93914275.84,8263434.24,704,384,16,6
xl,2.0,75238577315.3065,1377239.04,93914275.84,8263434.24,704,384,16,6
l,2.0,35159535588.281654,1874575.3599999999,93914275.84,11247452.16,704,448,16,6
xl,2.0,70319071176.56331,1874575.3599999999,93914275.84,11247452.16,704,448,16,6
l,2.0,31459859916.74382,1874575.3599999999,111765749.76,11247452.16,768,448,16,6
xl,2.0,62919719833.48764,1874575.3599999999,111765749.76,11247452.16,768,448,16,6
xl,2.0,56549229569.677185,1874575.3599999999,131169525.76,11247452.16,832,448,16,6
xl,2.0,53329756399.91208,2448424.96,131169525.76,14690549.76,832,512,16,6
xl,2.0,48403274934.91377,2448424.96,152125603.84,14690549.76,896,512,16,6
s,2.0,25230578013.730377,344309.76,20633600.0,2065858.56,320,192,17,6
m,2.0,50461156027.460754,344309.76,20633600.0,2065858.56,320,192,17,6
l,2.0,126152890068.65189,344309.76,20633600.0,2065858.56,320,192,17,6
s,2.0,15028364752.041456,612106.24,40441856.0,3672637.44,448,256,17,6
m,2.0,30056729504.082912,612106.24,40441856.0,3672637.44,448,256,17,6
l,2.0,75141823760.20728,612106.24,40441856.0,3672637.44,448,256,17,6
xl,2.0,150283647520.41455,612106.24,40441856.0,3672637.44,448,256,17,6
s,2.0,11650082317.804049,956416.0,52822016.0,5738496.0,512,320,17,6
m,2.0,23300164635.608097,956416.0,52822016.0,5738496.0,512,320,17,6
l,2.0,58250411589.02024,956416.0,52822016.0,5738496.0,512,320,17,6
xl,2.0,116500823178.04048,956416.0,52822016.0,5738496.0,512,320,17,6
l,2.0,50079110250.90637,956416.0,66852864.0,5738496.0,576,320,17,6
xl,2.0,100158220501.81274,956416.0,66852864.0,5738496.0,576,320,17,6
l,2.0,40642657674.08134,1377239.04,82534400.0,8263434.24,640,384,17,6
xl,2.0,81285315348.16267,1377239.04,82534400.0,8263434.24,640,384,17,6
l,2.0,35832528471.678604,1377239.04,99866624.0,8263434.24,704,384,17,6
xl,2.0,71665056943.35721,1377239.04,99866624.0,8263434.24,704,384,17,6
l,2.0,33593930644.643253,1874575.3599999999,99866624.0,11247452.16,704,448,17,6
xl,2.0,67187861289.28651,1874575.3599999999,99866624.0,11247452.16,704,448,17,6
xl,2.0,60022065378.89931,1874575.3599999999,118849536.0,11247452.16,768,448,17,6
xl,2.0,53870949759.18686,1874575.3599999999,139483136.0,11247452.16,832,448,17,6
xl,2.0,50941316135.232025,2448424.96,139483136.0,14690549.76,832,512,17,6
xl,2.0,46171858827.38301,2448424.96,161767424.0,14690549.76,896,512,17,6
xl,2.0,43737880653.15466,3098787.84,161767424.0,18592727.04,896,576,17,6
s,2.0,49888068734.36029,153026.56,7870832.64,918159.36,192,128,18,6
m,2.0,99776137468.72058,153026.56,7870832.64,918159.36,192,128,18,6
s,2.0,24073127582.89252,344309.76,21863424.0,2065858.56,320,192,18,6
m,2.0,48146255165.78504,344309.76,21863424.0,2065858.56,320,192,18,6
l,2.0,120365637914.46262,344309.76,21863424.0,2065858.56,320,192,18,6
s,2.0,17375560627.328796,612106.24,31483330.56,3672637.44,384,256,18,6
m,2.0,34751121254.65759,612106.24,31483330.56,3672637.44,384,256,18,6
l,2.0,86877803136.64398,612106.24,31483330.56,3672637.44,384,256,18,6
xl,2.0,173755606273.28796,612106.24,31483330.56,3672637.44,384,256,18,6
s,2.0,14342002070.792343,612106.24,42852311.04,3672637.44,448,256,18,6
m,2.0,28684004141.584686,612106.24,42852311.04,3672637.44,448,256,18,6
l,2.0,71710010353.96172,612106.24,42852311.04,3672637.44,448,256,18,6
xl,2.0,143420020707.92343,612106.24,42852311.04,3672637.44,448,256,18,6
s,2.0,11139477984.883904,956416.0,55970365.44,5738496.0,512,320,18,6
m,2.0,22278955969.767807,956416.0,55970365.44,5738496.0,512,320,18,6
l,2.0,55697389924.41952,956416.0,55970365.44,5738496.0,512,320,18,6
xl,2.0,111394779848.83904,956416.0,55970365.44,5738496.0,512,320,18,6
l,2.0,47800961800.01663,956416.0,70837493.76,5738496.0,576,320,18,6
xl,2.0,95601923600.03326,956416.0,70837493.76,5738496.0,576,320,18,6
l,2.0,44435880903.67152,1377239.04,70837493.76,8263434.24,576,384,18,6
xl,2.0,88871761807.34303,1377239.04,70837493.76,8263434.24,576,384,18,6
l,2.0,38856233240.09429,1377239.04,87453696.0,8263434.24,640,384,18,6
xl,2.0,77712466480.18858,1377239.04,87453696.0,8263434.24,640,384,18,6
l,2.0,32161810218.915123,1874575.3599999999,105818972.16,11247452.16,704,448,18,6
xl,2.0,64323620437.830246,1874575.3599999999,105818972.16,11247452.16,704,448,18,6
xl,2.0,57379553321.862274,1874575.3599999999,125933322.24,11247452.16,768,448,18,6
xl,2.0,54067610306.16061,2448424.96,125933322.24,14690549.76,768,512,18,6
xl,2.0,48757643692.895004,2448424.96,147796746.24,14690549.76,832,512,18,6
xl,2.0,44137114912.0761,2448424.96,171409244.16,14690549.76,896,512,18,6
s,2.0,47694237721.08415,153026.56,8313569.28,918159.36,192,128,19,6
m,2.0,95388475442.1683,153026.56,8313569.28,918159.36,192,128,19,6
s,2.0,23017214976.501156,344309.76,23093248.0,2065858.56,320,192,19,6
m,2.0,46034429953.00231,344309.76,23093248.0,2065858.56,320,192,19,6
l,2.0,115086074882.50577,344309.76,23093248.0,2065858.56,320,192,19,6
xl,2.0,230172149765.01154,344309.76,23093248.0,2065858.56,320,192,19,6
s,2.0,16649948519.95757,612106.24,33254277.12,3672637.44,384,256,19,6
m,2.0,33299897039.91514,612106.24,33254277.12,3672637.44,384,256,19,6
l,2.0,83249742599.78784,612106.24,33254277.12,3672637.44,384,256,19,6
xl,2.0,166499485199.57568,612106.24,33254277.12,3672637.44,384,256,19,6
s,2.0,13715595088.07014,612106.24,45262766.08,3672637.44,448,256,19,6
m,2.0,27431190176.14028,612106.24,45262766.08,3672637.44,448,256,19,6
l,2.0,68577975440.35071,612106.24,45262766.08,3672637.44,448,256,19,6
xl,2.0,137155950880.70142,612106.24,45262766.08,3672637.44,448,256,19,6
s,2.0,10671752280.824953,956416.0,59118714.88,5738496.0,512,320,19,6
m,2.0,21343504561.649906,956416.0,59118714.88,5738496.0,512,320,19,6
l,2.0,53358761404.12476,956416.0,59118714.88,5738496.0,512,320,19,6
xl,2.0,106717522808.24953,956416.0,59118714.88,5738496.0,512,320,19,6
l,2.0,42632994301.02869,1377239.04,74822123.52,8263434.24,576,384,19,6
xl,2.0,85265988602.05737,1377239.04,74822123.52,8263434.24,576,384,19,6
l,2.0,37220239223.160225,1377239.04,92372992.0,8263434.24,640,384,19,6
xl,2.0,74440478446.32045,1377239.04,92372992.0,8263434.24,640,384,19,6
l,2.0,30846800849.164555,1874575.3599999999,111771320.32,11247452.16,704,448,19,6
xl,2.0,61693601698.32911,1874575.3599999999,111771320.32,11247452.16,704,448,19,6
xl,2.0,54959906247.158356,1874575.3599999999,133017108.48,11247452.16,768,448,19,6
xl,2.0,51913983688.86222,2448424.96,133017108.48,14690549.76,768,512,19,6
xl,2.0,46753488478.25432,2448424.96,156110356.48,14690549.76,832,512,19,6
xl,2.0,44259458320.59901,3098787.84,156110356.48,18592727.04,832,576,19,6
s,2.0,45685226944.32525,153026.56,8657879.040000001,918159.36,192,128,20,6
m,2.0,91370453888.6505,153026.56,8657879.040000001,918159.36,192,128,20,6
s,2.0,22050040453.533417,344309.76,24049664.0,2065858.56,320,192,20,6
m,2.0,44100080907.06683,344309.76,24049664.0,2065858.56,320,192,20,6
l,2.0,110250202267.66708,344309.76,24049664.0,2065858.56,320,192,20,6
xl,2.0,220500404535.33417,344309.76,24049664.0,2065858.56,320,192,20,6
s,2.0,15982510867.698236,612106.24,34631516.160000004,3672637.44,384,256,20,6
m,2.0,31965021735.396473,612106.24,34631516.160000004,3672637.44,384,256,20,6
l,2.0,79912554338.49118,612106.24,34631516.160000004,3672637.44,384,256,20,6
xl,2.0,159825108676.98236,612106.24,34631516.160000004,3672637.44,384,256,20,6
s,2.0,10241721673.72477,956416.0,61567139.84,5738496.0,512,320,20,6
m,2.0,20483443347.44954,956416.0,61567139.84,5738496.0,512,320,20,6
l,2.0,51208608368.62385,956416.0,61567139.84,5738496.0,512,320,20,6
xl,2.0,102417216737.2477,956416.0,61567139.84,5738496.0,512,320,20,6
l,2.0,40970699685.46879,1377239.04,77920911.35999998,8263434.24,576,384,20,6
xl,2.0,81941399370.93758,1377239.04,77920911.35999998,8263434.24,576,384,20,6
l,2.0,35716442252.65954,1377239.04,96198656.0,8263434.24,640,384,20,6
xl,2.0,71432884505.31908,1377239.04,96198656.0,8263434.24,640,384,20,6
l,2.0,33491875404.75333,1874575.3599999999,96198656.0,11247452.16,640,448,20,6
xl,2.0,66983750809.50666,1874575.3599999999,96198656.0,11247452.16,640,448,20,6
l,2.0,29635101749.850624,1874575.3599999999,116400373.75999999,11247452.16,704,448,20,6
xl,2.0,59270203499.70125,1874575.3599999999,116400373.75999999,11247452.16,704,448,20,6
xl,2.0,52736070886.567566,1874575.3599999999,138526064.64000002,11247452.16,768,448,20,6
xl,2.0,49925351933.31156,2448424.96,138526064.64000002,14690549.76,768,512,20,6
xl,2.0,44907587628.54218,2448424.96,162575728.64,14690549.76,832,512,20,6
xl,2.0,42601749855.76479,3098787.84,162575728.64,18592727.04,832,576,20,6
s,2.0,43838625041.1557,153026.56,9100615.68,918159.36,192,128,21,6
m,2.0,87677250082.3114,153026.56,9100615.68,918159.36,192,128,21,6
s,2.0,21160868879.767166,344309.76,25279488.0,2065858.56,320,192,21,6
m,2.0,42321737759.53433,344309.76,25279488.0,2065858.56,320,192,21,6
l,2.0,105804344398.83583,344309.76,25279488.0,2065858.56,320,192,21,6
xl,2.0,211608688797.67166,344309.76,25279488.0,2065858.56,320,192,21,6
s,2.0,15366521282.164837,612106.24,36402462.72,3672637.44,384,256,21,6
m,2.0,30733042564.329674,612106.24,36402462.72,3672637.44,384,256,21,6
l,2.0,76832606410.82419,612106.24,36402462.72,3672637.44,384,256,21,6
xl,2.0,153665212821.64838,612106.24,36402462.72,3672637.44,384,256,21,6
s,2.0,11651924726.075554,956416.0,49547796.48,5738496.0,448,320,21,6
m,2.0,23303849452.151108,956416.0,49547796.48,5738496.0,448,320,21,6
l,2.0,58259623630.37778,956416.0,49547796.48,5738496.0,448,320,21,6
xl,2.0,116519247260.75555,956416.0,49547796.48,5738496.0,448,320,21,6
l,2.0,49225028869.02237,956416.0,64715489.28,5738496.0,512,320,21,6
xl,2.0,98450057738.04474,956416.0,64715489.28,5738496.0,512,320,21,6
l,2.0,39433168829.50973,1377239.04,81905541.12,8263434.24,576,384,21,6
xl,2.0,78866337659.01945,1377239.04,81905541.12,8263434.24,576,384,21,6
l,2.0,34329441233.757362,1377239.04,101117952.0,8263434.24,640,384,21,6
xl,2.0,68658882467.514725,1377239.04,101117952.0,8263434.24,640,384,21,6
l,2.0,32269312990.725376,1874575.3599999999,101117952.0,11247452.16,640,448,21,6
xl,2.0,64538625981.45075,1874575.3599999999,101117952.0,11247452.16,640,448,21,6
xl,2.0,57029997242.011086,1874575.3599999999,122352721.92,11247452.16,704,448,21,6
xl,2.0,48083453549.66057,2448424.96,145609850.88,14690549.76,768,512,21,6
xl,2.0,43201908703.18279,2448424.96,170889338.88,14690549.76,832,512,21,6
s,2.0,42135503356.25128,153026.56,9543352.32,918159.36,192,128,22,6
m,2.0,84271006712.50256,153026.56,9543352.32,918159.36,192,128,22,6
s,2.0,14796251871.24055,612106.24,38173409.28,3672637.44,384,256,22,6
m,2.0,29592503742.4811,612106.24,38173409.28,3672637.44,384,256,22,6
l,2.0,73981259356.20274,612106.24,38173409.28,3672637.44,384,256,22,6
xl,2.0,147962518712.4055,612106.24,38173409.28,3672637.44,384,256,22,6
s,2.0,11235050677.520653,956416.0,51958251.519999996,5738496.0,448,320,22,6
m,2.0,22470101355.041306,956416.0,51958251.519999996,5738496.0,448,320,22,6
l,2.0,56175253387.60327,956416.0,51958251.519999996,5738496.0,448,320,22,6
xl,2.0,112350506775.20654,956416.0,51958251.519999996,5738496.0,448,320,22,6
l,2.0,47389387921.63786,956416.0,67863838.72,5738496.0,512,320,22,6
xl,2.0,94778775843.27573,956416.0,67863838.72,5738496.0,512,320,22,6
l,2.0,38006863545.771194,1377239.04,85890170.88,8263434.24,576,384,22,6
xl,2.0,76013727091.54239,1377239.04,85890170.88,8263434.24,576,384,22,6
l,2.0,31132862232.256783,1874575.3599999999,106037248.0,11247452.16,640,448,22,6
xl,2.0,62265724464.513565,1874575.3599999999,106037248.0,11247452.16,640,448,22,6
xl,2.0,54952967399.39564,1874575.3599999999,128305070.08,11247452.16,704,448,22,6
xl,2.0,51907792598.47965,2448424.96,128305070.08,14690549.76,704,512,22,6
xl,2.0,46372626050.977325,2448424.96,152693637.12,14690549.76,768,512,22,6
s,2.0,40559764728.96382,153026.56,9986088.959999999,918159.36,192,128,23,6
m,2.0,81119529457.92764,153026.56,9986088.959999999,918159.36,192,128,23,6
s,2.0,25701628975.001602,344309.76,17753047.04,2065858.56,256,192,23,6
m,2.0,51403257950.003204,344309.76,17753047.04,2065858.56,256,192,23,6
l,2.0,128508144875.00801,344309.76,17753047.04,2065858.56,256,192,23,6
s,2.0,14266794592.105997,612106.24,39944355.839999996,3672637.44,384,256,23,6
m,2.0,28533589184.211994,612106.24,39944355.839999996,3672637.44,384,256,23,6
l,2.0,71333972960.52998,612106.24,39944355.839999996,3672637.44,384,256,23,6
xl,2.0,142667945921.05997,612106.24,39944355.839999996,3672637.44,384,256,23,6
s,2.0,10846975513.693844,956416.0,54368706.56,5738496.0,448,320,23,6
m,2.0,21693951027.387688,956416.0,54368706.56,5738496.0,448,320,23,6
l,2.0,54234877568.469215,956416.0,54368706.56,5738496.0,448,320,23,6
xl,2.0,108469755136.93843,956416.0,54368706.56,5738496.0,448,320,23,6
l,2.0,45685730267.84627,956416.0,71012188.16,5738496.0,512,320,23,6
xl,2.0,91371460535.69254,956416.0,71012188.16,5738496.0,512,320,23,6
l,2.0,42602269768.22751,1377239.04,71012188.16,8263434.24,512,384,23,6
xl,2.0,85204539536.45502,1377239.04,71012188.16,8263434.24,512,384,23,6
l,2.0,36680135988.20612,1377239.04,89874800.63999999,8263434.24,576,384,23,6
xl,2.0,73360271976.41225,1377239.04,89874800.63999999,8263434.24,576,384,23,6
l,2.0,30073734676.82108,1874575.3599999999,110956544.0,11247452.16,640,448,23,6
xl,2.0,60147469353.64216,1874575.3599999999,110956544.0,11247452.16,640,448,23,6
xl,2.0,53021911840.37726,1874575.3599999999,134257418.24,11247452.16,704,448,23,6
xl,2.0,50181461463.81549,2448424.96,134257418.24,14690549.76,704,512,23,6
xl,2.0,44779359471.68599,2448424.96,159777423.35999998,14690549.76,768,512,23,6
xl,2.0,42486334790.447395,3098787.84,159777423.35999998,18592727.04,768,576,23,6
s,2.0,39097633133.13344,153026.56,10428825.6,918159.36,192,128,24,6
m,2.0,78195266266.26688,153026.56,10428825.6,918159.36,192,128,24,6
s,2.0,24823147978.68879,344309.76,18540134.4,2065858.56,256,192,24,6
m,2.0,49646295957.37758,344309.76,18540134.4,2065858.56,256,192,24,6
l,2.0,124115739893.44395,344309.76,18540134.4,2065858.56,256,192,24,6
s,2.0,13773919634.569496,612106.24,41715302.4,3672637.44,384,256,24,6
m,2.0,27547839269.138992,612106.24,41715302.4,3672637.44,384,256,24,6
l,2.0,68869598172.84749,612106.24,41715302.4,3672637.44,384,256,24,6
xl,2.0,137739196345.69498,612106.24,41715302.4,3672637.44,384,256,24,6
s,2.0,10484814606.468035,956416.0,56779161.6,5738496.0,448,320,24,6
m,2.0,20969629212.93607,956416.0,56779161.6,5738496.0,448,320,24,6
l,2.0,52424073032.34017,956416.0,56779161.6,5738496.0,448,320,24,6
xl,2.0,104848146064.68034,956416.0,56779161.6,5738496.0,448,320,24,6
l,2.0,41220404672.782005,1377239.04,74160537.6,8263434.24,512,384,24,6
xl,2.0,82440809345.56401,1377239.04,74160537.6,8263434.24,512,384,24,6
l,2.0,35442909844.706116,1377239.04,93859430.4,8263434.24,576,384,24,6
xl,2.0,70885819689.41223,1377239.04,93859430.4,8263434.24,576,384,24,6
l,2.0,33251240542.602356,1874575.3599999999,93859430.4,11247452.16,576,448,24,6
xl,2.0,66502481085.20471,1874575.3599999999,93859430.4,11247452.16,576,448,24,6
l,2.0,29084298444.356167,1874575.3599999999,115875840.0,11247452.16,640,448,24,6
xl,2.0,58168596888.71233,1874575.3599999999,115875840.0,11247452.16,640,448,24,6
xl,2.0,51221964292.99659,1874575.3599999999,140209766.4,11247452.16,704,448,24,6
xl,2.0,48566261787.226,2448424.96,140209766.4,14690549.76,704,512,24,6
xl,2.0,43291938869.75418,2448424.96,166861209.6,14690549.76,768,512,24,6
xl,2.0,41145065730.98706,3098787.84,166861209.6,18592727.04,768,576,24,6
s,2.0,23488518706.827538,344309.76,21863424.0,2410168.3200000003,320,192,18,7
m,2.0,46977037413.655075,344309.76,21863424.0,2410168.3200000003,320,192,18,7
l,2.0,117442593534.1377,344309.76,21863424.0,2410168.3200000003,320,192,18,7
s,2.0,13986549316.787727,612106.24,42852311.04,4284743.68,448,256,18,7
m,2.0,27973098633.575455,612106.24,42852311.04,4284743.68,448,256,18,7
l,2.0,69932746583.93864,612106.24,42852311.04,4284743.68,448,256,18,7
xl,2.0,139865493167.8773,612106.24,42852311.04,4284743.68,448,256,18,7
s,2.0,10813425971.832523,956416.0,55970365.44,6694912.0,512,320,18,7
m,2.0,21626851943.665047,956416.0,55970365.44,6694912.0,512,320,18,7
l,2.0,54067129859.16262,956416.0,55970365.44,6694912.0,512,320,18,7
xl,2.0,108134259718.32524,956416.0,55970365.44,6694912.0,512,320,18,7
l,2.0,46595186400.24848,956416.0,70837493.76,6694912.0,576,320,18,7
xl,2.0,93190372800.49696,956416.0,70837493.76,6694912.0,576,320,18,7
l,2.0,37730764737.81299,1377239.04,87453696.0,9640673.280000001,640,384,18,7
xl,2.0,75461529475.62598,1377239.04,87453696.0,9640673.280000001,640,384,18,7
l,2.0,33332474048.818336,1377239.04,105818972.16,9640673.280000001,704,384,18,7
xl,2.0,66664948097.63667,1377239.04,105818972.16,9640673.280000001,704,384,18,7
xl,2.0,55727454095.12938,1874575.3599999999,125933322.24,13122027.52,768,448,18,7
xl,2.0,50103413766.67627,1874575.3599999999,147796746.24,13122027.52,832,448,18,7
xl,2.0,47217089988.95612,2448424.96,147796746.24,17138974.72,832,512,18,7
s,2.0,22482196510.455185,344309.76,23093248.0,2410168.3200000003,320,192,19,7
m,2.0,44964393020.91037,344309.76,23093248.0,2410168.3200000003,320,192,19,7
l,2.0,112410982552.27592,344309.76,23093248.0,2410168.3200000003,320,192,19,7
xl,2.0,224821965104.55185,344309.76,23093248.0,2410168.3200000003,320,192,19,7
s,2.0,13390161779.80608,612106.24,45262766.08,4284743.68,448,256,19,7
m,2.0,26780323559.61216,612106.24,45262766.08,4284743.68,448,256,19,7
l,2.0,66950808899.0304,612106.24,45262766.08,4284743.68,448,256,19,7
xl,2.0,133901617798.0608,612106.24,45262766.08,4284743.68,448,256,19,7
s,2.0,10372137834.28753,956416.0,59118714.88,6694912.0,512,320,19,7
m,2.0,20744275668.57506,956416.0,59118714.88,6694912.0,512,320,19,7
l,2.0,51860689171.43765,956416.0,59118714.88,6694912.0,512,320,19,7
xl,2.0,103721378342.8753,956416.0,59118714.88,6694912.0,512,320,19,7
l,2.0,44616725254.35203,956416.0,74822123.52,6694912.0,576,320,19,7
xl,2.0,89233450508.70406,956416.0,74822123.52,6694912.0,576,320,19,7
l,2.0,36186287573.51351,1377239.04,92372992.0,9640673.280000001,640,384,19,7
xl,2.0,72372575147.02702,1377239.04,92372992.0,9640673.280000001,640,384,19,7
l,2.0,31922090893.88903,1377239.04,111771320.32,9640673.280000001,704,384,19,7
xl,2.0,63844181787.77806,1377239.04,111771320.32,9640673.280000001,704,384,19,7
l,2.0,29893932424.804977,1874575.3599999999,111771320.32,13122027.52,704,448,19,7
xl,2.0,59787864849.609955,1874575.3599999999,111771320.32,13122027.52,704,448,19,7
xl,2.0,53442361908.18613,1874575.3599999999,133017108.48,13122027.52,768,448,19,7
xl,2.0,47989495813.45013,1874575.3599999999,156110356.48,13122027.52,832,448,19,7
xl,2.0,45335136989.94507,2448424.96,156110356.48,17138974.72,832,512,19,7
s,2.0,21558559836.876278,344309.76,24049664.0,2410168.3200000003,320,192,20,7
m,2.0,43117119673.752556,344309.76,24049664.0,2410168.3200000003,320,192,20,7
l,2.0,107792799184.3814,344309.76,24049664.0,2410168.3200000003,320,192,20,7
xl,2.0,215585598368.7628,344309.76,24049664.0,2410168.3200000003,320,192,20,7
s,2.0,12842554279.086483,612106.24,47137341.44,4284743.68,448,256,20,7
m,2.0,25685108558.172966,612106.24,47137341.44,4284743.68,448,256,20,7
l,2.0,64212771395.43241,612106.24,47137341.44,4284743.68,448,256,20,7
xl,2.0,128425542790.86482,612106.24,47137341.44,4284743.68,448,256,20,7
s,2.0,9965454790.82941,956416.0,61567139.84,6694912.0,512,320,20,7
m,2.0,19930909581.65882,956416.0,61567139.84,6694912.0,512,320,20,7
l,2.0,49827273954.14705,956416.0,61567139.84,6694912.0,512,320,20,7
xl,2.0,99654547908.2941,956416.0,61567139.84,6694912.0,512,320,20,7
l,2.0,42799434154.50177,956416.0,77920911.35999998,6694912.0,576,320,20,7
xl,2.0,85598868309.00354,956416.0,77920911.35999998,6694912.0,576,320,20,7
l,2.0,34763281829.65687,1377239.04,96198656.0,9640673.280000001,640,384,20,7
xl,2.0,69526563659.31374,1377239.04,96198656.0,9640673.280000001,640,384,20,7
l,2.0,30626216492.919876,1377239.04,116400373.75999999,9640673.280000001,704,384,20,7
xl,2.0,61252432985.83975,1377239.04,116400373.75999999,9640673.280000001,704,384,20,7
xl,2.0,57509108375.39761,1874575.3599999999,116400373.75999999,13122027.52,704,448,20,7
xl,2.0,51337287549.71191,1874575.3599999999,138526064.64000002,13122027.52,768,448,20,7
xl,2.0,46046733641.86913,1874575.3599999999,162575728.64,13122027.52,832,448,20,7
xl,2.0,43597453486.83253,2448424.96,162575728.64,17138974.72,832,512,20,7
s,2.0,42912067557.24381,153026.56,9100615.68,1071185.92,192,128,21,7
m,2.0,85824135114.48763,153026.56,9100615.68,1071185.92,192,128,21,7
s,2.0,20707819923.525658,344309.76,25279488.0,2410168.3200000003,320,192,21,7
m,2.0,41415639847.051315,344309.76,25279488.0,2410168.3200000003,320,192,21,7
l,2.0,103539099617.62828,344309.76,25279488.0,2410168.3200000003,320,192,21,7
xl,2.0,207078199235.25656,344309.76,25279488.0,2410168.3200000003,320,192,21,7
s,2.0,14959192376.324533,612106.24,36402462.72,4284743.68,384,256,21,7
m,2.0,29918384752.649067,612106.24,36402462.72,4284743.68,384,256,21,7
l,2.0,74795961881.62267,612106.24,36402462.72,4284743.68,384,256,21,7
xl,2.0,149591923763.24533,612106.24,36402462.72,4284743.68,384,256,21,7
s,2.0,12337977190.021551,612106.24,49547796.48,4284743.68,448,256,21,7
m,2.0,24675954380.043102,612106.24,49547796.48,4284743.68,448,256,21,7
l,2.0,61689885950.10776,612106.24,49547796.48,4284743.68,448,256,21,7
xl,2.0,123379771900.21552,612106.24,49547796.48,4284743.68,448,256,21,7
l,2.0,47947299544.26222,956416.0,64715489.28,6694912.0,512,320,21,7
xl,2.0,95894599088.52444,956416.0,64715489.28,6694912.0,512,320,21,7
l,2.0,41124389933.16415,956416.0,81905541.12,6694912.0,576,320,21,7
xl,2.0,82248779866.3283,956416.0,81905541.12,6694912.0,576,320,21,7
l,2.0,38274528690.39319,1377239.04,81905541.12,9640673.280000001,576,384,21,7
xl,2.0,76549057380.78638,1377239.04,81905541.12,9640673.280000001,576,384,21,7
l,2.0,33447959329.405,1377239.04,101117952.0,9640673.280000001,640,384,21,7
xl,2.0,66895918658.81,1377239.04,101117952.0,9640673.280000001,640,384,21,7
xl,2.0,55397679555.18056,1874575.3599999999,122352721.92,13122027.52,704,448,21,7
xl,2.0,49391764679.210335,1874575.3599999999,145609850.88,13122027.52,768,448,21,7
xl,2.0,46584554063.31142,2448424.96,145609850.88,17138974.72,768,512,21,7
s,2.0,41278837131.43547,153026.56,9543352.32,1071185.92,192,128,22,7
m,2.0,82557674262.87094,153026.56,9543352.32,1071185.92,192,128,22,7
s,2.0,19921674478.385536,344309.76,26509312.0,2410168.3200000003,320,192,22,7
m,2.0,39843348956.77107,344309.76,26509312.0,2410168.3200000003,320,192,22,7
l,2.0,99608372391.92769,344309.76,26509312.0,2410168.3200000003,320,192,22,7
xl,2.0,199216744783.85538,344309.76,26509312.0,2410168.3200000003,320,192,22,7
s,2.0,14418222995.032825,612106.24,38173409.28,4284743.68,384,256,22,7
m,2.0,28836445990.06565,612106.24,38173409.28,4284743.68,384,256,22,7
l,2.0,72091114975.16412,612106.24,38173409.28,4284743.68,384,256,22,7
xl,2.0,144182229950.32825,612106.24,38173409.28,4284743.68,384,256,22,7
s,2.0,11871550326.917046,612106.24,51958251.519999996,4284743.68,448,256,22,7
m,2.0,23743100653.83409,612106.24,51958251.519999996,4284743.68,448,256,22,7
l,2.0,59357751634.58523,612106.24,51958251.519999996,4284743.68,448,256,22,7
xl,2.0,118715503269.17046,612106.24,51958251.519999996,4284743.68,448,256,22,7
l,2.0,46204029518.91318,956416.0,67863838.72,6694912.0,512,320,22,7
xl,2.0,92408059037.82635,956416.0,67863838.72,6694912.0,512,320,22,7
l,2.0,36929378935.90958,1377239.04,85890170.88,9640673.280000001,576,384,22,7
xl,2.0,73858757871.81915,1377239.04,85890170.88,9640673.280000001,576,384,22,7
l,2.0,32228542605.543415,1377239.04,106037248.0,9640673.280000001,640,384,22,7
xl,2.0,64457085211.08683,1377239.04,106037248.0,9640673.280000001,640,384,22,7
xl,2.0,53435800936.036545,1874575.3599999999,128305070.08,13122027.52,704,448,22,7
xl,2.0,47588316117.84501,1874575.3599999999,152693637.12,13122027.52,768,448,22,7
xl,2.0,44976943825.50413,2448424.96,152693637.12,17138974.72,768,512,22,7
s,2.0,39765369811.70404,153026.56,9986088.959999999,1071185.92,192,128,23,7
m,2.0,79530739623.40808,153026.56,9986088.959999999,1071185.92,192,128,23,7
s,2.0,19193035840.417957,344309.76,27739136.0,2410168.3200000003,320,192,23,7
m,2.0,38386071680.835915,344309.76,27739136.0,2410168.3200000003,320,192,23,7
l,2.0,95965179202.08978,344309.76,27739136.0,2410168.3200000003,320,192,23,7
xl,2.0,191930358404.17957,344309.76,27739136.0,2410168.3200000003,320,192,23,7
s,2.0,13915014235.348997,612106.24,39944355.839999996,4284743.68,384,256,23,7
m,2.0,27830028470.697994,612106.24,39944355.839999996,4284743.68,384,256,23,7
l,2.0,69575071176.74498,612106.24,39944355.839999996,4284743.68,384,256,23,7
xl,2.0,139150142353.48996,612106.24,39944355.839999996,4284743.68,384,256,23,7
l,2.0,44583076078.284424,956416.0,71012188.16,6694912.0,512,320,23,7
xl,2.0,89166152156.56885,956416.0,71012188.16,6694912.0,512,320,23,7
l,2.0,35675569037.42731,1377239.04,89874800.63999999,9640673.280000001,576,384,23,7
xl,2.0,71351138074.85461,1377239.04,89874800.63999999,9640673.280000001,576,384,23,7
l,2.0,31094911269.312466,1377239.04,110956544.0,9640673.280000001,640,384,23,7
xl,2.0,62189822538.62493,1377239.04,110956544.0,9640673.280000001,640,384,23,7
l,2.0,29167326641.600048,1874575.3599999999,110956544.0,13122027.52,640,448,23,7
xl,2.0,58334653283.200096,1874575.3599999999,110956544.0,13122027.52,640,448,23,7
xl,2.0,51608127245.89693,1874575.3599999999,134257418.24,13122027.52,704,448,23,7
xl,2.0,45911927353.97313,1874575.3599999999,159777423.35999998,13122027.52,768,448,23,7
xl,2.0,43476587981.19346,2448424.96,159777423.35999998,17138974.72,768,512,23,7
s,2.0,38358958344.99446,153026.56,10428825.6,1071185.92,192,128,24,7
m,2.0,76717916689.98892,153026.56,10428825.6,1071185.92,192,128,24,7
s,2.0,18515816690.547035,344309.76,28968960.0,2410168.3200000003,320,192,24,7
m,2.0,37031633381.09407,344309.76,28968960.0,2410168.3200000003,320,192,24,7
l,2.0,92579083452.73518,344309.76,28968960.0,2410168.3200000003,320,192,24,7
xl,2.0,185158166905.47037,344309.76,28968960.0,2410168.3200000003,320,192,24,7
s,2.0,13445745791.847294,612106.24,41715302.4,4284743.68,384,256,24,7
m,2.0,26891491583.694588,612106.24,41715302.4,4284743.68,384,256,24,7
l,2.0,67228728959.236465,612106.24,41715302.4,4284743.68,384,256,24,7
xl,2.0,134457457918.47293,612106.24,41715302.4,4284743.68,384,256,24,7
s,2.0,10195462646.539303,956416.0,56779161.6,6694912.0,448,320,24,7
m,2.0,20390925293.078606,956416.0,56779161.6,6694912.0,448,320,24,7
l,2.0,50977313232.69652,956416.0,56779161.6,6694912.0,448,320,24,7
xl,2.0,101954626465.39304,956416.0,56779161.6,6694912.0,448,320,24,7
l,2.0,43072002030.98066,956416.0,74160537.6,6694912.0,512,320,24,7
xl,2.0,86144004061.96132,956416.0,74160537.6,6694912.0,512,320,24,7
l,2.0,34504101096.72914,1377239.04,93859430.4,9640673.280000001,576,384,24,7
xl,2.0,69008202193.45828,1377239.04,93859430.4,9640673.280000001,576,384,24,7
l,2.0,30038320476.58613,1377239.04,115875840.0,9640673.280000001,640,384,24,7
xl,2.0,60076640953.17226,1377239.04,115875840.0,9640673.280000001,640,384,24,7
xl,2.0,56471420191.92172,1874575.3599999999,115875840.0,13122027.52,640,448,24,7
xl,2.0,49901343208.10815,1874575.3599999999,140209766.4,13122027.52,704,448,24,7
xl,2.0,42073099539.91821,2448424.96,166861209.6,17138974.72,768,512,24,7
s,2.0,20273763669.885204,344309.76,25279488.0,2754478.08,320,192,21,8
m,2.0,40547527339.77041,344309.76,25279488.0,2754478.08,320,192,21,8
l,2.0,101368818349.42603,344309.76,25279488.0,2754478.08,320,192,21,8
xl,2.0,202737636698.85205,344309.76,25279488.0,2754478.08,320,192,21,8
s,2.0,12074005796.805523,612106.24,49547796.48,4896849.92,448,256,21,8
m,2.0,24148011593.611046,612106.24,49547796.48,4896849.92,448,256,21,8
l,2.0,60370028984.02762,612106.24,49547796.48,4896849.92,448,256,21,8
xl,2.0,120740057968.05524,612106.24,49547796.48,4896849.92,448,256,21,8
l,2.0,46734223806.18689,956416.0,64715489.28,7651328.0,512,320,21,8
xl,2.0,93468447612.37378,956416.0,64715489.28,7651328.0,512,320,21,8
l,2.0,40228767574.44239,956416.0,81905541.12,7651328.0,576,320,21,8
xl,2.0,80457535148.88478,956416.0,81905541.12,7651328.0,576,320,21,8
l,2.0,32610612044.565617,1377239.04,101117952.0,11017912.32,640,384,21,8
xl,2.0,65221224089.13123,1377239.04,101117952.0,11017912.32,640,384,21,8
xl,2.0,57562348487.37955,1377239.04,122352721.92,11017912.32,704,384,21,8
xl,2.0,48162698917.18663,1874575.3599999999,145609850.88,14996602.879999999,768,448,21,8
xl,2.0,43265869783.27797,1874575.3599999999,170889338.88,14996602.879999999,832,448,21,8
s,2.0,19519629476.581852,344309.76,26509312.0,2754478.08,320,192,22,8
m,2.0,39039258953.163704,344309.76,26509312.0,2754478.08,320,192,22,8
l,2.0,97598147382.90926,344309.76,26509312.0,2754478.08,320,192,22,8
xl,2.0,195196294765.8185,344309.76,26509312.0,2754478.08,320,192,22,8
s,2.0,11626962283.35472,612106.24,51958251.519999996,4896849.92,448,256,22,8
m,2.0,23253924566.70944,612106.24,51958251.519999996,4896849.92,448,256,22,8
l,2.0,58134811416.7736,612106.24,51958251.519999996,4896849.92,448,256,22,8
xl,2.0,116269622833.5472,612106.24,51958251.519999996,4896849.92,448,256,22,8
l,2.0,45076523175.09693,956416.0,67863838.72,7651328.0,512,320,22,8
xl,2.0,90153046350.19386,956416.0,67863838.72,7651328.0,512,320,22,8
l,2.0,38745410274.49228,956416.0,85890170.88,7651328.0,576,320,22,8
xl,2.0,77490820548.98456,956416.0,85890170.88,7651328.0,576,320,22,8
l,2.0,31450426776.5548,1377239.04,106037248.0,11017912.32,640,384,22,8
xl,2.0,62900853553.1096,1377239.04,106037248.0,11017912.32,640,384,22,8
xl,2.0,55447080366.1161,1377239.04,128305070.08,11017912.32,704,384,22,8
xl,2.0,52000157002.20203,1874575.3599999999,128305070.08,14996602.879999999,704,448,22,8
xl,2.0,46446328257.97584,1874575.3599999999,152693637.12,14996602.879999999,768,448,22,8
s,2.0,18819587079.349556,344309.76,27739136.0,2754478.08,320,192,23,8
m,2.0,37639174158.69911,344309.76,27739136.0,2754478.08,320,192,23,8
l,2.0,94097935396.74779,344309.76,27739136.0,2754478.08,320,192,23,8
xl,2.0,188195870793.49557,344309.76,27739136.0,2754478.08,320,192,23,8
s,2.0,11211840679.636309,612106.24,54368706.56,4896849.92,448,256,23,8
m,2.0,22423681359.272617,612106.24,54368706.56,4896849.92,448,256,23,8
l,2.0,56059203398.18155,612106.24,54368706.56,4896849.92,448,256,23,8
xl,2.0,112118406796.3631,612106.24,54368706.56,4896849.92,448,256,23,8
l,2.0,43532394029.922066,956416.0,71012188.16,7651328.0,512,320,23,8
xl,2.0,87064788059.84413,956416.0,71012188.16,7651328.0,512,320,23,8
l,2.0,37367554618.77348,956416.0,89874800.63999999,7651328.0,576,320,23,8
xl,2.0,74735109237.54697,956416.0,89874800.63999999,7651328.0,576,320,23,8
l,2.0,30369957118.670135,1377239.04,110956544.0,11017912.32,640,384,23,8
xl,2.0,60739914237.34027,1377239.04,110956544.0,11017912.32,640,384,23,8
xl,2.0,53481763247.56025,1377239.04,134257418.24,11017912.32,704,384,23,8
xl,2.0,50267779275.194595,1874575.3599999999,134257418.24,14996602.879999999,704,448,23,8
xl,2.0,44848080421.216156,1874575.3599999999,159777423.35999998,14996602.879999999,768,448,23,8
s,2.0,37647677684.02763,153026.56,10428825.6,1224212.48,192,128,24,8
m,2.0,75295355368.05527,153026.56,10428825.6,1224212.48,192,128,24,8
s,2.0,18168018204.435635,344309.76,28968960.0,2754478.08,320,192,24,8
m,2.0,36336036408.87127,344309.76,28968960.0,2754478.08,320,192,24,8
l,2.0,90840091022.17816,344309.76,28968960.0,2754478.08,320,192,24,8
xl,2.0,181680182044.35632,344309.76,28968960.0,2754478.08,320,192,24,8
s,2.0,13132846003.466097,612106.24,41715302.4,4896849.92,384,256,24,8
m,2.0,26265692006.932194,612106.24,41715302.4,4896849.92,384,256,24,8
l,2.0,65664230017.33048,612106.24,41715302.4,4896849.92,384,256,24,8
xl,2.0,131328460034.66096,612106.24,41715302.4,4896849.92,384,256,24,8
s,2.0,10825339694.656275,612106.24,56779161.6,4896849.92,448,256,24,8
m,2.0,21650679389.31255,612106.24,56779161.6,4896849.92,448,256,24,8
l,2.0,54126698473.28138,612106.24,56779161.6,4896849.92,448,256,24,8
xl,2.0,108253396946.56276,612106.24,56779161.6,4896849.92,448,256,24,8
l,2.0,42090551519.46002,956416.0,74160537.6,7651328.0,512,320,24,8
xl,2.0,84181103038.92004,956416.0,74160537.6,7651328.0,512,320,24,8
l,2.0,36084331648.803566,956416.0,93859430.4,7651328.0,576,320,24,8
xl,2.0,72168663297.60713,956416.0,93859430.4,7651328.0,576,320,24,8
l,2.0,33613743158.62981,1377239.04,93859430.4,11017912.32,576,384,24,8
xl,2.0,67227486317.25962,1377239.04,93859430.4,11017912.32,576,384,24,8
l,2.0,29361260132.89502,1377239.04,115875840.0,11017912.32,640,384,24,8
xl,2.0,58722520265.79004,1377239.04,115875840.0,11017912.32,640,384,24,8
xl,2.0,48647107895.34373,1874575.3599999999,140209766.4,14996602.879999999,704,448,24,8
xl,2.0,43356167007.83322,1874575.3599999999,166861209.6,14996602.879999999,768,448,24,8
xl,2.0,40921011202.63031,2448424.96,166861209.6,19587399.68,768,512,24,8
s,2.0,17833044808.93476,344309.76,28968960.0,3098787.84,320,192,24,9
m,2.0,35666089617.86952,344309.76,28968960.0,3098787.84,320,192,24,9
l,2.0,89165224044.67381,344309.76,28968960.0,3098787.84,320,192,24,9
xl,2.0,178330448089.34763,344309.76,28968960.0,3098787.84,320,192,24,9
s,2.0,10621592015.466831,612106.24,56779161.6,5508956.16,448,256,24,9
m,2.0,21243184030.933662,612106.24,56779161.6,5508956.16,448,256,24,9
l,2.0,53107960077.33416,612106.24,56779161.6,5508956.16,448,256,24,9
xl,2.0,106215920154.66832,612106.24,56779161.6,5508956.16,448,256,24,9
l,2.0,41152831750.97864,956416.0,74160537.6,8607744.0,512,320,24,9
xl,2.0,82305663501.95728,956416.0,74160537.6,8607744.0,512,320,24,9
l,2.0,35392940145.65229,956416.0,93859430.4,8607744.0,576,320,24,9
xl,2.0,70785880291.30458,956416.0,93859430.4,8607744.0,576,320,24,9
l,2.0,28714048724.607414,1377239.04,115875840.0,12395151.36,640,384,24,9
xl,2.0,57428097449.21483,1377239.04,115875840.0,12395151.36,640,384,24,9
xl,2.0,50646894222.8869,1377239.04,140209766.4,12395151.36,704,384,24,9
xl,2.0,42406239627.77303,1874575.3599999999,166861209.6,16871178.24,768,448,24,9
s,4.0,147635149467.71503,344309.76,7083786.24,688619.52,384,192,4,2
m,4.0,295270298935.43005,344309.76,7083786.24,688619.52,384,192,4,2
s,4.0,88350451551.38304,612106.24,12593397.76,1224212.48,512,256,4,2
m,4.0,176700903102.76608,612106.24,12593397.76,1224212.48,512,256,4,2
s,4.0,58798239251.44667,956416.0,19677184.0,1912832.0,640,320,4,2
m,4.0,117596478502.89334,956416.0,19677184.0,1912832.0,640,320,4,2
l,4.0,293991196257.23334,956416.0,19677184.0,1912832.0,640,320,4,2
s,4.0,53323111676.7513,956416.0,23809392.64,1912832.0,704,320,4,2
m,4.0,106646223353.5026,956416.0,23809392.64,1912832.0,704,320,4,2
l,4.0,266615558383.7565,956416.0,23809392.64,1912832.0,704,320,4,2
xl,4.0,533231116767.513,956416.0,23809392.64,1912832.0,704,320,4,2
s,4.0,45566710480.6992,1377239.04,23809392.64,2754478.08,704,384,4,2
m,4.0,91133420961.3984,1377239.04,23809392.64,2754478.08,704,384,4,2
l,4.0,227833552403.496,1377239.04,23809392.64,2754478.08,704,384,4,2
xl,4.0,455667104806.992,1377239.04,23809392.64,2754478.08,704,384,4,2
s,4.0,41946824473.70762,1377239.04,28335144.96,2754478.08,768,384,4,2
m,4.0,83893648947.41524,1377239.04,28335144.96,2754478.08,768,384,4,2
l,4.0,209734122368.5381,1377239.04,28335144.96,2754478.08,768,384,4,2
xl,4.0,419468244737.0762,1377239.04,28335144.96,2754478.08,768,384,4,2
s,4.0,38638164090.508804,1377239.04,33254440.96,2754478.08,832,384,4,2
m,4.0,77276328181.01761,1377239.04,33254440.96,2754478.08,832,384,4,2
l,4.0,193190820452.544,1377239.04,33254440.96,2754478.08,832,384,4,2
xl,4.0,386381640905.088,1377239.04,33254440.96,2754478.08,832,384,4,2
s,4.0,33753306554.918056,1874575.3599999999,33254440.96,3749150.7199999997,832,448,4,2
m,4.0,67506613109.83611,1874575.3599999999,33254440.96,3749150.7199999997,832,448,4,2
l,4.0,168766532774.59027,1874575.3599999999,33254440.96,3749150.7199999997,832,448,4,2
xl,4.0,337533065549.18054,1874575.3599999999,33254440.96,3749150.7199999997,832,448,4,2
s,4.0,31430977683.643757,1874575.3599999999,38567280.64,3749150.7199999997,896,448,4,2
m,4.0,62861955367.28751,1874575.3599999999,38567280.64,3749150.7199999997,896,448,4,2
l,4.0,157154888418.21878,1874575.3599999999,38567280.64,3749150.7199999997,896,448,4,2
xl,4.0,314309776836.43756,1874575.3599999999,38567280.64,3749150.7199999997,896,448,4,2
s,4.0,29280567371.00627,1874575.3599999999,44273664.0,3749150.7199999997,960,448,4,2
m,4.0,58561134742.01254,1874575.3599999999,44273664.0,3749150.7199999997,960,448,4,2
l,4.0,146402836855.03134,1874575.3599999999,44273664.0,3749150.7199999997,960,448,4,2
xl,4.0,292805673710.0627,1874575.3599999999,44273664.0,3749150.7199999997,960,448,4,2
s,4.0,26006955183.583134,2448424.96,44273664.0,4896849.92,960,512,4,2
m,4.0,52013910367.16627,2448424.96,44273664.0,4896849.92,960,512,4,2
l,4.0,130034775917.91568,2448424.96,44273664.0,4896849.92,960,512,4,2
xl,4.0,260069551835.83136,2448424.96,44273664.0,4896849.92,960,512,4,2
s,4.0,24428716676.416267,2448424.96,50373591.04,4896849.92,1024,512,4,2
m,4.0,48857433352.832535,2448424.96,50373591.04,4896849.92,1024,512,4,2
l,4.0,122143583382.08133,2448424.96,50373591.04,4896849.92,1024,512,4,2
xl,4.0,244287166764.16266,2448424.96,50373591.04,4896849.92,1024,512,4,2
s,4.0,22953055338.85423,2448424.96,56867061.76,4896849.92,1088,512,4,2
m,4.0,45906110677.70846,2448424.96,56867061.76,4896849.92,1088,512,4,2
l,4.0,114765276694.27115,2448424.96,56867061.76,4896849.92,1088,512,4,2
xl,4.0,229530553388.5423,2448424.96,56867061.76,4896849.92,1088,512,4,2
s,4.0,20652869386.746716,3098787.84,56867061.76,6197575.68,1088,576,4,2
m,4.0,41305738773.49343,3098787.84,56867061.76,6197575.68,1088,576,4,2
l,4.0,103264346933.73358,3098787.84,56867061.76,6197575.68,1088,576,4,2
xl,4.0,206528693867.46716,3098787.84,56867061.76,6197575.68,1088,576,4,2
s,4.0,19531724376.755806,3098787.84,63754076.16,6197575.68,1152,576,4,2
m,4.0,39063448753.51161,3098787.84,63754076.16,6197575.68,1152,576,4,2
l,4.0,97658621883.77902,3098787.84,63754076.16,6197575.68,1152,576,4,2
xl,4.0,195317243767.55804,3098787.84,63754076.16,6197575.68,1152,576,4,2
s,4.0,18475521955.370255,3098787.84,71034634.24000001,6197575.68,1216,576,4,2
m,4.0,36951043910.74051,3098787.84,71034634.24000001,6197575.68,1216,576,4,2
l,4.0,92377609776.85127,3098787.84,71034634.24000001,6197575.68,1216,576,4,2
xl,4.0,184755219553.70255,3098787.84,71034634.24000001,6197575.68,1216,576,4,2
s,4.0,16797904257.987598,3825664.0,71034634.24000001,7651328.0,1216,640,4,2
m,4.0,33595808515.975197,3825664.0,71034634.24000001,7651328.0,1216,640,4,2
l,4.0,83989521289.93799,3825664.0,71034634.24000001,7651328.0,1216,640,4,2
xl,4.0,167979042579.87598,3825664.0,71034634.24000001,7651328.0,1216,640,4,2
s,4.0,15972979341.443007,3825664.0,78708736.0,7651328.0,1280,640,4,2
m,4.0,31945958682.886013,3825664.0,78708736.0,7651328.0,1280,640,4,2
l,4.0,79864896707.21503,3825664.0,78708736.0,7651328.0,1280,640,4,2
xl,4.0,159729793414.43005,3825664.0,78708736.0,7651328.0,1280,640,4,2
s,4.0,14584780902.00742,4629053.4399999995,78708736.0,9258106.879999999,1280,704,4,2
m,4.0,29169561804.01484,4629053.4399999995,78708736.0,9258106.879999999,1280,704,4,2
l,4.0,72923904510.0371,4629053.4399999995,78708736.0,9258106.879999999,1280,704,4,2
xl,4.0,145847809020.0742,4629053.4399999995,78708736.0,9258106.879999999,1280,704,4,2
s,4.0,88784964548.94496,612106.24,12052275.2,1224212.48,448,256,5,2
m,4.0,177569929097.88992,612106.24,12052275.2,1224212.48,448,256,5,2
s,4.0,57652077185.89235,956416.0,19923148.799999997,1912832.0,576,320,5,2
m,4.0,115304154371.7847,956416.0,19923148.799999997,1912832.0,576,320,5,2
l,4.0,288260385929.4618,956416.0,19923148.799999997,1912832.0,576,320,5,2
s,4.0,44373329734.6208,1377239.04,24596480.0,2754478.08,640,384,5,2
m,4.0,88746659469.2416,1377239.04,24596480.0,2754478.08,640,384,5,2
l,4.0,221866648673.10397,1377239.04,24596480.0,2754478.08,640,384,5,2
xl,4.0,443733297346.20795,1377239.04,24596480.0,2754478.08,640,384,5,2
s,4.0,40454854447.25264,1377239.04,29761740.8,2754478.08,704,384,5,2
m,4.0,80909708894.50528,1377239.04,29761740.8,2754478.08,704,384,5,2
l,4.0,202274272236.26318,1377239.04,29761740.8,2754478.08,704,384,5,2
xl,4.0,404548544472.52637,1377239.04,29761740.8,2754478.08,704,384,5,2
s,4.0,32434025507.612217,1874575.3599999999,35418931.2,3749150.7199999997,768,448,5,2
m,4.0,64868051015.224434,1874575.3599999999,35418931.2,3749150.7199999997,768,448,5,2
l,4.0,162170127538.0611,1874575.3599999999,35418931.2,3749150.7199999997,768,448,5,2
xl,4.0,324340255076.1222,1874575.3599999999,35418931.2,3749150.7199999997,768,448,5,2
s,4.0,29954811178.338013,1874575.3599999999,41568051.2,3749150.7199999997,832,448,5,2
m,4.0,59909622356.676025,1874575.3599999999,41568051.2,3749150.7199999997,832,448,5,2
l,4.0,149774055891.69006,1874575.3599999999,41568051.2,3749150.7199999997,832,448,5,2
xl,4.0,299548111783.3801,1874575.3599999999,41568051.2,3749150.7199999997,832,448,5,2
s,4.0,26537497921.90161,2448424.96,41568051.2,4896849.92,832,512,5,2
m,4.0,53074995843.80322,2448424.96,41568051.2,4896849.92,832,512,5,2
l,4.0,132687489609.50807,2448424.96,41568051.2,4896849.92,832,512,5,2
xl,4.0,265374979219.01614,2448424.96,41568051.2,4896849.92,832,512,5,2
s,4.0,24740961343.027737,2448424.96,48209100.8,4896849.92,896,512,5,2
m,4.0,49481922686.05547,2448424.96,48209100.8,4896849.92,896,512,5,2
l,4.0,123704806715.13867,2448424.96,48209100.8,4896849.92,896,512,5,2
xl,4.0,247409613430.27734,2448424.96,48209100.8,4896849.92,896,512,5,2
s,4.0,23073613710.15372,2448424.96,55342080.0,4896849.92,960,512,5,2
m,4.0,46147227420.30744,2448424.96,55342080.0,4896849.92,960,512,5,2
l,4.0,115368068550.76862,2448424.96,55342080.0,4896849.92,960,512,5,2
xl,4.0,230736137101.53723,2448424.96,55342080.0,4896849.92,960,512,5,2
s,4.0,20750424183.49123,3098787.84,55342080.0,6197575.68,960,576,5,2
m,4.0,41500848366.98246,3098787.84,55342080.0,6197575.68,960,576,5,2
l,4.0,103752120917.45615,3098787.84,55342080.0,6197575.68,960,576,5,2
xl,4.0,207504241834.9123,3098787.84,55342080.0,6197575.68,960,576,5,2
s,4.0,19494314852.68542,3098787.84,62966988.8,6197575.68,1024,576,5,2
m,4.0,38988629705.37084,3098787.84,62966988.8,6197575.68,1024,576,5,2
l,4.0,97471574263.42711,3098787.84,62966988.8,6197575.68,1024,576,5,2
xl,4.0,194943148526.85422,3098787.84,62966988.8,6197575.68,1024,576,5,2
s,4.0,18319480376.761776,3098787.84,71083827.2,6197575.68,1088,576,5,2
m,4.0,36638960753.52355,3098787.84,71083827.2,6197575.68,1088,576,5,2
l,4.0,91597401883.80888,3098787.84,71083827.2,6197575.68,1088,576,5,2
xl,4.0,183194803767.61777,3098787.84,71083827.2,6197575.68,1088,576,5,2
s,4.0,16668814943.53659,3825664.0,71083827.2,7651328.0,1088,640,5,2
m,4.0,33337629887.07318,3825664.0,71083827.2,7651328.0,1088,640,5,2
l,4.0,83344074717.68295,3825664.0,71083827.2,7651328.0,1088,640,5,2
xl,4.0,166688149435.3659,3825664.0,71083827.2,7651328.0,1088,640,5,2
s,4.0,15756359985.380116,3825664.0,79692595.19999999,7651328.0,1152,640,5,2
m,4.0,31512719970.76023,3825664.0,79692595.19999999,7651328.0,1152,640,5,2
l,4.0,78781799926.90057,3825664.0,79692595.19999999,7651328.0,1152,640,5,2
xl,4.0,157563599853.80115,3825664.0,79692595.19999999,7651328.0,1152,640,5,2
s,4.0,14897562098.580717,3825664.0,88793292.80000001,7651328.0,1216,640,5,2
m,4.0,29795124197.161434,3825664.0,88793292.80000001,7651328.0,1216,640,5,2
l,4.0,74487810492.90358,3825664.0,88793292.80000001,7651328.0,1216,640,5,2
xl,4.0,148975620985.80716,3825664.0,88793292.80000001,7651328.0,1216,640,5,2
s,4.0,14403964679.06335,4629053.4399999995,79692595.19999999,9258106.879999999,1152,704,5,2
m,4.0,28807929358.1267,4629053.4399999995,79692595.19999999,9258106.879999999,1152,704,5,2
l,4.0,72019823395.31674,4629053.4399999995,79692595.19999999,9258106.879999999,1152,704,5,2
xl,4.0,144039646790.63348,4629053.4399999995,79692595.19999999,9258106.879999999,1152,704,5,2
s,4.0,13682890778.949284,4629053.4399999995,88793292.80000001,9258106.879999999,1216,704,5,2
m,4.0,27365781557.898567,4629053.4399999995,88793292.80000001,9258106.879999999,1216,704,5,2
l,4.0,68414453894.746414,4629053.4399999995,88793292.80000001,9258106.879999999,1216,704,5,2
xl,4.0,136828907789.49283,4629053.4399999995,88793292.80000001,9258106.879999999,1216,704,5,2
s,4.0,12999322379.642561,4629053.4399999995,98385920.0,9258106.879999999,1280,704,5,2
m,4.0,25998644759.285122,4629053.4399999995,98385920.0,9258106.879999999,1280,704,5,2
l,4.0,64996611898.2128,4629053.4399999995,98385920.0,9258106.879999999,1280,704,5,2
xl,4.0,129993223796.4256,4629053.4399999995,98385920.0,9258106.879999999,1280,704,5,2
s,4.0,11984758731.12109,5508956.16,98385920.0,11017912.32,1280,768,5,2
m,4.0,23969517462.24218,5508956.16,98385920.0,11017912.32,1280,768,5,2
l,4.0,59923793655.60545,5508956.16,98385920.0,11017912.32,1280,768,5,2
xl,4.0,119847587311.2109,5508956.16,98385920.0,11017912.32,1280,768,5,2
s,4.0,139291385275.7818,344309.76,7378944.0,688619.52,320,192,6,2
m,4.0,278582770551.5636,344309.76,7378944.0,688619.52,320,192,6,2
s,4.0,92787008179.86511,612106.24,10625679.36,1224212.48,384,256,6,2
m,4.0,185574016359.73022,612106.24,10625679.36,1224212.48,384,256,6,2
s,4.0,79927611416.6605,612106.24,14462730.24,1224212.48,448,256,6,2
m,4.0,159855222833.321,612106.24,14462730.24,1224212.48,448,256,6,2
l,4.0,399638057083.30255,612106.24,14462730.24,1224212.48,448,256,6,2
s,4.0,58460516291.10321,956416.0,18890096.64,1912832.0,512,320,6,2
m,4.0,116921032582.20642,956416.0,18890096.64,1912832.0,512,320,6,2
l,4.0,292302581455.51605,956416.0,18890096.64,1912832.0,512,320,6,2
s,4.0,51861170451.35382,956416.0,23907778.56,1912832.0,576,320,6,2
m,4.0,103722340902.70764,956416.0,23907778.56,1912832.0,576,320,6,2
l,4.0,259305852256.7691,956416.0,23907778.56,1912832.0,576,320,6,2
xl,4.0,518611704513.5382,956416.0,23907778.56,1912832.0,576,320,6,2
s,4.0,44494871015.704994,1377239.04,23907778.56,2754478.08,576,384,6,2
m,4.0,88989742031.40999,1377239.04,23907778.56,2754478.08,576,384,6,2
l,4.0,222474355078.52496,1377239.04,23907778.56,2754478.08,576,384,6,2
xl,4.0,444948710157.0499,1377239.04,23907778.56,2754478.08,576,384,6,2
s,4.0,40204955988.37445,1377239.04,29515776.0,2754478.08,640,384,6,2
m,4.0,80409911976.7489,1377239.04,29515776.0,2754478.08,640,384,6,2
l,4.0,201024779941.87225,1377239.04,29515776.0,2754478.08,640,384,6,2
xl,4.0,402049559883.7445,1377239.04,29515776.0,2754478.08,640,384,6,2
s,4.0,32012744616.808575,1874575.3599999999,35714088.96,3749150.7199999997,704,448,6,2
m,4.0,64025489233.61715,1874575.3599999999,35714088.96,3749150.7199999997,704,448,6,2
l,4.0,160063723084.04288,1874575.3599999999,35714088.96,3749150.7199999997,704,448,6,2
xl,4.0,320127446168.08575,1874575.3599999999,35714088.96,3749150.7199999997,704,448,6,2
s,4.0,29344143095.90156,1874575.3599999999,42502717.44,3749150.7199999997,768,448,6,2
m,4.0,58688286191.80312,1874575.3599999999,42502717.44,3749150.7199999997,768,448,6,2
l,4.0,146720715479.5078,1874575.3599999999,42502717.44,3749150.7199999997,768,448,6,2
xl,4.0,293441430959.0156,1874575.3599999999,42502717.44,3749150.7199999997,768,448,6,2
s,4.0,26057097679.912712,2448424.96,42502717.44,4896849.92,768,512,6,2
m,4.0,52114195359.825424,2448424.96,42502717.44,4896849.92,768,512,6,2
l,4.0,130285488399.56357,2448424.96,42502717.44,4896849.92,768,512,6,2
xl,4.0,260570976799.12714,2448424.96,42502717.44,4896849.92,768,512,6,2
s,4.0,24131612160.188873,2448424.96,49881661.44,4896849.92,832,512,6,2
m,4.0,48263224320.37775,2448424.96,49881661.44,4896849.92,832,512,6,2
l,4.0,120658060800.94437,2448424.96,49881661.44,4896849.92,832,512,6,2
xl,4.0,241316121601.88873,2448424.96,49881661.44,4896849.92,832,512,6,2
s,4.0,22359885658.199043,2448424.96,57850920.96,4896849.92,896,512,6,2
m,4.0,44719771316.39809,2448424.96,57850920.96,4896849.92,896,512,6,2
l,4.0,111799428290.99522,2448424.96,57850920.96,4896849.92,896,512,6,2
xl,4.0,223598856581.99045,2448424.96,57850920.96,4896849.92,896,512,6,2
s,4.0,20171381999.926235,3098787.84,57850920.96,6197575.68,896,576,6,2
m,4.0,40342763999.85247,3098787.84,57850920.96,6197575.68,896,576,6,2
l,4.0,100856909999.63116,3098787.84,57850920.96,6197575.68,896,576,6,2
xl,4.0,201713819999.26233,3098787.84,57850920.96,6197575.68,896,576,6,2
s,4.0,18839458490.42126,3098787.84,66410496.0,6197575.68,960,576,6,2
m,4.0,37678916980.84252,3098787.84,66410496.0,6197575.68,960,576,6,2
l,4.0,94197292452.1063,3098787.84,66410496.0,6197575.68,960,576,6,2
xl,4.0,188394584904.2126,3098787.84,66410496.0,6197575.68,960,576,6,2
s,4.0,17603666754.217445,3098787.84,75560386.56,6197575.68,1024,576,6,2
m,4.0,35207333508.43489,3098787.84,75560386.56,6197575.68,1024,576,6,2
l,4.0,88018333771.08723,3098787.84,75560386.56,6197575.68,1024,576,6,2
xl,4.0,176036667542.17447,3098787.84,75560386.56,6197575.68,1024,576,6,2
s,4.0,17098211855.3256,3825664.0,66410496.0,7651328.0,960,640,6,2
m,4.0,34196423710.6512,3825664.0,66410496.0,7651328.0,960,640,6,2
l,4.0,85491059276.628,3825664.0,66410496.0,7651328.0,960,640,6,2
xl,4.0,170982118553.256,3825664.0,66410496.0,7651328.0,960,640,6,2
s,4.0,16074091800.43963,3825664.0,75560386.56,7651328.0,1024,640,6,2
m,4.0,32148183600.87926,3825664.0,75560386.56,7651328.0,1024,640,6,2
l,4.0,80370459002.19815,3825664.0,75560386.56,7651328.0,1024,640,6,2
xl,4.0,160740918004.3963,3825664.0,75560386.56,7651328.0,1024,640,6,2
s,4.0,15114976701.50889,3825664.0,85300592.64,7651328.0,1088,640,6,2
m,4.0,30229953403.01778,3825664.0,85300592.64,7651328.0,1088,640,6,2
l,4.0,75574883507.54445,3825664.0,85300592.64,7651328.0,1088,640,6,2
xl,4.0,151149767015.0889,3825664.0,85300592.64,7651328.0,1088,640,6,2
s,4.0,14218976940.55956,3825664.0,95631114.24,7651328.0,1152,640,6,2
m,4.0,28437953881.11912,3825664.0,95631114.24,7651328.0,1152,640,6,2
l,4.0,71094884702.7978,3825664.0,95631114.24,7651328.0,1152,640,6,2
xl,4.0,142189769405.5956,3825664.0,95631114.24,7651328.0,1152,640,6,2
s,4.0,13866079004.046179,4629053.4399999995,85300592.64,9258106.879999999,1088,704,6,2
m,4.0,27732158008.092358,4629053.4399999995,85300592.64,9258106.879999999,1088,704,6,2
l,4.0,69330395020.2309,4629053.4399999995,85300592.64,9258106.879999999,1088,704,6,2
xl,4.0,138660790040.4618,4629053.4399999995,85300592.64,9258106.879999999,1088,704,6,2
s,4.0,13108317259.60011,4629053.4399999995,95631114.24,9258106.879999999,1152,704,6,2
m,4.0,26216634519.20022,4629053.4399999995,95631114.24,9258106.879999999,1152,704,6,2
l,4.0,65541586298.00055,4629053.4399999995,95631114.24,9258106.879999999,1152,704,6,2
xl,4.0,131083172596.0011,4629053.4399999995,95631114.24,9258106.879999999,1152,704,6,2
s,4.0,12394981584.904766,4629053.4399999995,106551951.36000001,9258106.879999999,1216,704,6,2
m,4.0,24789963169.809532,4629053.4399999995,106551951.36000001,9258106.879999999,1216,704,6,2
l,4.0,61974907924.523834,4629053.4399999995,106551951.36000001,9258106.879999999,1216,704,6,2
xl,4.0,123949815849.04767,4629053.4399999995,106551951.36000001,9258106.879999999,1216,704,6,2
s,4.0,12077343415.445509,5508956.16,95631114.24,11017912.32,1152,768,6,2
m,4.0,24154686830.891018,5508956.16,95631114.24,11017912.32,1152,768,6,2
l,4.0,60386717077.22755,5508956.16,95631114.24,11017912.32,1152,768,6,2
xl,4.0,120773434154.4551,5508956.16,95631114.24,11017912.32,1152,768,6,2
s,4.0,11469200469.593475,5508956.16,106551951.36000001,11017912.32,1216,768,6,2
m,4.0,22938400939.18695,5508956.16,106551951.36000001,11017912.32,1216,768,6,2
l,4.0,57346002347.96738,5508956.16,106551951.36000001,11017912.32,1216,768,6,2
xl,4.0,114692004695.93475,5508956.16,106551951.36000001,11017912.32,1216,768,6,2
s,4.0,10893035674.109709,5508956.16,118063104.0,11017912.32,1280,768,6,2
m,4.0,21786071348.219418,5508956.16,118063104.0,11017912.32,1280,768,6,2
l,4.0,54465178370.548546,5508956.16,118063104.0,11017912.32,1280,768,6,2
xl,4.0,108930356741.09709,5508956.16,118063104.0,11017912.32,1280,768,6,2
s,4.0,10114565040.333292,6465372.16,118063104.0,12930744.32,1280,832,6,2
m,4.0,20229130080.666584,6465372.16,118063104.0,12930744.32,1280,832,6,2
l,4.0,50572825201.666466,6465372.16,118063104.0,12930744.32,1280,832,6,2
xl,4.0,101145650403.33293,6465372.16,118063104.0,12930744.32,1280,832,6,2
s,4.0,85204046104.30469,612106.24,12396625.92,1224212.48,384,256,7,2
m,4.0,170408092208.60938,612106.24,12396625.92,1224212.48,384,256,7,2
s,4.0,60981572266.5098,956416.0,16873185.28,1912832.0,448,320,7,2
m,4.0,121963144533.0196,956416.0,16873185.28,1912832.0,448,320,7,2
l,4.0,304907861332.549,956416.0,16873185.28,1912832.0,448,320,7,2
s,4.0,53534333255.31882,956416.0,22038446.08,1912832.0,512,320,7,2
m,4.0,107068666510.63763,956416.0,22038446.08,1912832.0,512,320,7,2
l,4.0,267671666276.5941,956416.0,22038446.08,1912832.0,512,320,7,2
s,4.0,40964600594.423225,1377239.04,27892408.32,2754478.08,576,384,7,2
m,4.0,81929201188.84645,1377239.04,27892408.32,2754478.08,576,384,7,2
l,4.0,204823002972.11612,1377239.04,27892408.32,2754478.08,576,384,7,2
xl,4.0,409646005944.23224,1377239.04,27892408.32,2754478.08,576,384,7,2
s,4.0,32305343198.320366,1874575.3599999999,34435072.0,3749150.7199999997,640,448,7,2
m,4.0,64610686396.64073,1874575.3599999999,34435072.0,3749150.7199999997,640,448,7,2
l,4.0,161526715991.60184,1874575.3599999999,34435072.0,3749150.7199999997,640,448,7,2
xl,4.0,323053431983.2037,1874575.3599999999,34435072.0,3749150.7199999997,640,448,7,2
s,4.0,29402575882.050232,1874575.3599999999,41666437.120000005,3749150.7199999997,704,448,7,2
m,4.0,58805151764.100464,1874575.3599999999,41666437.120000005,3749150.7199999997,704,448,7,2
l,4.0,147012879410.25116,1874575.3599999999,41666437.120000005,3749150.7199999997,704,448,7,2
xl,4.0,294025758820.5023,1874575.3599999999,41666437.120000005,3749150.7199999997,704,448,7,2
s,4.0,26103162454.514194,2448424.96,41666437.120000005,4896849.92,704,512,7,2
m,4.0,52206324909.02839,2448424.96,41666437.120000005,4896849.92,704,512,7,2
l,4.0,130515812272.57098,2448424.96,41666437.120000005,4896849.92,704,512,7,2
xl,4.0,261031624545.14197,2448424.96,41666437.120000005,4896849.92,704,512,7,2
s,4.0,24024721615.364162,2448424.96,49586503.68,4896849.92,768,512,7,2
m,4.0,48049443230.728325,2448424.96,49586503.68,4896849.92,768,512,7,2
l,4.0,120123608076.8208,2448424.96,49586503.68,4896849.92,768,512,7,2
xl,4.0,240247216153.6416,2448424.96,49586503.68,4896849.92,768,512,7,2
s,4.0,22125699419.02445,2448424.96,58195271.68,4896849.92,832,512,7,2
m,4.0,44251398838.0489,2448424.96,58195271.68,4896849.92,832,512,7,2
l,4.0,110628497095.12224,2448424.96,58195271.68,4896849.92,832,512,7,2
xl,4.0,221256994190.24448,2448424.96,58195271.68,4896849.92,832,512,7,2
s,4.0,19980599317.596996,3098787.84,58195271.68,6197575.68,832,576,7,2
m,4.0,39961198635.19399,3098787.84,58195271.68,6197575.68,832,576,7,2
l,4.0,99902996587.98499,3098787.84,58195271.68,6197575.68,832,576,7,2
xl,4.0,199805993175.96997,3098787.84,58195271.68,6197575.68,832,576,7,2
s,4.0,18559992595.48353,3098787.84,67492741.12,6197575.68,896,576,7,2
m,4.0,37119985190.96706,3098787.84,67492741.12,6197575.68,896,576,7,2
l,4.0,92799962977.41765,3098787.84,67492741.12,6197575.68,896,576,7,2
xl,4.0,185599925954.8353,3098787.84,67492741.12,6197575.68,896,576,7,2
s,4.0,16867702148.183104,3825664.0,67492741.12,7651328.0,896,640,7,2
m,4.0,33735404296.366207,3825664.0,67492741.12,7651328.0,896,640,7,2
l,4.0,84338510740.91551,3825664.0,67492741.12,7651328.0,896,640,7,2
xl,4.0,168677021481.83102,3825664.0,67492741.12,7651328.0,896,640,7,2
s,4.0,15779355629.184134,3825664.0,77478912.0,7651328.0,960,640,7,2
m,4.0,31558711258.368267,3825664.0,77478912.0,7651328.0,960,640,7,2
l,4.0,78896778145.92067,3825664.0,77478912.0,7651328.0,960,640,7,2
xl,4.0,157793556291.84134,3825664.0,77478912.0,7651328.0,960,640,7,2
s,4.0,14766413111.523947,3825664.0,88153784.32,7651328.0,1024,640,7,2
m,4.0,29532826223.047894,3825664.0,88153784.32,7651328.0,1024,640,7,2
l,4.0,73832065557.61974,3825664.0,88153784.32,7651328.0,1024,640,7,2
xl,4.0,147664131115.23947,3825664.0,88153784.32,7651328.0,1024,640,7,2
s,4.0,14423179815.822779,4629053.4399999995,77478912.0,9258106.879999999,960,704,7,2
m,4.0,28846359631.645557,4629053.4399999995,77478912.0,9258106.879999999,960,704,7,2
l,4.0,72115899079.11389,4629053.4399999995,77478912.0,9258106.879999999,960,704,7,2
xl,4.0,144231798158.22778,4629053.4399999995,77478912.0,9258106.879999999,960,704,7,2
s,4.0,13572176893.178177,4629053.4399999995,88153784.32,9258106.879999999,1024,704,7,2
m,4.0,27144353786.356354,4629053.4399999995,88153784.32,9258106.879999999,1024,704,7,2
l,4.0,67860884465.890884,4629053.4399999995,88153784.32,9258106.879999999,1024,704,7,2
xl,4.0,135721768931.78177,4629053.4399999995,88153784.32,9258106.879999999,1024,704,7,2
s,4.0,12773721695.348782,4629053.4399999995,99517358.08,9258106.879999999,1088,704,7,2
m,4.0,25547443390.697563,4629053.4399999995,99517358.08,9258106.879999999,1088,704,7,2
l,4.0,63868608476.743904,4629053.4399999995,99517358.08,9258106.879999999,1088,704,7,2
xl,4.0,127737216953.48781,4629053.4399999995,99517358.08,9258106.879999999,1088,704,7,2
s,4.0,12026522542.359913,4629053.4399999995,111569633.28,9258106.879999999,1152,704,7,2
m,4.0,24053045084.719826,4629053.4399999995,111569633.28,9258106.879999999,1152,704,7,2
l,4.0,60132612711.79957,4629053.4399999995,111569633.28,9258106.879999999,1152,704,7,2
xl,4.0,120265225423.59914,4629053.4399999995,111569633.28,9258106.879999999,1152,704,7,2
s,4.0,11792738837.481167,5508956.16,99517358.08,11017912.32,1088,768,7,2
m,4.0,23585477674.962334,5508956.16,99517358.08,11017912.32,1088,768,7,2
l,4.0,58963694187.40583,5508956.16,99517358.08,11017912.32,1088,768,7,2
xl,4.0,117927388374.81166,5508956.16,99517358.08,11017912.32,1088,768,7,2
s,4.0,11153024355.085913,5508956.16,111569633.28,11017912.32,1152,768,7,2
m,4.0,22306048710.171825,5508956.16,111569633.28,11017912.32,1152,768,7,2
l,4.0,55765121775.429565,5508956.16,111569633.28,11017912.32,1152,768,7,2
xl,4.0,111530243550.85913,5508956.16,111569633.28,11017912.32,1152,768,7,2
l,4.0,52751587810.1327,5508956.16,124310609.92000002,11017912.32,1216,768,7,2
xl,4.0,105503175620.2654,5508956.16,124310609.92000002,11017912.32,1216,768,7,2
s,4.0,10338339683.42277,6465372.16,111569633.28,12930744.32,1152,832,7,2
m,4.0,20676679366.84554,6465372.16,111569633.28,12930744.32,1152,832,7,2
l,4.0,51691698417.113846,6465372.16,111569633.28,12930744.32,1152,832,7,2
xl,4.0,103383396834.22769,6465372.16,111569633.28,12930744.32,1152,832,7,2
l,4.0,49092076989.635506,6465372.16,124310609.92000002,12930744.32,1216,832,7,2
xl,4.0,98184153979.27101,6465372.16,124310609.92000002,12930744.32,1216,832,7,2
l,4.0,46628833239.995094,6465372.16,137740288.0,12930744.32,1280,832,7,2
xl,4.0,93257666479.99019,6465372.16,137740288.0,12930744.32,1280,832,7,2
l,4.0,43535549594.5613,7498301.4399999995,137740288.0,14996602.879999999,1280,896,7,2
xl,4.0,87071099189.1226,7498301.4399999995,137740288.0,14996602.879999999,1280,896,7,2
s,4.0,78766871233.68329,612106.24,14167572.48,1224212.48,384,256,8,2
m,4.0,157533742467.36658,612106.24,14167572.48,1224212.48,384,256,8,2
l,4.0,393834356168.41644,612106.24,14167572.48,1224212.48,384,256,8,2
s,4.0,56668303428.60825,956416.0,19283640.32,1912832.0,448,320,8,2
m,4.0,113336606857.2165,956416.0,19283640.32,1912832.0,448,320,8,2
l,4.0,283341517143.04126,956416.0,19283640.32,1912832.0,448,320,8,2
s,4.0,42651395256.11665,1377239.04,25186795.52,2754478.08,512,384,8,2
m,4.0,85302790512.2333,1377239.04,25186795.52,2754478.08,512,384,8,2
l,4.0,213256976280.58328,1377239.04,25186795.52,2754478.08,512,384,8,2
xl,4.0,426513952561.16656,1377239.04,25186795.52,2754478.08,512,384,8,2
s,4.0,37953342043.77715,1377239.04,31877038.08,2754478.08,576,384,8,2
m,4.0,75906684087.5543,1377239.04,31877038.08,2754478.08,576,384,8,2
l,4.0,189766710218.88574,1377239.04,31877038.08,2754478.08,576,384,8,2
xl,4.0,379533420437.7715,1377239.04,31877038.08,2754478.08,576,384,8,2
s,4.0,33229523239.388737,1874575.3599999999,31877038.08,3749150.7199999997,576,448,8,2
m,4.0,66459046478.77747,1874575.3599999999,31877038.08,3749150.7199999997,576,448,8,2
l,4.0,166147616196.9437,1874575.3599999999,31877038.08,3749150.7199999997,576,448,8,2
xl,4.0,332295232393.8874,1874575.3599999999,31877038.08,3749150.7199999997,576,448,8,2
s,4.0,30038033244.53803,1874575.3599999999,39354368.0,3749150.7199999997,640,448,8,2
m,4.0,60076066489.07606,1874575.3599999999,39354368.0,3749150.7199999997,640,448,8,2
l,4.0,150190166222.69012,1874575.3599999999,39354368.0,3749150.7199999997,640,448,8,2
xl,4.0,300380332445.38025,1874575.3599999999,39354368.0,3749150.7199999997,640,448,8,2
s,4.0,24341204710.32611,2448424.96,47618785.28,4896849.92,704,512,8,2
m,4.0,48682409420.65222,2448424.96,47618785.28,4896849.92,704,512,8,2
l,4.0,121706023551.63055,2448424.96,47618785.28,4896849.92,704,512,8,2
xl,4.0,243412047103.2611,2448424.96,47618785.28,4896849.92,704,512,8,2
s,4.0,22286445219.988964,2448424.96,56670289.92,4896849.92,768,512,8,2
m,4.0,44572890439.97793,2448424.96,56670289.92,4896849.92,768,512,8,2
l,4.0,111432226099.94482,2448424.96,56670289.92,4896849.92,768,512,8,2
xl,4.0,222864452199.88965,2448424.96,56670289.92,4896849.92,768,512,8,2
s,4.0,20111594960.689457,3098787.84,56670289.92,6197575.68,768,576,8,2
m,4.0,40223189921.378914,3098787.84,56670289.92,6197575.68,768,576,8,2
l,4.0,100557974803.4473,3098787.84,56670289.92,6197575.68,768,576,8,2
xl,4.0,201115949606.8946,3098787.84,56670289.92,6197575.68,768,576,8,2
s,4.0,18585481098.29214,3098787.84,66508881.92,6197575.68,832,576,8,2
m,4.0,37170962196.58428,3098787.84,66508881.92,6197575.68,832,576,8,2
l,4.0,92927405491.46071,3098787.84,66508881.92,6197575.68,832,576,8,2
xl,4.0,185854810982.92142,3098787.84,66508881.92,6197575.68,832,576,8,2
s,4.0,17187009568.68196,3098787.84,77134561.28,6197575.68,896,576,8,2
m,4.0,34374019137.36392,3098787.84,77134561.28,6197575.68,896,576,8,2
l,4.0,85935047843.4098,3098787.84,77134561.28,6197575.68,896,576,8,2
xl,4.0,171870095686.8196,3098787.84,77134561.28,6197575.68,896,576,8,2
s,4.0,16888751862.113245,3825664.0,66508881.92,7651328.0,832,640,8,2
m,4.0,33777503724.22649,3825664.0,66508881.92,7651328.0,832,640,8,2
l,4.0,84443759310.56622,3825664.0,66508881.92,7651328.0,832,640,8,2
xl,4.0,168887518621.13245,3825664.0,66508881.92,7651328.0,832,640,8,2
s,4.0,15725979344.04439,3825664.0,77134561.28,7651328.0,896,640,8,2
m,4.0,31451958688.08878,3825664.0,77134561.28,7651328.0,896,640,8,2
l,4.0,78629896720.22195,3825664.0,77134561.28,7651328.0,896,640,8,2
xl,4.0,157259793440.4439,3825664.0,77134561.28,7651328.0,896,640,8,2
s,4.0,14649387421.215595,3825664.0,88547328.0,7651328.0,960,640,8,2
m,4.0,29298774842.43119,3825664.0,88547328.0,7651328.0,960,640,8,2
l,4.0,73246937106.07797,3825664.0,88547328.0,7651328.0,960,640,8,2
xl,4.0,146493874212.15594,3825664.0,88547328.0,7651328.0,960,640,8,2
s,4.0,13473251301.970932,4629053.4399999995,88547328.0,9258106.879999999,960,704,8,2
m,4.0,26946502603.941864,4629053.4399999995,88547328.0,9258106.879999999,960,704,8,2
l,4.0,67366256509.85467,4629053.4399999995,88547328.0,9258106.879999999,960,704,8,2
xl,4.0,134732513019.70934,4629053.4399999995,88547328.0,9258106.879999999,960,704,8,2
s,4.0,12627938698.126196,4629053.4399999995,100747182.08,9258106.879999999,1024,704,8,2
m,4.0,25255877396.25239,4629053.4399999995,100747182.08,9258106.879999999,1024,704,8,2
l,4.0,63139693490.63098,4629053.4399999995,100747182.08,9258106.879999999,1024,704,8,2
xl,4.0,126279386981.26196,4629053.4399999995,100747182.08,9258106.879999999,1024,704,8,2
s,4.0,11840905727.058477,4629053.4399999995,113734123.52,9258106.879999999,1088,704,8,2
m,4.0,23681811454.116955,4629053.4399999995,113734123.52,9258106.879999999,1088,704,8,2
l,4.0,59204528635.29239,4629053.4399999995,113734123.52,9258106.879999999,1088,704,8,2
xl,4.0,118409057270.58478,4629053.4399999995,113734123.52,9258106.879999999,1088,704,8,2
s,4.0,11668378427.116629,5508956.16,100747182.08,11017912.32,1024,768,8,2
m,4.0,23336756854.233257,5508956.16,100747182.08,11017912.32,1024,768,8,2
l,4.0,58341892135.583145,5508956.16,100747182.08,11017912.32,1024,768,8,2
xl,4.0,116683784271.16629,5508956.16,100747182.08,11017912.32,1024,768,8,2
s,4.0,10993212280.652876,5508956.16,113734123.52,11017912.32,1088,768,8,2
m,4.0,21986424561.30575,5508956.16,113734123.52,11017912.32,1088,768,8,2
l,4.0,54966061403.26438,5508956.16,113734123.52,11017912.32,1088,768,8,2
xl,4.0,109932122806.52876,5508956.16,113734123.52,11017912.32,1088,768,8,2
l,4.0,51800646843.37965,5508956.16,127508152.32,11017912.32,1152,768,8,2
xl,4.0,103601293686.7593,5508956.16,127508152.32,11017912.32,1152,768,8,2
s,4.0,10200878307.047222,6465372.16,113734123.52,12930744.32,1088,832,8,2
m,4.0,20401756614.094444,6465372.16,113734123.52,12930744.32,1088,832,8,2
l,4.0,51004391535.23611,6465372.16,113734123.52,12930744.32,1088,832,8,2
xl,4.0,102008783070.47221,6465372.16,113734123.52,12930744.32,1088,832,8,2
l,4.0,48267466698.76878,6465372.16,127508152.32,12930744.32,1152,832,8,2
xl,4.0,96534933397.53757,6465372.16,127508152.32,12930744.32,1152,832,8,2
l,4.0,45685769540.370865,6465372.16,142069268.48000002,12930744.32,1216,832,8,2
xl,4.0,91371539080.74173,6465372.16,142069268.48000002,12930744.32,1216,832,8,2
l,4.0,43255493543.18812,6465372.16,157417472.0,12930744.32,1280,832,8,2
xl,4.0,86510987086.37624,6465372.16,157417472.0,12930744.32,1280,832,8,2
l,4.0,44960663261.08562,7498301.4399999995,127508152.32,14996602.879999999,1152,896,8,2
xl,4.0,89921326522.17123,7498301.4399999995,127508152.32,14996602.879999999,1152,896,8,2
l,4.0,42712353932.63372,7498301.4399999995,142069268.48000002,14996602.879999999,1216,896,8,2
xl,4.0,85424707865.26744,7498301.4399999995,142069268.48000002,14996602.879999999,1216,896,8,2
l,4.0,40580747928.039215,7498301.4399999995,157417472.0,14996602.879999999,1280,896,8,2
xl,4.0,81161495856.07843,7498301.4399999995,157417472.0,14996602.879999999,1280,896,8,2
l,4.0,38056574355.4221,8607744.0,157417472.0,17215488.0,1280,960,8,2
xl,4.0,76113148710.8442,8607744.0,157417472.0,17215488.0,1280,960,8,2
s,4.0,135803753537.5248,344309.76,7083786.24,688619.52,256,192,9,2
m,4.0,271607507075.0496,344309.76,7083786.24,688619.52,256,192,9,2
s,4.0,87827301789.86981,612106.24,11068416.0,1224212.48,320,256,9,2
m,4.0,175654603579.73962,612106.24,11068416.0,1224212.48,320,256,9,2
s,4.0,52924889352.68593,956416.0,21694095.36,1912832.0,448,320,9,2
m,4.0,105849778705.37186,956416.0,21694095.36,1912832.0,448,320,9,2
l,4.0,264624446763.42966,956416.0,21694095.36,1912832.0,448,320,9,2
s,4.0,39968135995.10631,1377239.04,28335144.96,2754478.08,512,384,9,2
m,4.0,79936271990.21262,1377239.04,28335144.96,2754478.08,512,384,9,2
l,4.0,199840679975.53156,1377239.04,28335144.96,2754478.08,512,384,9,2
xl,4.0,399681359951.0631,1377239.04,28335144.96,2754478.08,512,384,9,2
s,4.0,31220203125.934578,1874575.3599999999,35861667.839999996,3749150.7199999997,576,448,9,2
m,4.0,62440406251.869156,1874575.3599999999,35861667.839999996,3749150.7199999997,576,448,9,2
l,4.0,156101015629.67288,1874575.3599999999,35861667.839999996,3749150.7199999997,576,448,9,2
xl,4.0,312202031259.34576,1874575.3599999999,35861667.839999996,3749150.7199999997,576,448,9,2
s,4.0,28068108302.19256,1874575.3599999999,44273664.0,3749150.7199999997,640,448,9,2
m,4.0,56136216604.38512,1874575.3599999999,44273664.0,3749150.7199999997,640,448,9,2
l,4.0,140340541510.9628,1874575.3599999999,44273664.0,3749150.7199999997,640,448,9,2
xl,4.0,280681083021.9256,1874575.3599999999,44273664.0,3749150.7199999997,640,448,9,2
s,4.0,25046001690.753384,2448424.96,44273664.0,4896849.92,640,512,9,2
m,4.0,50092003381.50677,2448424.96,44273664.0,4896849.92,640,512,9,2
l,4.0,125230008453.76692,2448424.96,44273664.0,4896849.92,640,512,9,2
xl,4.0,250460016907.53384,2448424.96,44273664.0,4896849.92,640,512,9,2
s,4.0,22802069984.317505,2448424.96,53571133.44,4896849.92,704,512,9,2
m,4.0,45604139968.63501,2448424.96,53571133.44,4896849.92,704,512,9,2
l,4.0,114010349921.58752,2448424.96,53571133.44,4896849.92,704,512,9,2
xl,4.0,228020699843.17505,2448424.96,53571133.44,4896849.92,704,512,9,2
s,4.0,20530548394.99301,3098787.84,53571133.44,6197575.68,704,576,9,2
m,4.0,41061096789.98602,3098787.84,53571133.44,6197575.68,704,576,9,2
l,4.0,102652741974.96506,3098787.84,53571133.44,6197575.68,704,576,9,2
xl,4.0,205305483949.9301,3098787.84,53571133.44,6197575.68,704,576,9,2
s,4.0,18878933981.690907,3098787.84,63754076.160000004,6197575.68,768,576,9,2
m,4.0,37757867963.38181,3098787.84,63754076.160000004,6197575.68,768,576,9,2
l,4.0,94394669908.45453,3098787.84,63754076.160000004,6197575.68,768,576,9,2
xl,4.0,188789339816.90906,3098787.84,63754076.160000004,6197575.68,768,576,9,2
s,4.0,17372471839.070274,3098787.84,74822492.16,6197575.68,832,576,9,2
m,4.0,34744943678.14055,3098787.84,74822492.16,6197575.68,832,576,9,2
l,4.0,86862359195.35136,3098787.84,74822492.16,6197575.68,832,576,9,2
xl,4.0,173724718390.70273,3098787.84,74822492.16,6197575.68,832,576,9,2
s,4.0,15881108038.679955,3825664.0,74822492.16,7651328.0,832,640,9,2
m,4.0,31762216077.35991,3825664.0,74822492.16,7651328.0,832,640,9,2
l,4.0,79405540193.39978,3825664.0,74822492.16,7651328.0,832,640,9,2
xl,4.0,158811080386.79956,3825664.0,74822492.16,7651328.0,832,640,9,2
s,4.0,14729017515.332863,3825664.0,86776381.44,7651328.0,896,640,9,2
m,4.0,29458035030.665726,3825664.0,86776381.44,7651328.0,896,640,9,2
l,4.0,73645087576.6643,3825664.0,86776381.44,7651328.0,896,640,9,2
xl,4.0,147290175153.3286,3825664.0,86776381.44,7651328.0,896,640,9,2
s,4.0,13540578979.038437,4629053.4399999995,86776381.44,9258106.879999999,896,704,9,2
m,4.0,27081157958.076874,4629053.4399999995,86776381.44,9258106.879999999,896,704,9,2
l,4.0,67702894895.192184,4629053.4399999995,86776381.44,9258106.879999999,896,704,9,2
xl,4.0,135405789790.38437,4629053.4399999995,86776381.44,9258106.879999999,896,704,9,2
s,4.0,12640717938.413702,4629053.4399999995,99615744.0,9258106.879999999,960,704,9,2
m,4.0,25281435876.827404,4629053.4399999995,99615744.0,9258106.879999999,960,704,9,2
l,4.0,63203589692.06851,4629053.4399999995,99615744.0,9258106.879999999,960,704,9,2
xl,4.0,126407179384.13702,4629053.4399999995,99615744.0,9258106.879999999,960,704,9,2
s,4.0,11806538788.363798,4629053.4399999995,113340579.84,9258106.879999999,1024,704,9,2
m,4.0,23613077576.727596,4629053.4399999995,113340579.84,9258106.879999999,1024,704,9,2
l,4.0,59032693941.818985,4629053.4399999995,113340579.84,9258106.879999999,1024,704,9,2
xl,4.0,118065387883.63797,4629053.4399999995,113340579.84,9258106.879999999,1024,704,9,2
s,4.0,11679288501.780834,5508956.16,99615744.0,11017912.32,960,768,9,2
m,4.0,23358577003.56167,5508956.16,99615744.0,11017912.32,960,768,9,2
l,4.0,58396442508.90417,5508956.16,99615744.0,11017912.32,960,768,9,2
xl,4.0,116792885017.80833,5508956.16,99615744.0,11017912.32,960,768,9,2
s,4.0,10963583725.166552,5508956.16,113340579.84,11017912.32,1024,768,9,2
m,4.0,21927167450.333103,5508956.16,113340579.84,11017912.32,1024,768,9,2
l,4.0,54817918625.832756,5508956.16,113340579.84,11017912.32,1024,768,9,2
xl,4.0,109635837251.66551,5508956.16,113340579.84,11017912.32,1024,768,9,2
l,4.0,51476075730.31118,5508956.16,127950888.96,11017912.32,1088,768,9,2
xl,4.0,102952151460.62236,5508956.16,127950888.96,11017912.32,1088,768,9,2
s,4.0,10175361827.563492,6465372.16,113340579.84,12930744.32,1024,832,9,2
m,4.0,20350723655.126984,6465372.16,113340579.84,12930744.32,1024,832,9,2
l,4.0,50876809137.81746,6465372.16,113340579.84,12930744.32,1024,832,9,2
xl,4.0,101753618275.63492,6465372.16,113340579.84,12930744.32,1024,832,9,2
l,4.0,47985541331.43315,6465372.16,127950888.96,12930744.32,1088,832,9,2
xl,4.0,95971082662.8663,6465372.16,127950888.96,12930744.32,1088,832,9,2
l,4.0,45268714976.21088,6465372.16,143446671.35999998,12930744.32,1152,832,9,2
xl,4.0,90537429952.42175,6465372.16,143446671.35999998,12930744.32,1152,832,9,2
l,4.0,42721492091.18822,6465372.16,159827927.04000002,12930744.32,1216,832,9,2
xl,4.0,85442984182.37643,6465372.16,159827927.04000002,12930744.32,1216,832,9,2
l,4.0,44715946123.35484,7498301.4399999995,127950888.96,14996602.879999999,1088,896,9,2
xl,4.0,89431892246.70969,7498301.4399999995,127950888.96,14996602.879999999,1088,896,9,2
l,4.0,42347603253.30848,7498301.4399999995,143446671.35999998,14996602.879999999,1152,896,9,2
xl,4.0,84695206506.61696,7498301.4399999995,143446671.35999998,14996602.879999999,1152,896,9,2
l,4.0,40110386556.232666,7498301.4399999995,159827927.04000002,14996602.879999999,1216,896,9,2
xl,4.0,80220773112.46533,7498301.4399999995,159827927.04000002,14996602.879999999,1216,896,9,2
l,4.0,38001544752.45777,7498301.4399999995,177094656.0,14996602.879999999,1280,896,9,2
xl,4.0,76003089504.91554,7498301.4399999995,177094656.0,14996602.879999999,1280,896,9,2
l,4.0,37642608842.91686,8607744.0,159827927.04000002,17215488.0,1216,960,9,2
xl,4.0,75285217685.83372,8607744.0,159827927.04000002,17215488.0,1216,960,9,2
l,4.0,35779248562.50429,8607744.0,177094656.0,17215488.0,1280,960,9,2
xl,4.0,71558497125.00858,8607744.0,177094656.0,17215488.0,1280,960,9,2
l,4.0,33676531784.753418,9793699.84,177094656.0,19587399.68,1280,1024,9,2
xl,4.0,67353063569.506836,9793699.84,177094656.0,19587399.68,1280,1024,9,2
s,4.0,127300503409.33153,344309.76,7695892.48,688619.52,256,192,10,2
m,4.0,254601006818.66306,344309.76,7695892.48,688619.52,256,192,10,2
s,4.0,82692158184.88568,612106.24,12024832.0,1224212.48,320,256,10,2
m,4.0,165384316369.77136,612106.24,12024832.0,1224212.48,320,256,10,2
s,4.0,57961143961.94187,956416.0,17315758.080000002,1912832.0,384,320,10,2
m,4.0,115922287923.88374,956416.0,17315758.080000002,1912832.0,384,320,10,2
l,4.0,289805719809.70935,956416.0,17315758.080000002,1912832.0,384,320,10,2
s,4.0,49645396831.14624,956416.0,23568670.72,1912832.0,448,320,10,2
m,4.0,99290793662.29248,956416.0,23568670.72,1912832.0,448,320,10,2
l,4.0,248226984155.7312,956416.0,23568670.72,1912832.0,448,320,10,2
xl,4.0,496453968311.4624,956416.0,23568670.72,1912832.0,448,320,10,2
s,4.0,42853887333.02994,1377239.04,23568670.72,2754478.08,448,384,10,2
m,4.0,85707774666.05988,1377239.04,23568670.72,2754478.08,448,384,10,2
l,4.0,214269436665.1497,1377239.04,23568670.72,2754478.08,448,384,10,2
xl,4.0,428538873330.2994,1377239.04,23568670.72,2754478.08,448,384,10,2
s,4.0,37602509253.3458,1377239.04,30783569.92,2754478.08,512,384,10,2
m,4.0,75205018506.6916,1377239.04,30783569.92,2754478.08,512,384,10,2
l,4.0,188012546266.729,1377239.04,30783569.92,2754478.08,512,384,10,2
xl,4.0,376025092533.458,1377239.04,30783569.92,2754478.08,512,384,10,2
s,4.0,29440026022.5336,1874575.3599999999,38960455.67999999,3749150.7199999997,576,448,10,2
m,4.0,58880052045.0672,1874575.3599999999,38960455.67999999,3749150.7199999997,576,448,10,2
l,4.0,147200130112.668,1874575.3599999999,38960455.67999999,3749150.7199999997,576,448,10,2
xl,4.0,294400260225.336,1874575.3599999999,38960455.67999999,3749150.7199999997,576,448,10,2
s,4.0,23661342690.413837,2448424.96,48099328.0,4896849.92,640,512,10,2
m,4.0,47322685380.827675,2448424.96,48099328.0,4896849.92,640,512,10,2
l,4.0,118306713452.0692,2448424.96,48099328.0,4896849.92,640,512,10,2
xl,4.0,236613426904.1384,2448424.96,48099328.0,4896849.92,640,512,10,2
s,4.0,21446003622.665794,2448424.96,58200186.879999995,4896849.92,704,512,10,2
m,4.0,42892007245.33159,2448424.96,58200186.879999995,4896849.92,704,512,10,2
l,4.0,107230018113.32898,2448424.96,58200186.879999995,4896849.92,704,512,10,2
xl,4.0,214460036226.65796,2448424.96,58200186.879999995,4896849.92,704,512,10,2
s,4.0,19424652846.955444,3098787.84,58200186.879999995,6197575.68,704,576,10,2
m,4.0,38849305693.91089,3098787.84,58200186.879999995,6197575.68,704,576,10,2
l,4.0,97123264234.77722,3098787.84,58200186.879999995,6197575.68,704,576,10,2
xl,4.0,194246528469.55444,3098787.84,58200186.879999995,6197575.68,704,576,10,2
s,4.0,17788648833.776752,3098787.84,69263032.32000001,6197575.68,768,576,10,2
m,4.0,35577297667.553505,3098787.84,69263032.32000001,6197575.68,768,576,10,2
l,4.0,88943244168.88377,3098787.84,69263032.32000001,6197575.68,768,576,10,2
xl,4.0,177886488337.76755,3098787.84,69263032.32000001,6197575.68,768,576,10,2
s,4.0,16228183738.560167,3825664.0,69263032.32000001,7651328.0,768,640,10,2
m,4.0,32456367477.120335,3825664.0,69263032.32000001,7651328.0,768,640,10,2
l,4.0,81140918692.80084,3825664.0,69263032.32000001,7651328.0,768,640,10,2
xl,4.0,162281837385.60168,3825664.0,69263032.32000001,7651328.0,768,640,10,2
s,4.0,14986933552.061033,3825664.0,81287864.32,7651328.0,832,640,10,2
m,4.0,29973867104.122066,3825664.0,81287864.32,7651328.0,832,640,10,2
l,4.0,74934667760.30516,3825664.0,81287864.32,7651328.0,832,640,10,2
xl,4.0,149869335520.61032,3825664.0,81287864.32,7651328.0,832,640,10,2
s,4.0,13850926270.167614,3825664.0,94274682.88,7651328.0,896,640,10,2
m,4.0,27701852540.335228,3825664.0,94274682.88,7651328.0,896,640,10,2
l,4.0,69254631350.83807,3825664.0,94274682.88,7651328.0,896,640,10,2
xl,4.0,138509262701.67615,3825664.0,94274682.88,7651328.0,896,640,10,2
s,4.0,13758245723.90641,4629053.4399999995,81287864.32,9258106.879999999,832,704,10,2
m,4.0,27516491447.81282,4629053.4399999995,81287864.32,9258106.879999999,832,704,10,2
l,4.0,68791228619.53204,4629053.4399999995,81287864.32,9258106.879999999,832,704,10,2
xl,4.0,137582457239.0641,4629053.4399999995,81287864.32,9258106.879999999,832,704,10,2
s,4.0,12794884941.557018,4629053.4399999995,94274682.88,9258106.879999999,896,704,10,2
m,4.0,25589769883.114037,4629053.4399999995,94274682.88,9258106.879999999,896,704,10,2
l,4.0,63974424707.78509,4629053.4399999995,94274682.88,9258106.879999999,896,704,10,2
xl,4.0,127948849415.57018,4629053.4399999995,94274682.88,9258106.879999999,896,704,10,2
s,4.0,11905084090.351915,4629053.4399999995,108223488.0,9258106.879999999,960,704,10,2
m,4.0,23810168180.70383,4629053.4399999995,108223488.0,9258106.879999999,960,704,10,2
l,4.0,59525420451.75958,4629053.4399999995,108223488.0,9258106.879999999,960,704,10,2
xl,4.0,119050840903.51917,4629053.4399999995,108223488.0,9258106.879999999,960,704,10,2
s,4.0,11810774059.461384,5508956.16,94274682.88,11017912.32,896,768,10,2
m,4.0,23621548118.922768,5508956.16,94274682.88,11017912.32,896,768,10,2
l,4.0,59053870297.30692,5508956.16,94274682.88,11017912.32,896,768,10,2
xl,4.0,118107740594.61385,5508956.16,94274682.88,11017912.32,896,768,10,2
s,4.0,11048509021.561932,5508956.16,108223488.0,11017912.32,960,768,10,2
m,4.0,22097018043.123863,5508956.16,108223488.0,11017912.32,960,768,10,2
l,4.0,55242545107.809654,5508956.16,108223488.0,11017912.32,960,768,10,2
xl,4.0,110485090215.61931,5508956.16,108223488.0,11017912.32,960,768,10,2
s,4.0,10339081372.917782,5508956.16,123134279.68,11017912.32,1024,768,10,2
m,4.0,20678162745.835564,5508956.16,123134279.68,11017912.32,1024,768,10,2
l,4.0,51695406864.588905,5508956.16,123134279.68,11017912.32,1024,768,10,2
xl,4.0,103390813729.17781,5508956.16,123134279.68,11017912.32,1024,768,10,2
s,4.0,10248474039.929838,6465372.16,108223488.0,12930744.32,960,832,10,2
m,4.0,20496948079.859676,6465372.16,108223488.0,12930744.32,960,832,10,2
l,4.0,51242370199.64919,6465372.16,108223488.0,12930744.32,960,832,10,2
xl,4.0,102484740399.29839,6465372.16,108223488.0,12930744.32,960,832,10,2
l,4.0,48176080716.82949,6465372.16,123134279.68,12930744.32,1024,832,10,2
xl,4.0,96352161433.65898,6465372.16,123134279.68,12930744.32,1024,832,10,2
l,4.0,45304081341.90218,6465372.16,139007057.92,12930744.32,1088,832,10,2
xl,4.0,90608162683.80437,6465372.16,139007057.92,12930744.32,1088,832,10,2
l,4.0,42620779528.79307,6465372.16,155841822.71999997,12930744.32,1152,832,10,2
xl,4.0,85241559057.58614,6465372.16,155841822.71999997,12930744.32,1152,832,10,2
l,4.0,42378551060.170845,7498301.4399999995,139007057.92,14996602.879999999,1088,896,10,2
xl,4.0,84757102120.34169,7498301.4399999995,139007057.92,14996602.879999999,1088,896,10,2
l,4.0,40021595934.918526,7498301.4399999995,155841822.71999997,14996602.879999999,1152,896,10,2
xl,4.0,80043191869.83705,7498301.4399999995,155841822.71999997,14996602.879999999,1152,896,10,2
l,4.0,37807231300.69221,7498301.4399999995,173638574.08,14996602.879999999,1216,896,10,2
xl,4.0,75614462601.38441,7498301.4399999995,173638574.08,14996602.879999999,1216,896,10,2
l,4.0,37564397096.71567,8607744.0,155841822.71999997,17215488.0,1152,960,10,2
xl,4.0,75128794193.43134,8607744.0,155841822.71999997,17215488.0,1152,960,10,2
l,4.0,35606945626.40513,8607744.0,173638574.08,17215488.0,1216,960,10,2
xl,4.0,71213891252.81026,8607744.0,173638574.08,17215488.0,1216,960,10,2
l,4.0,33759086730.820816,8607744.0,192397312.0,17215488.0,1280,960,10,2
xl,4.0,67518173461.64163,8607744.0,192397312.0,17215488.0,1280,960,10,2
l,4.0,33523842734.098972,9793699.84,173638574.08,19587399.68,1216,1024,10,2
xl,4.0,67047685468.197945,9793699.84,173638574.08,19587399.68,1216,1024,10,2
l,4.0,31880880803.38334,9793699.84,192397312.0,19587399.68,1280,1024,10,2
xl,4.0,63761761606.76668,9793699.84,192397312.0,19587399.68,1280,1024,10,2
l,4.0,30100050796.556767,11056168.96,192397312.0,22112337.92,1280,1088,10,2
xl,4.0,60200101593.11353,11056168.96,192397312.0,22112337.92,1280,1088,10,2
s,4.0,103408578378.57335,344309.76,10625679.36,1032929.28,384,192,6,3
m,4.0,206817156757.1467,344309.76,10625679.36,1032929.28,384,192,6,3
s,4.0,61956615697.68501,612106.24,18890096.64,1836318.72,512,256,6,3
m,4.0,123913231395.37003,612106.24,18890096.64,1836318.72,512,256,6,3
l,4.0,309783078488.42505,612106.24,18890096.64,1836318.72,512,256,6,3
s,4.0,41265156692.05299,956416.0,29515776.0,2869248.0,640,320,6,3
m,4.0,82530313384.10599,956416.0,29515776.0,2869248.0,640,320,6,3
l,4.0,206325783460.26495,956416.0,29515776.0,2869248.0,640,320,6,3
xl,4.0,412651566920.5299,956416.0,29515776.0,2869248.0,640,320,6,3
s,4.0,37239865537.03437,956416.0,35714088.96,2869248.0,704,320,6,3
m,4.0,74479731074.06874,956416.0,35714088.96,2869248.0,704,320,6,3
l,4.0,186199327685.17188,956416.0,35714088.96,2869248.0,704,320,6,3
xl,4.0,372398655370.34375,956416.0,35714088.96,2869248.0,704,320,6,3
s,4.0,32144866141.885532,1377239.04,35714088.96,4131717.12,704,384,6,3
m,4.0,64289732283.771065,1377239.04,35714088.96,4131717.12,704,384,6,3
l,4.0,160724330709.42764,1377239.04,35714088.96,4131717.12,704,384,6,3
xl,4.0,321448661418.8553,1377239.04,35714088.96,4131717.12,704,384,6,3
s,4.0,29455117093.75172,1377239.04,42502717.44,4131717.12,768,384,6,3
m,4.0,58910234187.50344,1377239.04,42502717.44,4131717.12,768,384,6,3
l,4.0,147275585468.7586,1377239.04,42502717.44,4131717.12,768,384,6,3
xl,4.0,294551170937.5172,1377239.04,42502717.44,4131717.12,768,384,6,3
s,4.0,27018177916.560432,1377239.04,49881661.44,4131717.12,832,384,6,3
m,4.0,54036355833.120865,1377239.04,49881661.44,4131717.12,832,384,6,3
l,4.0,135090889582.80215,1377239.04,49881661.44,4131717.12,832,384,6,3
xl,4.0,270181779165.6043,1377239.04,49881661.44,4131717.12,832,384,6,3
s,4.0,23806058735.64887,1874575.3599999999,49881661.44,5623726.08,832,448,6,3
m,4.0,47612117471.29774,1874575.3599999999,49881661.44,5623726.08,832,448,6,3
l,4.0,119030293678.24434,1874575.3599999999,49881661.44,5623726.08,832,448,6,3
xl,4.0,238060587356.48868,1874575.3599999999,49881661.44,5623726.08,832,448,6,3
s,4.0,22080104073.95231,1874575.3599999999,57850920.96,5623726.08,896,448,6,3
m,4.0,44160208147.90462,1874575.3599999999,57850920.96,5623726.08,896,448,6,3
l,4.0,110400520369.76155,1874575.3599999999,57850920.96,5623726.08,896,448,6,3
xl,4.0,220801040739.5231,1874575.3599999999,57850920.96,5623726.08,896,448,6,3
s,4.0,20494097004.902817,1874575.3599999999,66410496.0,5623726.08,960,448,6,3
m,4.0,40988194009.80563,1874575.3599999999,66410496.0,5623726.08,960,448,6,3
l,4.0,102470485024.51408,1874575.3599999999,66410496.0,5623726.08,960,448,6,3
xl,4.0,204940970049.02817,1874575.3599999999,66410496.0,5623726.08,960,448,6,3
s,4.0,18339772089.862274,2448424.96,66410496.0,7345274.88,960,512,6,3
m,4.0,36679544179.72455,2448424.96,66410496.0,7345274.88,960,512,6,3
l,4.0,91698860449.31137,2448424.96,66410496.0,7345274.88,960,512,6,3
xl,4.0,183397720898.62274,2448424.96,66410496.0,7345274.88,960,512,6,3
s,4.0,17166624697.702602,2448424.96,75560386.56,7345274.88,1024,512,6,3
m,4.0,34333249395.405205,2448424.96,75560386.56,7345274.88,1024,512,6,3
l,4.0,85833123488.51302,2448424.96,75560386.56,7345274.88,1024,512,6,3
xl,4.0,171666246977.02603,2448424.96,75560386.56,7345274.88,1024,512,6,3
s,4.0,16077117978.686567,2448424.96,85300592.64,7345274.88,1088,512,6,3
m,4.0,32154235957.373135,2448424.96,85300592.64,7345274.88,1088,512,6,3
l,4.0,80385589893.43283,2448424.96,85300592.64,7345274.88,1088,512,6,3
xl,4.0,160771179786.86566,2448424.96,85300592.64,7345274.88,1088,512,6,3
s,4.0,14562454850.56498,3098787.84,85300592.64,9296363.52,1088,576,6,3
m,4.0,29124909701.12996,3098787.84,85300592.64,9296363.52,1088,576,6,3
l,4.0,72812274252.82489,3098787.84,85300592.64,9296363.52,1088,576,6,3
xl,4.0,145624548505.64978,3098787.84,85300592.64,9296363.52,1088,576,6,3
s,4.0,13728957516.98206,3098787.84,95631114.24,9296363.52,1152,576,6,3
m,4.0,27457915033.96412,3098787.84,95631114.24,9296363.52,1152,576,6,3
l,4.0,68644787584.9103,3098787.84,95631114.24,9296363.52,1152,576,6,3
xl,4.0,137289575169.8206,3098787.84,95631114.24,9296363.52,1152,576,6,3
s,4.0,12948484968.420778,3098787.84,106551951.36000001,9296363.52,1216,576,6,3
m,4.0,25896969936.841557,3098787.84,106551951.36000001,9296363.52,1216,576,6,3
l,4.0,64742424842.10389,3098787.84,106551951.36000001,9296363.52,1216,576,6,3
xl,4.0,129484849684.20778,3098787.84,106551951.36000001,9296363.52,1216,576,6,3
s,4.0,11843230434.87531,3825664.0,106551951.36000001,11476992.0,1216,640,6,3
m,4.0,23686460869.75062,3825664.0,106551951.36000001,11476992.0,1216,640,6,3
l,4.0,59216152174.37656,3825664.0,106551951.36000001,11476992.0,1216,640,6,3
xl,4.0,118432304348.75311,3825664.0,106551951.36000001,11476992.0,1216,640,6,3
s,4.0,11229878304.054794,3825664.0,118063104.0,11476992.0,1280,640,6,3
m,4.0,22459756608.10959,3825664.0,118063104.0,11476992.0,1280,640,6,3
l,4.0,56149391520.27397,3825664.0,118063104.0,11476992.0,1280,640,6,3
xl,4.0,112298783040.54794,3825664.0,118063104.0,11476992.0,1280,640,6,3
s,4.0,10309996759.592764,4629053.4399999995,118063104.0,13887160.319999998,1280,704,6,3
m,4.0,20619993519.185528,4629053.4399999995,118063104.0,13887160.319999998,1280,704,6,3
l,4.0,51549983797.96381,4629053.4399999995,118063104.0,13887160.319999998,1280,704,6,3
xl,4.0,103099967595.92763,4629053.4399999995,118063104.0,13887160.319999998,1280,704,6,3
s,4.0,112804941989.92322,344309.76,8608768.0,1032929.28,320,192,7,3
m,4.0,225609883979.84644,344309.76,8608768.0,1032929.28,320,192,7,3
s,4.0,94077461063.37094,344309.76,12396625.92,1032929.28,384,192,7,3
m,4.0,188154922126.74188,344309.76,12396625.92,1032929.28,384,192,7,3
s,4.0,64795541453.004654,612106.24,16873185.28,1836318.72,448,256,7,3
m,4.0,129591082906.00931,612106.24,16873185.28,1836318.72,448,256,7,3
l,4.0,323977707265.02325,612106.24,16873185.28,1836318.72,448,256,7,3
s,4.0,56451358835.69081,612106.24,22038446.08,1836318.72,512,256,7,3
m,4.0,112902717671.38162,612106.24,22038446.08,1836318.72,512,256,7,3
l,4.0,282256794178.45404,612106.24,22038446.08,1836318.72,512,256,7,3
s,4.0,42065791948.569725,956416.0,27892408.32,2869248.0,576,320,7,3
m,4.0,84131583897.13945,956416.0,27892408.32,2869248.0,576,320,7,3
l,4.0,210328959742.84863,956416.0,27892408.32,2869248.0,576,320,7,3
xl,4.0,420657919485.69727,956416.0,27892408.32,2869248.0,576,320,7,3
s,4.0,37636409402.23747,956416.0,34435072.0,2869248.0,640,320,7,3
m,4.0,75272818804.47495,956416.0,34435072.0,2869248.0,640,320,7,3
l,4.0,188182047011.18735,956416.0,34435072.0,2869248.0,640,320,7,3
xl,4.0,376364094022.3747,956416.0,34435072.0,2869248.0,640,320,7,3
s,4.0,32439896035.375492,1377239.04,34435072.0,4131717.12,640,384,7,3
m,4.0,64879792070.750984,1377239.04,34435072.0,4131717.12,640,384,7,3
l,4.0,162199480176.87744,1377239.04,34435072.0,4131717.12,640,384,7,3
xl,4.0,324398960353.7549,1377239.04,34435072.0,4131717.12,640,384,7,3
s,4.0,29513993122.474598,1377239.04,41666437.120000005,4131717.12,704,384,7,3
m,4.0,59027986244.949196,1377239.04,41666437.120000005,4131717.12,704,384,7,3
l,4.0,147569965612.373,1377239.04,41666437.120000005,4131717.12,704,384,7,3
xl,4.0,295139931224.746,1377239.04,41666437.120000005,4131717.12,704,384,7,3
s,4.0,26884256916.385883,1377239.04,49586503.68,4131717.12,768,384,7,3
m,4.0,53768513832.77177,1377239.04,49586503.68,4131717.12,768,384,7,3
l,4.0,134421284581.92941,1377239.04,49586503.68,4131717.12,768,384,7,3
xl,4.0,268842569163.85883,1377239.04,49586503.68,4131717.12,768,384,7,3
s,4.0,23702026586.2257,1874575.3599999999,49586503.68,5623726.08,768,448,7,3
m,4.0,47404053172.4514,1874575.3599999999,49586503.68,5623726.08,768,448,7,3
l,4.0,118510132931.12851,1874575.3599999999,49586503.68,5623726.08,768,448,7,3
xl,4.0,237020265862.25702,1874575.3599999999,49586503.68,5623726.08,768,448,7,3
s,4.0,21851711822.197742,1874575.3599999999,58195271.68,5623726.08,832,448,7,3
m,4.0,43703423644.395485,1874575.3599999999,58195271.68,5623726.08,832,448,7,3
l,4.0,109258559110.98872,1874575.3599999999,58195271.68,5623726.08,832,448,7,3
xl,4.0,218517118221.97745,1874575.3599999999,58195271.68,5623726.08,832,448,7,3
s,4.0,20163815612.83017,1874575.3599999999,67492741.12,5623726.08,896,448,7,3
m,4.0,40327631225.66034,1874575.3599999999,67492741.12,5623726.08,896,448,7,3
l,4.0,100819078064.15083,1874575.3599999999,67492741.12,5623726.08,896,448,7,3
xl,4.0,201638156128.30167,1874575.3599999999,67492741.12,5623726.08,896,448,7,3
s,4.0,18074830120.60024,2448424.96,67492741.12,7345274.88,896,512,7,3
m,4.0,36149660241.20048,2448424.96,67492741.12,7345274.88,896,512,7,3
l,4.0,90374150603.00119,2448424.96,67492741.12,7345274.88,896,512,7,3
xl,4.0,180748301206.00238,2448424.96,67492741.12,7345274.88,896,512,7,3
s,4.0,16830879770.7674,2448424.96,77478912.0,7345274.88,960,512,7,3
m,4.0,33661759541.5348,2448424.96,77478912.0,7345274.88,960,512,7,3
l,4.0,84154398853.837,2448424.96,77478912.0,7345274.88,960,512,7,3
xl,4.0,168308797707.674,2448424.96,77478912.0,7345274.88,960,512,7,3
s,4.0,15683344551.065088,2448424.96,88153784.32,7345274.88,1024,512,7,3
m,4.0,31366689102.130177,2448424.96,88153784.32,7345274.88,1024,512,7,3
l,4.0,78416722755.32544,2448424.96,88153784.32,7345274.88,1024,512,7,3
xl,4.0,156833445510.65088,2448424.96,88153784.32,7345274.88,1024,512,7,3
s,4.0,15178160052.73121,3098787.84,77478912.0,9296363.52,960,576,7,3
m,4.0,30356320105.46242,3098787.84,77478912.0,9296363.52,960,576,7,3
l,4.0,75890800263.65605,3098787.84,77478912.0,9296363.52,960,576,7,3
xl,4.0,151781600527.3121,3098787.84,77478912.0,9296363.52,960,576,7,3
s,4.0,14238635725.641932,3098787.84,88153784.32,9296363.52,1024,576,7,3
m,4.0,28477271451.283863,3098787.84,88153784.32,9296363.52,1024,576,7,3
l,4.0,71193178628.20966,3098787.84,88153784.32,9296363.52,1024,576,7,3
xl,4.0,142386357256.4193,3098787.84,88153784.32,9296363.52,1024,576,7,3
s,4.0,13362370684.161118,3098787.84,99517358.08,9296363.52,1088,576,7,3
m,4.0,26724741368.322235,3098787.84,99517358.08,9296363.52,1088,576,7,3
l,4.0,66811853420.80559,3098787.84,99517358.08,9296363.52,1088,576,7,3
xl,4.0,133623706841.61118,3098787.84,99517358.08,9296363.52,1088,576,7,3
s,4.0,12546916836.69044,3098787.84,111569633.28,9296363.52,1152,576,7,3
m,4.0,25093833673.38088,3098787.84,111569633.28,9296363.52,1152,576,7,3
l,4.0,62734584183.4522,3098787.84,111569633.28,9296363.52,1152,576,7,3
xl,4.0,125469168366.9044,3098787.84,111569633.28,9296363.52,1152,576,7,3
s,4.0,12188532818.486588,3825664.0,99517358.08,11476992.0,1088,640,7,3
m,4.0,24377065636.973175,3825664.0,99517358.08,11476992.0,1088,640,7,3
l,4.0,60942664092.43293,3825664.0,99517358.08,11476992.0,1088,640,7,3
xl,4.0,121885328184.86586,3825664.0,99517358.08,11476992.0,1088,640,7,3
s,4.0,11506398805.95025,3825664.0,111569633.28,11476992.0,1152,640,7,3
m,4.0,23012797611.9005,3825664.0,111569633.28,11476992.0,1152,640,7,3
l,4.0,57531994029.75125,3825664.0,111569633.28,11476992.0,1152,640,7,3
xl,4.0,115063988059.5025,3825664.0,111569633.28,11476992.0,1152,640,7,3
s,4.0,10865990929.988731,3825664.0,124310609.92000002,11476992.0,1216,640,7,3
m,4.0,21731981859.977463,3825664.0,124310609.92000002,11476992.0,1216,640,7,3
l,4.0,54329954649.94366,3825664.0,124310609.92000002,11476992.0,1216,640,7,3
xl,4.0,108659909299.88731,3825664.0,124310609.92000002,11476992.0,1216,640,7,3
l,4.0,51329103486.69977,3825664.0,137740288.0,11476992.0,1280,640,7,3
xl,4.0,102658206973.39954,3825664.0,137740288.0,11476992.0,1280,640,7,3
l,4.0,50012331200.42024,4629053.4399999995,124310609.92000002,13887160.319999998,1216,704,7,3
xl,4.0,100024662400.84048,4629053.4399999995,124310609.92000002,13887160.319999998,1216,704,7,3
l,4.0,47458274821.45682,4629053.4399999995,137740288.0,13887160.319999998,1280,704,7,3
xl,4.0,94916549642.91364,4629053.4399999995,137740288.0,13887160.319999998,1280,704,7,3
l,4.0,43844819789.40051,5508956.16,137740288.0,16526868.48,1280,768,7,3
xl,4.0,87689639578.80103,5508956.16,137740288.0,16526868.48,1280,768,7,3
s,4.0,104472206080.5699,344309.76,9838592.0,1032929.28,320,192,8,3
m,4.0,208944412161.1398,344309.76,9838592.0,1032929.28,320,192,8,3
s,4.0,59947318488.343864,612106.24,19283640.32,1836318.72,448,256,8,3
m,4.0,119894636976.68773,612106.24,19283640.32,1836318.72,448,256,8,3
l,4.0,299736592441.7193,612106.24,19283640.32,1836318.72,448,256,8,3
s,4.0,43846463798.830124,956416.0,25186795.52,2869248.0,512,320,8,3
m,4.0,87692927597.66025,956416.0,25186795.52,2869248.0,512,320,8,3
l,4.0,219232318994.1506,956416.0,25186795.52,2869248.0,512,320,8,3
xl,4.0,438464637988.3012,956416.0,25186795.52,2869248.0,512,320,8,3
s,4.0,38896725074.984795,956416.0,31877038.08,2869248.0,576,320,8,3
m,4.0,77793450149.96959,956416.0,31877038.08,2869248.0,576,320,8,3
l,4.0,194483625374.92398,956416.0,31877038.08,2869248.0,576,320,8,3
xl,4.0,388967250749.84796,956416.0,31877038.08,2869248.0,576,320,8,3
s,4.0,30154328017.409958,1377239.04,39354368.0,4131717.12,640,384,8,3
m,4.0,60308656034.819916,1377239.04,39354368.0,4131717.12,640,384,8,3
l,4.0,150771640087.04977,1377239.04,39354368.0,4131717.12,640,384,8,3
xl,4.0,301543280174.09955,1377239.04,39354368.0,4131717.12,640,384,8,3
s,4.0,27281184558.985725,1377239.04,47618785.28,4131717.12,704,384,8,3
m,4.0,54562369117.97145,1377239.04,47618785.28,4131717.12,704,384,8,3
l,4.0,136405922794.92862,1377239.04,47618785.28,4131717.12,704,384,8,3
xl,4.0,272811845589.85724,1377239.04,47618785.28,4131717.12,704,384,8,3
s,4.0,24010010414.889446,1874575.3599999999,47618785.28,5623726.08,704,448,8,3
m,4.0,48020020829.77889,1874575.3599999999,47618785.28,5623726.08,704,448,8,3
l,4.0,120050052074.44724,1874575.3599999999,47618785.28,5623726.08,704,448,8,3
xl,4.0,240100104148.89447,1874575.3599999999,47618785.28,5623726.08,704,448,8,3
s,4.0,22008487064.20009,1874575.3599999999,56670289.92,5623726.08,768,448,8,3
m,4.0,44016974128.40018,1874575.3599999999,56670289.92,5623726.08,768,448,8,3
l,4.0,110042435321.00044,1874575.3599999999,56670289.92,5623726.08,768,448,8,3
xl,4.0,220084870642.0009,1874575.3599999999,56670289.92,5623726.08,768,448,8,3
s,4.0,20193903085.213528,1874575.3599999999,66508881.92,5623726.08,832,448,8,3
m,4.0,40387806170.427055,1874575.3599999999,66508881.92,5623726.08,832,448,8,3
l,4.0,100969515426.06764,1874575.3599999999,66508881.92,5623726.08,832,448,8,3
xl,4.0,201939030852.13528,1874575.3599999999,66508881.92,5623726.08,832,448,8,3
s,4.0,18099002621.592747,2448424.96,66508881.92,7345274.88,832,512,8,3
m,4.0,36198005243.18549,2448424.96,66508881.92,7345274.88,832,512,8,3
l,4.0,90495013107.96375,2448424.96,66508881.92,7345274.88,832,512,8,3
xl,4.0,180990026215.9275,2448424.96,66508881.92,7345274.88,832,512,8,3
s,4.0,16770166229.536856,2448424.96,77134561.28,7345274.88,896,512,8,3
m,4.0,33540332459.07371,2448424.96,77134561.28,7345274.88,896,512,8,3
l,4.0,83850831147.68428,2448424.96,77134561.28,7345274.88,896,512,8,3
xl,4.0,167701662295.36856,2448424.96,77134561.28,7345274.88,896,512,8,3
s,4.0,15551398961.053085,2448424.96,88547328.0,7345274.88,960,512,8,3
m,4.0,31102797922.10617,2448424.96,88547328.0,7345274.88,960,512,8,3
l,4.0,77756994805.26543,2448424.96,88547328.0,7345274.88,960,512,8,3
xl,4.0,155513989610.53085,2448424.96,88547328.0,7345274.88,960,512,8,3
s,4.0,14129795113.268461,3098787.84,88547328.0,9296363.52,960,576,8,3
m,4.0,28259590226.536922,3098787.84,88547328.0,9296363.52,960,576,8,3
l,4.0,70648975566.3423,3098787.84,88547328.0,9296363.52,960,576,8,3
xl,4.0,141297951132.6846,3098787.84,88547328.0,9296363.52,960,576,8,3
s,4.0,13202925775.111662,3098787.84,100747182.08,9296363.52,1024,576,8,3
m,4.0,26405851550.223324,3098787.84,100747182.08,9296363.52,1024,576,8,3
l,4.0,66014628875.55831,3098787.84,100747182.08,9296363.52,1024,576,8,3
xl,4.0,132029257751.11662,3098787.84,100747182.08,9296363.52,1024,576,8,3
s,4.0,12345023829.925407,3098787.84,113734123.52,9296363.52,1088,576,8,3
m,4.0,24690047659.850815,3098787.84,113734123.52,9296363.52,1088,576,8,3
l,4.0,61725119149.627045,3098787.84,113734123.52,9296363.52,1088,576,8,3
xl,4.0,123450238299.25409,3098787.84,113734123.52,9296363.52,1088,576,8,3
s,4.0,12055731629.67675,3825664.0,100747182.08,11476992.0,1024,640,8,3
m,4.0,24111463259.3535,3825664.0,100747182.08,11476992.0,1024,640,8,3
l,4.0,60278658148.38375,3825664.0,100747182.08,11476992.0,1024,640,8,3
xl,4.0,120557316296.7675,3825664.0,100747182.08,11476992.0,1024,640,8,3
s,4.0,11336376459.34716,3825664.0,113734123.52,11476992.0,1088,640,8,3
m,4.0,22672752918.69432,3825664.0,113734123.52,11476992.0,1088,640,8,3
l,4.0,56681882296.7358,3825664.0,113734123.52,11476992.0,1088,640,8,3
xl,4.0,113363764593.4716,3825664.0,113734123.52,11476992.0,1088,640,8,3
l,4.0,53321800399.51662,3825664.0,127508152.32,11476992.0,1152,640,8,3
xl,4.0,106643600799.03323,3825664.0,127508152.32,11476992.0,1152,640,8,3
l,4.0,50188657315.907906,3825664.0,142069268.48000002,11476992.0,1216,640,8,3
xl,4.0,100377314631.81581,3825664.0,142069268.48000002,11476992.0,1216,640,8,3
l,4.0,49156785114.66732,4629053.4399999995,127508152.32,13887160.319999998,1152,704,8,3
xl,4.0,98313570229.33464,4629053.4399999995,127508152.32,13887160.319999998,1152,704,8,3
l,4.0,46481713296.734726,4629053.4399999995,142069268.48000002,13887160.319999998,1216,704,8,3
xl,4.0,92963426593.46945,4629053.4399999995,142069268.48000002,13887160.319999998,1216,704,8,3
l,4.0,43968347764.7159,4629053.4399999995,157417472.0,13887160.319999998,1280,704,8,3
xl,4.0,87936695529.4318,4629053.4399999995,157417472.0,13887160.319999998,1280,704,8,3
l,4.0,43009998997.59863,5508956.16,142069268.48000002,16526868.48,1216,768,8,3
xl,4.0,86019997995.19727,5508956.16,142069268.48000002,16526868.48,1216,768,8,3
l,4.0,40849332310.931404,5508956.16,157417472.0,16526868.48,1280,768,8,3
xl,4.0,81698664621.86281,5508956.16,157417472.0,16526868.48,1280,768,8,3
s,4.0,97285843272.28857,344309.76,11068416.0,1032929.28,320,192,9,3
m,4.0,194571686544.57715,344309.76,11068416.0,1032929.28,320,192,9,3
s,4.0,65237781798.51275,612106.24,15938519.040000001,1836318.72,384,256,9,3
m,4.0,130475563597.0255,612106.24,15938519.040000001,1836318.72,384,256,9,3
l,4.0,326188908992.5638,612106.24,15938519.040000001,1836318.72,384,256,9,3
s,4.0,55774109751.06168,612106.24,21694095.36,1836318.72,448,256,9,3
m,4.0,111548219502.12337,612106.24,21694095.36,1836318.72,448,256,9,3
l,4.0,278870548755.3084,612106.24,21694095.36,1836318.72,448,256,9,3
s,4.0,41015720925.51732,956416.0,28335144.96,2869248.0,512,320,9,3
m,4.0,82031441851.03464,956416.0,28335144.96,2869248.0,512,320,9,3
l,4.0,205078604627.58658,956416.0,28335144.96,2869248.0,512,320,9,3
xl,4.0,410157209255.17316,956416.0,28335144.96,2869248.0,512,320,9,3
s,4.0,36171695614.61423,956416.0,35861667.839999996,2869248.0,576,320,9,3
m,4.0,72343391229.22845,956416.0,35861667.839999996,2869248.0,576,320,9,3
l,4.0,180858478073.07114,956416.0,35861667.839999996,2869248.0,576,320,9,3
xl,4.0,361716956146.1423,956416.0,35861667.839999996,2869248.0,576,320,9,3
s,4.0,31345850910.205776,1377239.04,35861667.839999996,4131717.12,576,384,9,3
m,4.0,62691701820.41155,1377239.04,35861667.839999996,4131717.12,576,384,9,3
l,4.0,156729254551.02887,1377239.04,35861667.839999996,4131717.12,576,384,9,3
xl,4.0,313458509102.05774,1377239.04,35861667.839999996,4131717.12,576,384,9,3
s,4.0,28169624008.44501,1377239.04,44273664.0,4131717.12,640,384,9,3
m,4.0,56339248016.89002,1377239.04,44273664.0,4131717.12,640,384,9,3
l,4.0,140848120042.22504,1377239.04,44273664.0,4131717.12,640,384,9,3
xl,4.0,281696240084.4501,1377239.04,44273664.0,4131717.12,640,384,9,3
s,4.0,22511185159.583664,1874575.3599999999,53571133.44,5623726.08,704,448,9,3
m,4.0,45022370319.16733,1874575.3599999999,53571133.44,5623726.08,704,448,9,3
l,4.0,112555925797.91832,1874575.3599999999,53571133.44,5623726.08,704,448,9,3
xl,4.0,225111851595.83664,1874575.3599999999,53571133.44,5623726.08,704,448,9,3
s,4.0,20540819735.80365,1874575.3599999999,63754076.160000004,5623726.08,768,448,9,3
m,4.0,41081639471.6073,1874575.3599999999,63754076.160000004,5623726.08,768,448,9,3
l,4.0,102704098679.01825,1874575.3599999999,63754076.160000004,5623726.08,768,448,9,3
xl,4.0,205408197358.0365,1874575.3599999999,63754076.160000004,5623726.08,768,448,9,3
s,4.0,18377179224.71944,2448424.96,63754076.160000004,7345274.88,768,512,9,3
m,4.0,36754358449.43888,2448424.96,63754076.160000004,7345274.88,768,512,9,3
l,4.0,91885896123.59721,2448424.96,63754076.160000004,7345274.88,768,512,9,3
xl,4.0,183771792247.19443,2448424.96,63754076.160000004,7345274.88,768,512,9,3
s,4.0,16946695214.12041,2448424.96,74822492.16,7345274.88,832,512,9,3
m,4.0,33893390428.24082,2448424.96,74822492.16,7345274.88,832,512,9,3
l,4.0,84733476070.60205,2448424.96,74822492.16,7345274.88,832,512,9,3
xl,4.0,169466952141.2041,2448424.96,74822492.16,7345274.88,832,512,9,3
s,4.0,15641167179.631882,2448424.96,86776381.44,7345274.88,896,512,9,3
m,4.0,31282334359.263763,2448424.96,86776381.44,7345274.88,896,512,9,3
l,4.0,78205835898.15941,2448424.96,86776381.44,7345274.88,896,512,9,3
xl,4.0,156411671796.31882,2448424.96,86776381.44,7345274.88,896,512,9,3
s,4.0,14203862377.8911,3098787.84,86776381.44,9296363.52,896,576,9,3
m,4.0,28407724755.7822,3098787.84,86776381.44,9296363.52,896,576,9,3
l,4.0,71019311889.4555,3098787.84,86776381.44,9296363.52,896,576,9,3
xl,4.0,142038623778.911,3098787.84,86776381.44,9296363.52,896,576,9,3
s,4.0,13216895906.218964,3098787.84,99615744.0,9296363.52,960,576,9,3
m,4.0,26433791812.437927,3098787.84,99615744.0,9296363.52,960,576,9,3
l,4.0,66084479531.09481,3098787.84,99615744.0,9296363.52,960,576,9,3
xl,4.0,132168959062.18962,3098787.84,99615744.0,9296363.52,960,576,9,3
s,4.0,12307672918.373741,3098787.84,113340579.84,9296363.52,1024,576,9,3
m,4.0,24615345836.747482,3098787.84,113340579.84,9296363.52,1024,576,9,3
l,4.0,61538364591.868706,3098787.84,113340579.84,9296363.52,1024,576,9,3
xl,4.0,123076729183.73741,3098787.84,113340579.84,9296363.52,1024,576,9,3
s,4.0,12067378448.917097,3825664.0,99615744.0,11476992.0,960,640,9,3
m,4.0,24134756897.834194,3825664.0,99615744.0,11476992.0,960,640,9,3
l,4.0,60336892244.58549,3825664.0,99615744.0,11476992.0,960,640,9,3
xl,4.0,120673784489.17097,3825664.0,99615744.0,11476992.0,960,640,9,3
s,4.0,11304871912.871004,3825664.0,113340579.84,11476992.0,1024,640,9,3
m,4.0,22609743825.74201,3825664.0,113340579.84,11476992.0,1024,640,9,3
l,4.0,56524359564.35503,3825664.0,113340579.84,11476992.0,1024,640,9,3
xl,4.0,113048719128.71005,3825664.0,113340579.84,11476992.0,1024,640,9,3
l,4.0,52977950258.387115,3825664.0,127950888.96,11476992.0,1088,640,9,3
xl,4.0,105955900516.77423,3825664.0,127950888.96,11476992.0,1088,640,9,3
l,4.0,49685792138.34225,3825664.0,143446671.35999998,11476992.0,1152,640,9,3
xl,4.0,99371584276.6845,3825664.0,143446671.35999998,11476992.0,1152,640,9,3
l,4.0,48864406669.25065,4629053.4399999995,127950888.96,13887160.319999998,1088,704,9,3
xl,4.0,97728813338.5013,4629053.4399999995,127950888.96,13887160.319999998,1088,704,9,3
l,4.0,46050068829.60113,4629053.4399999995,143446671.35999998,13887160.319999998,1152,704,9,3
xl,4.0,92100137659.20226,4629053.4399999995,143446671.35999998,13887160.319999998,1152,704,9,3
l,4.0,43416712733.535545,4629053.4399999995,159827927.04000002,13887160.319999998,1216,704,9,3
xl,4.0,86833425467.07109,4629053.4399999995,159827927.04000002,13887160.319999998,1216,704,9,3
l,4.0,42640169014.98699,5508956.16,143446671.35999998,16526868.48,1152,768,9,3
xl,4.0,85280338029.97398,5508956.16,143446671.35999998,16526868.48,1152,768,9,3
l,4.0,40372760704.80262,5508956.16,159827927.04000002,16526868.48,1216,768,9,3
xl,4.0,80745521409.60524,5508956.16,159827927.04000002,16526868.48,1216,768,9,3
l,4.0,38236974054.15381,5508956.16,177094656.0,16526868.48,1280,768,9,3
xl,4.0,76473948108.30762,5508956.16,177094656.0,16526868.48,1280,768,9,3
l,4.0,35667380703.659874,6465372.16,177094656.0,19396116.48,1280,832,9,3
xl,4.0,71334761407.31975,6465372.16,177094656.0,19396116.48,1280,832,9,3
s,4.0,91024511313.42923,344309.76,12024832.0,1032929.28,320,192,10,3
m,4.0,182049022626.85846,344309.76,12024832.0,1032929.28,320,192,10,3
s,4.0,61396016131.37592,612106.24,17315758.080000002,1836318.72,384,256,10,3
m,4.0,122792032262.75185,612106.24,17315758.080000002,1836318.72,384,256,10,3
l,4.0,306980080656.87964,612106.24,17315758.080000002,1836318.72,384,256,10,3
s,4.0,38528319301.011215,956416.0,30783569.92,2869248.0,512,320,10,3
m,4.0,77056638602.02243,956416.0,30783569.92,2869248.0,512,320,10,3
l,4.0,192641596505.05606,956416.0,30783569.92,2869248.0,512,320,10,3
xl,4.0,385283193010.1121,956416.0,30783569.92,2869248.0,512,320,10,3
s,4.0,29551727807.725735,1377239.04,38960455.67999999,4131717.12,576,384,10,3
m,4.0,59103455615.45147,1377239.04,38960455.67999999,4131717.12,576,384,10,3
l,4.0,147758639038.62866,1377239.04,38960455.67999999,4131717.12,576,384,10,3
xl,4.0,295517278077.2573,1377239.04,38960455.67999999,4131717.12,576,384,10,3
s,4.0,26430045614.960262,1377239.04,48099328.0,4131717.12,640,384,10,3
m,4.0,52860091229.920525,1377239.04,48099328.0,4131717.12,640,384,10,3
l,4.0,132150228074.80132,1377239.04,48099328.0,4131717.12,640,384,10,3
xl,4.0,264300456149.60263,1377239.04,48099328.0,4131717.12,640,384,10,3
s,4.0,23348271893.90617,1874575.3599999999,48099328.0,5623726.08,640,448,10,3
m,4.0,46696543787.81234,1874575.3599999999,48099328.0,5623726.08,640,448,10,3
l,4.0,116741359469.53084,1874575.3599999999,48099328.0,5623726.08,640,448,10,3
xl,4.0,233482718939.06168,1874575.3599999999,48099328.0,5623726.08,640,448,10,3
s,4.0,21188493160.61206,1874575.3599999999,58200186.879999995,5623726.08,704,448,10,3
m,4.0,42376986321.22412,1874575.3599999999,58200186.879999995,5623726.08,704,448,10,3
l,4.0,105942465803.0603,1874575.3599999999,58200186.879999995,5623726.08,704,448,10,3
xl,4.0,211884931606.1206,1874575.3599999999,58200186.879999995,5623726.08,704,448,10,3
s,4.0,19256661797.473377,1874575.3599999999,69263032.32000001,5623726.08,768,448,10,3
m,4.0,38513323594.946754,1874575.3599999999,69263032.32000001,5623726.08,768,448,10,3
l,4.0,96283308987.36688,1874575.3599999999,69263032.32000001,5623726.08,768,448,10,3
xl,4.0,192566617974.73376,1874575.3599999999,69263032.32000001,5623726.08,768,448,10,3
s,4.0,17342489901.620743,2448424.96,69263032.32000001,7345274.88,768,512,10,3
m,4.0,34684979803.241486,2448424.96,69263032.32000001,7345274.88,768,512,10,3
l,4.0,86712449508.10373,2448424.96,69263032.32000001,7345274.88,768,512,10,3
xl,4.0,173424899016.20746,2448424.96,69263032.32000001,7345274.88,768,512,10,3
s,4.0,15932332950.049837,2448424.96,81287864.32,7345274.88,832,512,10,3
m,4.0,31864665900.099674,2448424.96,81287864.32,7345274.88,832,512,10,3
l,4.0,79661664750.24919,2448424.96,81287864.32,7345274.88,832,512,10,3
xl,4.0,159323329500.49838,2448424.96,81287864.32,7345274.88,832,512,10,3
s,4.0,14443564919.928017,3098787.84,81287864.32,9296363.52,832,576,10,3
m,4.0,28887129839.856033,3098787.84,81287864.32,9296363.52,832,576,10,3
l,4.0,72217824599.64009,3098787.84,81287864.32,9296363.52,832,576,10,3
xl,4.0,144435649199.28018,3098787.84,81287864.32,9296363.52,832,576,10,3
s,4.0,13385531165.161701,3098787.84,94274682.88,9296363.52,896,576,10,3
m,4.0,26771062330.323402,3098787.84,94274682.88,9296363.52,896,576,10,3
l,4.0,66927655825.8085,3098787.84,94274682.88,9296363.52,896,576,10,3
xl,4.0,133855311651.617,3098787.84,94274682.88,9296363.52,896,576,10,3
s,4.0,12414799317.967077,3098787.84,108223488.0,9296363.52,960,576,10,3
m,4.0,24829598635.934155,3098787.84,108223488.0,9296363.52,960,576,10,3
l,4.0,62073996589.83539,3098787.84,108223488.0,9296363.52,960,576,10,3
xl,4.0,124147993179.67078,3098787.84,108223488.0,9296363.52,960,576,10,3
s,4.0,11395188604.957254,3825664.0,108223488.0,11476992.0,960,640,10,3
m,4.0,22790377209.91451,3825664.0,108223488.0,11476992.0,960,640,10,3
l,4.0,56975943024.78627,3825664.0,108223488.0,11476992.0,960,640,10,3
xl,4.0,113951886049.57254,3825664.0,108223488.0,11476992.0,960,640,10,3
s,4.0,10642059093.021404,3825664.0,123134279.68,11476992.0,1024,640,10,3
m,4.0,21284118186.04281,3825664.0,123134279.68,11476992.0,1024,640,10,3
l,4.0,53210295465.107025,3825664.0,123134279.68,11476992.0,1024,640,10,3
xl,4.0,106420590930.21405,3825664.0,123134279.68,11476992.0,1024,640,10,3
l,4.0,49728400186.92149,3825664.0,139007057.92,11476992.0,1088,640,10,3
xl,4.0,99456800373.84299,3825664.0,139007057.92,11476992.0,1088,640,10,3
l,4.0,49062003879.12934,4629053.4399999995,123134279.68,13887160.319999998,1024,704,10,3
xl,4.0,98124007758.25868,4629053.4399999995,123134279.68,13887160.319999998,1024,704,10,3
l,4.0,46086667096.82855,4629053.4399999995,139007057.92,13887160.319999998,1088,704,10,3
xl,4.0,92173334193.6571,4629053.4399999995,139007057.92,13887160.319999998,1088,704,10,3
l,4.0,43312699634.46966,4629053.4399999995,155841822.71999997,13887160.319999998,1152,704,10,3
xl,4.0,86625399268.93932,4629053.4399999995,155841822.71999997,13887160.319999998,1152,704,10,3
l,4.0,42671546073.98262,5508956.16,139007057.92,16526868.48,1088,768,10,3
xl,4.0,85343092147.96524,5508956.16,139007057.92,16526868.48,1088,768,10,3
l,4.0,40282805974.298225,5508956.16,155841822.71999997,16526868.48,1152,768,10,3
xl,4.0,80565611948.59645,5508956.16,155841822.71999997,16526868.48,1152,768,10,3
l,4.0,38040251733.02744,5508956.16,173638574.08,16526868.48,1216,768,10,3
xl,4.0,76080503466.05489,5508956.16,173638574.08,16526868.48,1216,768,10,3
l,4.0,35938658604.85157,5508956.16,192397312.0,16526868.48,1280,768,10,3
xl,4.0,71877317209.70314,5508956.16,192397312.0,16526868.48,1280,768,10,3
l,4.0,35496150954.14154,6465372.16,173638574.08,19396116.48,1216,832,10,3
xl,4.0,70992301908.28308,6465372.16,173638574.08,19396116.48,1216,832,10,3
l,4.0,33659477187.60116,6465372.16,192397312.0,19396116.48,1280,832,10,3
xl,4.0,67318954375.20232,6465372.16,192397312.0,19396116.48,1280,832,10,3
l,4.0,31504999703.318676,7498301.4399999995,192397312.0,22494904.32,1280,896,10,3
xl,4.0,63009999406.63735,7498301.4399999995,192397312.0,22494904.32,1280,896,10,3
s,4.0,57981559674.63978,612106.24,19086704.64,1836318.72,384,256,11,3
m,4.0,115963119349.27956,612106.24,19086704.64,1836318.72,384,256,11,3
l,4.0,289907798373.19885,612106.24,19086704.64,1836318.72,384,256,11,3
s,4.0,41763727239.31994,956416.0,25979125.759999998,2869248.0,448,320,11,3
m,4.0,83527454478.63988,956416.0,25979125.759999998,2869248.0,448,320,11,3
l,4.0,208818636196.5997,956416.0,25979125.759999998,2869248.0,448,320,11,3
xl,4.0,417637272393.1994,956416.0,25979125.759999998,2869248.0,448,320,11,3
s,4.0,36325364699.1059,956416.0,33931919.36,2869248.0,512,320,11,3
m,4.0,72650729398.2118,956416.0,33931919.36,2869248.0,512,320,11,3
l,4.0,181626823495.5295,956416.0,33931919.36,2869248.0,512,320,11,3
xl,4.0,363253646991.059,956416.0,33931919.36,2869248.0,512,320,11,3
s,4.0,27951864224.315956,1377239.04,42945085.44,4131717.12,576,384,11,3
m,4.0,55903728448.63191,1377239.04,42945085.44,4131717.12,576,384,11,3
l,4.0,139759321121.57977,1377239.04,42945085.44,4131717.12,576,384,11,3
xl,4.0,279518642243.15955,1377239.04,42945085.44,4131717.12,576,384,11,3
s,4.0,22140441218.39677,1874575.3599999999,53018624.0,5623726.08,640,448,11,3
m,4.0,44280882436.79354,1874575.3599999999,53018624.0,5623726.08,640,448,11,3
l,4.0,110702206091.98384,1874575.3599999999,53018624.0,5623726.08,640,448,11,3
xl,4.0,221404412183.96768,1874575.3599999999,53018624.0,5623726.08,640,448,11,3
s,4.0,20012610185.829414,1874575.3599999999,64152535.04,5623726.08,704,448,11,3
m,4.0,40025220371.65883,1874575.3599999999,64152535.04,5623726.08,704,448,11,3
l,4.0,100063050929.14706,1874575.3599999999,64152535.04,5623726.08,704,448,11,3
xl,4.0,200126101858.29413,1874575.3599999999,64152535.04,5623726.08,704,448,11,3
s,4.0,17953237303.334133,2448424.96,64152535.04,7345274.88,704,512,11,3
m,4.0,35906474606.66827,2448424.96,64152535.04,7345274.88,704,512,11,3
l,4.0,89766186516.67067,2448424.96,64152535.04,7345274.88,704,512,11,3
xl,4.0,179532373033.34134,2448424.96,64152535.04,7345274.88,704,512,11,3
s,4.0,16418102375.86806,2448424.96,76346818.56,7345274.88,768,512,11,3
m,4.0,32836204751.73612,2448424.96,76346818.56,7345274.88,768,512,11,3
l,4.0,82090511879.3403,2448424.96,76346818.56,7345274.88,768,512,11,3
xl,4.0,164181023758.6806,2448424.96,76346818.56,7345274.88,768,512,11,3
s,4.0,15032544207.501562,2448424.96,89601474.56,7345274.88,832,512,11,3
m,4.0,30065088415.003124,2448424.96,89601474.56,7345274.88,832,512,11,3
l,4.0,75162721037.50781,2448424.96,89601474.56,7345274.88,832,512,11,3
xl,4.0,150325442075.01562,2448424.96,89601474.56,7345274.88,832,512,11,3
s,4.0,13700154645.153608,3098787.84,89601474.56,9296363.52,832,576,11,3
m,4.0,27400309290.307217,3098787.84,89601474.56,9296363.52,832,576,11,3
l,4.0,68500773225.768036,3098787.84,89601474.56,9296363.52,832,576,11,3
xl,4.0,137001546451.53607,3098787.84,89601474.56,9296363.52,832,576,11,3
s,4.0,12656356834.839314,3098787.84,103916503.03999999,9296363.52,896,576,11,3
m,4.0,25312713669.678627,3098787.84,103916503.03999999,9296363.52,896,576,11,3
l,4.0,63281784174.19657,3098787.84,103916503.03999999,9296363.52,896,576,11,3
xl,4.0,126563568348.39314,3098787.84,103916503.03999999,9296363.52,896,576,11,3
s,4.0,11598373181.372301,3825664.0,103916503.03999999,11476992.0,896,640,11,3
m,4.0,23196746362.744602,3825664.0,103916503.03999999,11476992.0,896,640,11,3
l,4.0,57991865906.86151,3825664.0,103916503.03999999,11476992.0,896,640,11,3
xl,4.0,115983731813.72302,3825664.0,103916503.03999999,11476992.0,896,640,11,3
s,4.0,10793933533.02974,3825664.0,119291904.0,11476992.0,960,640,11,3
m,4.0,21587867066.05948,3825664.0,119291904.0,11476992.0,960,640,11,3
l,4.0,53969667665.1487,3825664.0,119291904.0,11476992.0,960,640,11,3
xl,4.0,107939335330.2974,3825664.0,119291904.0,11476992.0,960,640,11,3
l,4.0,50263320609.90958,3825664.0,135727677.44,11476992.0,1024,640,11,3
xl,4.0,100526641219.81915,3825664.0,135727677.44,11476992.0,1024,640,11,3
s,4.0,9941374426.60419,4629053.4399999995,119291904.0,13887160.319999998,960,704,11,3
m,4.0,19882748853.20838,4629053.4399999995,119291904.0,13887160.319999998,960,704,11,3
l,4.0,49706872133.02095,4629053.4399999995,119291904.0,13887160.319999998,960,704,11,3
xl,4.0,99413744266.0419,4629053.4399999995,119291904.0,13887160.319999998,960,704,11,3
l,4.0,46545747576.6288,4629053.4399999995,135727677.44,13887160.319999998,1024,704,11,3
xl,4.0,93091495153.2576,4629053.4399999995,135727677.44,13887160.319999998,1024,704,11,3
l,4.0,43607746907.16765,4629053.4399999995,153223823.36,13887160.319999998,1088,704,11,3
xl,4.0,87215493814.3353,4629053.4399999995,153223823.36,13887160.319999998,1088,704,11,3
l,4.0,40882507467.43529,4629053.4399999995,171780341.76,13887160.319999998,1152,704,11,3
xl,4.0,81765014934.87057,4629053.4399999995,171780341.76,13887160.319999998,1152,704,11,3
l,4.0,40537896084.85364,5508956.16,153223823.36,16526868.48,1088,768,11,3
xl,4.0,81075792169.70728,5508956.16,153223823.36,16526868.48,1088,768,11,3
l,4.0,38172441391.15729,5508956.16,171780341.76,16526868.48,1152,768,11,3
xl,4.0,76344882782.31458,5508956.16,171780341.76,16526868.48,1152,768,11,3
l,4.0,35962540267.25634,5508956.16,191397232.64000002,16526868.48,1216,768,11,3
xl,4.0,71925080534.51268,5508956.16,191397232.64000002,16526868.48,1216,768,11,3
l,4.0,35611223658.5317,6465372.16,171780341.76,19396116.48,1152,832,11,3
xl,4.0,71222447317.0634,6465372.16,171780341.76,19396116.48,1152,832,11,3
l,4.0,33680424931.64086,6465372.16,191397232.64000002,19396116.48,1216,832,11,3
xl,4.0,67360849863.28172,6465372.16,191397232.64000002,19396116.48,1216,832,11,3
l,4.0,31865596026.69117,6465372.16,212074496.0,19396116.48,1280,832,11,3
xl,4.0,63731192053.38234,6465372.16,212074496.0,19396116.48,1280,832,11,3
l,4.0,31523350891.406017,7498301.4399999995,191397232.64000002,22494904.32,1216,896,11,3
xl,4.0,63046701782.812035,7498301.4399999995,191397232.64000002,22494904.32,1216,896,11,3
l,4.0,29928035113.804142,7498301.4399999995,212074496.0,22494904.32,1280,896,11,3
xl,4.0,59856070227.608284,7498301.4399999995,212074496.0,22494904.32,1280,896,11,3
s,4.0,101856300935.0767,344309.76,9270067.2,1032929.28,256,192,12,3
m,4.0,203712601870.1534,344309.76,9270067.2,1032929.28,256,192,12,3
s,4.0,54926875718.53142,612106.24,20857651.2,1836318.72,384,256,12,3
m,4.0,109853751437.06284,612106.24,20857651.2,1836318.72,384,256,12,3
l,4.0,274634378592.6571,612106.24,20857651.2,1836318.72,384,256,12,3
s,4.0,39694549362.96028,956416.0,28389580.8,2869248.0,448,320,12,3
m,4.0,79389098725.92056,956416.0,28389580.8,2869248.0,448,320,12,3
l,4.0,198472746814.8014,956416.0,28389580.8,2869248.0,448,320,12,3
xl,4.0,396945493629.6028,956416.0,28389580.8,2869248.0,448,320,12,3
s,4.0,29976705845.30991,1377239.04,37080268.8,4131717.12,512,384,12,3
m,4.0,59953411690.61982,1377239.04,37080268.8,4131717.12,512,384,12,3
l,4.0,149883529226.54956,1377239.04,37080268.8,4131717.12,512,384,12,3
xl,4.0,299767058453.0991,1377239.04,37080268.8,4131717.12,512,384,12,3
s,4.0,26516330190.13422,1377239.04,46929715.2,4131717.12,576,384,12,3
m,4.0,53032660380.26844,1377239.04,46929715.2,4131717.12,576,384,12,3
l,4.0,132581650950.6711,1377239.04,46929715.2,4131717.12,576,384,12,3
xl,4.0,265163301901.3422,1377239.04,46929715.2,4131717.12,576,384,12,3
s,4.0,23415582195.519615,1874575.3599999999,46929715.2,5623726.08,576,448,12,3
m,4.0,46831164391.03923,1874575.3599999999,46929715.2,5623726.08,576,448,12,3
l,4.0,117077910977.59807,1874575.3599999999,46929715.2,5623726.08,576,448,12,3
xl,4.0,234155821955.19614,1874575.3599999999,46929715.2,5623726.08,576,448,12,3
s,4.0,21051428660.426792,1874575.3599999999,57937920.0,5623726.08,640,448,12,3
m,4.0,42102857320.853584,1874575.3599999999,57937920.0,5623726.08,640,448,12,3
l,4.0,105257143302.13397,1874575.3599999999,57937920.0,5623726.08,640,448,12,3
xl,4.0,210514286604.26794,1874575.3599999999,57937920.0,5623726.08,640,448,12,3
s,4.0,18960379287.189,1874575.3599999999,70104883.2,5623726.08,704,448,12,3
m,4.0,37920758574.378,1874575.3599999999,70104883.2,5623726.08,704,448,12,3
l,4.0,94801896435.94499,1874575.3599999999,70104883.2,5623726.08,704,448,12,3
xl,4.0,189603792871.88998,1874575.3599999999,70104883.2,5623726.08,704,448,12,3
s,4.0,17101814539.1889,2448424.96,70104883.2,7345274.88,704,512,12,3
m,4.0,34203629078.3778,2448424.96,70104883.2,7345274.88,704,512,12,3
l,4.0,85509072695.9445,2448424.96,70104883.2,7345274.88,704,512,12,3
xl,4.0,171018145391.889,2448424.96,70104883.2,7345274.88,704,512,12,3
s,4.0,15587271321.511705,2448424.96,83430604.8,7345274.88,768,512,12,3
m,4.0,31174542643.02341,2448424.96,83430604.8,7345274.88,768,512,12,3
l,4.0,77936356607.55853,2448424.96,83430604.8,7345274.88,768,512,12,3
xl,4.0,155872713215.11707,2448424.96,83430604.8,7345274.88,768,512,12,3
s,4.0,14159402575.974573,3098787.84,83430604.8,9296363.52,768,576,12,3
m,4.0,28318805151.949146,3098787.84,83430604.8,9296363.52,768,576,12,3
l,4.0,70797012879.87286,3098787.84,83430604.8,9296363.52,768,576,12,3
xl,4.0,141594025759.74573,3098787.84,83430604.8,9296363.52,768,576,12,3
s,4.0,13029525003.725193,3098787.84,97915084.8,9296363.52,832,576,12,3
m,4.0,26059050007.450386,3098787.84,97915084.8,9296363.52,832,576,12,3
l,4.0,65147625018.62597,3098787.84,97915084.8,9296363.52,832,576,12,3
xl,4.0,130295250037.25194,3098787.84,97915084.8,9296363.52,832,576,12,3
s,4.0,12002521689.478487,3098787.84,113558323.2,9296363.52,896,576,12,3
m,4.0,24005043378.956974,3098787.84,113558323.2,9296363.52,896,576,12,3
l,4.0,60012608447.39243,3098787.84,113558323.2,9296363.52,896,576,12,3
xl,4.0,120025216894.78487,3098787.84,113558323.2,9296363.52,896,576,12,3
s,4.0,11910989923.172934,3825664.0,97915084.8,11476992.0,832,640,12,3
m,4.0,23821979846.345867,3825664.0,97915084.8,11476992.0,832,640,12,3
l,4.0,59554949615.86467,3825664.0,97915084.8,11476992.0,832,640,12,3
xl,4.0,119109899231.72934,3825664.0,97915084.8,11476992.0,832,640,12,3
s,4.0,11046899812.883545,3825664.0,113558323.2,11476992.0,896,640,12,3
m,4.0,22093799625.76709,3825664.0,113558323.2,11476992.0,896,640,12,3
l,4.0,55234499064.41773,3825664.0,113558323.2,11476992.0,896,640,12,3
xl,4.0,110468998128.83546,3825664.0,113558323.2,11476992.0,896,640,12,3
l,4.0,51264737996.997284,3825664.0,130360320.0,11476992.0,960,640,12,3
xl,4.0,102529475993.99457,3825664.0,130360320.0,11476992.0,960,640,12,3
l,4.0,47403245940.07203,4629053.4399999995,130360320.0,13887160.319999998,960,704,12,3
xl,4.0,94806491880.14406,4629053.4399999995,130360320.0,13887160.319999998,960,704,12,3
l,4.0,44275003463.08452,4629053.4399999995,148321075.2,13887160.319999998,1024,704,12,3
xl,4.0,88550006926.16904,4629053.4399999995,148321075.2,13887160.319999998,1024,704,12,3
l,4.0,41381888428.485695,4629053.4399999995,167440588.8,13887160.319999998,1088,704,12,3
xl,4.0,82763776856.97139,4629053.4399999995,167440588.8,13887160.319999998,1088,704,12,3
l,4.0,41113893331.031265,5508956.16,148321075.2,16526868.48,1024,768,12,3
xl,4.0,82227786662.06253,5508956.16,148321075.2,16526868.48,1024,768,12,3
l,4.0,38607457449.59072,5508956.16,167440588.8,16526868.48,1088,768,12,3
xl,4.0,77214914899.18144,5508956.16,167440588.8,16526868.48,1088,768,12,3
l,4.0,36272187946.919785,5508956.16,187718860.8,16526868.48,1152,768,12,3
xl,4.0,72544375893.83957,5508956.16,187718860.8,16526868.48,1152,768,12,3
l,4.0,35989533170.40221,6465372.16,167440588.8,19396116.48,1088,832,12,3
xl,4.0,71979066340.80441,6465372.16,167440588.8,19396116.48,1088,832,12,3
l,4.0,33951871903.70064,6465372.16,187718860.8,19396116.48,1152,832,12,3
xl,4.0,67903743807.40128,6465372.16,187718860.8,19396116.48,1152,832,12,3
l,4.0,32041418026.800766,6465372.16,209155891.20000002,19396116.48,1216,832,12,3
xl,4.0,64082836053.60153,6465372.16,209155891.20000002,19396116.48,1216,832,12,3
l,4.0,30253249691.78183,6465372.16,231751680.0,19396116.48,1280,832,12,3
xl,4.0,60506499383.56366,6465372.16,231751680.0,19396116.48,1280,832,12,3
l,4.0,31761018784.692226,7498301.4399999995,187718860.8,22494904.32,1152,896,12,3
xl,4.0,63522037569.38445,7498301.4399999995,187718860.8,22494904.32,1152,896,12,3
l,4.0,30083073719.776432,7498301.4399999995,209155891.20000002,22494904.32,1216,896,12,3
xl,4.0,60166147439.552864,7498301.4399999995,209155891.20000002,22494904.32,1216,896,12,3
xl,4.0,57002826617.86043,7498301.4399999995,231751680.0,22494904.32,1280,896,12,3
xl,4.0,53669356746.56875,8607744.0,231751680.0,25823232.0,1280,960,12,3
s,4.0,96996835202.7805,344309.76,10057154.56,1032929.28,256,192,13,3
m,4.0,193993670405.561,344309.76,10057154.56,1032929.28,256,192,13,3
s,4.0,62940884531.51327,612106.24,15714304.0,1836318.72,320,256,13,3
m,4.0,125881769063.02654,612106.24,15714304.0,1836318.72,320,256,13,3
l,4.0,314704422657.56635,612106.24,15714304.0,1836318.72,320,256,13,3
s,4.0,52177947605.7268,612106.24,22628597.759999998,1836318.72,384,256,13,3
m,4.0,104355895211.4536,612106.24,22628597.759999998,1836318.72,384,256,13,3
l,4.0,260889738028.63397,612106.24,22628597.759999998,1836318.72,384,256,13,3
xl,4.0,521779476057.26794,612106.24,22628597.759999998,1836318.72,384,256,13,3
s,4.0,37820726874.18978,956416.0,30800035.84,2869248.0,448,320,13,3
m,4.0,75641453748.37956,956416.0,30800035.84,2869248.0,448,320,13,3
l,4.0,189103634370.9489,956416.0,30800035.84,2869248.0,448,320,13,3
xl,4.0,378207268741.8978,956416.0,30800035.84,2869248.0,448,320,13,3
s,4.0,28626002097.859997,1377239.04,40228618.24,4131717.12,512,384,13,3
m,4.0,57252004195.71999,1377239.04,40228618.24,4131717.12,512,384,13,3
l,4.0,143130010489.3,1377239.04,40228618.24,4131717.12,512,384,13,3
xl,4.0,286260020978.6,1377239.04,40228618.24,4131717.12,512,384,13,3
s,4.0,25221043886.98109,1377239.04,50914344.95999999,4131717.12,576,384,13,3
m,4.0,50442087773.96218,1377239.04,50914344.95999999,4131717.12,576,384,13,3
l,4.0,126105219434.90546,1377239.04,50914344.95999999,4131717.12,576,384,13,3
xl,4.0,252210438869.8109,1377239.04,50914344.95999999,4131717.12,576,384,13,3
s,4.0,22399715416.812363,1874575.3599999999,50914344.95999999,5623726.08,576,448,13,3
m,4.0,44799430833.624725,1874575.3599999999,50914344.95999999,5623726.08,576,448,13,3
l,4.0,111998577084.06181,1874575.3599999999,50914344.95999999,5623726.08,576,448,13,3
xl,4.0,223997154168.12363,1874575.3599999999,50914344.95999999,5623726.08,576,448,13,3
s,4.0,20064523398.033684,1874575.3599999999,62857216.0,5623726.08,640,448,13,3
m,4.0,40129046796.06737,1874575.3599999999,62857216.0,5623726.08,640,448,13,3
l,4.0,100322616990.16841,1874575.3599999999,62857216.0,5623726.08,640,448,13,3
xl,4.0,200645233980.33682,1874575.3599999999,62857216.0,5623726.08,640,448,13,3
s,4.0,17995004955.162148,2448424.96,62857216.0,7345274.88,640,512,13,3
m,4.0,35990009910.324295,2448424.96,62857216.0,7345274.88,640,512,13,3
l,4.0,89975024775.81073,2448424.96,62857216.0,7345274.88,640,512,13,3
xl,4.0,179950049551.62146,2448424.96,62857216.0,7345274.88,640,512,13,3
s,4.0,16327491889.664547,2448424.96,76057231.36,7345274.88,704,512,13,3
m,4.0,32654983779.329094,2448424.96,76057231.36,7345274.88,704,512,13,3
l,4.0,81637459448.32272,2448424.96,76057231.36,7345274.88,704,512,13,3
xl,4.0,163274918896.64545,2448424.96,76057231.36,7345274.88,704,512,13,3
s,4.0,14836477707.57742,2448424.96,90514391.03999999,7345274.88,768,512,13,3
m,4.0,29672955415.15484,2448424.96,90514391.03999999,7345274.88,768,512,13,3
l,4.0,74182388537.8871,2448424.96,90514391.03999999,7345274.88,768,512,13,3
xl,4.0,148364777075.7742,2448424.96,90514391.03999999,7345274.88,768,512,13,3
s,4.0,13537115569.634848,3098787.84,90514391.03999999,9296363.52,768,576,13,3
m,4.0,27074231139.269695,3098787.84,90514391.03999999,9296363.52,768,576,13,3
l,4.0,67685577848.17424,3098787.84,90514391.03999999,9296363.52,768,576,13,3
xl,4.0,135371155696.34848,3098787.84,90514391.03999999,9296363.52,768,576,13,3
s,4.0,12421486812.699707,3098787.84,106228695.03999999,9296363.52,832,576,13,3
m,4.0,24842973625.399414,3098787.84,106228695.03999999,9296363.52,832,576,13,3
l,4.0,62107434063.498535,3098787.84,106228695.03999999,9296363.52,832,576,13,3
xl,4.0,124214868126.99707,3098787.84,106228695.03999999,9296363.52,832,576,13,3
s,4.0,11400822488.533518,3825664.0,106228695.03999999,11476992.0,832,640,13,3
m,4.0,22801644977.067036,3825664.0,106228695.03999999,11476992.0,832,640,13,3
l,4.0,57004112442.66759,3825664.0,106228695.03999999,11476992.0,832,640,13,3
xl,4.0,114008224885.33517,3825664.0,106228695.03999999,11476992.0,832,640,13,3
s,4.0,10545488455.45053,3825664.0,123200143.36,11476992.0,896,640,13,3
m,4.0,21090976910.90106,3825664.0,123200143.36,11476992.0,896,640,13,3
l,4.0,52727442277.25264,3825664.0,123200143.36,11476992.0,896,640,13,3
xl,4.0,105454884554.50528,3825664.0,123200143.36,11476992.0,896,640,13,3
l,4.0,48818006705.328964,3825664.0,141428736.0,11476992.0,960,640,13,3
xl,4.0,97636013410.65793,3825664.0,141428736.0,11476992.0,960,640,13,3
l,4.0,48651212164.645096,4629053.4399999995,123200143.36,13887160.319999998,896,704,13,3
xl,4.0,97302424329.29019,4629053.4399999995,123200143.36,13887160.319999998,896,704,13,3
l,4.0,45303682150.20108,4629053.4399999995,141428736.0,13887160.319999998,960,704,13,3
xl,4.0,90607364300.40216,4629053.4399999995,141428736.0,13887160.319999998,960,704,13,3
l,4.0,42215510861.09587,4629053.4399999995,160914472.96,13887160.319999998,1024,704,13,3
xl,4.0,84431021722.19174,4629053.4399999995,160914472.96,13887160.319999998,1024,704,13,3
l,4.0,41999457262.181526,5508956.16,141428736.0,16526868.48,960,768,13,3
xl,4.0,83998914524.36305,5508956.16,141428736.0,16526868.48,960,768,13,3
l,4.0,39332068625.455536,5508956.16,160914472.96,16526868.48,1024,768,13,3
xl,4.0,78664137250.91107,5508956.16,160914472.96,16526868.48,1024,768,13,3
l,4.0,36852518670.82444,5508956.16,181657354.24,16526868.48,1088,768,13,3
xl,4.0,73705037341.64888,5508956.16,181657354.24,16526868.48,1088,768,13,3
l,4.0,34552155132.573494,5508956.16,203657379.83999997,16526868.48,1152,768,13,3
xl,4.0,69104310265.14699,5508956.16,203657379.83999997,16526868.48,1152,768,13,3
l,4.0,34459810535.264114,6465372.16,181657354.24,19396116.48,1088,832,13,3
xl,4.0,68919621070.52823,6465372.16,181657354.24,19396116.48,1088,832,13,3
l,4.0,32440274682.612244,6465372.16,203657379.83999997,19396116.48,1152,832,13,3
xl,4.0,64880549365.22449,6465372.16,203657379.83999997,19396116.48,1152,832,13,3
l,4.0,30554528157.50929,6465372.16,226914549.76000002,19396116.48,1216,832,13,3
xl,4.0,61109056315.01858,6465372.16,226914549.76000002,19396116.48,1216,832,13,3
l,4.0,30434397469.070442,7498301.4399999995,203657379.83999997,22494904.32,1152,896,13,3
xl,4.0,60868794938.140884,7498301.4399999995,203657379.83999997,22494904.32,1152,896,13,3
l,4.0,28768656379.300785,7498301.4399999995,226914549.76000002,22494904.32,1216,896,13,3
xl,4.0,57537312758.60157,7498301.4399999995,226914549.76000002,22494904.32,1216,896,13,3
xl,4.0,54409225431.17213,7498301.4399999995,251428864.0,22494904.32,1280,896,13,3
xl,4.0,54142898605.55077,8607744.0,226914549.76000002,25823232.0,1216,960,13,3
xl,4.0,51364094755.49581,8607744.0,251428864.0,25823232.0,1280,960,13,3
xl,4.0,48467819170.2983,9793699.84,251428864.0,29381099.52,1280,1024,13,3
s,4.0,92579935886.69093,344309.76,10844241.92,1032929.28,256,192,14,3
m,4.0,185159871773.38187,344309.76,10844241.92,1032929.28,256,192,14,3
s,4.0,60259157183.996445,612106.24,16944128.0,1836318.72,320,256,14,3
m,4.0,120518314367.99289,612106.24,16944128.0,1836318.72,320,256,14,3
l,4.0,301295785919.9822,612106.24,16944128.0,1836318.72,320,256,14,3
s,4.0,42296179313.71153,956416.0,24399544.32,2869248.0,384,320,14,3
m,4.0,84592358627.42307,956416.0,24399544.32,2869248.0,384,320,14,3
l,4.0,211480896568.55765,956416.0,24399544.32,2869248.0,384,320,14,3
xl,4.0,422961793137.1153,956416.0,24399544.32,2869248.0,384,320,14,3
s,4.0,36115841034.270775,956416.0,33210490.88,2869248.0,448,320,14,3
m,4.0,72231682068.54155,956416.0,33210490.88,2869248.0,448,320,14,3
l,4.0,180579205171.35388,956416.0,33210490.88,2869248.0,448,320,14,3
xl,4.0,361158410342.70776,956416.0,33210490.88,2869248.0,448,320,14,3
s,4.0,27391771473.28181,1377239.04,43376967.68,4131717.12,512,384,14,3
m,4.0,54783542946.56362,1377239.04,43376967.68,4131717.12,512,384,14,3
l,4.0,136958857366.40906,1377239.04,43376967.68,4131717.12,512,384,14,3
xl,4.0,273917714732.8181,1377239.04,43376967.68,4131717.12,512,384,14,3
s,4.0,21468328712.38721,1874575.3599999999,54898974.72,5623726.08,576,448,14,3
m,4.0,42936657424.77442,1874575.3599999999,54898974.72,5623726.08,576,448,14,3
l,4.0,107341643561.93605,1874575.3599999999,54898974.72,5623726.08,576,448,14,3
xl,4.0,214683287123.8721,1874575.3599999999,54898974.72,5623726.08,576,448,14,3
s,4.0,19166007938.64022,1874575.3599999999,67776512.0,5623726.08,640,448,14,3
m,4.0,38332015877.28044,1874575.3599999999,67776512.0,5623726.08,640,448,14,3
l,4.0,95830039693.20111,1874575.3599999999,67776512.0,5623726.08,640,448,14,3
xl,4.0,191660079386.40222,1874575.3599999999,67776512.0,5623726.08,640,448,14,3
s,4.0,17268928419.943554,2448424.96,67776512.0,7345274.88,640,512,14,3
m,4.0,34537856839.88711,2448424.96,67776512.0,7345274.88,640,512,14,3
l,4.0,86344642099.71777,2448424.96,67776512.0,7345274.88,640,512,14,3
xl,4.0,172689284199.43555,2448424.96,67776512.0,7345274.88,640,512,14,3
s,4.0,15620250350.47593,2448424.96,82009579.52,7345274.88,704,512,14,3
m,4.0,31240500700.95186,2448424.96,82009579.52,7345274.88,704,512,14,3
l,4.0,78101251752.37965,2448424.96,82009579.52,7345274.88,704,512,14,3
xl,4.0,156202503504.7593,2448424.96,82009579.52,7345274.88,704,512,14,3
s,4.0,14186610998.859077,3098787.84,82009579.52,9296363.52,704,576,14,3
m,4.0,28373221997.718155,3098787.84,82009579.52,9296363.52,704,576,14,3
l,4.0,70933054994.2954,3098787.84,82009579.52,9296363.52,704,576,14,3
xl,4.0,141866109988.5908,3098787.84,82009579.52,9296363.52,704,576,14,3
s,4.0,12967223266.363787,3098787.84,97598177.28,9296363.52,768,576,14,3
m,4.0,25934446532.727573,3098787.84,97598177.28,9296363.52,768,576,14,3
l,4.0,64836116331.81893,3098787.84,97598177.28,9296363.52,768,576,14,3
xl,4.0,129672232663.63786,3098787.84,97598177.28,9296363.52,768,576,14,3
s,4.0,11867668050.24308,3098787.84,114542305.28,9296363.52,832,576,14,3
m,4.0,23735336100.48616,3098787.84,114542305.28,9296363.52,832,576,14,3
l,4.0,59338340251.2154,3098787.84,114542305.28,9296363.52,832,576,14,3
xl,4.0,118676680502.4308,3098787.84,114542305.28,9296363.52,832,576,14,3
s,4.0,11858904402.385065,3825664.0,97598177.28,11476992.0,768,640,14,3
m,4.0,23717808804.77013,3825664.0,97598177.28,11476992.0,768,640,14,3
l,4.0,59294522011.92532,3825664.0,97598177.28,11476992.0,768,640,14,3
xl,4.0,118589044023.85065,3825664.0,97598177.28,11476992.0,768,640,14,3
s,4.0,10932562712.555695,3825664.0,114542305.28,11476992.0,832,640,14,3
m,4.0,21865125425.11139,3825664.0,114542305.28,11476992.0,832,640,14,3
l,4.0,54662813562.77847,3825664.0,114542305.28,11476992.0,832,640,14,3
xl,4.0,109325627125.55695,3825664.0,114542305.28,11476992.0,832,640,14,3
l,4.0,50438091218.35806,3825664.0,132841963.52,11476992.0,896,640,14,3
xl,4.0,100876182436.71613,3825664.0,132841963.52,11476992.0,896,640,14,3
l,4.0,46695582962.450874,4629053.4399999995,132841963.52,13887160.319999998,896,704,14,3
xl,4.0,93391165924.90175,4629053.4399999995,132841963.52,13887160.319999998,896,704,14,3
l,4.0,43382216053.44232,4629053.4399999995,152497152.0,13887160.319999998,960,704,14,3
xl,4.0,86764432106.88464,4629053.4399999995,152497152.0,13887160.319999998,960,704,14,3
l,4.0,40339100417.665245,4629053.4399999995,173507870.72,13887160.319999998,1024,704,14,3
xl,4.0,80678200835.33049,4629053.4399999995,173507870.72,13887160.319999998,1024,704,14,3
l,4.0,40342929931.35102,5508956.16,152497152.0,16526868.48,960,768,14,3
xl,4.0,80685859862.70204,5508956.16,152497152.0,16526868.48,960,768,14,3
l,4.0,37698272647.53465,5508956.16,173507870.72,16526868.48,1024,768,14,3
xl,4.0,75396545295.0693,5508956.16,173507870.72,16526868.48,1024,768,14,3
l,4.0,35250187784.80037,5508956.16,195874119.68,16526868.48,1088,768,14,3
xl,4.0,70500375569.60074,5508956.16,195874119.68,16526868.48,1088,768,14,3
l,4.0,35198205680.40064,6465372.16,173507870.72,19396116.48,1024,832,14,3
xl,4.0,70396411360.80128,6465372.16,173507870.72,19396116.48,1024,832,14,3
l,4.0,33054826586.446568,6465372.16,195874119.68,19396116.48,1088,832,14,3
xl,4.0,66109653172.893135,6465372.16,195874119.68,19396116.48,1088,832,14,3
l,4.0,31057538298.61578,6465372.16,219595898.88,19396116.48,1152,832,14,3
xl,4.0,62115076597.23156,6465372.16,219595898.88,19396116.48,1152,832,14,3
l,4.0,30974667051.866634,7498301.4399999995,195874119.68,22494904.32,1088,896,14,3
xl,4.0,61949334103.73327,7498301.4399999995,195874119.68,22494904.32,1088,896,14,3
l,4.0,29214155702.41173,7498301.4399999995,219595898.88,22494904.32,1152,896,14,3
xl,4.0,58428311404.82346,7498301.4399999995,219595898.88,22494904.32,1152,896,14,3
xl,4.0,55128583937.908676,7498301.4399999995,244673208.32000002,22494904.32,1216,896,14,3
xl,4.0,52041368214.83225,7498301.4399999995,271106048.0,22494904.32,1280,896,14,3
l,4.0,27465574613.62335,8607744.0,219595898.88,25823232.0,1152,960,14,3
xl,4.0,54931149227.2467,8607744.0,219595898.88,25823232.0,1152,960,14,3
xl,4.0,52004711570.28714,8607744.0,244673208.32000002,25823232.0,1216,960,14,3
xl,4.0,49248712855.3403,8607744.0,271106048.0,25823232.0,1280,960,14,3
xl,4.0,46579887903.24156,9793699.84,271106048.0,29381099.52,1280,1024,14,3
s,4.0,88547777348.78152,344309.76,11631329.28,1032929.28,256,192,15,3
m,4.0,177095554697.56305,344309.76,11631329.28,1032929.28,256,192,15,3
s,4.0,57796612260.35743,612106.24,18173952.0,1836318.72,320,256,15,3
m,4.0,115593224520.71486,612106.24,18173952.0,1836318.72,320,256,15,3
l,4.0,288983061301.7872,612106.24,18173952.0,1836318.72,320,256,15,3
s,4.0,40647170592.7281,956416.0,26170490.88,2869248.0,384,320,15,3
m,4.0,81294341185.4562,956416.0,26170490.88,2869248.0,384,320,15,3
l,4.0,203235852963.6405,956416.0,26170490.88,2869248.0,384,320,15,3
xl,4.0,406471705927.281,956416.0,26170490.88,2869248.0,384,320,15,3
s,4.0,34558031256.05284,956416.0,35620945.92,2869248.0,448,320,15,3
m,4.0,69116062512.10568,956416.0,35620945.92,2869248.0,448,320,15,3
l,4.0,172790156280.26422,956416.0,35620945.92,2869248.0,448,320,15,3
xl,4.0,345580312560.52844,956416.0,35620945.92,2869248.0,448,320,15,3
s,4.0,30126782272.722614,1377239.04,35620945.92,4131717.12,448,384,15,3
m,4.0,60253564545.44523,1377239.04,35620945.92,4131717.12,448,384,15,3
l,4.0,150633911363.61307,1377239.04,35620945.92,4131717.12,448,384,15,3
xl,4.0,301267822727.22614,1377239.04,35620945.92,4131717.12,448,384,15,3
s,4.0,26259571214.56223,1377239.04,46525317.12,4131717.12,512,384,15,3
m,4.0,52519142429.12446,1377239.04,46525317.12,4131717.12,512,384,15,3
l,4.0,131297856072.81116,1377239.04,46525317.12,4131717.12,512,384,15,3
xl,4.0,262595712145.6223,1377239.04,46525317.12,4131717.12,512,384,15,3
s,4.0,20611304649.612865,1874575.3599999999,58883604.480000004,5623726.08,576,448,15,3
m,4.0,41222609299.22573,1874575.3599999999,58883604.480000004,5623726.08,576,448,15,3
l,4.0,103056523248.06433,1874575.3599999999,58883604.480000004,5623726.08,576,448,15,3
xl,4.0,206113046496.12866,1874575.3599999999,58883604.480000004,5623726.08,576,448,15,3
s,4.0,16599172042.859623,2448424.96,72695808.0,7345274.88,640,512,15,3
m,4.0,33198344085.719246,2448424.96,72695808.0,7345274.88,640,512,15,3
l,4.0,82995860214.29811,2448424.96,72695808.0,7345274.88,640,512,15,3
xl,4.0,165991720428.59622,2448424.96,72695808.0,7345274.88,640,512,15,3
s,4.0,14971734778.070766,2448424.96,87961927.68,7345274.88,704,512,15,3
m,4.0,29943469556.141533,2448424.96,87961927.68,7345274.88,704,512,15,3
l,4.0,74858673890.35382,2448424.96,87961927.68,7345274.88,704,512,15,3
xl,4.0,149717347780.70764,2448424.96,87961927.68,7345274.88,704,512,15,3
s,4.0,13649628911.57907,3098787.84,87961927.68,9296363.52,704,576,15,3
m,4.0,27299257823.15814,3098787.84,87961927.68,9296363.52,704,576,15,3
l,4.0,68248144557.89535,3098787.84,87961927.68,9296363.52,704,576,15,3
xl,4.0,136496289115.7907,3098787.84,87961927.68,9296363.52,704,576,15,3
s,4.0,12443375771.496267,3098787.84,104681963.52,9296363.52,768,576,15,3
m,4.0,24886751542.992535,3098787.84,104681963.52,9296363.52,768,576,15,3
l,4.0,62216878857.48133,3098787.84,104681963.52,9296363.52,768,576,15,3
xl,4.0,124433757714.96266,3098787.84,104681963.52,9296363.52,768,576,15,3
s,4.0,11419259368.396929,3825664.0,104681963.52,11476992.0,768,640,15,3
m,4.0,22838518736.793858,3825664.0,104681963.52,11476992.0,768,640,15,3
l,4.0,57096296841.98464,3825664.0,104681963.52,11476992.0,768,640,15,3
xl,4.0,114192593683.96928,3825664.0,104681963.52,11476992.0,768,640,15,3
s,4.0,10501250564.526226,3825664.0,122855915.52,11476992.0,832,640,15,3
m,4.0,21002501129.052452,3825664.0,122855915.52,11476992.0,832,640,15,3
l,4.0,52506252822.631134,3825664.0,122855915.52,11476992.0,832,640,15,3
xl,4.0,105012505645.26227,3825664.0,122855915.52,11476992.0,832,640,15,3
l,4.0,48339268467.38718,3825664.0,142483783.68,11476992.0,896,640,15,3
xl,4.0,96678536934.77435,3825664.0,142483783.68,11476992.0,896,640,15,3
l,4.0,48462838926.18223,4629053.4399999995,122855915.52,13887160.319999998,832,704,15,3
xl,4.0,96925677852.36446,4629053.4399999995,122855915.52,13887160.319999998,832,704,15,3
l,4.0,44891098762.52035,4629053.4399999995,142483783.68,13887160.319999998,896,704,15,3
xl,4.0,89782197525.0407,4629053.4399999995,142483783.68,13887160.319999998,896,704,15,3
l,4.0,41617108680.712814,4629053.4399999995,163565568.0,13887160.319999998,960,704,15,3
xl,4.0,83234217361.42563,4629053.4399999995,163565568.0,13887160.319999998,960,704,15,3
l,4.0,41644626997.431564,5508956.16,142483783.68,16526868.48,896,768,15,3
xl,4.0,83289253994.86313,5508956.16,142483783.68,16526868.48,896,768,15,3
l,4.0,38812116535.20189,5508956.16,163565568.0,16526868.48,960,768,15,3
xl,4.0,77624233070.40378,5508956.16,163565568.0,16526868.48,960,768,15,3
l,4.0,36194794402.356094,5508956.16,186101268.48,16526868.48,1024,768,15,3
xl,4.0,72389588804.71219,5508956.16,186101268.48,16526868.48,1024,768,15,3
l,4.0,36167314017.60813,6465372.16,163565568.0,19396116.48,960,832,15,3
xl,4.0,72334628035.21626,6465372.16,163565568.0,19396116.48,960,832,15,3
l,4.0,33884054062.668587,6465372.16,186101268.48,19396116.48,1024,832,15,3
xl,4.0,67768108125.33717,6465372.16,186101268.48,19396116.48,1024,832,15,3
l,4.0,31759921612.001015,6465372.16,210090885.12,19396116.48,1088,832,15,3
xl,4.0,63519843224.00203,6465372.16,210090885.12,19396116.48,1088,832,15,3
xl,4.0,59575717335.675095,6465372.16,235534417.92000002,19396116.48,1152,832,15,3
l,4.0,29834802094.434803,7498301.4399999995,210090885.12,22494904.32,1088,896,15,3
xl,4.0,59669604188.869606,7498301.4399999995,210090885.12,22494904.32,1088,896,15,3
xl,4.0,56175982278.575424,7498301.4399999995,235534417.92000002,22494904.32,1152,896,15,3
xl,4.0,52913428350.03589,7498301.4399999995,262431866.88000003,22494904.32,1216,896,15,3
xl,4.0,52935768602.28972,8607744.0,235534417.92000002,25823232.0,1152,960,15,3
xl,4.0,50028989197.73265,8607744.0,262431866.88000003,25823232.0,1216,960,15,3
xl,4.0,47300678912.32051,8607744.0,290783232.0,25823232.0,1280,960,15,3
xl,4.0,47277289333.7868,9793699.84,262431866.88000003,29381099.52,1216,1024,15,3
xl,4.0,44833520784.7944,9793699.84,290783232.0,29381099.52,1280,1024,15,3
xl,4.0,42477436210.16602,11056168.96,290783232.0,33168506.880000003,1280,1088,15,3
s,4.0,73929165024.84778,344309.76,15938519.040000001,1377239.04,384,192,9,4
m,4.0,147858330049.69556,344309.76,15938519.040000001,1377239.04,384,192,9,4
l,4.0,369645825124.2389,344309.76,15938519.040000001,1377239.04,384,192,9,4
s,4.0,51012202069.76338,612106.24,21694095.36,2448424.96,448,256,9,4
m,4.0,102024404139.52676,612106.24,21694095.36,2448424.96,448,256,9,4
l,4.0,255061010348.8169,612106.24,21694095.36,2448424.96,448,256,9,4
s,4.0,44373189857.84222,612106.24,28335144.96,2448424.96,512,256,9,4
m,4.0,88746379715.68443,612106.24,28335144.96,2448424.96,512,256,9,4
l,4.0,221865949289.2111,612106.24,28335144.96,2448424.96,512,256,9,4
xl,4.0,443731898578.4222,612106.24,28335144.96,2448424.96,512,256,9,4
s,4.0,33113524170.440784,956416.0,35861667.839999996,3825664.0,576,320,9,4
m,4.0,66227048340.88157,956416.0,35861667.839999996,3825664.0,576,320,9,4
l,4.0,165567620852.20392,956416.0,35861667.839999996,3825664.0,576,320,9,4
xl,4.0,331135241704.40784,956416.0,35861667.839999996,3825664.0,576,320,9,4
s,4.0,29589104392.253998,956416.0,44273664.0,3825664.0,640,320,9,4
m,4.0,59178208784.507996,956416.0,44273664.0,3825664.0,640,320,9,4
l,4.0,147945521961.27,956416.0,44273664.0,3825664.0,640,320,9,4
xl,4.0,295891043922.54,956416.0,44273664.0,3825664.0,640,320,9,4
s,4.0,23231202795.636257,1377239.04,53571133.44,5508956.16,704,384,9,4
m,4.0,46462405591.272514,1377239.04,53571133.44,5508956.16,704,384,9,4
l,4.0,116156013978.18129,1377239.04,53571133.44,5508956.16,704,384,9,4
xl,4.0,232312027956.36258,1377239.04,53571133.44,5508956.16,704,384,9,4
s,4.0,21138636118.151466,1377239.04,63754076.160000004,5508956.16,768,384,9,4
m,4.0,42277272236.30293,1377239.04,63754076.160000004,5508956.16,768,384,9,4
l,4.0,105693180590.75732,1377239.04,63754076.160000004,5508956.16,768,384,9,4
xl,4.0,211386361181.51465,1377239.04,63754076.160000004,5508956.16,768,384,9,4
s,4.0,18674432266.48364,1874575.3599999999,63754076.160000004,7498301.4399999995,768,448,9,4
m,4.0,37348864532.96728,1874575.3599999999,63754076.160000004,7498301.4399999995,768,448,9,4
l,4.0,93372161332.41818,1874575.3599999999,63754076.160000004,7498301.4399999995,768,448,9,4
xl,4.0,186744322664.83636,1874575.3599999999,63754076.160000004,7498301.4399999995,768,448,9,4
s,4.0,17199154981.574535,1874575.3599999999,74822492.16,7498301.4399999995,832,448,9,4
m,4.0,34398309963.14907,1874575.3599999999,74822492.16,7498301.4399999995,832,448,9,4
l,4.0,85995774907.87267,1874575.3599999999,74822492.16,7498301.4399999995,832,448,9,4
xl,4.0,171991549815.74533,1874575.3599999999,74822492.16,7498301.4399999995,832,448,9,4
s,4.0,15855981052.625254,1874575.3599999999,86776381.44,7498301.4399999995,896,448,9,4
m,4.0,31711962105.250507,1874575.3599999999,86776381.44,7498301.4399999995,896,448,9,4
l,4.0,79279905263.12627,1874575.3599999999,86776381.44,7498301.4399999995,896,448,9,4
xl,4.0,158559810526.25253,1874575.3599999999,86776381.44,7498301.4399999995,896,448,9,4
s,4.0,14238461340.016817,2448424.96,86776381.44,9793699.84,896,512,9,4
m,4.0,28476922680.033634,2448424.96,86776381.44,9793699.84,896,512,9,4
l,4.0,71192306700.08408,2448424.96,86776381.44,9793699.84,896,512,9,4
xl,4.0,142384613400.16815,2448424.96,86776381.44,9793699.84,896,512,9,4
s,4.0,13246848580.021551,2448424.96,99615744.0,9793699.84,960,512,9,4
m,4.0,26493697160.043102,2448424.96,99615744.0,9793699.84,960,512,9,4
l,4.0,66234242900.10775,2448424.96,99615744.0,9793699.84,960,512,9,4
xl,4.0,132468485800.2155,2448424.96,99615744.0,9793699.84,960,512,9,4
s,4.0,12333642254.56423,2448424.96,113340579.84,9793699.84,1024,512,9,4
m,4.0,24667284509.12846,2448424.96,113340579.84,9793699.84,1024,512,9,4
l,4.0,61668211272.82115,2448424.96,113340579.84,9793699.84,1024,512,9,4
xl,4.0,123336422545.6423,2448424.96,113340579.84,9793699.84,1024,512,9,4
s,4.0,11215051128.323505,3098787.84,113340579.84,12395151.36,1024,576,9,4
m,4.0,22430102256.64701,3098787.84,113340579.84,12395151.36,1024,576,9,4
l,4.0,56075255641.61752,3098787.84,113340579.84,12395151.36,1024,576,9,4
xl,4.0,112150511283.23505,3098787.84,113340579.84,12395151.36,1024,576,9,4
l,4.0,52583236377.41745,3098787.84,127950888.96,12395151.36,1088,576,9,4
xl,4.0,105166472754.8349,3098787.84,127950888.96,12395151.36,1088,576,9,4
l,4.0,49338449855.31094,3098787.84,143446671.35999998,12395151.36,1152,576,9,4
xl,4.0,98676899710.62189,3098787.84,143446671.35999998,12395151.36,1152,576,9,4
l,4.0,48032404722.92969,3825664.0,127950888.96,15302656.0,1088,640,9,4
xl,4.0,96064809445.85938,3825664.0,127950888.96,15302656.0,1088,640,9,4
l,4.0,45310419698.94869,3825664.0,143446671.35999998,15302656.0,1152,640,9,4
xl,4.0,90620839397.89738,3825664.0,143446671.35999998,15302656.0,1152,640,9,4
l,4.0,42758633572.2122,3825664.0,159827927.04000002,15302656.0,1216,640,9,4
xl,4.0,85517267144.4244,3825664.0,159827927.04000002,15302656.0,1216,640,9,4
l,4.0,40370420896.19492,3825664.0,177094656.0,15302656.0,1280,640,9,4
xl,4.0,80740841792.38985,3825664.0,177094656.0,15302656.0,1280,640,9,4
l,4.0,39411440320.61041,4629053.4399999995,159827927.04000002,18516213.759999998,1216,704,9,4
xl,4.0,78822880641.22083,4629053.4399999995,159827927.04000002,18516213.759999998,1216,704,9,4
l,4.0,37373586683.43587,4629053.4399999995,177094656.0,18516213.759999998,1280,704,9,4
xl,4.0,74747173366.87173,4629053.4399999995,177094656.0,18516213.759999998,1280,704,9,4
s,4.0,83579525182.71153,344309.76,12024832.0,1377239.04,320,192,10,4
m,4.0,167159050365.42307,344309.76,12024832.0,1377239.04,320,192,10,4
s,4.0,47958627588.28877,612106.24,23568670.72,2448424.96,448,256,10,4
m,4.0,95917255176.57755,612106.24,23568670.72,2448424.96,448,256,10,4
l,4.0,239793137941.44385,612106.24,23568670.72,2448424.96,448,256,10,4
xl,4.0,479586275882.8877,612106.24,23568670.72,2448424.96,448,256,10,4
s,4.0,31117786747.666515,956416.0,38960455.67999999,3825664.0,576,320,10,4
m,4.0,62235573495.33303,956416.0,38960455.67999999,3825664.0,576,320,10,4
l,4.0,155588933738.33258,956416.0,38960455.67999999,3825664.0,576,320,10,4
xl,4.0,311177867476.66516,956416.0,38960455.67999999,3825664.0,576,320,10,4
s,4.0,24123755715.979176,1377239.04,48099328.0,5508956.16,640,384,10,4
m,4.0,48247511431.95835,1377239.04,48099328.0,5508956.16,640,384,10,4
l,4.0,120618778579.89589,1377239.04,48099328.0,5508956.16,640,384,10,4
xl,4.0,241237557159.79178,1377239.04,48099328.0,5508956.16,640,384,10,4
s,4.0,21825187719.312584,1377239.04,58200186.879999995,5508956.16,704,384,10,4
m,4.0,43650375438.62517,1377239.04,58200186.879999995,5508956.16,704,384,10,4
l,4.0,109125938596.56291,1377239.04,58200186.879999995,5508956.16,704,384,10,4
xl,4.0,218251877193.12582,1377239.04,58200186.879999995,5508956.16,704,384,10,4
s,4.0,17606971932.68379,1874575.3599999999,69263032.32000001,7498301.4399999995,768,448,10,4
m,4.0,35213943865.36758,1874575.3599999999,69263032.32000001,7498301.4399999995,768,448,10,4
l,4.0,88034859663.41893,1874575.3599999999,69263032.32000001,7498301.4399999995,768,448,10,4
xl,4.0,176069719326.83786,1874575.3599999999,69263032.32000001,7498301.4399999995,768,448,10,4
s,4.0,16155275930.561989,1874575.3599999999,81287864.32,7498301.4399999995,832,448,10,4
m,4.0,32310551861.123978,1874575.3599999999,81287864.32,7498301.4399999995,832,448,10,4
l,4.0,80776379652.80994,1874575.3599999999,81287864.32,7498301.4399999995,832,448,10,4
xl,4.0,161552759305.61987,1874575.3599999999,81287864.32,7498301.4399999995,832,448,10,4
s,4.0,13416253939.763466,2448424.96,94274682.88,9793699.84,896,512,10,4
m,4.0,26832507879.52693,2448424.96,94274682.88,9793699.84,896,512,10,4
l,4.0,67081269698.81733,2448424.96,94274682.88,9793699.84,896,512,10,4
xl,4.0,134162539397.63466,2448424.96,94274682.88,9793699.84,896,512,10,4
s,4.0,12441223182.8439,2448424.96,108223488.0,9793699.84,960,512,10,4
m,4.0,24882446365.6878,2448424.96,108223488.0,9793699.84,960,512,10,4
l,4.0,62206115914.2195,2448424.96,108223488.0,9793699.84,960,512,10,4
xl,4.0,124412231828.439,2448424.96,108223488.0,9793699.84,960,512,10,4
s,4.0,11303932690.63332,3098787.84,108223488.0,12395151.36,960,576,10,4
m,4.0,22607865381.26664,3098787.84,108223488.0,12395151.36,960,576,10,4
l,4.0,56519663453.1666,3098787.84,108223488.0,12395151.36,960,576,10,4
xl,4.0,113039326906.3332,3098787.84,108223488.0,12395151.36,960,576,10,4
s,4.0,10562424962.420582,3098787.84,123134279.68,12395151.36,1024,576,10,4
m,4.0,21124849924.841164,3098787.84,123134279.68,12395151.36,1024,576,10,4
l,4.0,52812124812.10291,3098787.84,123134279.68,12395151.36,1024,576,10,4
xl,4.0,105624249624.20583,3098787.84,123134279.68,12395151.36,1024,576,10,4
l,4.0,49380464007.59899,3098787.84,139007057.92,12395151.36,1088,576,10,4
xl,4.0,98760928015.19798,3098787.84,139007057.92,12395151.36,1088,576,10,4
l,4.0,45345851284.12341,3825664.0,139007057.92,15302656.0,1088,640,10,4
xl,4.0,90691702568.24683,3825664.0,139007057.92,15302656.0,1088,640,10,4
l,4.0,42657746024.21617,3825664.0,155841822.71999997,15302656.0,1152,640,10,4
xl,4.0,85315492048.43234,3825664.0,155841822.71999997,15302656.0,1152,640,10,4
l,4.0,40151196686.82346,3825664.0,173638574.08,15302656.0,1216,640,10,4
xl,4.0,80302393373.64693,3825664.0,173638574.08,15302656.0,1216,640,10,4
l,4.0,39325713885.032455,4629053.4399999995,155841822.71999997,18516213.759999998,1152,704,10,4
xl,4.0,78651427770.06491,4629053.4399999995,155841822.71999997,18516213.759999998,1152,704,10,4
l,4.0,37185626171.67445,4629053.4399999995,173638574.08,18516213.759999998,1216,704,10,4
xl,4.0,74371252343.3489,4629053.4399999995,173638574.08,18516213.759999998,1216,704,10,4
l,4.0,35174906858.535034,4629053.4399999995,192397312.0,18516213.759999998,1280,704,10,4
xl,4.0,70349813717.07007,4629053.4399999995,192397312.0,18516213.759999998,1280,704,10,4
l,4.0,32679681148.37717,5508956.16,192397312.0,22035824.64,1280,768,10,4
xl,4.0,65359362296.75434,5508956.16,192397312.0,22035824.64,1280,768,10,4
s,4.0,78915905065.05008,344309.76,13254656.0,1377239.04,320,192,11,4
m,4.0,157831810130.10016,344309.76,13254656.0,1377239.04,320,192,11,4
s,4.0,45249978037.470665,612106.24,25979125.759999998,2448424.96,448,256,11,4
m,4.0,90499956074.94133,612106.24,25979125.759999998,2448424.96,448,256,11,4
l,4.0,226249890187.3533,612106.24,25979125.759999998,2448424.96,448,256,11,4
xl,4.0,452499780374.7066,612106.24,25979125.759999998,2448424.96,448,256,11,4
s,4.0,33242261238.814934,956416.0,33931919.36,3825664.0,512,320,11,4
m,4.0,66484522477.62987,956416.0,33931919.36,3825664.0,512,320,11,4
l,4.0,166211306194.07468,956416.0,33931919.36,3825664.0,512,320,11,4
xl,4.0,332422612388.14935,956416.0,33931919.36,3825664.0,512,320,11,4
s,4.0,29348939192.688915,956416.0,42945085.44,3825664.0,576,320,11,4
m,4.0,58697878385.37783,956416.0,42945085.44,3825664.0,576,320,11,4
l,4.0,146744695963.44458,956416.0,42945085.44,3825664.0,576,320,11,4
xl,4.0,293489391926.88916,956416.0,42945085.44,3825664.0,576,320,11,4
s,4.0,22836571047.56869,1377239.04,53018624.0,5508956.16,640,384,11,4
m,4.0,45673142095.13738,1377239.04,53018624.0,5508956.16,640,384,11,4
l,4.0,114182855237.84344,1377239.04,53018624.0,5508956.16,640,384,11,4
xl,4.0,228365710475.6869,1377239.04,53018624.0,5508956.16,640,384,11,4
s,4.0,20579651671.51586,1377239.04,64152535.04,5508956.16,704,384,11,4
m,4.0,41159303343.03172,1377239.04,64152535.04,5508956.16,704,384,11,4
l,4.0,102898258357.57932,1377239.04,64152535.04,5508956.16,704,384,11,4
xl,4.0,205796516715.15863,1377239.04,64152535.04,5508956.16,704,384,11,4
s,4.0,18236828094.925556,1874575.3599999999,64152535.04,7498301.4399999995,704,448,11,4
m,4.0,36473656189.85111,1874575.3599999999,64152535.04,7498301.4399999995,704,448,11,4
l,4.0,91184140474.62778,1874575.3599999999,64152535.04,7498301.4399999995,704,448,11,4
xl,4.0,182368280949.25555,1874575.3599999999,64152535.04,7498301.4399999995,704,448,11,4
s,4.0,16654948511.373241,1874575.3599999999,76346818.56,7498301.4399999995,768,448,11,4
m,4.0,33309897022.746483,1874575.3599999999,76346818.56,7498301.4399999995,768,448,11,4
l,4.0,83274742556.86621,1874575.3599999999,76346818.56,7498301.4399999995,768,448,11,4
xl,4.0,166549485113.73242,1874575.3599999999,76346818.56,7498301.4399999995,768,448,11,4
s,4.0,15230859845.106201,1874575.3599999999,89601474.56,7498301.4399999995,832,448,11,4
m,4.0,30461719690.212402,1874575.3599999999,89601474.56,7498301.4399999995,832,448,11,4
l,4.0,76154299225.531,1874575.3599999999,89601474.56,7498301.4399999995,832,448,11,4
xl,4.0,152308598451.062,1874575.3599999999,89601474.56,7498301.4399999995,832,448,11,4
s,4.0,13732340391.523396,2448424.96,89601474.56,9793699.84,832,512,11,4
m,4.0,27464680783.04679,2448424.96,89601474.56,9793699.84,832,512,11,4
l,4.0,68661701957.61698,2448424.96,89601474.56,9793699.84,832,512,11,4
xl,4.0,137323403915.23396,2448424.96,89601474.56,9793699.84,832,512,11,4
s,4.0,12683820110.749193,2448424.96,103916503.03999999,9793699.84,896,512,11,4
m,4.0,25367640221.498386,2448424.96,103916503.03999999,9793699.84,896,512,11,4
l,4.0,63419100553.745964,2448424.96,103916503.03999999,9793699.84,896,512,11,4
xl,4.0,126838201107.49193,2448424.96,103916503.03999999,9793699.84,896,512,11,4
s,4.0,11727970457.073536,2448424.96,119291904.0,9793699.84,960,512,11,4
m,4.0,23455940914.14707,2448424.96,119291904.0,9793699.84,960,512,11,4
l,4.0,58639852285.36768,2448424.96,119291904.0,9793699.84,960,512,11,4
xl,4.0,117279704570.73537,2448424.96,119291904.0,9793699.84,960,512,11,4
s,4.0,11503847431.403278,3098787.84,103916503.03999999,12395151.36,896,576,11,4
m,4.0,23007694862.806557,3098787.84,103916503.03999999,12395151.36,896,576,11,4
l,4.0,57519237157.01639,3098787.84,103916503.03999999,12395151.36,896,576,11,4
xl,4.0,115038474314.03278,3098787.84,103916503.03999999,12395151.36,896,576,11,4
s,4.0,10712018989.855925,3098787.84,119291904.0,12395151.36,960,576,11,4
m,4.0,21424037979.71185,3098787.84,119291904.0,12395151.36,960,576,11,4
l,4.0,53560094949.279625,3098787.84,119291904.0,12395151.36,960,576,11,4
xl,4.0,107120189898.55925,3098787.84,119291904.0,12395151.36,960,576,11,4
l,4.0,49907885534.71059,3098787.84,135727677.44,12395151.36,1024,576,11,4
xl,4.0,99815771069.42117,3098787.84,135727677.44,12395151.36,1024,576,11,4
l,4.0,46545445168.93386,3098787.84,153223823.36,12395151.36,1088,576,11,4
xl,4.0,93090890337.86772,3098787.84,153223823.36,12395151.36,1088,576,11,4
l,4.0,45790220338.964966,3825664.0,135727677.44,15302656.0,1024,640,11,4
xl,4.0,91580440677.92993,3825664.0,135727677.44,15302656.0,1024,640,11,4
l,4.0,42943908162.29352,3825664.0,153223823.36,15302656.0,1088,640,11,4
xl,4.0,85887816324.58704,3825664.0,153223823.36,15302656.0,1088,640,11,4
l,4.0,40298492858.031586,3825664.0,171780341.76,15302656.0,1152,640,11,4
xl,4.0,80596985716.06317,3825664.0,171780341.76,15302656.0,1152,640,11,4
l,4.0,37311933052.04267,4629053.4399999995,171780341.76,18516213.759999998,1152,704,11,4
xl,4.0,74623866104.08534,4629053.4399999995,171780341.76,18516213.759999998,1152,704,11,4
l,4.0,35197783939.413605,4629053.4399999995,191397232.64000002,18516213.759999998,1216,704,11,4
xl,4.0,70395567878.82721,4629053.4399999995,191397232.64000002,18516213.759999998,1216,704,11,4
l,4.0,33220549302.68632,4629053.4399999995,212074496.0,18516213.759999998,1280,704,11,4
xl,4.0,66441098605.37264,4629053.4399999995,212074496.0,18516213.759999998,1280,704,11,4
l,4.0,32699426745.87884,5508956.16,191397232.64000002,22035824.64,1216,768,11,4
xl,4.0,65398853491.75768,5508956.16,191397232.64000002,22035824.64,1216,768,11,4
l,4.0,30986089001.090595,5508956.16,212074496.0,22035824.64,1280,768,11,4
xl,4.0,61972178002.18119,5508956.16,212074496.0,22035824.64,1280,768,11,4
s,4.0,74745226411.06432,344309.76,14484480.0,1377239.04,320,192,12,4
m,4.0,149490452822.12863,344309.76,14484480.0,1377239.04,320,192,12,4
l,4.0,373726132055.32153,344309.76,14484480.0,1377239.04,320,192,12,4
s,4.0,50302542832.9774,612106.24,20857651.2,2448424.96,384,256,12,4
m,4.0,100605085665.9548,612106.24,20857651.2,2448424.96,384,256,12,4
l,4.0,251512714164.88702,612106.24,20857651.2,2448424.96,384,256,12,4
s,4.0,42830934828.394745,612106.24,28389580.8,2448424.96,448,256,12,4
m,4.0,85661869656.78949,612106.24,28389580.8,2448424.96,448,256,12,4
l,4.0,214154674141.97372,612106.24,28389580.8,2448424.96,448,256,12,4
xl,4.0,428309348283.94745,612106.24,28389580.8,2448424.96,448,256,12,4
s,4.0,31589360072.751156,956416.0,37080268.8,3825664.0,512,320,12,4
m,4.0,63178720145.50231,956416.0,37080268.8,3825664.0,512,320,12,4
l,4.0,157946800363.75577,956416.0,37080268.8,3825664.0,512,320,12,4
xl,4.0,315893600727.51154,956416.0,37080268.8,3825664.0,512,320,12,4
s,4.0,27770370864.460808,956416.0,46929715.2,3825664.0,576,320,12,4
m,4.0,55540741728.921616,956416.0,46929715.2,3825664.0,576,320,12,4
l,4.0,138851854322.30405,956416.0,46929715.2,3825664.0,576,320,12,4
xl,4.0,277703708644.6081,956416.0,46929715.2,3825664.0,576,320,12,4
s,4.0,24195618408.10701,1377239.04,46929715.2,5508956.16,576,384,12,4
m,4.0,48391236816.21402,1377239.04,46929715.2,5508956.16,576,384,12,4
l,4.0,120978092040.53505,1377239.04,46929715.2,5508956.16,576,384,12,4
xl,4.0,241956184081.0701,1377239.04,46929715.2,5508956.16,576,384,12,4
s,4.0,21679790397.705177,1377239.04,57937920.0,5508956.16,640,384,12,4
m,4.0,43359580795.410355,1377239.04,57937920.0,5508956.16,640,384,12,4
l,4.0,108398951988.52588,1377239.04,57937920.0,5508956.16,640,384,12,4
xl,4.0,216797903977.05176,1377239.04,57937920.0,5508956.16,640,384,12,4
s,4.0,17358952236.084686,1874575.3599999999,70104883.2,7498301.4399999995,704,448,12,4
m,4.0,34717904472.16937,1874575.3599999999,70104883.2,7498301.4399999995,704,448,12,4
l,4.0,86794761180.42343,1874575.3599999999,70104883.2,7498301.4399999995,704,448,12,4
xl,4.0,173589522360.84686,1874575.3599999999,70104883.2,7498301.4399999995,704,448,12,4
s,4.0,15800597251.452484,1874575.3599999999,83430604.8,7498301.4399999995,768,448,12,4
m,4.0,31601194502.90497,1874575.3599999999,83430604.8,7498301.4399999995,768,448,12,4
l,4.0,79002986257.26242,1874575.3599999999,83430604.8,7498301.4399999995,768,448,12,4
xl,4.0,158005972514.52484,1874575.3599999999,83430604.8,7498301.4399999995,768,448,12,4
s,4.0,14193785017.08959,2448424.96,83430604.8,9793699.84,768,512,12,4
m,4.0,28387570034.17918,2448424.96,83430604.8,9793699.84,768,512,12,4
l,4.0,70968925085.44795,2448424.96,83430604.8,9793699.84,768,512,12,4
xl,4.0,141937850170.8959,2448424.96,83430604.8,9793699.84,768,512,12,4
s,4.0,13058633506.813833,2448424.96,97915084.8,9793699.84,832,512,12,4
m,4.0,26117267013.627666,2448424.96,97915084.8,9793699.84,832,512,12,4
l,4.0,65293167534.06916,2448424.96,97915084.8,9793699.84,832,512,12,4
xl,4.0,130586335068.13832,2448424.96,97915084.8,9793699.84,832,512,12,4
s,4.0,12027217952.155735,2448424.96,113558323.2,9793699.84,896,512,12,4
m,4.0,24054435904.31147,2448424.96,113558323.2,9793699.84,896,512,12,4
l,4.0,60136089760.77868,2448424.96,113558323.2,9793699.84,896,512,12,4
xl,4.0,120272179521.55736,2448424.96,113558323.2,9793699.84,896,512,12,4
s,4.0,10961116042.385685,3098787.84,113558323.2,12395151.36,896,576,12,4
m,4.0,21922232084.77137,3098787.84,113558323.2,12395151.36,896,576,12,4
l,4.0,54805580211.92843,3098787.84,113558323.2,12395151.36,896,576,12,4
xl,4.0,109611160423.85686,3098787.84,113558323.2,12395151.36,896,576,12,4
l,4.0,50895050952.21628,3098787.84,130360320.0,12395151.36,960,576,12,4
xl,4.0,101790101904.43256,3098787.84,130360320.0,12395151.36,960,576,12,4
l,4.0,47306415683.07621,3098787.84,148321075.2,12395151.36,1024,576,12,4
xl,4.0,94612831366.15242,3098787.84,148321075.2,12395151.36,1024,576,12,4
l,4.0,46619858836.55928,3825664.0,130360320.0,15302656.0,960,640,12,4
xl,4.0,93239717673.11856,3825664.0,130360320.0,15302656.0,960,640,12,4
l,4.0,43590853420.91923,3825664.0,148321075.2,15302656.0,1024,640,12,4
xl,4.0,87181706841.83846,3825664.0,148321075.2,15302656.0,1024,640,12,4
l,4.0,40783623564.47649,3825664.0,167440588.8,15302656.0,1088,640,12,4
xl,4.0,81567247128.95297,3825664.0,167440588.8,15302656.0,1088,640,12,4
l,4.0,38186527409.92034,3825664.0,187718860.8,15302656.0,1152,640,12,4
xl,4.0,76373054819.84068,3825664.0,187718860.8,15302656.0,1152,640,12,4
l,4.0,37727450590.11455,4629053.4399999995,167440588.8,18516213.759999998,1088,704,12,4
xl,4.0,75454901180.2291,4629053.4399999995,167440588.8,18516213.759999998,1088,704,12,4
l,4.0,35494347807.36273,4629053.4399999995,187718860.8,18516213.759999998,1152,704,12,4
xl,4.0,70988695614.72546,4629053.4399999995,187718860.8,18516213.759999998,1152,704,12,4
l,4.0,33411686250.14874,4629053.4399999995,209155891.20000002,18516213.759999998,1216,704,12,4
xl,4.0,66823372500.29748,4629053.4399999995,209155891.20000002,18516213.759999998,1216,704,12,4
l,4.0,32955231268.48699,5508956.16,187718860.8,22035824.64,1152,768,12,4
xl,4.0,65910462536.97398,5508956.16,187718860.8,22035824.64,1152,768,12,4
l,4.0,31152314068.853966,5508956.16,209155891.20000002,22035824.64,1216,768,12,4
xl,4.0,62304628137.70793,5508956.16,209155891.20000002,22035824.64,1216,768,12,4
l,4.0,29459385490.605015,5508956.16,231751680.0,22035824.64,1280,768,12,4
xl,4.0,58918770981.21003,5508956.16,231751680.0,22035824.64,1280,768,12,4
xl,4.0,55096147714.37643,6465372.16,231751680.0,25861488.64,1280,832,12,4
s,4.0,70993257003.6552,344309.76,15714304.0,1377239.04,320,192,13,4
m,4.0,141986514007.3104,344309.76,15714304.0,1377239.04,320,192,13,4
l,4.0,354966285018.27594,344309.76,15714304.0,1377239.04,320,192,13,4
s,4.0,47987243040.59825,612106.24,22628597.759999998,2448424.96,384,256,13,4
m,4.0,95974486081.1965,612106.24,22628597.759999998,2448424.96,384,256,13,4
l,4.0,239936215202.99127,612106.24,22628597.759999998,2448424.96,384,256,13,4
xl,4.0,479872430405.98254,612106.24,22628597.759999998,2448424.96,384,256,13,4
s,4.0,30093046930.72781,956416.0,40228618.24,3825664.0,512,320,13,4
m,4.0,60186093861.45562,956416.0,40228618.24,3825664.0,512,320,13,4
l,4.0,150465234653.63904,956416.0,40228618.24,3825664.0,512,320,13,4
xl,4.0,300930469307.2781,956416.0,40228618.24,3825664.0,512,320,13,4
s,4.0,23112507121.33325,1377239.04,50914344.95999999,5508956.16,576,384,13,4
m,4.0,46225014242.6665,1377239.04,50914344.95999999,5508956.16,576,384,13,4
l,4.0,115562535606.66624,1377239.04,50914344.95999999,5508956.16,576,384,13,4
xl,4.0,231125071213.3325,1377239.04,50914344.95999999,5508956.16,576,384,13,4
s,4.0,20634552435.89736,1377239.04,62857216.0,5508956.16,640,384,13,4
m,4.0,41269104871.79472,1377239.04,62857216.0,5508956.16,640,384,13,4
l,4.0,103172762179.4868,1377239.04,62857216.0,5508956.16,640,384,13,4
xl,4.0,206345524358.9736,1377239.04,62857216.0,5508956.16,640,384,13,4
s,4.0,18279927282.741745,1874575.3599999999,62857216.0,7498301.4399999995,640,448,13,4
m,4.0,36559854565.48349,1874575.3599999999,62857216.0,7498301.4399999995,640,448,13,4
l,4.0,91399636413.70874,1874575.3599999999,62857216.0,7498301.4399999995,640,448,13,4
xl,4.0,182799272827.41748,1874575.3599999999,62857216.0,7498301.4399999995,640,448,13,4
s,4.0,16561712313.369179,1874575.3599999999,76057231.36,7498301.4399999995,704,448,13,4
m,4.0,33123424626.738358,1874575.3599999999,76057231.36,7498301.4399999995,704,448,13,4
l,4.0,82808561566.84589,1874575.3599999999,76057231.36,7498301.4399999995,704,448,13,4
xl,4.0,165617123133.69177,1874575.3599999999,76057231.36,7498301.4399999995,704,448,13,4
s,4.0,15029620664.975248,1874575.3599999999,90514391.03999999,7498301.4399999995,768,448,13,4
m,4.0,30059241329.950497,1874575.3599999999,90514391.03999999,7498301.4399999995,768,448,13,4
l,4.0,75148103324.87624,1874575.3599999999,90514391.03999999,7498301.4399999995,768,448,13,4
xl,4.0,150296206649.75247,1874575.3599999999,90514391.03999999,7498301.4399999995,768,448,13,4
s,4.0,13568538940.942581,2448424.96,90514391.03999999,9793699.84,768,512,13,4
m,4.0,27137077881.885162,2448424.96,90514391.03999999,9793699.84,768,512,13,4
l,4.0,67842694704.712906,2448424.96,90514391.03999999,9793699.84,768,512,13,4
xl,4.0,135685389409.42581,2448424.96,90514391.03999999,9793699.84,768,512,13,4
s,4.0,12447939183.121458,2448424.96,106228695.03999999,9793699.84,832,512,13,4
m,4.0,24895878366.242916,2448424.96,106228695.03999999,9793699.84,832,512,13,4
l,4.0,62239695915.60729,2448424.96,106228695.03999999,9793699.84,832,512,13,4
xl,4.0,124479391831.21458,2448424.96,106228695.03999999,9793699.84,832,512,13,4
s,4.0,11309476678.087572,3098787.84,106228695.03999999,12395151.36,832,576,13,4
m,4.0,22618953356.175144,3098787.84,106228695.03999999,12395151.36,832,576,13,4
l,4.0,56547383390.43787,3098787.84,106228695.03999999,12395151.36,832,576,13,4
xl,4.0,113094766780.87573,3098787.84,106228695.03999999,12395151.36,832,576,13,4
s,4.0,10467287726.185026,3098787.84,123200143.36,12395151.36,896,576,13,4
m,4.0,20934575452.370052,3098787.84,123200143.36,12395151.36,896,576,13,4
l,4.0,52336438630.925125,3098787.84,123200143.36,12395151.36,896,576,13,4
xl,4.0,104672877261.85025,3098787.84,123200143.36,12395151.36,896,576,13,4
l,4.0,48482650510.66505,3098787.84,141428736.0,12395151.36,960,576,13,4
xl,4.0,96965301021.3301,3098787.84,141428736.0,12395151.36,960,576,13,4
l,4.0,44587628994.685936,3825664.0,141428736.0,15302656.0,960,640,13,4
xl,4.0,89175257989.37187,3825664.0,141428736.0,15302656.0,960,640,13,4
l,4.0,41593080853.50993,3825664.0,160914472.96,15302656.0,1024,640,13,4
xl,4.0,83186161707.01987,3825664.0,160914472.96,15302656.0,1024,640,13,4
l,4.0,38830274475.66573,3825664.0,181657354.24,15302656.0,1088,640,13,4
xl,4.0,77660548951.33147,3825664.0,181657354.24,15302656.0,1088,640,13,4
l,4.0,38419109201.182655,4629053.4399999995,160914472.96,18516213.759999998,1024,704,13,4
xl,4.0,76838218402.36531,4629053.4399999995,160914472.96,18516213.759999998,1024,704,13,4
l,4.0,36049864966.896034,4629053.4399999995,181657354.24,18516213.759999998,1088,704,13,4
xl,4.0,72099729933.79207,4629053.4399999995,181657354.24,18516213.759999998,1088,704,13,4
l,4.0,33845618008.161407,4629053.4399999995,203657379.83999997,18516213.759999998,1152,704,13,4
xl,4.0,67691236016.322815,4629053.4399999995,203657379.83999997,18516213.759999998,1152,704,13,4
l,4.0,31798103981.93278,4629053.4399999995,226914549.76000002,18516213.759999998,1216,704,13,4
xl,4.0,63596207963.86556,4629053.4399999995,226914549.76000002,18516213.759999998,1216,704,13,4
l,4.0,31529212235.862335,5508956.16,203657379.83999997,22035824.64,1152,768,13,4
xl,4.0,63058424471.72467,5508956.16,203657379.83999997,22035824.64,1152,768,13,4
l,4.0,29744985304.34961,5508956.16,226914549.76000002,22035824.64,1216,768,13,4
xl,4.0,59489970608.69922,5508956.16,226914549.76000002,22035824.64,1216,768,13,4
xl,4.0,56152121685.90627,5508956.16,251428864.0,22035824.64,1280,768,13,4
l,4.0,27797659701.77578,6465372.16,226914549.76000002,25861488.64,1216,832,13,4
xl,4.0,55595319403.55156,6465372.16,226914549.76000002,25861488.64,1216,832,13,4
xl,4.0,52669457490.59885,6465372.16,251428864.0,25861488.64,1280,832,13,4
xl,4.0,49367779626.52872,7498301.4399999995,251428864.0,29993205.759999998,1280,896,13,4
s,4.0,67599957082.13925,344309.76,16944128.0,1377239.04,320,192,14,4
m,4.0,135199914164.2785,344309.76,16944128.0,1377239.04,320,192,14,4
l,4.0,337999785410.6963,344309.76,16944128.0,1377239.04,320,192,14,4
s,4.0,45875699725.53266,612106.24,24399544.32,2448424.96,384,256,14,4
m,4.0,91751399451.06532,612106.24,24399544.32,2448424.96,384,256,14,4
l,4.0,229378498627.6633,612106.24,24399544.32,2448424.96,384,256,14,4
xl,4.0,458756997255.3266,612106.24,24399544.32,2448424.96,384,256,14,4
s,4.0,33066708788.892056,956416.0,33210490.88,3825664.0,448,320,14,4
m,4.0,66133417577.78411,956416.0,33210490.88,3825664.0,448,320,14,4
l,4.0,165333543944.4603,956416.0,33210490.88,3825664.0,448,320,14,4
xl,4.0,330667087888.9206,956416.0,33210490.88,3825664.0,448,320,14,4
s,4.0,28732076539.89817,956416.0,43376967.68,3825664.0,512,320,14,4
m,4.0,57464153079.79634,956416.0,43376967.68,3825664.0,512,320,14,4
l,4.0,143660382699.49084,956416.0,43376967.68,3825664.0,512,320,14,4
xl,4.0,287320765398.9817,956416.0,43376967.68,3825664.0,512,320,14,4
s,4.0,22122211420.919765,1377239.04,54898974.72,5508956.16,576,384,14,4
m,4.0,44244422841.83953,1377239.04,54898974.72,5508956.16,576,384,14,4
l,4.0,110611057104.59882,1377239.04,54898974.72,5508956.16,576,384,14,4
xl,4.0,221222114209.19763,1377239.04,54898974.72,5508956.16,576,384,14,4
s,4.0,19685465940.175335,1377239.04,67776512.0,5508956.16,640,384,14,4
m,4.0,39370931880.35067,1377239.04,67776512.0,5508956.16,640,384,14,4
l,4.0,98427329700.87668,1377239.04,67776512.0,5508956.16,640,384,14,4
xl,4.0,196854659401.75336,1377239.04,67776512.0,5508956.16,640,384,14,4
s,4.0,17531154544.61662,1874575.3599999999,67776512.0,7498301.4399999995,640,448,14,4
m,4.0,35062309089.23324,1874575.3599999999,67776512.0,7498301.4399999995,640,448,14,4
l,4.0,87655772723.0831,1874575.3599999999,67776512.0,7498301.4399999995,640,448,14,4
xl,4.0,175311545446.1662,1874575.3599999999,67776512.0,7498301.4399999995,640,448,14,4
s,4.0,15834486134.594288,1874575.3599999999,82009579.52,7498301.4399999995,704,448,14,4
m,4.0,31668972269.188576,1874575.3599999999,82009579.52,7498301.4399999995,704,448,14,4
l,4.0,79172430672.97144,1874575.3599999999,82009579.52,7498301.4399999995,704,448,14,4
xl,4.0,158344861345.94287,1874575.3599999999,82009579.52,7498301.4399999995,704,448,14,4
s,4.0,14221125865.19168,2448424.96,82009579.52,9793699.84,704,512,14,4
m,4.0,28442251730.38336,2448424.96,82009579.52,9793699.84,704,512,14,4
l,4.0,71105629325.9584,2448424.96,82009579.52,9793699.84,704,512,14,4
xl,4.0,142211258651.9168,2448424.96,82009579.52,9793699.84,704,512,14,4
s,4.0,12996053757.633654,2448424.96,97598177.28,9793699.84,768,512,14,4
m,4.0,25992107515.267307,2448424.96,97598177.28,9793699.84,768,512,14,4
l,4.0,64980268788.16827,2448424.96,97598177.28,9793699.84,768,512,14,4
xl,4.0,129960537576.33653,2448424.96,97598177.28,9793699.84,768,512,14,4
s,4.0,11891811925.434738,2448424.96,114542305.28,9793699.84,832,512,14,4
m,4.0,23783623850.869476,2448424.96,114542305.28,9793699.84,832,512,14,4
l,4.0,59459059627.1737,2448424.96,114542305.28,9793699.84,832,512,14,4
xl,4.0,118918119254.3474,2448424.96,114542305.28,9793699.84,832,512,14,4
s,4.0,10848538749.39045,3098787.84,114542305.28,12395151.36,832,576,14,4
m,4.0,21697077498.7809,3098787.84,114542305.28,12395151.36,832,576,14,4
l,4.0,54242693746.95225,3098787.84,114542305.28,12395151.36,832,576,14,4
xl,4.0,108485387493.9045,3098787.84,114542305.28,12395151.36,832,576,14,4
l,4.0,50080188879.2032,3098787.84,132841963.52,12395151.36,896,576,14,4
xl,4.0,100160377758.4064,3098787.84,132841963.52,12395151.36,896,576,14,4
l,4.0,46288593874.27562,3098787.84,152497152.0,12395151.36,960,576,14,4
xl,4.0,92577187748.55124,3098787.84,152497152.0,12395151.36,960,576,14,4
l,4.0,45935223391.53163,3825664.0,132841963.52,15302656.0,896,640,14,4
xl,4.0,91870446783.06326,3825664.0,132841963.52,15302656.0,896,640,14,4
l,4.0,42725174315.29319,3825664.0,152497152.0,15302656.0,960,640,14,4
xl,4.0,85450348630.58638,3825664.0,152497152.0,15302656.0,960,640,14,4
l,4.0,39770399995.69131,3825664.0,173507870.72,15302656.0,1024,640,14,4
xl,4.0,79540799991.38261,3825664.0,173507870.72,15302656.0,1024,640,14,4
l,4.0,36858774505.02841,4629053.4399999995,173507870.72,18516213.759999998,1024,704,14,4
xl,4.0,73717549010.05682,4629053.4399999995,173507870.72,18516213.759999998,1024,704,14,4
l,4.0,34515118624.828964,4629053.4399999995,195874119.68,18516213.759999998,1088,704,14,4
xl,4.0,69030237249.65793,4629053.4399999995,195874119.68,18516213.759999998,1088,704,14,4
l,4.0,32343257875.984867,4629053.4399999995,219595898.88,18516213.759999998,1152,704,14,4
xl,4.0,64686515751.969734,4629053.4399999995,219595898.88,18516213.759999998,1152,704,14,4
l,4.0,32109421642.46697,5508956.16,195874119.68,22035824.64,1088,768,14,4
xl,4.0,64218843284.93394,5508956.16,195874119.68,22035824.64,1088,768,14,4
l,4.0,30221486183.48698,5508956.16,219595898.88,22035824.64,1152,768,14,4
xl,4.0,60442972366.97396,5508956.16,219595898.88,22035824.64,1152,768,14,4
xl,4.0,56918629538.846794,5508956.16,244673208.32000002,22035824.64,1216,768,14,4
xl,4.0,53633646052.6735,5508956.16,271106048.0,22035824.64,1280,768,14,4
l,4.0,28213376358.79548,6465372.16,219595898.88,25861488.64,1152,832,14,4
xl,4.0,56426752717.59096,6465372.16,219595898.88,25861488.64,1152,832,14,4
xl,4.0,53343262793.363365,6465372.16,244673208.32000002,25861488.64,1216,832,14,4
xl,4.0,50447514655.9716,6465372.16,271106048.0,25861488.64,1280,832,14,4
xl,4.0,47410502095.2711,7498301.4399999995,271106048.0,29993205.759999998,1280,896,14,4
s,4.0,81486714015.01077,344309.76,11631329.28,1377239.04,256,192,15,4
m,4.0,162973428030.02155,344309.76,11631329.28,1377239.04,256,192,15,4
s,4.0,43942149351.84276,612106.24,26170490.88,2448424.96,384,256,15,4
m,4.0,87884298703.68552,612106.24,26170490.88,2448424.96,384,256,15,4
l,4.0,219710746759.21378,612106.24,26170490.88,2448424.96,384,256,15,4
xl,4.0,439421493518.42755,612106.24,26170490.88,2448424.96,384,256,15,4
s,4.0,31756063032.68573,956416.0,35620945.92,3825664.0,448,320,15,4
m,4.0,63512126065.37146,956416.0,35620945.92,3825664.0,448,320,15,4
l,4.0,158780315163.42865,956416.0,35620945.92,3825664.0,448,320,15,4
xl,4.0,317560630326.8573,956416.0,35620945.92,3825664.0,448,320,15,4
s,4.0,27488880637.82648,956416.0,46525317.12,3825664.0,512,320,15,4
m,4.0,54977761275.65296,956416.0,46525317.12,3825664.0,512,320,15,4
l,4.0,137444403189.13242,956416.0,46525317.12,3825664.0,512,320,15,4
xl,4.0,274888806378.26483,956416.0,46525317.12,3825664.0,512,320,15,4
s,4.0,23981654533.100594,1377239.04,46525317.12,5508956.16,512,384,15,4
m,4.0,47963309066.20119,1377239.04,46525317.12,5508956.16,512,384,15,4
l,4.0,119908272665.50298,1377239.04,46525317.12,5508956.16,512,384,15,4
xl,4.0,239816545331.00595,1377239.04,46525317.12,5508956.16,512,384,15,4
s,4.0,21213290951.5539,1377239.04,58883604.480000004,5508956.16,576,384,15,4
m,4.0,42426581903.1078,1377239.04,58883604.480000004,5508956.16,576,384,15,4
l,4.0,106066454757.76952,1377239.04,58883604.480000004,5508956.16,576,384,15,4
xl,4.0,212132909515.53903,1377239.04,58883604.480000004,5508956.16,576,384,15,4
s,4.0,16841309700.960854,1874575.3599999999,72695808.0,7498301.4399999995,640,448,15,4
m,4.0,33682619401.921707,1874575.3599999999,72695808.0,7498301.4399999995,640,448,15,4
l,4.0,84206548504.80426,1874575.3599999999,72695808.0,7498301.4399999995,640,448,15,4
xl,4.0,168413097009.60852,1874575.3599999999,72695808.0,7498301.4399999995,640,448,15,4
s,4.0,15168438716.486032,1874575.3599999999,87961927.68,7498301.4399999995,704,448,15,4
m,4.0,30336877432.972065,1874575.3599999999,87961927.68,7498301.4399999995,704,448,15,4
l,4.0,75842193582.43016,1874575.3599999999,87961927.68,7498301.4399999995,704,448,15,4
xl,4.0,151684387164.86032,1874575.3599999999,87961927.68,7498301.4399999995,704,448,15,4
s,4.0,13681577418.891397,2448424.96,87961927.68,9793699.84,704,512,15,4
m,4.0,27363154837.782795,2448424.96,87961927.68,9793699.84,704,512,15,4
l,4.0,68407887094.456985,2448424.96,87961927.68,9793699.84,704,512,15,4
xl,4.0,136815774188.91397,2448424.96,87961927.68,9793699.84,704,512,15,4
s,4.0,12469921551.62376,2448424.96,104681963.52,9793699.84,768,512,15,4
m,4.0,24939843103.24752,2448424.96,104681963.52,9793699.84,768,512,15,4
l,4.0,62349607758.118805,2448424.96,104681963.52,9793699.84,768,512,15,4
xl,4.0,124699215516.23761,2448424.96,104681963.52,9793699.84,768,512,15,4
s,4.0,11327619066.05394,3098787.84,104681963.52,12395151.36,768,576,15,4
m,4.0,22655238132.10788,3098787.84,104681963.52,12395151.36,768,576,15,4
l,4.0,56638095330.26969,3098787.84,104681963.52,12395151.36,768,576,15,4
xl,4.0,113276190660.53938,3098787.84,104681963.52,12395151.36,768,576,15,4
s,4.0,10423702144.429049,3098787.84,122855915.52,12395151.36,832,576,15,4
m,4.0,20847404288.858097,3098787.84,122855915.52,12395151.36,832,576,15,4
l,4.0,52118510722.14524,3098787.84,122855915.52,12395151.36,832,576,15,4
xl,4.0,104237021444.29048,3098787.84,122855915.52,12395151.36,832,576,15,4
l,4.0,48010435271.67055,3098787.84,142483783.68,12395151.36,896,576,15,4
xl,4.0,96020870543.3411,3098787.84,142483783.68,12395151.36,896,576,15,4
l,4.0,44187927281.34916,3825664.0,142483783.68,15302656.0,896,640,15,4
xl,4.0,88375854562.69832,3825664.0,142483783.68,15302656.0,896,640,15,4
l,4.0,41012072969.992615,3825664.0,163565568.0,15302656.0,960,640,15,4
xl,4.0,82024145939.98523,3825664.0,163565568.0,15302656.0,960,640,15,4
l,4.0,38100758742.77689,3825664.0,186101268.48,15302656.0,1024,640,15,4
xl,4.0,76201517485.55379,3825664.0,186101268.48,15302656.0,1024,640,15,4
l,4.0,37922862519.11419,4629053.4399999995,163565568.0,18516213.759999998,960,704,15,4
xl,4.0,75845725038.22838,4629053.4399999995,163565568.0,18516213.759999998,960,704,15,4
l,4.0,35420234617.74018,4629053.4399999995,186101268.48,18516213.759999998,1024,704,15,4
xl,4.0,70840469235.48036,4629053.4399999995,186101268.48,18516213.759999998,1024,704,15,4
l,4.0,33105713280.178375,4629053.4399999995,210090885.12,18516213.759999998,1088,704,15,4
xl,4.0,66211426560.35675,4629053.4399999995,210090885.12,18516213.759999998,1088,704,15,4
l,4.0,32891332762.27665,5508956.16,186101268.48,22035824.64,1024,768,15,4
xl,4.0,65782665524.5533,5508956.16,186101268.48,22035824.64,1024,768,15,4
l,4.0,30886158275.75734,5508956.16,210090885.12,22035824.64,1088,768,15,4
xl,4.0,61772316551.51468,5508956.16,210090885.12,22035824.64,1088,768,15,4
xl,4.0,58035840223.48758,5508956.16,235534417.92000002,22035824.64,1152,768,15,4
xl,4.0,54560361467.89441,5508956.16,262431866.88000003,22035824.64,1216,768,15,4
xl,4.0,54323317295.699394,6465372.16,235534417.92000002,25861488.64,1152,832,15,4
xl,4.0,51266555847.23902,6465372.16,262431866.88000003,25861488.64,1216,832,15,4
xl,4.0,48405455370.72004,6465372.16,290783232.0,25861488.64,1280,832,15,4
xl,4.0,48133190406.252686,7498301.4399999995,262431866.88000003,29993205.759999998,1216,896,15,4
xl,4.0,45602505852.58912,7498301.4399999995,290783232.0,29993205.759999998,1280,896,15,4
xl,4.0,42935717673.95578,8607744.0,290783232.0,34430976.0,1280,960,15,4
s,4.0,78346568011.6654,344309.76,12418416.64,1377239.04,256,192,16,4
m,4.0,156693136023.3308,344309.76,12418416.64,1377239.04,256,192,16,4
s,4.0,42164996204.20585,612106.24,27941437.44,2448424.96,384,256,16,4
m,4.0,84329992408.4117,612106.24,27941437.44,2448424.96,384,256,16,4
l,4.0,210824981021.02924,612106.24,27941437.44,2448424.96,384,256,16,4
xl,4.0,421649962042.0585,612106.24,27941437.44,2448424.96,384,256,16,4
s,4.0,30545354710.350765,956416.0,38031400.96,3825664.0,448,320,16,4
m,4.0,61090709420.70153,956416.0,38031400.96,3825664.0,448,320,16,4
l,4.0,152726773551.7538,956416.0,38031400.96,3825664.0,448,320,16,4
xl,4.0,305453547103.5076,956416.0,38031400.96,3825664.0,448,320,16,4
s,4.0,23109322432.299896,1377239.04,49673666.56,5508956.16,512,384,16,4
m,4.0,46218644864.59979,1377239.04,49673666.56,5508956.16,512,384,16,4
l,4.0,115546612161.49948,1377239.04,49673666.56,5508956.16,512,384,16,4
xl,4.0,231093224322.99896,1377239.04,49673666.56,5508956.16,512,384,16,4
s,4.0,20376111326.152443,1377239.04,62868234.239999995,5508956.16,576,384,16,4
m,4.0,40752222652.304886,1377239.04,62868234.239999995,5508956.16,576,384,16,4
l,4.0,101880556630.76222,1377239.04,62868234.239999995,5508956.16,576,384,16,4
xl,4.0,203761113261.52444,1377239.04,62868234.239999995,5508956.16,576,384,16,4
s,4.0,18076812489.102577,1874575.3599999999,62868234.239999995,7498301.4399999995,576,448,16,4
m,4.0,36153624978.205154,1874575.3599999999,62868234.239999995,7498301.4399999995,576,448,16,4
l,4.0,90384062445.51288,1874575.3599999999,62868234.239999995,7498301.4399999995,576,448,16,4
xl,4.0,180768124891.02576,1874575.3599999999,62868234.239999995,7498301.4399999995,576,448,16,4
s,4.0,16203699742.79932,1874575.3599999999,77615104.0,7498301.4399999995,640,448,16,4
m,4.0,32407399485.59864,1874575.3599999999,77615104.0,7498301.4399999995,640,448,16,4
l,4.0,81018498713.9966,1874575.3599999999,77615104.0,7498301.4399999995,640,448,16,4
xl,4.0,162036997427.9932,1874575.3599999999,77615104.0,7498301.4399999995,640,448,16,4
s,4.0,13181473312.295616,2448424.96,93914275.84,9793699.84,704,512,16,4
m,4.0,26362946624.591232,2448424.96,93914275.84,9793699.84,704,512,16,4
l,4.0,65907366561.47808,2448424.96,93914275.84,9793699.84,704,512,16,4
xl,4.0,131814733122.95616,2448424.96,93914275.84,9793699.84,704,512,16,4
s,4.0,11984731704.925459,2448424.96,111765749.76,9793699.84,768,512,16,4
m,4.0,23969463409.850918,2448424.96,111765749.76,9793699.84,768,512,16,4
l,4.0,59923658524.6273,2448424.96,111765749.76,9793699.84,768,512,16,4
xl,4.0,119847317049.2546,2448424.96,111765749.76,9793699.84,768,512,16,4
s,4.0,10925816947.457365,3098787.84,111765749.76,12395151.36,768,576,16,4
m,4.0,21851633894.91473,3098787.84,111765749.76,12395151.36,768,576,16,4
l,4.0,54629084737.28683,3098787.84,111765749.76,12395151.36,768,576,16,4
xl,4.0,109258169474.57365,3098787.84,111765749.76,12395151.36,768,576,16,4
l,4.0,50154427166.434204,3098787.84,131169525.76,12395151.36,832,576,16,4
xl,4.0,100308854332.86841,3098787.84,131169525.76,12395151.36,832,576,16,4
l,4.0,46104972545.07162,3098787.84,152125603.84,12395151.36,896,576,16,4
xl,4.0,92209945090.14323,3098787.84,152125603.84,12395151.36,896,576,16,4
l,4.0,45997673674.645546,3825664.0,131169525.76,15302656.0,832,640,16,4
xl,4.0,91995347349.29109,3825664.0,131169525.76,15302656.0,832,640,16,4
l,4.0,42568688317.834404,3825664.0,152125603.84,15302656.0,896,640,16,4
xl,4.0,85137376635.66881,3825664.0,152125603.84,15302656.0,896,640,16,4
l,4.0,39431052187.02911,3825664.0,174633984.0,15302656.0,960,640,16,4
xl,4.0,78862104374.05823,3825664.0,174633984.0,15302656.0,960,640,16,4
l,4.0,36567113548.388214,4629053.4399999995,174633984.0,18516213.759999998,960,704,16,4
xl,4.0,73134227096.77643,4629053.4399999995,174633984.0,18516213.759999998,960,704,16,4
l,4.0,34089764815.268887,4629053.4399999995,198694666.24,18516213.759999998,1024,704,16,4
xl,4.0,68179529630.53777,4629053.4399999995,198694666.24,18516213.759999998,1024,704,16,4
l,4.0,31806896647.974876,4629053.4399999995,224307650.56,18516213.759999998,1088,704,16,4
xl,4.0,63613793295.94975,4629053.4399999995,224307650.56,18516213.759999998,1088,704,16,4
l,4.0,31740979114.196033,5508956.16,198694666.24,22035824.64,1024,768,16,4
xl,4.0,63481958228.39207,5508956.16,198694666.24,22035824.64,1024,768,16,4
l,4.0,29752679051.18457,5508956.16,224307650.56,22035824.64,1088,768,16,4
xl,4.0,59505358102.36914,5508956.16,224307650.56,22035824.64,1088,768,16,4
xl,4.0,55813092344.79557,5508956.16,251472936.95999998,22035824.64,1152,768,16,4
l,4.0,27804378931.479122,6465372.16,224307650.56,25861488.64,1088,832,16,4
xl,4.0,55608757862.958244,6465372.16,224307650.56,25861488.64,1088,832,16,4
xl,4.0,52371066782.474945,6465372.16,251472936.95999998,25861488.64,1152,832,16,4
xl,4.0,49345486363.94093,6465372.16,280190525.44000006,25861488.64,1216,832,16,4
xl,4.0,46522285015.64541,6465372.16,310460416.0,25861488.64,1280,832,16,4
xl,4.0,49105533514.47792,7498301.4399999995,251472936.95999998,29993205.759999998,1152,896,16,4
xl,4.0,46435885457.32499,7498301.4399999995,280190525.44000006,29993205.759999998,1216,896,16,4
xl,4.0,43927339766.20759,7498301.4399999995,310460416.0,29993205.759999998,1280,896,16,4
xl,4.0,41447550048.57984,8607744.0,310460416.0,34430976.0,1280,960,16,4
s,4.0,130363090617.28238,153026.56,7428096.0,612106.24,192,128,17,4
m,4.0,260726181234.56476,153026.56,7428096.0,612106.24,192,128,17,4
s,4.0,75439457168.08342,344309.76,13205504.0,1377239.04,256,192,17,4
m,4.0,150878914336.16684,344309.76,13205504.0,1377239.04,256,192,17,4
s,4.0,49043968270.67123,612106.24,20633600.0,2448424.96,320,256,17,4
m,4.0,98087936541.34245,612106.24,20633600.0,2448424.96,320,256,17,4
l,4.0,245219841353.35614,612106.24,20633600.0,2448424.96,320,256,17,4
s,4.0,40526002351.986534,612106.24,29712384.0,2448424.96,384,256,17,4
m,4.0,81052004703.97307,612106.24,29712384.0,2448424.96,384,256,17,4
l,4.0,202630011759.93265,612106.24,29712384.0,2448424.96,384,256,17,4
xl,4.0,405260023519.8653,612106.24,29712384.0,2448424.96,384,256,17,4
s,4.0,29423573181.96755,956416.0,40441856.0,3825664.0,448,320,17,4
m,4.0,58847146363.9351,956416.0,40441856.0,3825664.0,448,320,17,4
l,4.0,147117865909.83774,956416.0,40441856.0,3825664.0,448,320,17,4
xl,4.0,294235731819.6755,956416.0,40441856.0,3825664.0,448,320,17,4
s,4.0,22298225038.45356,1377239.04,52822016.0,5508956.16,512,384,17,4
m,4.0,44596450076.90712,1377239.04,52822016.0,5508956.16,512,384,17,4
l,4.0,111491125192.26779,1377239.04,52822016.0,5508956.16,512,384,17,4
xl,4.0,222982250384.53558,1377239.04,52822016.0,5508956.16,512,384,17,4
s,4.0,19602501294.219864,1377239.04,66852864.0,5508956.16,576,384,17,4
m,4.0,39205002588.43973,1377239.04,66852864.0,5508956.16,576,384,17,4
l,4.0,98012506471.09932,1377239.04,66852864.0,5508956.16,576,384,17,4
xl,4.0,196025012942.19864,1377239.04,66852864.0,5508956.16,576,384,17,4
s,4.0,17465324665.770554,1874575.3599999999,66852864.0,7498301.4399999995,576,448,17,4
m,4.0,34930649331.54111,1874575.3599999999,66852864.0,7498301.4399999995,576,448,17,4
l,4.0,87326623328.85277,1874575.3599999999,66852864.0,7498301.4399999995,576,448,17,4
xl,4.0,174653246657.70554,1874575.3599999999,66852864.0,7498301.4399999995,576,448,17,4
s,4.0,15612608272.813866,1874575.3599999999,82534400.0,7498301.4399999995,640,448,17,4
m,4.0,31225216545.62773,1874575.3599999999,82534400.0,7498301.4399999995,640,448,17,4
l,4.0,78063041364.06934,1874575.3599999999,82534400.0,7498301.4399999995,640,448,17,4
xl,4.0,156126082728.13867,1874575.3599999999,82534400.0,7498301.4399999995,640,448,17,4
s,4.0,14041902565.012995,2448424.96,82534400.0,9793699.84,640,512,17,4
m,4.0,28083805130.02599,2448424.96,82534400.0,9793699.84,640,512,17,4
l,4.0,70209512825.06497,2448424.96,82534400.0,9793699.84,640,512,17,4
xl,4.0,140419025650.12994,2448424.96,82534400.0,9793699.84,640,512,17,4
s,4.0,12716640639.060472,2448424.96,99866624.0,9793699.84,704,512,17,4
m,4.0,25433281278.120945,2448424.96,99866624.0,9793699.84,704,512,17,4
l,4.0,63583203195.30236,2448424.96,99866624.0,9793699.84,704,512,17,4
xl,4.0,127166406390.60472,2448424.96,99866624.0,9793699.84,704,512,17,4
s,4.0,11535884145.08231,2448424.96,118849536.0,9793699.84,768,512,17,4
m,4.0,23071768290.16462,2448424.96,118849536.0,9793699.84,768,512,17,4
l,4.0,57679420725.41155,2448424.96,118849536.0,9793699.84,768,512,17,4
xl,4.0,115358841450.8231,2448424.96,118849536.0,9793699.84,768,512,17,4
s,4.0,10551543031.653948,3098787.84,118849536.0,12395151.36,768,576,17,4
m,4.0,21103086063.307896,3098787.84,118849536.0,12395151.36,768,576,17,4
l,4.0,52757715158.269745,3098787.84,118849536.0,12395151.36,768,576,17,4
xl,4.0,105515430316.53949,3098787.84,118849536.0,12395151.36,768,576,17,4
l,4.0,48333000384.693565,3098787.84,139483136.0,12395151.36,832,576,17,4
xl,4.0,96666000769.38713,3098787.84,139483136.0,12395151.36,832,576,17,4
l,4.0,44461026913.59271,3825664.0,139483136.0,15302656.0,832,640,17,4
xl,4.0,88922053827.18542,3825664.0,139483136.0,15302656.0,832,640,17,4
l,4.0,41063926412.64493,3825664.0,161767424.0,15302656.0,896,640,17,4
xl,4.0,82127852825.28986,3825664.0,161767424.0,15302656.0,896,640,17,4
l,4.0,37967403799.25534,3825664.0,185702400.0,15302656.0,960,640,17,4
xl,4.0,75934807598.51068,3825664.0,185702400.0,15302656.0,960,640,17,4
l,4.0,37967194283.58342,4629053.4399999995,161767424.0,18516213.759999998,896,704,17,4
xl,4.0,75934388567.16684,4629053.4399999995,161767424.0,18516213.759999998,896,704,17,4
l,4.0,35304955221.62378,4629053.4399999995,185702400.0,18516213.759999998,960,704,17,4
xl,4.0,70609910443.24756,4629053.4399999995,185702400.0,18516213.759999998,960,704,17,4
l,4.0,32855627854.478546,4629053.4399999995,211288064.0,18516213.759999998,1024,704,17,4
xl,4.0,65711255708.95709,4629053.4399999995,211288064.0,18516213.759999998,1024,704,17,4
l,4.0,32791903847.883842,5508956.16,185702400.0,22035824.64,960,768,17,4
xl,4.0,65583807695.767685,5508956.16,185702400.0,22035824.64,960,768,17,4
l,4.0,30668372114.72151,5508956.16,211288064.0,22035824.64,1024,768,17,4
xl,4.0,61336744229.44302,5508956.16,211288064.0,22035824.64,1024,768,17,4
xl,4.0,57398898053.93472,5508956.16,238524416.0,22035824.64,1088,768,17,4
xl,4.0,53754324681.6324,5508956.16,267411456.0,22035824.64,1152,768,17,4
xl,4.0,53764866357.60075,6465372.16,238524416.0,25861488.64,1088,832,17,4
xl,4.0,50554266952.90508,6465372.16,267411456.0,25861488.64,1152,832,17,4
xl,4.0,47563190060.93524,6465372.16,297949184.00000006,25861488.64,1216,832,17,4
xl,4.0,47504775993.364624,7498301.4399999995,267411456.0,29993205.759999998,1152,896,17,4
xl,4.0,44854206254.00231,7498301.4399999995,297949184.00000006,29993205.759999998,1216,896,17,4
xl,4.0,42370884322.794495,7498301.4399999995,330137600.0,29993205.759999998,1280,896,17,4
xl,4.0,42271741500.01952,8607744.0,297949184.00000006,34430976.0,1216,960,17,4
xl,4.0,40059087474.49758,8607744.0,330137600.0,34430976.0,1280,960,17,4
xl,4.0,37853897908.53398,9793699.84,330137600.0,39174799.36,1280,1024,17,4
s,4.0,72740368744.55524,344309.76,13992591.36,1377239.04,256,192,18,4
m,4.0,145480737489.11047,344309.76,13992591.36,1377239.04,256,192,18,4
l,4.0,363701843722.7762,344309.76,13992591.36,1377239.04,256,192,18,4
s,4.0,47400258858.501656,612106.24,21863424.0,2448424.96,320,256,18,4
m,4.0,94800517717.00331,612106.24,21863424.0,2448424.96,320,256,18,4
l,4.0,237001294292.5083,612106.24,21863424.0,2448424.96,320,256,18,4
s,4.0,28381267978.05744,956416.0,42852311.04,3825664.0,448,320,18,4
m,4.0,56762535956.11488,956416.0,42852311.04,3825664.0,448,320,18,4
l,4.0,141906339890.2872,956416.0,42852311.04,3825664.0,448,320,18,4
xl,4.0,283812679780.5744,956416.0,42852311.04,3825664.0,448,320,18,4
s,4.0,21542133283.060543,1377239.04,55970365.44,5508956.16,512,384,18,4
m,4.0,43084266566.121086,1377239.04,55970365.44,5508956.16,512,384,18,4
l,4.0,107710666415.3027,1377239.04,55970365.44,5508956.16,512,384,18,4
xl,4.0,215421332830.6054,1377239.04,55970365.44,5508956.16,512,384,18,4
s,4.0,16893853039.934519,1874575.3599999999,70837493.76,7498301.4399999995,576,448,18,4
m,4.0,33787706079.869038,1874575.3599999999,70837493.76,7498301.4399999995,576,448,18,4
l,4.0,84469265199.67259,1874575.3599999999,70837493.76,7498301.4399999995,576,448,18,4
xl,4.0,168938530399.34518,1874575.3599999999,70837493.76,7498301.4399999995,576,448,18,4
s,4.0,15063123646.457834,1874575.3599999999,87453696.0,7498301.4399999995,640,448,18,4
m,4.0,30126247292.91567,1874575.3599999999,87453696.0,7498301.4399999995,640,448,18,4
l,4.0,75315618232.28917,1874575.3599999999,87453696.0,7498301.4399999995,640,448,18,4
xl,4.0,150631236464.57834,1874575.3599999999,87453696.0,7498301.4399999995,640,448,18,4
s,4.0,13595838742.301817,2448424.96,87453696.0,9793699.84,640,512,18,4
m,4.0,27191677484.603634,2448424.96,87453696.0,9793699.84,640,512,18,4
l,4.0,67979193711.50908,2448424.96,87453696.0,9793699.84,640,512,18,4
xl,4.0,135958387423.01816,2448424.96,87453696.0,9793699.84,640,512,18,4
s,4.0,12283475057.90666,2448424.96,105818972.16,9793699.84,704,512,18,4
m,4.0,24566950115.81332,2448424.96,105818972.16,9793699.84,704,512,18,4
l,4.0,61417375289.5333,2448424.96,105818972.16,9793699.84,704,512,18,4
xl,4.0,122834750579.0666,2448424.96,105818972.16,9793699.84,704,512,18,4
s,4.0,11173555734.075008,3098787.84,105818972.16,12395151.36,704,576,18,4
m,4.0,22347111468.150017,3098787.84,105818972.16,12395151.36,704,576,18,4
l,4.0,55867778670.375046,3098787.84,105818972.16,12395151.36,704,576,18,4
xl,4.0,111735557340.75009,3098787.84,105818972.16,12395151.36,704,576,18,4
l,4.0,51010310037.3671,3098787.84,125933322.24,12395151.36,768,576,18,4
xl,4.0,102020620074.7342,3098787.84,125933322.24,12395151.36,768,576,18,4
l,4.0,46639232708.83505,3098787.84,147796746.24,12395151.36,832,576,18,4
xl,4.0,93278465417.6701,3098787.84,147796746.24,12395151.36,832,576,18,4
l,4.0,43023730821.555885,3825664.0,147796746.24,15302656.0,832,640,18,4
xl,4.0,86047461643.11177,3825664.0,147796746.24,15302656.0,832,640,18,4
l,4.0,39661916090.544655,3825664.0,171409244.16,15302656.0,896,640,18,4
xl,4.0,79323832181.08931,3825664.0,171409244.16,15302656.0,896,640,18,4
l,4.0,36765574934.03715,4629053.4399999995,171409244.16,18516213.759999998,896,704,18,4
xl,4.0,73531149868.0743,4629053.4399999995,171409244.16,18516213.759999998,896,704,18,4
l,4.0,34127019697.08923,4629053.4399999995,196770816.0,18516213.759999998,960,704,18,4
xl,4.0,68254039394.17846,4629053.4399999995,196770816.0,18516213.759999998,960,704,18,4
l,4.0,31707726782.783634,4629053.4399999995,223881461.76,18516213.759999998,1024,704,18,4
xl,4.0,63415453565.56727,4629053.4399999995,223881461.76,18516213.759999998,1024,704,18,4
l,4.0,31773274696.44118,5508956.16,196770816.0,22035824.64,960,768,18,4
xl,4.0,63546549392.88236,5508956.16,196770816.0,22035824.64,960,768,18,4
l,4.0,29665887641.40651,5508956.16,223881461.76,22035824.64,1024,768,18,4
xl,4.0,59331775282.81302,5508956.16,223881461.76,22035824.64,1024,768,18,4
xl,4.0,55436474460.48009,5508956.16,252741181.44,22035824.64,1088,768,18,4
l,4.0,27728567630.00484,6465372.16,223881461.76,25861488.64,1024,832,18,4
xl,4.0,55457135260.00968,6465372.16,223881461.76,25861488.64,1024,832,18,4
xl,4.0,52039330956.649635,6465372.16,252741181.44,25861488.64,1088,832,18,4
xl,4.0,48859293717.63011,6465372.16,283349975.04,25861488.64,1152,832,18,4
xl,4.0,45905154187.23078,6465372.16,315707842.56000006,25861488.64,1216,832,18,4
xl,4.0,48813762618.15067,7498301.4399999995,252741181.44,29993205.759999998,1088,896,18,4
xl,4.0,46005087771.11218,7498301.4399999995,283349975.04,29993205.759999998,1152,896,18,4
xl,4.0,43376726800.07982,7498301.4399999995,315707842.56000006,29993205.759999998,1216,896,18,4
xl,4.0,40957001748.46685,8607744.0,315707842.56000006,34430976.0,1216,960,18,4
s,4.0,70227745995.88359,344309.76,14779678.72,1377239.04,256,192,19,4
m,4.0,140455491991.76718,344309.76,14779678.72,1377239.04,256,192,19,4
l,4.0,351138729979.41797,344309.76,14779678.72,1377239.04,256,192,19,4
s,4.0,45863154473.635185,612106.24,23093248.0,2448424.96,320,256,19,4
m,4.0,91726308947.27037,612106.24,23093248.0,2448424.96,320,256,19,4
l,4.0,229315772368.1759,612106.24,23093248.0,2448424.96,320,256,19,4
xl,4.0,458631544736.3518,612106.24,23093248.0,2448424.96,320,256,19,4
s,4.0,32266580561.876705,956416.0,33254277.12,3825664.0,384,320,19,4
m,4.0,64533161123.75341,956416.0,33254277.12,3825664.0,384,320,19,4
l,4.0,161332902809.3835,956416.0,33254277.12,3825664.0,384,320,19,4
xl,4.0,322665805618.767,956416.0,33254277.12,3825664.0,384,320,19,4
s,4.0,27410281915.144207,956416.0,45262766.08,3825664.0,448,320,19,4
m,4.0,54820563830.288414,956416.0,45262766.08,3825664.0,448,320,19,4
l,4.0,137051409575.72104,956416.0,45262766.08,3825664.0,448,320,19,4
xl,4.0,274102819151.44208,956416.0,45262766.08,3825664.0,448,320,19,4
s,4.0,20835635254.31623,1377239.04,59118714.88,5508956.16,512,384,19,4
m,4.0,41671270508.63246,1377239.04,59118714.88,5508956.16,512,384,19,4
l,4.0,104178176271.58115,1377239.04,59118714.88,5508956.16,512,384,19,4
xl,4.0,208356352543.1623,1377239.04,59118714.88,5508956.16,512,384,19,4
s,4.0,16358594033.441269,1874575.3599999999,74822123.52,7498301.4399999995,576,448,19,4
m,4.0,32717188066.882538,1874575.3599999999,74822123.52,7498301.4399999995,576,448,19,4
l,4.0,81792970167.20634,1874575.3599999999,74822123.52,7498301.4399999995,576,448,19,4
xl,4.0,163585940334.4127,1874575.3599999999,74822123.52,7498301.4399999995,576,448,19,4
s,4.0,14551002170.590452,1874575.3599999999,92372992.0,7498301.4399999995,640,448,19,4
m,4.0,29102004341.180904,1874575.3599999999,92372992.0,7498301.4399999995,640,448,19,4
l,4.0,72755010852.95226,1874575.3599999999,92372992.0,7498301.4399999995,640,448,19,4
xl,4.0,145510021705.9045,1874575.3599999999,92372992.0,7498301.4399999995,640,448,19,4
s,4.0,13177242257.463577,2448424.96,92372992.0,9793699.84,640,512,19,4
m,4.0,26354484514.927155,2448424.96,92372992.0,9793699.84,640,512,19,4
l,4.0,65886211287.31789,2448424.96,92372992.0,9793699.84,640,512,19,4
xl,4.0,131772422574.63577,2448424.96,92372992.0,9793699.84,640,512,19,4
s,4.0,11878847147.58299,2448424.96,111771320.32,9793699.84,704,512,19,4
m,4.0,23757694295.16598,2448424.96,111771320.32,9793699.84,704,512,19,4
l,4.0,59394235737.914955,2448424.96,111771320.32,9793699.84,704,512,19,4
xl,4.0,118788471475.82991,2448424.96,111771320.32,9793699.84,704,512,19,4
s,4.0,10837747964.248695,3098787.84,111771320.32,12395151.36,704,576,19,4
m,4.0,21675495928.49739,3098787.84,111771320.32,12395151.36,704,576,19,4
l,4.0,54188739821.24348,3098787.84,111771320.32,12395151.36,704,576,19,4
xl,4.0,108377479642.48695,3098787.84,111771320.32,12395151.36,704,576,19,4
l,4.0,49374946671.107605,3098787.84,133017108.48,12395151.36,768,576,19,4
xl,4.0,98749893342.21521,3098787.84,133017108.48,12395151.36,768,576,19,4
l,4.0,45341198657.280685,3825664.0,133017108.48,15302656.0,768,640,19,4
xl,4.0,90682397314.56137,3825664.0,133017108.48,15302656.0,768,640,19,4
l,4.0,41676451964.17624,3825664.0,156110356.48,15302656.0,832,640,19,4
xl,4.0,83352903928.35248,3825664.0,156110356.48,15302656.0,832,640,19,4
l,4.0,38352480339.70858,3825664.0,181051064.32,15302656.0,896,640,19,4
xl,4.0,76704960679.41716,3825664.0,181051064.32,15302656.0,896,640,19,4
l,4.0,38490230808.68285,4629053.4399999995,156110356.48,18516213.759999998,832,704,19,4
xl,4.0,76980461617.3657,4629053.4399999995,156110356.48,18516213.759999998,832,704,19,4
l,4.0,35637682048.341835,4629053.4399999995,181051064.32,18516213.759999998,896,704,19,4
xl,4.0,71275364096.68367,4629053.4399999995,181051064.32,18516213.759999998,896,704,19,4
l,4.0,33025148983.844704,4629053.4399999995,207839232.0,18516213.759999998,960,704,19,4
xl,4.0,66050297967.68941,4629053.4399999995,207839232.0,18516213.759999998,960,704,19,4
l,4.0,30816023184.220566,5508956.16,207839232.0,22035824.64,960,768,19,4
xl,4.0,61632046368.44113,5508956.16,207839232.0,22035824.64,960,768,19,4
xl,4.0,57453733767.58281,5508956.16,236474859.52,22035824.64,1024,768,19,4
xl,4.0,53603802235.535164,5508956.16,266957946.88,22035824.64,1088,768,19,4
xl,4.0,53812975461.100655,6465372.16,236474859.52,25861488.64,1024,832,19,4
xl,4.0,50421110418.29009,6465372.16,266957946.88,25861488.64,1088,832,19,4
xl,4.0,47274290857.348206,6465372.16,299288494.08,25861488.64,1152,832,19,4
xl,4.0,47387180573.95272,7498301.4399999995,266957946.88,29993205.759999998,1088,896,19,4
xl,4.0,44597189747.97575,7498301.4399999995,299288494.08,29993205.759999998,1152,896,19,4
xl,4.0,41993478561.94017,7498301.4399999995,333466501.12000006,29993205.759999998,1216,896,19,4
xl,4.0,42043392957.6184,8607744.0,299288494.08,34430976.0,1152,960,19,4
xl,4.0,39721577443.57004,8607744.0,333466501.12000006,34430976.0,1216,960,19,4
s,4.0,67882911210.238266,344309.76,15391784.96,1377239.04,256,192,20,4
m,4.0,135765822420.47653,344309.76,15391784.96,1377239.04,256,192,20,4
l,4.0,339414556051.19135,344309.76,15391784.96,1377239.04,256,192,20,4
s,4.0,44422609843.25429,612106.24,24049664.0,2448424.96,320,256,20,4
m,4.0,88845219686.50858,612106.24,24049664.0,2448424.96,320,256,20,4
l,4.0,222113049216.27145,612106.24,24049664.0,2448424.96,320,256,20,4
xl,4.0,444226098432.5429,612106.24,24049664.0,2448424.96,320,256,20,4
s,4.0,31297945322.43944,956416.0,34631516.160000004,3825664.0,384,320,20,4
m,4.0,62595890644.87888,956416.0,34631516.160000004,3825664.0,384,320,20,4
l,4.0,156489726612.1972,956416.0,34631516.160000004,3825664.0,384,320,20,4
xl,4.0,312979453224.3944,956416.0,34631516.160000004,3825664.0,384,320,20,4
s,4.0,26503537183.27531,956416.0,47137341.44,3825664.0,448,320,20,4
m,4.0,53007074366.55062,956416.0,47137341.44,3825664.0,448,320,20,4
l,4.0,132517685916.37656,956416.0,47137341.44,3825664.0,448,320,20,4
xl,4.0,265035371832.7531,956416.0,47137341.44,3825664.0,448,320,20,4
s,4.0,23228259835.40269,1377239.04,47137341.44,5508956.16,448,384,20,4
m,4.0,46456519670.80538,1377239.04,47137341.44,5508956.16,448,384,20,4
l,4.0,116141299177.01346,1377239.04,47137341.44,5508956.16,448,384,20,4
xl,4.0,232282598354.02692,1377239.04,47137341.44,5508956.16,448,384,20,4
s,4.0,20174006454.39093,1377239.04,61567139.84,5508956.16,512,384,20,4
m,4.0,40348012908.78186,1377239.04,61567139.84,5508956.16,512,384,20,4
l,4.0,100870032271.95465,1377239.04,61567139.84,5508956.16,512,384,20,4
xl,4.0,201740064543.9093,1377239.04,61567139.84,5508956.16,512,384,20,4
s,4.0,15856211309.258783,1874575.3599999999,77920911.35999998,7498301.4399999995,576,448,20,4
m,4.0,31712422618.517567,1874575.3599999999,77920911.35999998,7498301.4399999995,576,448,20,4
l,4.0,79281056546.29391,1874575.3599999999,77920911.35999998,7498301.4399999995,576,448,20,4
xl,4.0,158562113092.58783,1874575.3599999999,77920911.35999998,7498301.4399999995,576,448,20,4
s,4.0,12783651848.757414,2448424.96,96198656.0,9793699.84,640,512,20,4
m,4.0,25567303697.514828,2448424.96,96198656.0,9793699.84,640,512,20,4
l,4.0,63918259243.78706,2448424.96,96198656.0,9793699.84,640,512,20,4
xl,4.0,127836518487.57413,2448424.96,96198656.0,9793699.84,640,512,20,4
s,4.0,11500026680.0619,2448424.96,116400373.75999999,9793699.84,704,512,20,4
m,4.0,23000053360.1238,2448424.96,116400373.75999999,9793699.84,704,512,20,4
l,4.0,57500133400.3095,2448424.96,116400373.75999999,9793699.84,704,512,20,4
xl,4.0,115000266800.619,2448424.96,116400373.75999999,9793699.84,704,512,20,4
s,4.0,10521535866.804697,3098787.84,116400373.75999999,12395151.36,704,576,20,4
m,4.0,21043071733.609394,3098787.84,116400373.75999999,12395151.36,704,576,20,4
l,4.0,52607679334.02348,3098787.84,116400373.75999999,12395151.36,704,576,20,4
xl,4.0,105215358668.04697,3098787.84,116400373.75999999,12395151.36,704,576,20,4
l,4.0,47841183803.68489,3098787.84,138526064.64000002,12395151.36,768,576,20,4
xl,4.0,95682367607.36978,3098787.84,138526064.64000002,12395151.36,768,576,20,4
l,4.0,44044513682.889755,3825664.0,138526064.64000002,15302656.0,768,640,20,4
xl,4.0,88089027365.77951,3825664.0,138526064.64000002,15302656.0,768,640,20,4
l,4.0,40410990506.61131,3825664.0,162575728.64,15302656.0,832,640,20,4
xl,4.0,80821981013.22263,3825664.0,162575728.64,15302656.0,832,640,20,4
l,4.0,37126743168.90499,3825664.0,188549365.76,15302656.0,896,640,20,4
xl,4.0,74253486337.80998,3825664.0,188549365.76,15302656.0,896,640,20,4
l,4.0,37408354021.649445,4629053.4399999995,162575728.64,18516213.759999998,832,704,20,4
xl,4.0,74816708043.29889,4629053.4399999995,162575728.64,18516213.759999998,832,704,20,4
l,4.0,34576932258.002914,4629053.4399999995,188549365.76,18516213.759999998,896,704,20,4
xl,4.0,69153864516.00583,4629053.4399999995,188549365.76,18516213.759999998,896,704,20,4
l,4.0,31992205736.35708,4629053.4399999995,216446976.0,18516213.759999998,960,704,20,4
xl,4.0,63984411472.71416,4629053.4399999995,216446976.0,18516213.759999998,960,704,20,4
l,4.0,32162912096.960117,5508956.16,188549365.76,22035824.64,896,768,20,4
xl,4.0,64325824193.920235,5508956.16,188549365.76,22035824.64,896,768,20,4
l,4.0,29914764078.09858,5508956.16,216446976.0,22035824.64,960,768,20,4
xl,4.0,59829528156.19716,5508956.16,216446976.0,22035824.64,960,768,20,4
xl,4.0,55690936509.481,5508956.16,246268559.36,22035824.64,1024,768,20,4
l,4.0,27945880820.98613,6465372.16,216446976.0,25861488.64,960,832,20,4
xl,4.0,55891761641.97226,6465372.16,216446976.0,25861488.64,960,832,20,4
xl,4.0,52263498679.15505,6465372.16,246268559.36,25861488.64,1024,832,20,4
xl,4.0,48900495441.042015,6465372.16,278014115.84,25861488.64,1088,832,20,4
xl,4.0,45788892282.8837,6465372.16,311683645.43999994,25861488.64,1152,832,20,4
xl,4.0,46041614547.559,7498301.4399999995,278014115.84,29993205.759999998,1088,896,20,4
xl,4.0,43272904971.73137,7498301.4399999995,311683645.43999994,29993205.759999998,1152,896,20,4
xl,4.0,40864427664.79124,8607744.0,311683645.43999994,34430976.0,1152,960,20,4
s,4.0,114800549749.5254,153026.56,9270067.2,765132.8,256,128,12,5
m,4.0,229601099499.0508,153026.56,9270067.2,765132.8,256,128,12,5
s,4.0,69650582307.84274,344309.76,14484480.0,1721548.8,320,192,12,5
m,4.0,139301164615.6855,344309.76,14484480.0,1721548.8,320,192,12,5
l,4.0,348252911539.2137,344309.76,14484480.0,1721548.8,320,192,12,5
s,4.0,57528974260.782135,344309.76,20857651.2,1721548.8,384,192,12,5
m,4.0,115057948521.56427,344309.76,20857651.2,1721548.8,384,192,12,5
l,4.0,287644871303.91064,344309.76,20857651.2,1721548.8,384,192,12,5
s,4.0,39965952333.778854,612106.24,28389580.8,3060531.2,448,256,12,5
m,4.0,79931904667.55771,612106.24,28389580.8,3060531.2,448,256,12,5
l,4.0,199829761668.89426,612106.24,28389580.8,3060531.2,448,256,12,5
xl,4.0,399659523337.7885,612106.24,28389580.8,3060531.2,448,256,12,5
s,4.0,34563882770.98947,612106.24,37080268.8,3060531.2,512,256,12,5
m,4.0,69127765541.97894,612106.24,37080268.8,3060531.2,512,256,12,5
l,4.0,172819413854.94736,612106.24,37080268.8,3060531.2,512,256,12,5
xl,4.0,345638827709.8947,612106.24,37080268.8,3060531.2,512,256,12,5
s,4.0,25931714898.909546,956416.0,46929715.2,4782080.0,576,320,12,5
m,4.0,51863429797.81909,956416.0,46929715.2,4782080.0,576,320,12,5
l,4.0,129658574494.54771,956416.0,46929715.2,4782080.0,576,320,12,5
xl,4.0,259317148989.09543,956416.0,46929715.2,4782080.0,576,320,12,5
s,4.0,23063300826.994617,956416.0,57937920.0,4782080.0,640,320,12,5
m,4.0,46126601653.989235,956416.0,57937920.0,4782080.0,640,320,12,5
l,4.0,115316504134.97308,956416.0,57937920.0,4782080.0,640,320,12,5
xl,4.0,230633008269.94617,956416.0,57937920.0,4782080.0,640,320,12,5
s,4.0,20103292712.20193,1377239.04,57937920.0,6886195.2,640,384,12,5
m,4.0,40206585424.40386,1377239.04,57937920.0,6886195.2,640,384,12,5
l,4.0,100516463561.00966,1377239.04,57937920.0,6886195.2,640,384,12,5
xl,4.0,201032927122.01932,1377239.04,57937920.0,6886195.2,640,384,12,5
s,4.0,18187789808.607883,1377239.04,70104883.2,6886195.2,704,384,12,5
m,4.0,36375579617.21577,1377239.04,70104883.2,6886195.2,704,384,12,5
l,4.0,90938949043.03941,1377239.04,70104883.2,6886195.2,704,384,12,5
xl,4.0,181877898086.07883,1377239.04,70104883.2,6886195.2,704,384,12,5
s,4.0,16484370105.790516,1377239.04,83430604.8,6886195.2,768,384,12,5
m,4.0,32968740211.58103,1377239.04,83430604.8,6886195.2,768,384,12,5
l,4.0,82421850528.95258,1377239.04,83430604.8,6886195.2,768,384,12,5
xl,4.0,164843701057.90515,1377239.04,83430604.8,6886195.2,768,384,12,5
s,4.0,14672577879.71925,1874575.3599999999,83430604.8,9372876.799999999,768,448,12,5
m,4.0,29345155759.4385,1874575.3599999999,83430604.8,9372876.799999999,768,448,12,5
l,4.0,73362889398.59625,1874575.3599999999,83430604.8,9372876.799999999,768,448,12,5
xl,4.0,146725778797.1925,1874575.3599999999,83430604.8,9372876.799999999,768,448,12,5
s,4.0,13462815200.36878,1874575.3599999999,97915084.8,9372876.799999999,832,448,12,5
m,4.0,26925630400.73756,1874575.3599999999,97915084.8,9372876.799999999,832,448,12,5
l,4.0,67314076001.8439,1874575.3599999999,97915084.8,9372876.799999999,832,448,12,5
xl,4.0,134628152003.6878,1874575.3599999999,97915084.8,9372876.799999999,832,448,12,5
s,4.0,12369237663.973244,1874575.3599999999,113558323.2,9372876.799999999,896,448,12,5
m,4.0,24738475327.946487,1874575.3599999999,113558323.2,9372876.799999999,896,448,12,5
l,4.0,61846188319.86623,1874575.3599999999,113558323.2,9372876.799999999,896,448,12,5
xl,4.0,123692376639.73245,1874575.3599999999,113558323.2,9372876.799999999,896,448,12,5
s,4.0,11180278815.331503,2448424.96,113558323.2,12242124.8,896,512,12,5
m,4.0,22360557630.663006,2448424.96,113558323.2,12242124.8,896,512,12,5
l,4.0,55901394076.65751,2448424.96,113558323.2,12242124.8,896,512,12,5
xl,4.0,111802788153.31502,2448424.96,113558323.2,12242124.8,896,512,12,5
l,4.0,51838718860.32399,2448424.96,130360320.0,12242124.8,960,512,12,5
xl,4.0,103677437720.64798,2448424.96,130360320.0,12242124.8,960,512,12,5
l,4.0,48120633787.767044,2448424.96,148321075.2,12242124.8,1024,512,12,5
xl,4.0,96241267575.53409,2448424.96,148321075.2,12242124.8,1024,512,12,5
l,4.0,47099987881.51224,3098787.84,130360320.0,15493939.2,960,576,12,5
xl,4.0,94199975763.02448,3098787.84,130360320.0,15493939.2,960,576,12,5
l,4.0,44010338297.45726,3098787.84,148321075.2,15493939.2,1024,576,12,5
xl,4.0,88020676594.91452,3098787.84,148321075.2,15493939.2,1024,576,12,5
l,4.0,41150591502.15767,3098787.84,167440588.8,15493939.2,1088,576,12,5
xl,4.0,82301183004.31534,3098787.84,167440588.8,15493939.2,1088,576,12,5
l,4.0,38508062267.2582,3098787.84,187718860.8,15493939.2,1152,576,12,5
xl,4.0,77016124534.5164,3098787.84,187718860.8,15493939.2,1152,576,12,5
l,4.0,37788401320.72555,3825664.0,167440588.8,19128320.0,1088,640,12,5
xl,4.0,75576802641.4511,3825664.0,167440588.8,19128320.0,1088,640,12,5
l,4.0,35548291524.76585,3825664.0,187718860.8,19128320.0,1152,640,12,5
xl,4.0,71096583049.5317,3825664.0,187718860.8,19128320.0,1152,640,12,5
l,4.0,33459481037.431755,3825664.0,209155891.20000002,19128320.0,1216,640,12,5
xl,4.0,66918962074.86351,3825664.0,209155891.20000002,19128320.0,1216,640,12,5
l,4.0,31514335947.05672,3825664.0,231751680.0,19128320.0,1280,640,12,5
xl,4.0,63028671894.11344,3825664.0,231751680.0,19128320.0,1280,640,12,5
l,4.0,30988163774.847256,4629053.4399999995,209155891.20000002,23145267.199999996,1216,704,12,5
xl,4.0,61976327549.69451,4629053.4399999995,209155891.20000002,23145267.199999996,1216,704,12,5
l,4.0,29312549409.467785,4629053.4399999995,231751680.0,23145267.199999996,1280,704,12,5
xl,4.0,58625098818.93557,4629053.4399999995,231751680.0,23145267.199999996,1280,704,12,5
xl,4.0,54466374471.73543,5508956.16,231751680.0,27544780.8,1280,768,12,5
s,4.0,66381466396.54402,344309.76,15714304.0,1721548.8,320,192,13,5
m,4.0,132762932793.08804,344309.76,15714304.0,1721548.8,320,192,13,5
l,4.0,331907331982.7201,344309.76,15714304.0,1721548.8,320,192,13,5
s,4.0,38067031425.57086,612106.24,30800035.84,3060531.2,448,256,13,5
m,4.0,76134062851.14172,612106.24,30800035.84,3060531.2,448,256,13,5
l,4.0,190335157127.8543,612106.24,30800035.84,3060531.2,448,256,13,5
xl,4.0,380670314255.7086,612106.24,30800035.84,3060531.2,448,256,13,5
s,4.0,27945853830.61107,956416.0,40228618.24,4782080.0,512,320,13,5
m,4.0,55891707661.22214,956416.0,40228618.24,4782080.0,512,320,13,5
l,4.0,139729269153.05536,956416.0,40228618.24,4782080.0,512,320,13,5
xl,4.0,279458538306.1107,956416.0,40228618.24,4782080.0,512,320,13,5
s,4.0,24691578675.95443,956416.0,50914344.95999999,4782080.0,576,320,13,5
m,4.0,49383157351.90886,956416.0,50914344.95999999,4782080.0,576,320,13,5
l,4.0,123457893379.77216,956416.0,50914344.95999999,4782080.0,576,320,13,5
xl,4.0,246915786759.5443,956416.0,50914344.95999999,4782080.0,576,320,13,5
s,4.0,19201379658.14564,1377239.04,62857216.0,6886195.2,640,384,13,5
m,4.0,38402759316.29128,1377239.04,62857216.0,6886195.2,640,384,13,5
l,4.0,96006898290.72821,1377239.04,62857216.0,6886195.2,640,384,13,5
xl,4.0,192013796581.45642,1377239.04,62857216.0,6886195.2,640,384,13,5
s,4.0,17314515729.256844,1377239.04,76057231.36,6886195.2,704,384,13,5
m,4.0,34629031458.51369,1377239.04,76057231.36,6886195.2,704,384,13,5
l,4.0,86572578646.28421,1377239.04,76057231.36,6886195.2,704,384,13,5
xl,4.0,173145157292.56842,1377239.04,76057231.36,6886195.2,704,384,13,5
s,4.0,14005429373.882372,1874575.3599999999,90514391.03999999,9372876.799999999,768,448,13,5
m,4.0,28010858747.764744,1874575.3599999999,90514391.03999999,9372876.799999999,768,448,13,5
l,4.0,70027146869.41187,1874575.3599999999,90514391.03999999,9372876.799999999,768,448,13,5
xl,4.0,140054293738.82373,1874575.3599999999,90514391.03999999,9372876.799999999,768,448,13,5
s,4.0,12814670434.827684,1874575.3599999999,106228695.03999999,9372876.799999999,832,448,13,5
m,4.0,25629340869.65537,1874575.3599999999,106228695.03999999,9372876.799999999,832,448,13,5
l,4.0,64073352174.13842,1874575.3599999999,106228695.03999999,9372876.799999999,832,448,13,5
xl,4.0,128146704348.27684,1874575.3599999999,106228695.03999999,9372876.799999999,832,448,13,5
s,4.0,11542939815.529196,2448424.96,106228695.03999999,12242124.8,832,512,13,5
m,4.0,23085879631.05839,2448424.96,106228695.03999999,12242124.8,832,512,13,5
l,4.0,57714699077.64597,2448424.96,106228695.03999999,12242124.8,832,512,13,5
xl,4.0,115429398155.29195,2448424.96,106228695.03999999,12242124.8,832,512,13,5
s,4.0,10666967703.855703,2448424.96,123200143.36,12242124.8,896,512,13,5
m,4.0,21333935407.711407,2448424.96,123200143.36,12242124.8,896,512,13,5
l,4.0,53334838519.27852,2448424.96,123200143.36,12242124.8,896,512,13,5
xl,4.0,106669677038.55704,2448424.96,123200143.36,12242124.8,896,512,13,5
l,4.0,49338227849.73364,2448424.96,141428736.0,12242124.8,960,512,13,5
xl,4.0,98676455699.46729,2448424.96,141428736.0,12242124.8,960,512,13,5
l,4.0,45026614215.86258,3098787.84,141428736.0,15493939.2,960,576,13,5
xl,4.0,90053228431.72516,3098787.84,141428736.0,15493939.2,960,576,13,5
l,4.0,41974828395.21573,3098787.84,160914472.96,15493939.2,1024,576,13,5
xl,4.0,83949656790.43146,3098787.84,160914472.96,15493939.2,1024,576,13,5
l,4.0,39162788754.792076,3098787.84,181657354.24,15493939.2,1088,576,13,5
xl,4.0,78325577509.58415,3098787.84,181657354.24,15493939.2,1088,576,13,5
l,4.0,38482317112.991104,3825664.0,160914472.96,19128320.0,1024,640,13,5
xl,4.0,76964634225.98221,3825664.0,160914472.96,19128320.0,1024,640,13,5
l,4.0,36105511752.810844,3825664.0,181657354.24,19128320.0,1088,640,13,5
xl,4.0,72211023505.62169,3825664.0,181657354.24,19128320.0,1088,640,13,5
l,4.0,33894663230.717476,3825664.0,203657379.83999997,19128320.0,1152,640,13,5
xl,4.0,67789326461.43495,3825664.0,203657379.83999997,19128320.0,1152,640,13,5
l,4.0,31841390852.820026,3825664.0,226914549.76000002,19128320.0,1216,640,13,5
xl,4.0,63682781705.64005,3825664.0,226914549.76000002,19128320.0,1216,640,13,5
l,4.0,31361076668.453236,4629053.4399999995,203657379.83999997,23145267.199999996,1152,704,13,5
xl,4.0,62722153336.90647,4629053.4399999995,203657379.83999997,23145267.199999996,1152,704,13,5
l,4.0,29595295593.18131,4629053.4399999995,226914549.76000002,23145267.199999996,1216,704,13,5
xl,4.0,59190591186.36262,4629053.4399999995,226914549.76000002,23145267.199999996,1216,704,13,5
xl,4.0,55885319475.948715,4629053.4399999995,251428864.0,23145267.199999996,1280,704,13,5
xl,4.0,52093648917.69202,5508956.16,251428864.0,27544780.8,1280,768,13,5
s,4.0,63405470701.113144,344309.76,16944128.0,1721548.8,320,192,14,5
m,4.0,126810941402.22629,344309.76,16944128.0,1721548.8,320,192,14,5
l,4.0,317027353505.56573,344309.76,16944128.0,1721548.8,320,192,14,5
s,4.0,36340374295.38921,612106.24,33210490.88,3060531.2,448,256,14,5
m,4.0,72680748590.77843,612106.24,33210490.88,3060531.2,448,256,14,5
l,4.0,181701871476.94604,612106.24,33210490.88,3060531.2,448,256,14,5
xl,4.0,363403742953.8921,612106.24,33210490.88,3060531.2,448,256,14,5
s,4.0,26768370370.221893,956416.0,43376967.68,4782080.0,512,320,14,5
m,4.0,53536740740.44379,956416.0,43376967.68,4782080.0,512,320,14,5
l,4.0,133841851851.10947,956416.0,43376967.68,4782080.0,512,320,14,5
xl,4.0,267683703702.21893,956416.0,43376967.68,4782080.0,512,320,14,5
s,4.0,23564643268.40109,956416.0,54898974.72,4782080.0,576,320,14,5
m,4.0,47129286536.80218,956416.0,54898974.72,4782080.0,576,320,14,5
l,4.0,117823216342.00545,956416.0,54898974.72,4782080.0,576,320,14,5
xl,4.0,235646432684.0109,956416.0,54898974.72,4782080.0,576,320,14,5
s,4.0,18376918562.05911,1377239.04,67776512.0,6886195.2,640,384,14,5
m,4.0,36753837124.11822,1377239.04,67776512.0,6886195.2,640,384,14,5
l,4.0,91884592810.29553,1377239.04,67776512.0,6886195.2,640,384,14,5
xl,4.0,183769185620.59106,1377239.04,67776512.0,6886195.2,640,384,14,5
s,4.0,16521258969.206455,1377239.04,82009579.52,6886195.2,704,384,14,5
m,4.0,33042517938.41291,1377239.04,82009579.52,6886195.2,704,384,14,5
l,4.0,82606294846.03227,1377239.04,82009579.52,6886195.2,704,384,14,5
xl,4.0,165212589692.06454,1377239.04,82009579.52,6886195.2,704,384,14,5
s,4.0,14701796291.34604,1874575.3599999999,82009579.52,9372876.799999999,704,448,14,5
m,4.0,29403592582.69208,1874575.3599999999,82009579.52,9372876.799999999,704,448,14,5
l,4.0,73508981456.73021,1874575.3599999999,82009579.52,9372876.799999999,704,448,14,5
xl,4.0,147017962913.46042,1874575.3599999999,82009579.52,9372876.799999999,704,448,14,5
s,4.0,13396311515.744593,1874575.3599999999,97598177.28,9372876.799999999,768,448,14,5
m,4.0,26792623031.489185,1874575.3599999999,97598177.28,9372876.799999999,768,448,14,5
l,4.0,66981557578.72296,1874575.3599999999,97598177.28,9372876.799999999,768,448,14,5
xl,4.0,133963115157.44592,1874575.3599999999,97598177.28,9372876.799999999,768,448,14,5
s,4.0,12226066854.02713,1874575.3599999999,114542305.28,9372876.799999999,832,448,14,5
m,4.0,24452133708.05426,1874575.3599999999,114542305.28,9372876.799999999,832,448,14,5
l,4.0,61130334270.13565,1874575.3599999999,114542305.28,9372876.799999999,832,448,14,5
xl,4.0,122260668540.2713,1874575.3599999999,114542305.28,9372876.799999999,832,448,14,5
s,4.0,11063178694.593487,2448424.96,114542305.28,12242124.8,832,512,14,5
m,4.0,22126357389.186974,2448424.96,114542305.28,12242124.8,832,512,14,5
l,4.0,55315893472.96743,2448424.96,114542305.28,12242124.8,832,512,14,5
xl,4.0,110631786945.93486,2448424.96,114542305.28,12242124.8,832,512,14,5
l,4.0,50993610084.54854,2448424.96,132841963.52,12242124.8,896,512,14,5
xl,4.0,101987220169.09708,2448424.96,132841963.52,12242124.8,896,512,14,5
l,4.0,47067863677.89919,2448424.96,152497152.0,12242124.8,960,512,14,5
xl,4.0,94135727355.79839,2448424.96,152497152.0,12242124.8,960,512,14,5
l,4.0,46401283634.4196,3098787.84,132841963.52,15493939.2,896,576,14,5
xl,4.0,92802567268.8392,3098787.84,132841963.52,15493939.2,896,576,14,5
l,4.0,43128086370.06953,3098787.84,152497152.0,15493939.2,960,576,14,5
xl,4.0,86256172740.13905,3098787.84,152497152.0,15493939.2,960,576,14,5
l,4.0,40119282625.425575,3098787.84,173507870.72,15493939.2,1024,576,14,5
xl,4.0,80238565250.85115,3098787.84,173507870.72,15493939.2,1024,576,14,5
l,4.0,36916948598.745094,3825664.0,173507870.72,19128320.0,1024,640,14,5
xl,4.0,73833897197.49019,3825664.0,173507870.72,19128320.0,1024,640,14,5
l,4.0,34566124828.66761,3825664.0,195874119.68,19128320.0,1088,640,14,5
xl,4.0,69132249657.33522,3825664.0,195874119.68,19128320.0,1088,640,14,5
l,4.0,32388042754.98574,3825664.0,219595898.88,19128320.0,1152,640,14,5
xl,4.0,64776085509.97148,3825664.0,219595898.88,19128320.0,1152,640,14,5
l,4.0,31935058092.169994,4629053.4399999995,195874119.68,23145267.199999996,1088,704,14,5
xl,4.0,63870116184.33999,4629053.4399999995,195874119.68,23145267.199999996,1088,704,14,5
l,4.0,30066974594.820824,4629053.4399999995,219595898.88,23145267.199999996,1152,704,14,5
xl,4.0,60133949189.64165,4629053.4399999995,219595898.88,23145267.199999996,1152,704,14,5
xl,4.0,56644511394.087875,4629053.4399999995,244673208.32000002,23145267.199999996,1216,704,14,5
xl,4.0,53390187920.85285,4629053.4399999995,271106048.0,23145267.199999996,1280,704,14,5
xl,4.0,52752709830.740105,5508956.16,244673208.32000002,27544780.8,1216,768,14,5
xl,4.0,49919020326.910065,5508956.16,271106048.0,27544780.8,1280,768,14,5
xl,4.0,46629782970.90413,6465372.16,271106048.0,32326860.8,1280,832,14,5
s,4.0,60684863542.4623,344309.76,18173952.0,1721548.8,320,192,15,5
m,4.0,121369727084.9246,344309.76,18173952.0,1721548.8,320,192,15,5
l,4.0,303424317712.3115,344309.76,18173952.0,1721548.8,320,192,15,5
s,4.0,40931803267.16213,612106.24,26170490.88,3060531.2,384,256,15,5
m,4.0,81863606534.32426,612106.24,26170490.88,3060531.2,384,256,15,5
l,4.0,204659016335.81067,612106.24,26170490.88,3060531.2,384,256,15,5
xl,4.0,409318032671.62134,612106.24,26170490.88,3060531.2,384,256,15,5
s,4.0,34763557250.57841,612106.24,35620945.92,3060531.2,448,256,15,5
m,4.0,69527114501.15681,612106.24,35620945.92,3060531.2,448,256,15,5
l,4.0,173817786252.89203,612106.24,35620945.92,3060531.2,448,256,15,5
xl,4.0,347635572505.78406,612106.24,35620945.92,3060531.2,448,256,15,5
s,4.0,25686100400.349728,956416.0,46525317.12,4782080.0,512,320,15,5
m,4.0,51372200800.699455,956416.0,46525317.12,4782080.0,512,320,15,5
l,4.0,128430502001.74864,956416.0,46525317.12,4782080.0,512,320,15,5
xl,4.0,256861004003.49728,956416.0,46525317.12,4782080.0,512,320,15,5
s,4.0,22536085591.548264,956416.0,58883604.480000004,4782080.0,576,320,15,5
m,4.0,45072171183.09653,956416.0,58883604.480000004,4782080.0,576,320,15,5
l,4.0,112680427957.74133,956416.0,58883604.480000004,4782080.0,576,320,15,5
xl,4.0,225360855915.48267,956416.0,58883604.480000004,4782080.0,576,320,15,5
s,4.0,19701543120.05502,1377239.04,58883604.480000004,6886195.2,576,384,15,5
m,4.0,39403086240.11004,1377239.04,58883604.480000004,6886195.2,576,384,15,5
l,4.0,98507715600.2751,1377239.04,58883604.480000004,6886195.2,576,384,15,5
xl,4.0,197015431200.5502,1377239.04,58883604.480000004,6886195.2,576,384,15,5
s,4.0,17620343364.727318,1377239.04,72695808.0,6886195.2,640,384,15,5
m,4.0,35240686729.454636,1377239.04,72695808.0,6886195.2,640,384,15,5
l,4.0,88101716823.63658,1377239.04,72695808.0,6886195.2,640,384,15,5
xl,4.0,176203433647.27316,1377239.04,72695808.0,6886195.2,640,384,15,5
s,4.0,14125896763.344803,1874575.3599999999,87961927.68,9372876.799999999,704,448,15,5
m,4.0,28251793526.689606,1874575.3599999999,87961927.68,9372876.799999999,704,448,15,5
l,4.0,70629483816.72401,1874575.3599999999,87961927.68,9372876.799999999,704,448,15,5
xl,4.0,141258967633.44803,1874575.3599999999,87961927.68,9372876.799999999,704,448,15,5
s,4.0,12837968349.31802,1874575.3599999999,104681963.52,9372876.799999999,768,448,15,5
m,4.0,25675936698.63604,1874575.3599999999,104681963.52,9372876.799999999,768,448,15,5
l,4.0,64189841746.590096,1874575.3599999999,104681963.52,9372876.799999999,768,448,15,5
xl,4.0,128379683493.18019,1874575.3599999999,104681963.52,9372876.799999999,768,448,15,5
s,4.0,11561839592.347223,2448424.96,104681963.52,12242124.8,768,512,15,5
m,4.0,23123679184.694447,2448424.96,104681963.52,12242124.8,768,512,15,5
l,4.0,57809197961.736115,2448424.96,104681963.52,12242124.8,768,512,15,5
xl,4.0,115618395923.47223,2448424.96,104681963.52,12242124.8,768,512,15,5
s,4.0,10621706928.833097,2448424.96,122855915.52,12242124.8,832,512,15,5
m,4.0,21243413857.666195,2448424.96,122855915.52,12242124.8,832,512,15,5
l,4.0,53108534644.16549,2448424.96,122855915.52,12242124.8,832,512,15,5
xl,4.0,106217069288.33098,2448424.96,122855915.52,12242124.8,832,512,15,5
l,4.0,48849283151.07284,2448424.96,142483783.68,12242124.8,896,512,15,5
xl,4.0,97698566302.14568,2448424.96,142483783.68,12242124.8,896,512,15,5
l,4.0,44619039244.74236,3098787.84,142483783.68,15493939.2,896,576,15,5
xl,4.0,89238078489.48473,3098787.84,142483783.68,15493939.2,896,576,15,5
l,4.0,41383182267.2378,3098787.84,163565568.0,15493939.2,960,576,15,5
xl,4.0,82766364534.4756,3098787.84,163565568.0,15493939.2,960,576,15,5
l,4.0,38420844805.05991,3098787.84,186101268.48,15493939.2,1024,576,15,5
xl,4.0,76841689610.11983,3098787.84,186101268.48,15493939.2,1024,576,15,5
l,4.0,37984446797.251724,3825664.0,163565568.0,19128320.0,960,640,15,5
xl,4.0,75968893594.50345,3825664.0,163565568.0,19128320.0,960,640,15,5
l,4.0,35473953127.88546,3825664.0,186101268.48,19128320.0,1024,640,15,5
xl,4.0,70947906255.77092,3825664.0,186101268.48,19128320.0,1024,640,15,5
l,4.0,33152636083.853184,3825664.0,210090885.12,19128320.0,1088,640,15,5
xl,4.0,66305272167.70637,3825664.0,210090885.12,19128320.0,1088,640,15,5
l,4.0,31009660863.861076,3825664.0,235534417.92000002,19128320.0,1152,640,15,5
xl,4.0,62019321727.72215,3825664.0,235534417.92000002,19128320.0,1152,640,15,5
l,4.0,30724793634.440994,4629053.4399999995,210090885.12,23145267.199999996,1088,704,15,5
xl,4.0,61449587268.88199,4629053.4399999995,210090885.12,23145267.199999996,1088,704,15,5
xl,4.0,57750882511.10196,4629053.4399999995,235534417.92000002,23145267.199999996,1152,704,15,5
xl,4.0,54308437169.197,4629053.4399999995,262431866.88000003,23145267.199999996,1216,704,15,5
xl,4.0,53710989549.30582,5508956.16,235534417.92000002,27544780.8,1152,768,15,5
xl,4.0,50720854275.9132,5508956.16,262431866.88000003,27544780.8,1216,768,15,5
xl,4.0,47918674382.453415,5508956.16,290783232.0,27544780.8,1280,768,15,5
xl,4.0,44879742811.87297,6465372.16,290783232.0,32326860.8,1280,832,15,5
s,4.0,58188122778.168,344309.76,19403776.0,1721548.8,320,192,16,5
m,4.0,116376245556.336,344309.76,19403776.0,1721548.8,320,192,16,5
l,4.0,290940613890.84,344309.76,19403776.0,1721548.8,320,192,16,5
s,4.0,39385520345.11043,612106.24,27941437.44,3060531.2,384,256,16,5
m,4.0,78771040690.22086,612106.24,27941437.44,3060531.2,384,256,16,5
l,4.0,196927601725.55212,612106.24,27941437.44,3060531.2,384,256,16,5
xl,4.0,393855203451.10425,612106.24,27941437.44,3060531.2,384,256,16,5
s,4.0,33317886628.006405,612106.24,38031400.96,3060531.2,448,256,16,5
m,4.0,66635773256.01281,612106.24,38031400.96,3060531.2,448,256,16,5
l,4.0,166589433140.032,612106.24,38031400.96,3060531.2,448,256,16,5
xl,4.0,333178866280.064,612106.24,38031400.96,3060531.2,448,256,16,5
s,4.0,24687943992.922356,956416.0,49673666.56,4782080.0,512,320,16,5
m,4.0,49375887985.84471,956416.0,49673666.56,4782080.0,512,320,16,5
l,4.0,123439719964.61179,956416.0,49673666.56,4782080.0,512,320,16,5
xl,4.0,246879439929.22357,956416.0,49673666.56,4782080.0,512,320,16,5
s,4.0,18977397039.574646,1377239.04,62868234.239999995,6886195.2,576,384,16,5
m,4.0,37954794079.14929,1377239.04,62868234.239999995,6886195.2,576,384,16,5
l,4.0,94886985197.87323,1377239.04,62868234.239999995,6886195.2,576,384,16,5
xl,4.0,189773970395.74646,1377239.04,62868234.239999995,6886195.2,576,384,16,5
s,4.0,16923601048.563576,1377239.04,77615104.0,6886195.2,640,384,16,5
m,4.0,33847202097.12715,1377239.04,77615104.0,6886195.2,640,384,16,5
l,4.0,84618005242.81789,1377239.04,77615104.0,6886195.2,640,384,16,5
xl,4.0,169236010485.63577,1377239.04,77615104.0,6886195.2,640,384,16,5
s,4.0,13593414812.21822,1874575.3599999999,93914275.84,9372876.799999999,704,448,16,5
m,4.0,27186829624.43644,1874575.3599999999,93914275.84,9372876.799999999,704,448,16,5
l,4.0,67967074061.0911,1874575.3599999999,93914275.84,9372876.799999999,704,448,16,5
xl,4.0,135934148122.1822,1874575.3599999999,93914275.84,9372876.799999999,704,448,16,5
s,4.0,12324305198.06854,1874575.3599999999,111765749.76,9372876.799999999,768,448,16,5
m,4.0,24648610396.13708,1874575.3599999999,111765749.76,9372876.799999999,768,448,16,5
l,4.0,61621525990.342705,1874575.3599999999,111765749.76,9372876.799999999,768,448,16,5
xl,4.0,123243051980.68541,1874575.3599999999,111765749.76,9372876.799999999,768,448,16,5
s,4.0,11143556392.742718,2448424.96,111765749.76,12242124.8,768,512,16,5
m,4.0,22287112785.485435,2448424.96,111765749.76,12242124.8,768,512,16,5
l,4.0,55717781963.71359,2448424.96,111765749.76,12242124.8,768,512,16,5
xl,4.0,111435563927.42719,2448424.96,111765749.76,12242124.8,768,512,16,5
l,4.0,51070583239.46152,2448424.96,131169525.76,12242124.8,832,512,16,5
xl,4.0,102141166478.92303,2448424.96,131169525.76,12242124.8,832,512,16,5
l,4.0,46878020444.61329,2448424.96,152125603.84,12242124.8,896,512,16,5
xl,4.0,93756040889.22658,2448424.96,152125603.84,12242124.8,896,512,16,5
l,4.0,46465008470.42979,3098787.84,131169525.76,15493939.2,832,576,16,5
xl,4.0,92930016940.85957,3098787.84,131169525.76,15493939.2,832,576,16,5
l,4.0,42968640537.38824,3098787.84,152125603.84,15493939.2,896,576,16,5
xl,4.0,85937281074.77647,3098787.84,152125603.84,15493939.2,896,576,16,5
l,4.0,39773980746.11467,3098787.84,174633984.0,15493939.2,960,576,16,5
xl,4.0,79547961492.22934,3098787.84,174633984.0,15493939.2,960,576,16,5
l,4.0,36624369914.34,3825664.0,174633984.0,19128320.0,960,640,16,5
xl,4.0,73248739828.68,3825664.0,174633984.0,19128320.0,960,640,16,5
l,4.0,34139520689.607044,3825664.0,198694666.24,19128320.0,1024,640,16,5
xl,4.0,68279041379.21409,3825664.0,198694666.24,19128320.0,1024,640,16,5
l,4.0,31850207477.449467,3825664.0,224307650.56,19128320.0,1088,640,16,5
xl,4.0,63700414954.89893,3825664.0,224307650.56,19128320.0,1088,640,16,5
l,4.0,31570583490.04971,4629053.4399999995,198694666.24,23145267.199999996,1024,704,16,5
xl,4.0,63141166980.09942,4629053.4399999995,198694666.24,23145267.199999996,1024,704,16,5
l,4.0,29602912088.384487,4629053.4399999995,224307650.56,23145267.199999996,1088,704,16,5
xl,4.0,59205824176.768974,4629053.4399999995,224307650.56,23145267.199999996,1088,704,16,5
xl,4.0,55549494587.234146,4629053.4399999995,251472936.95999998,23145267.199999996,1152,704,16,5
xl,4.0,52157415117.896034,4629053.4399999995,280190525.44000006,23145267.199999996,1216,704,16,5
xl,4.0,51801728775.3647,5508956.16,251472936.95999998,27544780.8,1152,768,16,5
xl,4.0,48839714053.648506,5508956.16,280190525.44000006,27544780.8,1216,768,16,5
xl,4.0,46072466833.16092,5508956.16,310460416.0,27544780.8,1280,768,16,5
xl,4.0,45686681242.9548,6465372.16,280190525.44000006,32326860.8,1216,832,16,5
xl,4.0,43256310827.906715,6465372.16,310460416.0,32326860.8,1280,832,16,5
s,4.0,122867622580.70212,153026.56,7428096.0,765132.8,192,128,17,5
m,4.0,245735245161.40424,153026.56,7428096.0,765132.8,192,128,17,5
s,4.0,55888708894.45821,344309.76,20633600.0,1721548.8,320,192,17,5
m,4.0,111777417788.91643,344309.76,20633600.0,1721548.8,320,192,17,5
l,4.0,279443544472.2911,344309.76,20633600.0,1721548.8,320,192,17,5
s,4.0,37951812686.66068,612106.24,29712384.0,3060531.2,384,256,17,5
m,4.0,75903625373.32137,612106.24,29712384.0,3060531.2,384,256,17,5
l,4.0,189759063433.3034,612106.24,29712384.0,3060531.2,384,256,17,5
xl,4.0,379518126866.6068,612106.24,29712384.0,3060531.2,384,256,17,5
s,4.0,27367590147.243675,956416.0,40441856.0,4782080.0,448,320,17,5
m,4.0,54735180294.48735,956416.0,40441856.0,4782080.0,448,320,17,5
l,4.0,136837950736.21838,956416.0,40441856.0,4782080.0,448,320,17,5
xl,4.0,273675901472.43677,956416.0,40441856.0,4782080.0,448,320,17,5
s,4.0,23764462043.986786,956416.0,52822016.0,4782080.0,512,320,17,5
m,4.0,47528924087.97357,956416.0,52822016.0,4782080.0,512,320,17,5
l,4.0,118822310219.93391,956416.0,52822016.0,4782080.0,512,320,17,5
xl,4.0,237644620439.86783,956416.0,52822016.0,4782080.0,512,320,17,5
s,4.0,18304596844.241814,1377239.04,66852864.0,6886195.2,576,384,17,5
m,4.0,36609193688.48363,1377239.04,66852864.0,6886195.2,576,384,17,5
l,4.0,91522984221.20908,1377239.04,66852864.0,6886195.2,576,384,17,5
xl,4.0,183045968442.41815,1377239.04,66852864.0,6886195.2,576,384,17,5
s,4.0,16279863873.456707,1377239.04,82534400.0,6886195.2,640,384,17,5
m,4.0,32559727746.913414,1377239.04,82534400.0,6886195.2,640,384,17,5
l,4.0,81399319367.28354,1377239.04,82534400.0,6886195.2,640,384,17,5
xl,4.0,162798638734.56708,1377239.04,82534400.0,6886195.2,640,384,17,5
s,4.0,14510334394.811892,1874575.3599999999,82534400.0,9372876.799999999,640,448,17,5
m,4.0,29020668789.623783,1874575.3599999999,82534400.0,9372876.799999999,640,448,17,5
l,4.0,72551671974.05946,1874575.3599999999,82534400.0,9372876.799999999,640,448,17,5
xl,4.0,145103343948.11893,1874575.3599999999,82534400.0,9372876.799999999,640,448,17,5
s,4.0,13099618862.292528,1874575.3599999999,99866624.0,9372876.799999999,704,448,17,5
m,4.0,26199237724.585056,1874575.3599999999,99866624.0,9372876.799999999,704,448,17,5
l,4.0,65498094311.46264,1874575.3599999999,99866624.0,9372876.799999999,704,448,17,5
xl,4.0,130996188622.92528,1874575.3599999999,99866624.0,9372876.799999999,704,448,17,5
s,4.0,10754481714.304443,2448424.96,118849536.0,12242124.8,768,512,17,5
m,4.0,21508963428.608887,2448424.96,118849536.0,12242124.8,768,512,17,5
l,4.0,53772408571.522224,2448424.96,118849536.0,12242124.8,768,512,17,5
xl,4.0,107544817143.04445,2448424.96,118849536.0,12242124.8,768,512,17,5
l,4.0,49183257784.85904,2448424.96,139483136.0,12242124.8,832,512,17,5
xl,4.0,98366515569.71808,2448424.96,139483136.0,12242124.8,832,512,17,5
l,4.0,44897510563.34981,3098787.84,139483136.0,15493939.2,832,576,17,5
xl,4.0,89795021126.69962,3098787.84,139483136.0,15493939.2,832,576,17,5
l,4.0,41435978980.68012,3098787.84,161767424.0,15493939.2,896,576,17,5
xl,4.0,82871957961.36024,3098787.84,161767424.0,15493939.2,896,576,17,5
l,4.0,38285243796.03429,3098787.84,185702400.0,15493939.2,960,576,17,5
xl,4.0,76570487592.06857,3098787.84,185702400.0,15493939.2,960,576,17,5
l,4.0,38028922746.904854,3825664.0,161767424.0,19128320.0,896,640,17,5
xl,4.0,76057845493.80971,3825664.0,161767424.0,19128320.0,896,640,17,5
l,4.0,35358324370.70527,3825664.0,185702400.0,19128320.0,960,640,17,5
xl,4.0,70716648741.41054,3825664.0,185702400.0,19128320.0,960,640,17,5
l,4.0,32901843917.4596,3825664.0,211288064.0,19128320.0,1024,640,17,5
xl,4.0,65803687834.9192,3825664.0,211288064.0,19128320.0,1024,640,17,5
xl,4.0,61292489054.22549,3825664.0,238524416.0,19128320.0,1088,640,17,5
l,4.0,30509269235.38351,4629053.4399999995,211288064.0,23145267.199999996,1024,704,17,5
xl,4.0,61018538470.76702,4629053.4399999995,211288064.0,23145267.199999996,1024,704,17,5
xl,4.0,57120145807.315216,4629053.4399999995,238524416.0,23145267.199999996,1088,704,17,5
xl,4.0,53509772226.86179,4629053.4399999995,267411456.0,23145267.199999996,1152,704,17,5
xl,4.0,53164994010.04048,5508956.16,238524416.0,27544780.8,1088,768,17,5
xl,4.0,50023545322.42538,5508956.16,267411456.0,27544780.8,1152,768,17,5
xl,4.0,47093119624.5455,5508956.16,297949184.00000006,27544780.8,1216,768,17,5
xl,4.0,44363242722.098595,5508956.16,330137600.0,27544780.8,1280,768,17,5
xl,4.0,44154786595.260704,6465372.16,297949184.00000006,32326860.8,1216,832,17,5
xl,4.0,41746227294.58432,6465372.16,330137600.0,32326860.8,1280,832,17,5
xl,4.0,39249544094.87959,7498301.4399999995,330137600.0,37491507.199999996,1280,896,17,5
s,4.0,118309664207.26431,153026.56,7870832.64,765132.8,192,128,18,5
m,4.0,236619328414.52863,153026.56,7870832.64,765132.8,192,128,18,5
s,4.0,36618818233.74819,612106.24,31483330.56,3060531.2,384,256,18,5
m,4.0,73237636467.49638,612106.24,31483330.56,3060531.2,384,256,18,5
l,4.0,183094091168.74097,612106.24,31483330.56,3060531.2,384,256,18,5
xl,4.0,366188182337.48193,612106.24,31483330.56,3060531.2,384,256,18,5
s,4.0,26463621167.08956,956416.0,42852311.04,4782080.0,448,320,18,5
m,4.0,52927242334.17912,956416.0,42852311.04,4782080.0,448,320,18,5
l,4.0,132318105835.44781,956416.0,42852311.04,4782080.0,448,320,18,5
xl,4.0,264636211670.89563,956416.0,42852311.04,4782080.0,448,320,18,5
s,4.0,22907576848.54286,956416.0,55970365.44,4782080.0,512,320,18,5
m,4.0,45815153697.08572,956416.0,55970365.44,4782080.0,512,320,18,5
l,4.0,114537884242.7143,956416.0,55970365.44,4782080.0,512,320,18,5
xl,4.0,229075768485.4286,956416.0,55970365.44,4782080.0,512,320,18,5
s,4.0,17677868461.565987,1377239.04,70837493.76,6886195.2,576,384,18,5
m,4.0,35355736923.13197,1377239.04,70837493.76,6886195.2,576,384,18,5
l,4.0,88389342307.82994,1377239.04,70837493.76,6886195.2,576,384,18,5
xl,4.0,176778684615.65988,1377239.04,70837493.76,6886195.2,576,384,18,5
s,4.0,14034517403.785122,1874575.3599999999,87453696.0,9372876.799999999,640,448,18,5
m,4.0,28069034807.570244,1874575.3599999999,87453696.0,9372876.799999999,640,448,18,5
l,4.0,70172587018.92561,1874575.3599999999,87453696.0,9372876.799999999,640,448,18,5
xl,4.0,140345174037.85123,1874575.3599999999,87453696.0,9372876.799999999,640,448,18,5
s,4.0,12640440757.486078,1874575.3599999999,105818972.16,9372876.799999999,704,448,18,5
m,4.0,25280881514.972157,1874575.3599999999,105818972.16,9372876.799999999,704,448,18,5
l,4.0,63202203787.43039,1874575.3599999999,105818972.16,9372876.799999999,704,448,18,5
xl,4.0,126404407574.86078,1874575.3599999999,105818972.16,9372876.799999999,704,448,18,5
s,4.0,11401384398.780485,2448424.96,105818972.16,12242124.8,704,512,18,5
m,4.0,22802768797.56097,2448424.96,105818972.16,12242124.8,704,512,18,5
l,4.0,57006921993.90242,2448424.96,105818972.16,12242124.8,704,512,18,5
xl,4.0,114013843987.80484,2448424.96,105818972.16,12242124.8,704,512,18,5
l,4.0,51958296731.415115,2448424.96,125933322.24,12242124.8,768,512,18,5
xl,4.0,103916593462.83023,2448424.96,125933322.24,12242124.8,768,512,18,5
l,4.0,47430454159.36306,2448424.96,147796746.24,12242124.8,832,512,18,5
xl,4.0,94860908318.72612,2448424.96,147796746.24,12242124.8,832,512,18,5
l,4.0,43432320442.14253,3098787.84,147796746.24,15493939.2,832,576,18,5
xl,4.0,86864640884.28506,3098787.84,147796746.24,15493939.2,832,576,18,5
l,4.0,40008889680.82165,3098787.84,171409244.16,15493939.2,896,576,18,5
xl,4.0,80017779361.6433,3098787.84,171409244.16,15493939.2,896,576,18,5
l,4.0,36823454975.49851,3825664.0,171409244.16,19128320.0,896,640,18,5
xl,4.0,73646909950.99702,3825664.0,171409244.16,19128320.0,896,640,18,5
l,4.0,34176884461.460342,3825664.0,196770816.0,19128320.0,960,640,18,5
xl,4.0,68353768922.920685,3825664.0,196770816.0,19128320.0,960,640,18,5
l,4.0,31750767775.221813,3825664.0,223881461.76,19128320.0,1024,640,18,5
xl,4.0,63501535550.44363,3825664.0,223881461.76,19128320.0,1024,640,18,5
l,4.0,31602533082.68449,4629053.4399999995,196770816.0,23145267.199999996,960,704,18,5
xl,4.0,63205066165.36898,4629053.4399999995,196770816.0,23145267.199999996,960,704,18,5
l,4.0,29516990986.895657,4629053.4399999995,223881461.76,23145267.199999996,1024,704,18,5
xl,4.0,59033981973.79131,4629053.4399999995,223881461.76,23145267.199999996,1024,704,18,5
xl,4.0,55176413844.13621,4629053.4399999995,252741181.44,23145267.199999996,1088,704,18,5
xl,4.0,51614537585.820244,4629053.4399999995,283349975.04,23145267.199999996,1152,704,18,5
xl,4.0,51477144146.35175,5508956.16,252741181.44,27544780.8,1088,768,18,5
xl,4.0,48363388803.86527,5508956.16,283349975.04,27544780.8,1152,768,18,5
xl,4.0,45467134593.17365,5508956.16,315707842.56000006,27544780.8,1216,768,18,5
xl,4.0,45269610109.174164,6465372.16,283349975.04,32326860.8,1152,832,18,5
xl,4.0,42722289321.052345,6465372.16,315707842.56000006,32326860.8,1216,832,18,5
xl,4.0,40111143370.310974,7498301.4399999995,315707842.56000006,37491507.199999996,1216,896,18,5
s,4.0,114077778265.72644,153026.56,8313569.28,765132.8,192,128,19,5
m,4.0,228155556531.45288,153026.56,8313569.28,765132.8,192,128,19,5
s,4.0,65711712518.72258,344309.76,14779678.72,1721548.8,256,192,19,5
m,4.0,131423425037.44516,344309.76,14779678.72,1721548.8,256,192,19,5
l,4.0,328558562593.61285,344309.76,14779678.72,1721548.8,256,192,19,5
s,4.0,35376284920.44026,612106.24,33254277.12,3060531.2,384,256,19,5
m,4.0,70752569840.88052,612106.24,33254277.12,3060531.2,384,256,19,5
l,4.0,176881424602.20132,612106.24,33254277.12,3060531.2,384,256,19,5
xl,4.0,353762849204.40265,612106.24,33254277.12,3060531.2,384,256,19,5
s,4.0,25617460100.068115,956416.0,45262766.08,4782080.0,448,320,19,5
m,4.0,51234920200.13623,956416.0,45262766.08,4782080.0,448,320,19,5
l,4.0,128087300500.34056,956416.0,45262766.08,4782080.0,448,320,19,5
xl,4.0,256174601000.68112,956416.0,45262766.08,4782080.0,448,320,19,5
s,4.0,22110335199.898445,956416.0,59118714.88,4782080.0,512,320,19,5
m,4.0,44220670399.79689,956416.0,59118714.88,4782080.0,512,320,19,5
l,4.0,110551675999.49222,956416.0,59118714.88,4782080.0,512,320,19,5
xl,4.0,221103351998.98444,956416.0,59118714.88,4782080.0,512,320,19,5
s,4.0,19375382315.04384,1377239.04,59118714.88,6886195.2,512,384,19,5
m,4.0,38750764630.08768,1377239.04,59118714.88,6886195.2,512,384,19,5
l,4.0,96876911575.2192,1377239.04,59118714.88,6886195.2,512,384,19,5
xl,4.0,193753823150.4384,1377239.04,59118714.88,6886195.2,512,384,19,5
s,4.0,17092636219.381475,1377239.04,74822123.52,6886195.2,576,384,19,5
m,4.0,34185272438.76295,1377239.04,74822123.52,6886195.2,576,384,19,5
l,4.0,85463181096.90738,1377239.04,74822123.52,6886195.2,576,384,19,5
xl,4.0,170926362193.81476,1377239.04,74822123.52,6886195.2,576,384,19,5
s,4.0,13588915216.161943,1874575.3599999999,92372992.0,9372876.799999999,640,448,19,5
m,4.0,27177830432.323887,1874575.3599999999,92372992.0,9372876.799999999,640,448,19,5
l,4.0,67944576080.809715,1874575.3599999999,92372992.0,9372876.799999999,640,448,19,5
xl,4.0,135889152161.61943,1874575.3599999999,92372992.0,9372876.799999999,640,448,19,5
s,4.0,12212363425.476105,1874575.3599999999,111771320.32,9372876.799999999,704,448,19,5
m,4.0,24424726850.95221,1874575.3599999999,111771320.32,9372876.799999999,704,448,19,5
l,4.0,61061817127.380516,1874575.3599999999,111771320.32,9372876.799999999,704,448,19,5
xl,4.0,122123634254.76103,1874575.3599999999,111771320.32,9372876.799999999,704,448,19,5
s,4.0,11051956911.656015,2448424.96,111771320.32,12242124.8,704,512,19,5
m,4.0,22103913823.31203,2448424.96,111771320.32,12242124.8,704,512,19,5
l,4.0,55259784558.280075,2448424.96,111771320.32,12242124.8,704,512,19,5
xl,4.0,110519569116.56015,2448424.96,111771320.32,12242124.8,704,512,19,5
l,4.0,50262594957.05943,2448424.96,133017108.48,12242124.8,768,512,19,5
xl,4.0,100525189914.11887,2448424.96,133017108.48,12242124.8,768,512,19,5
l,4.0,45795223281.24226,3098787.84,133017108.48,15493939.2,768,576,19,5
xl,4.0,91590446562.48453,3098787.84,133017108.48,15493939.2,768,576,19,5
l,4.0,42059738476.18012,3098787.84,156110356.48,15493939.2,832,576,19,5
xl,4.0,84119476952.36024,3098787.84,156110356.48,15493939.2,832,576,19,5
l,4.0,38676827823.06981,3098787.84,181051064.32,15493939.2,896,576,19,5
xl,4.0,77353655646.13962,3098787.84,181051064.32,15493939.2,896,576,19,5
l,4.0,35692062653.14094,3825664.0,181051064.32,19128320.0,896,640,19,5
xl,4.0,71384125306.28188,3825664.0,181051064.32,19128320.0,896,640,19,5
l,4.0,33071843526.68403,3825664.0,207839232.0,19128320.0,960,640,19,5
xl,4.0,66143687053.36806,3825664.0,207839232.0,19128320.0,960,640,19,5
l,4.0,30677510291.877674,3825664.0,236474859.52,19128320.0,1024,640,19,5
xl,4.0,61355020583.75535,3825664.0,236474859.52,19128320.0,1024,640,19,5
l,4.0,30655388646.299965,4629053.4399999995,207839232.0,23145267.199999996,960,704,19,5
xl,4.0,61310777292.59993,4629053.4399999995,207839232.0,23145267.199999996,960,704,19,5
xl,4.0,57174449953.5244,4629053.4399999995,236474859.52,23145267.199999996,1024,704,19,5
xl,4.0,53360614352.96196,4629053.4399999995,266957946.88,23145267.199999996,1088,704,19,5
xl,4.0,53212035094.53761,5508956.16,236474859.52,27544780.8,1024,768,19,5
xl,4.0,49893166277.665215,5508956.16,266957946.88,27544780.8,1088,768,19,5
xl,4.0,46809885623.51215,5508956.16,299288494.08,27544780.8,1152,768,19,5
xl,4.0,43949683055.63006,5508956.16,333466501.12000006,27544780.8,1216,768,19,5
xl,4.0,43905700749.34288,6465372.16,299288494.08,32326860.8,1152,832,19,5
xl,4.0,41379819276.651764,6465372.16,333466501.12000006,32326860.8,1216,832,19,5
xl,4.0,38925482350.7821,7498301.4399999995,333466501.12000006,37491507.199999996,1216,896,19,5
s,4.0,110138182712.23152,153026.56,8657879.040000001,765132.8,192,128,20,5
m,4.0,220276365424.46304,153026.56,8657879.040000001,765132.8,192,128,20,5
s,4.0,63654335732.073135,344309.76,15391784.96,1721548.8,256,192,20,5
m,4.0,127308671464.14627,344309.76,15391784.96,1721548.8,256,192,20,5
l,4.0,318271678660.36566,344309.76,15391784.96,1721548.8,256,192,20,5
s,4.0,34215306489.438168,612106.24,34631516.160000004,3060531.2,384,256,20,5
m,4.0,68430612978.876335,612106.24,34631516.160000004,3060531.2,384,256,20,5
l,4.0,171076532447.19083,612106.24,34631516.160000004,3060531.2,384,256,20,5
xl,4.0,342153064894.38165,612106.24,34631516.160000004,3060531.2,384,256,20,5
s,4.0,24823733618.222416,956416.0,47137341.44,4782080.0,448,320,20,5
m,4.0,49647467236.44483,956416.0,47137341.44,4782080.0,448,320,20,5
l,4.0,124118668091.11209,956416.0,47137341.44,4782080.0,448,320,20,5
xl,4.0,248237336182.22418,956416.0,47137341.44,4782080.0,448,320,20,5
s,4.0,18801967283.830864,1377239.04,61567139.84,6886195.2,512,384,20,5
m,4.0,37603934567.66173,1377239.04,61567139.84,6886195.2,512,384,20,5
l,4.0,94009836419.15431,1377239.04,61567139.84,6886195.2,512,384,20,5
xl,4.0,188019672838.30862,1377239.04,61567139.84,6886195.2,512,384,20,5
s,4.0,16544910946.3418,1377239.04,77920911.35999998,6886195.2,576,384,20,5
m,4.0,33089821892.6836,1377239.04,77920911.35999998,6886195.2,576,384,20,5
l,4.0,82724554731.709,1377239.04,77920911.35999998,6886195.2,576,384,20,5
xl,4.0,165449109463.418,1377239.04,77920911.35999998,6886195.2,576,384,20,5
s,4.0,13170738397.281212,1874575.3599999999,96198656.0,9372876.799999999,640,448,20,5
m,4.0,26341476794.562424,1874575.3599999999,96198656.0,9372876.799999999,640,448,20,5
l,4.0,65853691986.40606,1874575.3599999999,96198656.0,9372876.799999999,640,448,20,5
xl,4.0,131707383972.81212,1874575.3599999999,96198656.0,9372876.799999999,640,448,20,5
s,4.0,11812330620.15628,1874575.3599999999,116400373.75999999,9372876.799999999,704,448,20,5
m,4.0,23624661240.31256,1874575.3599999999,116400373.75999999,9372876.799999999,704,448,20,5
l,4.0,59061653100.7814,1874575.3599999999,116400373.75999999,9372876.799999999,704,448,20,5
xl,4.0,118123306201.5628,1874575.3599999999,116400373.75999999,9372876.799999999,704,448,20,5
s,4.0,10723310893.921688,2448424.96,116400373.75999999,12242124.8,704,512,20,5
m,4.0,21446621787.843376,2448424.96,116400373.75999999,12242124.8,704,512,20,5
l,4.0,53616554469.60844,2448424.96,116400373.75999999,12242124.8,704,512,20,5
xl,4.0,107233108939.21687,2448424.96,116400373.75999999,12242124.8,704,512,20,5
l,4.0,48674076415.552414,2448424.96,138526064.64000002,12242124.8,768,512,20,5
xl,4.0,97348152831.10483,2448424.96,138526064.64000002,12242124.8,768,512,20,5
l,4.0,44472818244.797646,3098787.84,138526064.64000002,15493939.2,768,576,20,5
xl,4.0,88945636489.59529,3098787.84,138526064.64000002,15493939.2,768,576,20,5
l,4.0,40771253613.526855,3098787.84,162575728.64,15493939.2,832,576,20,5
xl,4.0,81542507227.05371,3098787.84,162575728.64,15493939.2,832,576,20,5
l,4.0,37430607665.94848,3098787.84,188549365.76,15493939.2,896,576,20,5
xl,4.0,74861215331.89696,3098787.84,188549365.76,15493939.2,896,576,20,5
l,4.0,37468277258.24963,3825664.0,162575728.64,19128320.0,832,640,20,5
xl,4.0,74936554516.49927,3825664.0,162575728.64,19128320.0,832,640,20,5
l,4.0,34628121456.43508,3825664.0,188549365.76,19128320.0,896,640,20,5
xl,4.0,69256242912.87016,3825664.0,188549365.76,19128320.0,896,640,20,5
l,4.0,32036023047.073784,3825664.0,216446976.0,19128320.0,960,640,20,5
xl,4.0,64072046094.14757,3825664.0,216446976.0,19128320.0,960,640,20,5
l,4.0,29763365037.631695,4629053.4399999995,216446976.0,23145267.199999996,960,704,20,5
xl,4.0,59526730075.26339,4629053.4399999995,216446976.0,23145267.199999996,960,704,20,5
xl,4.0,55428488627.658066,4629053.4399999995,246268559.36,23145267.199999996,1024,704,20,5
xl,4.0,51660519362.427124,4629053.4399999995,278014115.84,23145267.199999996,1088,704,20,5
xl,4.0,51696484404.81337,5508956.16,246268559.36,27544780.8,1024,768,20,5
xl,4.0,48403758059.721375,5508956.16,278014115.84,27544780.8,1088,768,20,5
xl,4.0,45353078052.01747,5508956.16,311683645.43999994,27544780.8,1152,768,20,5
xl,4.0,45304977874.07814,6465372.16,278014115.84,32326860.8,1088,832,20,5
xl,4.0,42621573004.23926,6465372.16,311683645.43999994,32326860.8,1152,832,20,5
s,4.0,106461606282.49529,153026.56,9100615.68,765132.8,192,128,21,5
m,4.0,212923212564.99057,153026.56,9100615.68,765132.8,192,128,21,5
s,4.0,61721877231.492744,344309.76,16178872.32,1721548.8,256,192,21,5
m,4.0,123443754462.98549,344309.76,16178872.32,1721548.8,256,192,21,5
l,4.0,308609386157.46375,344309.76,16178872.32,1721548.8,256,192,21,5
s,4.0,33128108675.46189,612106.24,36402462.72,3060531.2,384,256,21,5
m,4.0,66256217350.92378,612106.24,36402462.72,3060531.2,384,256,21,5
l,4.0,165640543377.30945,612106.24,36402462.72,3060531.2,384,256,21,5
xl,4.0,331281086754.6189,612106.24,36402462.72,3060531.2,384,256,21,5
s,4.0,24077714324.846214,956416.0,49547796.48,4782080.0,448,320,21,5
m,4.0,48155428649.69243,956416.0,49547796.48,4782080.0,448,320,21,5
l,4.0,120388571624.23106,956416.0,49547796.48,4782080.0,448,320,21,5
xl,4.0,240777143248.46213,956416.0,49547796.48,4782080.0,448,320,21,5
s,4.0,18261517126.87209,1377239.04,64715489.28,6886195.2,512,384,21,5
m,4.0,36523034253.74418,1377239.04,64715489.28,6886195.2,512,384,21,5
l,4.0,91307585634.36046,1377239.04,64715489.28,6886195.2,512,384,21,5
xl,4.0,182615171268.72092,1377239.04,64715489.28,6886195.2,512,384,21,5
s,4.0,16031198918.989326,1377239.04,81905541.12,6886195.2,576,384,21,5
m,4.0,32062397837.978653,1377239.04,81905541.12,6886195.2,576,384,21,5
l,4.0,80155994594.94664,1377239.04,81905541.12,6886195.2,576,384,21,5
xl,4.0,160311989189.89328,1377239.04,81905541.12,6886195.2,576,384,21,5
s,4.0,14312460037.035334,1874575.3599999999,81905541.12,9372876.799999999,576,448,21,5
m,4.0,28624920074.070667,1874575.3599999999,81905541.12,9372876.799999999,576,448,21,5
l,4.0,71562300185.17667,1874575.3599999999,81905541.12,9372876.799999999,576,448,21,5
xl,4.0,143124600370.35333,1874575.3599999999,81905541.12,9372876.799999999,576,448,21,5
s,4.0,12777530622.854778,1874575.3599999999,101117952.0,9372876.799999999,640,448,21,5
m,4.0,25555061245.709557,1874575.3599999999,101117952.0,9372876.799999999,640,448,21,5
l,4.0,63887653114.27389,1874575.3599999999,101117952.0,9372876.799999999,640,448,21,5
xl,4.0,127775306228.54778,1874575.3599999999,101117952.0,9372876.799999999,640,448,21,5
s,4.0,10413645980.377138,2448424.96,122352721.92,12242124.8,704,512,21,5
m,4.0,20827291960.754276,2448424.96,122352721.92,12242124.8,704,512,21,5
l,4.0,52068229901.8857,2448424.96,122352721.92,12242124.8,704,512,21,5
xl,4.0,104136459803.7714,2448424.96,122352721.92,12242124.8,704,512,21,5
l,4.0,47182890061.78256,2448424.96,145609850.88,12242124.8,768,512,21,5
xl,4.0,94365780123.56512,2448424.96,145609850.88,12242124.8,768,512,21,5
l,4.0,43224642542.16514,3098787.84,145609850.88,15493939.2,768,576,21,5
xl,4.0,86449285084.33028,3098787.84,145609850.88,15493939.2,768,576,21,5
l,4.0,39559366734.062416,3098787.84,170889338.88,15493939.2,832,576,21,5
xl,4.0,79118733468.12483,3098787.84,170889338.88,15493939.2,832,576,21,5
l,4.0,36442321925.4452,3825664.0,170889338.88,19128320.0,832,640,21,5
xl,4.0,72884643850.8904,3825664.0,170889338.88,19128320.0,832,640,21,5
l,4.0,33625774054.020466,3825664.0,198191185.92,19128320.0,896,640,21,5
xl,4.0,67251548108.04093,3825664.0,198191185.92,19128320.0,896,640,21,5
l,4.0,31063116525.205235,3825664.0,227515392.0,19128320.0,960,640,21,5
xl,4.0,62126233050.41047,3825664.0,227515392.0,19128320.0,960,640,21,5
l,4.0,31130746825.520546,4629053.4399999995,198191185.92,23145267.199999996,896,704,21,5
xl,4.0,62261493651.04109,4629053.4399999995,198191185.92,23145267.199999996,896,704,21,5
l,4.0,28921786524.87117,4629053.4399999995,227515392.0,23145267.199999996,960,704,21,5
xl,4.0,57843573049.74234,4629053.4399999995,227515392.0,23145267.199999996,960,704,21,5
xl,4.0,53786001832.44175,4629053.4399999995,258861957.12,23145267.199999996,1024,704,21,5
xl,4.0,50264872878.86579,5508956.16,258861957.12,27544780.8,1024,768,21,5
xl,4.0,47000695723.09837,5508956.16,292230881.28000003,27544780.8,1088,768,21,5
xl,4.0,43984210555.1324,5508956.16,327622164.48,27544780.8,1152,768,21,5
xl,4.0,44073526347.876854,6465372.16,292230881.28000003,32326860.8,1088,832,21,5
xl,4.0,41410425578.85282,6465372.16,327622164.48,32326860.8,1152,832,21,5
xl,4.0,38952564469.44213,7498301.4399999995,327622164.48,37491507.199999996,1152,896,21,5
s,4.0,103022559929.62422,153026.56,9543352.32,765132.8,192,128,22,5
m,4.0,206045119859.24844,153026.56,9543352.32,765132.8,192,128,22,5
s,4.0,59903295187.29834,344309.76,16965959.68,1721548.8,256,192,22,5
m,4.0,119806590374.59668,344309.76,16965959.68,1721548.8,256,192,22,5
l,4.0,299516475936.4917,344309.76,16965959.68,1721548.8,256,192,22,5
s,4.0,39064217848.979904,612106.24,26509312.0,3060531.2,320,256,22,5
m,4.0,78128435697.95981,612106.24,26509312.0,3060531.2,320,256,22,5
l,4.0,195321089244.89954,612106.24,26509312.0,3060531.2,320,256,22,5
xl,4.0,390642178489.7991,612106.24,26509312.0,3060531.2,320,256,22,5
s,4.0,32107874897.609272,612106.24,38173409.28,3060531.2,384,256,22,5
m,4.0,64215749795.218544,612106.24,38173409.28,3060531.2,384,256,22,5
l,4.0,160539374488.04636,612106.24,38173409.28,3060531.2,384,256,22,5
xl,4.0,321078748976.0927,612106.24,38173409.28,3060531.2,384,256,22,5
s,4.0,23375226526.515244,956416.0,51958251.519999996,4782080.0,448,320,22,5
m,4.0,46750453053.03049,956416.0,51958251.519999996,4782080.0,448,320,22,5
l,4.0,116876132632.57622,956416.0,51958251.519999996,4782080.0,448,320,22,5
xl,4.0,233752265265.15244,956416.0,51958251.519999996,4782080.0,448,320,22,5
s,4.0,17751268610.74243,1377239.04,67863838.72,6886195.2,512,384,22,5
m,4.0,35502537221.48486,1377239.04,67863838.72,6886195.2,512,384,22,5
l,4.0,88756343053.71217,1377239.04,67863838.72,6886195.2,512,384,22,5
xl,4.0,177512686107.42435,1377239.04,67863838.72,6886195.2,512,384,22,5
s,4.0,15548427260.909744,1377239.04,85890170.88,6886195.2,576,384,22,5
m,4.0,31096854521.81949,1377239.04,85890170.88,6886195.2,576,384,22,5
l,4.0,77742136304.54872,1377239.04,85890170.88,6886195.2,576,384,22,5
xl,4.0,155484272609.09744,1377239.04,85890170.88,6886195.2,576,384,22,5
s,4.0,13926410724.461067,1874575.3599999999,85890170.88,9372876.799999999,576,448,22,5
m,4.0,27852821448.922134,1874575.3599999999,85890170.88,9372876.799999999,576,448,22,5
l,4.0,69632053622.30533,1874575.3599999999,85890170.88,9372876.799999999,576,448,22,5
xl,4.0,139264107244.61066,1874575.3599999999,85890170.88,9372876.799999999,576,448,22,5
s,4.0,12407120395.972713,1874575.3599999999,106037248.0,9372876.799999999,640,448,22,5
m,4.0,24814240791.945427,1874575.3599999999,106037248.0,9372876.799999999,640,448,22,5
l,4.0,62035601979.86357,1874575.3599999999,106037248.0,9372876.799999999,640,448,22,5
xl,4.0,124071203959.72714,1874575.3599999999,106037248.0,9372876.799999999,640,448,22,5
s,4.0,11211219709.383085,2448424.96,106037248.0,12242124.8,640,512,22,5
m,4.0,22422439418.76617,2448424.96,106037248.0,12242124.8,640,512,22,5
l,4.0,56056098546.91542,2448424.96,106037248.0,12242124.8,640,512,22,5
xl,4.0,112112197093.83084,2448424.96,106037248.0,12242124.8,640,512,22,5
l,4.0,50606819653.88407,2448424.96,128305070.08,12242124.8,704,512,22,5
xl,4.0,101213639307.76814,2448424.96,128305070.08,12242124.8,704,512,22,5
l,4.0,45780356158.68936,2448424.96,152693637.12,12242124.8,768,512,22,5
xl,4.0,91560712317.37872,2448424.96,152693637.12,12242124.8,768,512,22,5
l,4.0,42044616827.104355,3098787.84,152693637.12,15493939.2,768,576,22,5
xl,4.0,84089233654.20871,3098787.84,152693637.12,15493939.2,768,576,22,5
l,4.0,38417444597.176636,3098787.84,179202949.12,15493939.2,832,576,22,5
xl,4.0,76834889194.35327,3098787.84,179202949.12,15493939.2,832,576,22,5
l,4.0,35471054491.27182,3825664.0,179202949.12,19128320.0,832,640,22,5
xl,4.0,70942108982.54364,3825664.0,179202949.12,19128320.0,832,640,22,5
l,4.0,32679822222.436394,3825664.0,207833006.07999998,19128320.0,896,640,22,5
xl,4.0,65359644444.87279,3825664.0,207833006.07999998,19128320.0,896,640,22,5
xl,4.0,60295121950.984215,3825664.0,238583808.0,19128320.0,960,640,22,5
l,4.0,30318269963.336994,4629053.4399999995,207833006.07999998,23145267.199999996,896,704,22,5
xl,4.0,60636539926.67399,4629053.4399999995,207833006.07999998,23145267.199999996,896,704,22,5
xl,4.0,56252983343.21982,4629053.4399999995,238583808.0,23145267.199999996,960,704,22,5
xl,4.0,52238055663.26067,4629053.4399999995,271455354.88,23145267.199999996,1024,704,22,5
xl,4.0,52412972669.95731,5508956.16,238583808.0,27544780.8,960,768,22,5
xl,4.0,48910414938.99429,5508956.16,271455354.88,27544780.8,1024,768,22,5
xl,4.0,45676682155.49074,5508956.16,306447646.72,27544780.8,1088,768,22,5
xl,4.0,42695553683.12668,5508956.16,343560683.52,27544780.8,1152,768,22,5
xl,4.0,45748542289.675804,6465372.16,271455354.88,32326860.8,1024,832,22,5
xl,4.0,42907248402.06954,6465372.16,306447646.72,32326860.8,1088,832,22,5
s,4.0,58188811876.07395,344309.76,17753047.04,1721548.8,256,192,23,5
m,4.0,116377623752.1479,344309.76,17753047.04,1721548.8,256,192,23,5
l,4.0,290944059380.36975,344309.76,17753047.04,1721548.8,256,192,23,5
s,4.0,38014230508.58649,612106.24,27739136.0,3060531.2,320,256,23,5
m,4.0,76028461017.17297,612106.24,27739136.0,3060531.2,320,256,23,5
l,4.0,190071152542.93243,612106.24,27739136.0,3060531.2,320,256,23,5
xl,4.0,380142305085.86487,612106.24,27739136.0,3060531.2,320,256,23,5
s,4.0,26751073021.92037,956416.0,39944355.839999996,4782080.0,384,320,23,5
m,4.0,53502146043.84074,956416.0,39944355.839999996,4782080.0,384,320,23,5
l,4.0,133755365109.60185,956416.0,39944355.839999996,4782080.0,384,320,23,5
xl,4.0,267510730219.2037,956416.0,39944355.839999996,4782080.0,384,320,23,5
s,4.0,22712568032.590332,956416.0,54368706.56,4782080.0,448,320,23,5
m,4.0,45425136065.180664,956416.0,54368706.56,4782080.0,448,320,23,5
l,4.0,113562840162.95166,956416.0,54368706.56,4782080.0,448,320,23,5
xl,4.0,227125680325.90332,956416.0,54368706.56,4782080.0,448,320,23,5
s,4.0,17268758939.55298,1377239.04,71012188.16,6886195.2,512,384,23,5
m,4.0,34537517879.10596,1377239.04,71012188.16,6886195.2,512,384,23,5
l,4.0,86343794697.7649,1377239.04,71012188.16,6886195.2,512,384,23,5
xl,4.0,172687589395.5298,1377239.04,71012188.16,6886195.2,512,384,23,5
s,4.0,13560640212.708603,1874575.3599999999,89874800.63999999,9372876.799999999,576,448,23,5
m,4.0,27121280425.417206,1874575.3599999999,89874800.63999999,9372876.799999999,576,448,23,5
l,4.0,67803201063.543015,1874575.3599999999,89874800.63999999,9372876.799999999,576,448,23,5
xl,4.0,135606402127.08603,1874575.3599999999,89874800.63999999,9372876.799999999,576,448,23,5
s,4.0,12057580925.62156,1874575.3599999999,110956544.0,9372876.799999999,640,448,23,5
m,4.0,24115161851.24312,1874575.3599999999,110956544.0,9372876.799999999,640,448,23,5
l,4.0,60287904628.107796,1874575.3599999999,110956544.0,9372876.799999999,640,448,23,5
xl,4.0,120575809256.21559,1874575.3599999999,110956544.0,9372876.799999999,640,448,23,5
s,4.0,10925038649.64033,2448424.96,110956544.0,12242124.8,640,512,23,5
m,4.0,21850077299.28066,2448424.96,110956544.0,12242124.8,640,512,23,5
l,4.0,54625193248.20165,2448424.96,110956544.0,12242124.8,640,512,23,5
xl,4.0,109250386496.4033,2448424.96,110956544.0,12242124.8,640,512,23,5
l,4.0,49225205194.047066,2448424.96,134257418.24,12242124.8,704,512,23,5
xl,4.0,98450410388.09413,2448424.96,134257418.24,12242124.8,704,512,23,5
l,4.0,44932463430.488884,3098787.84,134257418.24,15493939.2,704,576,23,5
xl,4.0,89864926860.97777,3098787.84,134257418.24,15493939.2,704,576,23,5
l,4.0,40927307972.35828,3098787.84,159777423.35999998,15493939.2,768,576,23,5
xl,4.0,81854615944.71655,3098787.84,159777423.35999998,15493939.2,768,576,23,5
l,4.0,37339598375.471054,3098787.84,187516559.35999998,15493939.2,832,576,23,5
xl,4.0,74679196750.94211,3098787.84,187516559.35999998,15493939.2,832,576,23,5
l,4.0,37600030278.311745,3825664.0,159777423.35999998,19128320.0,768,640,23,5
xl,4.0,75200060556.62349,3825664.0,159777423.35999998,19128320.0,768,640,23,5
l,4.0,34550215815.46312,3825664.0,187516559.35999998,19128320.0,832,640,23,5
xl,4.0,69100431630.92624,3825664.0,187516559.35999998,19128320.0,832,640,23,5
l,4.0,31785636673.544613,3825664.0,217474826.24,19128320.0,896,640,23,5
xl,4.0,63571273347.089226,3825664.0,217474826.24,19128320.0,896,640,23,5
l,4.0,29547123848.35901,4629053.4399999995,217474826.24,23145267.199999996,896,704,23,5
xl,4.0,59094247696.71802,4629053.4399999995,217474826.24,23145267.199999996,896,704,23,5
xl,4.0,54747529036.849915,4629053.4399999995,249652224.0,23145267.199999996,960,704,23,5
xl,4.0,50776715905.84737,4629053.4399999995,284048752.64,23145267.199999996,1024,704,23,5
xl,4.0,51103645530.80231,5508956.16,249652224.0,27544780.8,960,768,23,5
xl,4.0,47627037204.2236,5508956.16,284048752.64,27544780.8,1024,768,23,5
xl,4.0,44425219957.687035,5508956.16,320664412.16,27544780.8,1088,768,23,5
xl,4.0,44623824316.806175,6465372.16,284048752.64,32326860.8,1024,832,23,5
xl,4.0,41801103530.13878,6465372.16,320664412.16,32326860.8,1088,832,23,5
xl,4.0,39298048919.27517,7498301.4399999995,320664412.16,37491507.199999996,1088,896,23,5
s,4.0,56569737815.10475,344309.76,18540134.4,1721548.8,256,192,24,5
m,4.0,113139475630.2095,344309.76,18540134.4,1721548.8,256,192,24,5
l,4.0,282848689075.52374,344309.76,18540134.4,1721548.8,256,192,24,5
s,4.0,37019209901.78691,612106.24,28968960.0,3060531.2,320,256,24,5
m,4.0,74038419803.57382,612106.24,28968960.0,3060531.2,320,256,24,5
l,4.0,185096049508.93454,612106.24,28968960.0,3060531.2,320,256,24,5
xl,4.0,370192099017.8691,612106.24,28968960.0,3060531.2,320,256,24,5
s,4.0,26081849668.358223,956416.0,41715302.4,4782080.0,384,320,24,5
m,4.0,52163699336.716446,956416.0,41715302.4,4782080.0,384,320,24,5
l,4.0,130409248341.79112,956416.0,41715302.4,4782080.0,384,320,24,5
xl,4.0,260818496683.58224,956416.0,41715302.4,4782080.0,384,320,24,5
s,4.0,22086444889.3585,956416.0,56779161.6,4782080.0,448,320,24,5
m,4.0,44172889778.717,956416.0,56779161.6,4782080.0,448,320,24,5
l,4.0,110432224446.79251,956416.0,56779161.6,4782080.0,448,320,24,5
xl,4.0,220864448893.58502,956416.0,56779161.6,4782080.0,448,320,24,5
s,4.0,16811786003.448433,1377239.04,74160537.6,6886195.2,512,384,24,5
m,4.0,33623572006.896866,1377239.04,74160537.6,6886195.2,512,384,24,5
l,4.0,84058930017.24217,1377239.04,74160537.6,6886195.2,512,384,24,5
xl,4.0,168117860034.48434,1377239.04,74160537.6,6886195.2,512,384,24,5
s,4.0,13213591555.242266,1874575.3599999999,93859430.4,9372876.799999999,576,448,24,5
m,4.0,26427183110.48453,1874575.3599999999,93859430.4,9372876.799999999,576,448,24,5
l,4.0,66067957776.21133,1874575.3599999999,93859430.4,9372876.799999999,576,448,24,5
xl,4.0,132135915552.42265,1874575.3599999999,93859430.4,9372876.799999999,576,448,24,5
s,4.0,11727196601.306067,1874575.3599999999,115875840.0,9372876.799999999,640,448,24,5
m,4.0,23454393202.612133,1874575.3599999999,115875840.0,9372876.799999999,640,448,24,5
l,4.0,58635983006.530334,1874575.3599999999,115875840.0,9372876.799999999,640,448,24,5
xl,4.0,117271966013.06067,1874575.3599999999,115875840.0,9372876.799999999,640,448,24,5
s,4.0,10653104218.435638,2448424.96,115875840.0,12242124.8,640,512,24,5
m,4.0,21306208436.871277,2448424.96,115875840.0,12242124.8,640,512,24,5
l,4.0,53265521092.17819,2448424.96,115875840.0,12242124.8,640,512,24,5
xl,4.0,106531042184.35638,2448424.96,115875840.0,12242124.8,640,512,24,5
l,4.0,47917024702.67525,2448424.96,140209766.4,12242124.8,704,512,24,5
xl,4.0,95834049405.3505,2448424.96,140209766.4,12242124.8,704,512,24,5
l,4.0,43839965255.2914,3098787.84,140209766.4,15493939.2,704,576,24,5
xl,4.0,87679930510.5828,3098787.84,140209766.4,15493939.2,704,576,24,5
l,4.0,39867845428.08944,3098787.84,166861209.6,15493939.2,768,576,24,5
xl,4.0,79735690856.17888,3098787.84,166861209.6,15493939.2,768,576,24,5
l,4.0,36703942462.425285,3825664.0,166861209.6,19128320.0,768,640,24,5
xl,4.0,73407884924.85057,3825664.0,166861209.6,19128320.0,768,640,24,5
l,4.0,33675977840.69363,3825664.0,195830169.6,19128320.0,832,640,24,5
xl,4.0,67351955681.38726,3825664.0,195830169.6,19128320.0,832,640,24,5
l,4.0,30939081291.494556,3825664.0,227116646.4,19128320.0,896,640,24,5
xl,4.0,61878162582.98911,3825664.0,227116646.4,19128320.0,896,640,24,5
l,4.0,31173772022.224934,4629053.4399999995,195830169.6,23145267.199999996,832,704,24,5
xl,4.0,62347544044.44987,4629053.4399999995,195830169.6,23145267.199999996,832,704,24,5
l,4.0,28814232960.121063,4629053.4399999995,227116646.4,23145267.199999996,896,704,24,5
xl,4.0,57628465920.24213,4629053.4399999995,227116646.4,23145267.199999996,896,704,24,5
xl,4.0,53320553053.67558,4629053.4399999995,260720640.0,23145267.199999996,960,704,24,5
xl,4.0,49858140587.02685,5508956.16,260720640.0,27544780.8,960,768,24,5
xl,4.0,46409287441.45376,5508956.16,296642150.4,27544780.8,1024,768,24,5
xl,4.0,43240504811.32185,5508956.16,334881177.6,27544780.8,1088,768,24,5
xl,4.0,43553081275.97288,6465372.16,296642150.4,32326860.8,1024,832,24,5
xl,4.0,40750557937.731026,6465372.16,334881177.6,32326860.8,1088,832,24,5
xl,4.0,38368150619.04341,7498301.4399999995,334881177.6,37491507.199999996,1088,896,24,5
s,4.0,57283037836.26221,344309.76,18173952.0,2065858.56,320,192,15,6
m,4.0,114566075672.52441,344309.76,18173952.0,2065858.56,320,192,15,6
l,4.0,286415189181.31104,344309.76,18173952.0,2065858.56,320,192,15,6
s,4.0,32852112436.55982,612106.24,35620945.92,3672637.44,448,256,15,6
m,4.0,65704224873.11964,612106.24,35620945.92,3672637.44,448,256,15,6
l,4.0,164260562182.79907,612106.24,35620945.92,3672637.44,448,256,15,6
xl,4.0,328521124365.59814,612106.24,35620945.92,3672637.44,448,256,15,6
s,4.0,21309923376.67567,956416.0,58883604.480000004,5738496.0,576,320,15,6
m,4.0,42619846753.35134,956416.0,58883604.480000004,5738496.0,576,320,15,6
l,4.0,106549616883.37834,956416.0,58883604.480000004,5738496.0,576,320,15,6
xl,4.0,213099233766.75668,956416.0,58883604.480000004,5738496.0,576,320,15,6
s,4.0,16564581667.665258,1377239.04,72695808.0,8263434.24,640,384,15,6
m,4.0,33129163335.330517,1377239.04,72695808.0,8263434.24,640,384,15,6
l,4.0,82822908338.3263,1377239.04,72695808.0,8263434.24,640,384,15,6
xl,4.0,165645816676.6526,1377239.04,72695808.0,8263434.24,640,384,15,6
s,4.0,14943588860.621359,1377239.04,87961927.68,8263434.24,704,384,15,6
m,4.0,29887177721.242718,1377239.04,87961927.68,8263434.24,704,384,15,6
l,4.0,74717944303.1068,1377239.04,87961927.68,8263434.24,704,384,15,6
xl,4.0,149435888606.2136,1377239.04,87961927.68,8263434.24,704,384,15,6
s,4.0,12083198011.182167,1874575.3599999999,104681963.52,11247452.16,768,448,15,6
m,4.0,24166396022.364334,1874575.3599999999,104681963.52,11247452.16,768,448,15,6
l,4.0,60415990055.910835,1874575.3599999999,104681963.52,11247452.16,768,448,15,6
xl,4.0,120831980111.82167,1874575.3599999999,104681963.52,11247452.16,768,448,15,6
s,4.0,11060118126.804173,1874575.3599999999,122855915.52,11247452.16,832,448,15,6
m,4.0,22120236253.608345,1874575.3599999999,122855915.52,11247452.16,832,448,15,6
l,4.0,55300590634.02086,1874575.3599999999,122855915.52,11247452.16,832,448,15,6
xl,4.0,110601181268.04172,1874575.3599999999,122855915.52,11247452.16,832,448,15,6
s,4.0,9955668729.261406,2448424.96,122855915.52,14690549.76,832,512,15,6
m,4.0,19911337458.52281,2448424.96,122855915.52,14690549.76,832,512,15,6
l,4.0,49778343646.30703,2448424.96,122855915.52,14690549.76,832,512,15,6
xl,4.0,99556687292.61406,2448424.96,122855915.52,14690549.76,832,512,15,6
l,4.0,46017588420.02038,2448424.96,142483783.68,14690549.76,896,512,15,6
xl,4.0,92035176840.04076,2448424.96,142483783.68,14690549.76,896,512,15,6
l,4.0,42583507641.597496,2448424.96,163565568.0,14690549.76,960,512,15,6
xl,4.0,85167015283.19499,2448424.96,163565568.0,14690549.76,960,512,15,6
l,4.0,38838635174.91427,3098787.84,163565568.0,18592727.04,960,576,15,6
xl,4.0,77677270349.82854,3098787.84,163565568.0,18592727.04,960,576,15,6
l,4.0,36217855969.03436,3098787.84,186101268.48,18592727.04,1024,576,15,6
xl,4.0,72435711938.06873,3098787.84,186101268.48,18592727.04,1024,576,15,6
l,4.0,33801476097.589584,3098787.84,210090885.12,18592727.04,1088,576,15,6
xl,4.0,67602952195.17917,3098787.84,210090885.12,18592727.04,1088,576,15,6
l,4.0,31145841764.512695,3825664.0,210090885.12,22953984.0,1088,640,15,6
xl,4.0,62291683529.02539,3825664.0,210090885.12,22953984.0,1088,640,15,6
xl,4.0,58494043612.37275,3825664.0,235534417.92000002,22953984.0,1152,640,15,6
xl,4.0,54965137635.91461,3825664.0,262431866.88000003,22953984.0,1216,640,15,6
xl,4.0,54094634597.442375,4629053.4399999995,235534417.92000002,27774320.639999997,1152,704,15,6
xl,4.0,51062836670.25213,4629053.4399999995,262431866.88000003,27774320.639999997,1216,704,15,6
xl,4.0,48223799862.16296,4629053.4399999995,290783232.0,27774320.639999997,1280,704,15,6
xl,4.0,44931455992.71719,5508956.16,290783232.0,33053736.96,1280,768,15,6
s,4.0,55053229337.8712,344309.76,19403776.0,2065858.56,320,192,16,6
m,4.0,110106458675.7424,344309.76,19403776.0,2065858.56,320,192,16,6
l,4.0,275266146689.356,344309.76,19403776.0,2065858.56,320,192,16,6
s,4.0,31558090274.43683,612106.24,38031400.96,3672637.44,448,256,16,6
m,4.0,63116180548.87366,612106.24,38031400.96,3672637.44,448,256,16,6
l,4.0,157790451372.18414,612106.24,38031400.96,3672637.44,448,256,16,6
xl,4.0,315580902744.3683,612106.24,38031400.96,3672637.44,448,256,16,6
s,4.0,23224047431.694584,956416.0,49673666.56,5738496.0,512,320,16,6
m,4.0,46448094863.38917,956416.0,49673666.56,5738496.0,512,320,16,6
l,4.0,116120237158.47292,956416.0,49673666.56,5738496.0,512,320,16,6
xl,4.0,232240474316.94583,956416.0,49673666.56,5738496.0,512,320,16,6
s,4.0,20465251058.073124,956416.0,62868234.239999995,5738496.0,576,320,16,6
m,4.0,40930502116.14625,956416.0,62868234.239999995,5738496.0,576,320,16,6
l,4.0,102326255290.36563,956416.0,62868234.239999995,5738496.0,576,320,16,6
xl,4.0,204652510580.73126,956416.0,62868234.239999995,5738496.0,576,320,16,6
s,4.0,15947369374.000278,1377239.04,77615104.0,8263434.24,640,384,16,6
m,4.0,31894738748.000557,1377239.04,77615104.0,8263434.24,640,384,16,6
l,4.0,79736846870.00139,1377239.04,77615104.0,8263434.24,640,384,16,6
xl,4.0,159473693740.00278,1377239.04,77615104.0,8263434.24,640,384,16,6
s,4.0,14348973613.555334,1377239.04,93914275.84,8263434.24,704,384,16,6
m,4.0,28697947227.11067,1377239.04,93914275.84,8263434.24,704,384,16,6
l,4.0,71744868067.77667,1377239.04,93914275.84,8263434.24,704,384,16,6
xl,4.0,143489736135.55334,1377239.04,93914275.84,8263434.24,704,384,16,6
s,4.0,12750119918.447866,1874575.3599999999,93914275.84,11247452.16,704,448,16,6
m,4.0,25500239836.895733,1874575.3599999999,93914275.84,11247452.16,704,448,16,6
l,4.0,63750599592.239334,1874575.3599999999,93914275.84,11247452.16,704,448,16,6
xl,4.0,127501199184.47867,1874575.3599999999,93914275.84,11247452.16,704,448,16,6
s,4.0,11627085055.397646,1874575.3599999999,111765749.76,11247452.16,768,448,16,6
m,4.0,23254170110.79529,1874575.3599999999,111765749.76,11247452.16,768,448,16,6
l,4.0,58135425276.988235,1874575.3599999999,111765749.76,11247452.16,768,448,16,6
xl,4.0,116270850553.97647,1874575.3599999999,111765749.76,11247452.16,768,448,16,6
l,4.0,53094428589.06053,1874575.3599999999,131169525.76,11247452.16,832,448,16,6
xl,4.0,106188857178.12106,1874575.3599999999,131169525.76,11247452.16,832,448,16,6
l,4.0,47983641696.32962,2448424.96,131169525.76,14690549.76,832,512,16,6
xl,4.0,95967283392.65924,2448424.96,131169525.76,14690549.76,832,512,16,6
l,4.0,44264140241.215744,2448424.96,152125603.84,14690549.76,896,512,16,6
xl,4.0,88528280482.43149,2448424.96,152125603.84,14690549.76,896,512,16,6
l,4.0,40881521671.51311,2448424.96,174633984.0,14690549.76,960,512,16,6
xl,4.0,81763043343.02621,2448424.96,174633984.0,14690549.76,960,512,16,6
l,4.0,37417844124.20135,3098787.84,174633984.0,18592727.04,960,576,16,6
xl,4.0,74835688248.4027,3098787.84,174633984.0,18592727.04,960,576,16,6
l,4.0,34827965963.73556,3098787.84,198694666.24,18592727.04,1024,576,16,6
xl,4.0,69655931927.47112,3098787.84,198694666.24,18592727.04,1024,576,16,6
l,4.0,32448608371.70441,3098787.84,224307650.56,18592727.04,1088,576,16,6
xl,4.0,64897216743.40882,3098787.84,224307650.56,18592727.04,1088,576,16,6
l,4.0,32015299612.758507,3825664.0,198694666.24,22953984.0,1024,640,16,6
xl,4.0,64030599225.51701,3825664.0,198694666.24,22953984.0,1024,640,16,6
l,4.0,29993577899.873367,3825664.0,224307650.56,22953984.0,1088,640,16,6
xl,4.0,59987155799.746735,3825664.0,224307650.56,22953984.0,1088,640,16,6
xl,4.0,56236741760.73067,3825664.0,251472936.95999998,22953984.0,1152,640,16,6
xl,4.0,52762835286.544266,3825664.0,280190525.44000006,22953984.0,1216,640,16,6
xl,4.0,52158493200.45026,4629053.4399999995,251472936.95999998,27774320.639999997,1152,704,16,6
xl,4.0,49156720626.14833,4629053.4399999995,280190525.44000006,27774320.639999997,1216,704,16,6
xl,4.0,46354464350.401276,4629053.4399999995,310460416.0,27774320.639999997,1280,704,16,6
xl,4.0,45740271859.450096,5508956.16,280190525.44000006,33053736.96,1216,768,16,6
xl,4.0,43304348437.25817,5508956.16,310460416.0,33053736.96,1280,768,16,6
s,4.0,52990512358.22685,344309.76,20633600.0,2065858.56,320,192,17,6
m,4.0,105981024716.4537,344309.76,20633600.0,2065858.56,320,192,17,6
l,4.0,264952561791.13428,344309.76,20633600.0,2065858.56,320,192,17,6
s,4.0,30362146174.48666,612106.24,40441856.0,3672637.44,448,256,17,6
m,4.0,60724292348.97332,612106.24,40441856.0,3672637.44,448,256,17,6
l,4.0,151810730872.43332,612106.24,40441856.0,3672637.44,448,256,17,6
xl,4.0,303621461744.86664,612106.24,40441856.0,3672637.44,448,256,17,6
s,4.0,22405019458.52639,956416.0,52822016.0,5738496.0,512,320,17,6
m,4.0,44810038917.05278,956416.0,52822016.0,5738496.0,512,320,17,6
l,4.0,112025097292.63196,956416.0,52822016.0,5738496.0,512,320,17,6
xl,4.0,224050194585.26392,956416.0,52822016.0,5738496.0,512,320,17,6
s,4.0,19684987166.112774,956416.0,66852864.0,5738496.0,576,320,17,6
m,4.0,39369974332.22555,956416.0,66852864.0,5738496.0,576,320,17,6
l,4.0,98424935830.56386,956416.0,66852864.0,5738496.0,576,320,17,6
xl,4.0,196849871661.12772,956416.0,66852864.0,5738496.0,576,320,17,6
s,4.0,15374500647.288616,1377239.04,82534400.0,8263434.24,640,384,17,6
m,4.0,30749001294.577232,1377239.04,82534400.0,8263434.24,640,384,17,6
l,4.0,76872503236.44308,1377239.04,82534400.0,8263434.24,640,384,17,6
xl,4.0,153745006472.88617,1377239.04,82534400.0,8263434.24,640,384,17,6
s,4.0,13799867781.8108,1377239.04,99866624.0,8263434.24,704,384,17,6
m,4.0,27599735563.6216,1377239.04,99866624.0,8263434.24,704,384,17,6
l,4.0,68999338909.054,1377239.04,99866624.0,8263434.24,704,384,17,6
xl,4.0,137998677818.108,1377239.04,99866624.0,8263434.24,704,384,17,6
s,4.0,12314709579.327274,1874575.3599999999,99866624.0,11247452.16,704,448,17,6
m,4.0,24629419158.65455,1874575.3599999999,99866624.0,11247452.16,704,448,17,6
l,4.0,61573547896.636375,1874575.3599999999,99866624.0,11247452.16,704,448,17,6
xl,4.0,123147095793.27275,1874575.3599999999,99866624.0,11247452.16,704,448,17,6
s,4.0,11204153991.183174,1874575.3599999999,118849536.0,11247452.16,768,448,17,6
m,4.0,22408307982.36635,1874575.3599999999,118849536.0,11247452.16,768,448,17,6
l,4.0,56020769955.91587,1874575.3599999999,118849536.0,11247452.16,768,448,17,6
xl,4.0,112041539911.83174,1874575.3599999999,118849536.0,11247452.16,768,448,17,6
l,4.0,51057538872.7185,1874575.3599999999,139483136.0,11247452.16,832,448,17,6
xl,4.0,102115077745.437,1874575.3599999999,139483136.0,11247452.16,832,448,17,6
l,4.0,46313848215.57337,2448424.96,139483136.0,14690549.76,832,512,17,6
xl,4.0,92627696431.14674,2448424.96,139483136.0,14690549.76,832,512,17,6
l,4.0,42639413594.73093,2448424.96,161767424.0,14690549.76,896,512,17,6
xl,4.0,85278827189.46185,2448424.96,161767424.0,14690549.76,896,512,17,6
l,4.0,38885135177.17312,3098787.84,161767424.0,18592727.04,896,576,17,6
xl,4.0,77770270354.34624,3098787.84,161767424.0,18592727.04,896,576,17,6
l,4.0,36097335039.67804,3098787.84,185702400.0,18592727.04,960,576,17,6
xl,4.0,72194670079.35608,3098787.84,185702400.0,18592727.04,960,576,17,6
l,4.0,33540809806.30671,3098787.84,211288064.0,18592727.04,1024,576,17,6
xl,4.0,67081619612.61342,3098787.84,211288064.0,18592727.04,1024,576,17,6
l,4.0,30924391148.118366,3825664.0,211288064.0,22953984.0,1024,640,17,6
xl,4.0,61848782296.23673,3825664.0,211288064.0,22953984.0,1024,640,17,6
xl,4.0,57847060254.695625,3825664.0,238524416.0,22953984.0,1088,640,17,6
xl,4.0,54147186371.67335,3825664.0,267411456.0,22953984.0,1152,640,17,6
xl,4.0,53540851574.66292,4629053.4399999995,238524416.0,27774320.639999997,1088,704,17,6
xl,4.0,50356158392.51978,4629053.4399999995,267411456.0,27774320.639999997,1152,704,17,6
xl,4.0,47387789789.129265,4629053.4399999995,297949184.00000006,27774320.639999997,1216,704,17,6
xl,4.0,44624645570.00205,4629053.4399999995,330137600.0,27774320.639999997,1280,704,17,6
xl,4.0,44204841660.258766,5508956.16,297949184.00000006,33053736.96,1216,768,17,6
xl,4.0,41790967715.07192,5508956.16,330137600.0,33053736.96,1280,768,17,6
xl,4.0,39097321736.37459,6465372.16,330137600.0,38792232.96,1280,832,17,6
s,4.0,112103191472.03578,153026.56,7870832.64,918159.36,192,128,18,6
m,4.0,224206382944.07156,153026.56,7870832.64,918159.36,192,128,18,6
s,4.0,51076783589.84176,344309.76,21863424.0,2065858.56,320,192,18,6
m,4.0,102153567179.68352,344309.76,21863424.0,2065858.56,320,192,18,6
l,4.0,255383917949.2088,344309.76,21863424.0,2065858.56,320,192,18,6
s,4.0,34504114811.67467,612106.24,31483330.56,3672637.44,384,256,18,6
m,4.0,69008229623.34933,612106.24,31483330.56,3672637.44,384,256,18,6
l,4.0,172520574058.37332,612106.24,31483330.56,3672637.44,384,256,18,6
xl,4.0,345041148116.74664,612106.24,31483330.56,3672637.44,384,256,18,6
s,4.0,29253536799.40471,612106.24,42852311.04,3672637.44,448,256,18,6
m,4.0,58507073598.80942,612106.24,42852311.04,3672637.44,448,256,18,6
l,4.0,146267683997.02356,612106.24,42852311.04,3672637.44,448,256,18,6
xl,4.0,292535367994.0471,612106.24,42852311.04,3672637.44,448,256,18,6
s,4.0,21641791902.69551,956416.0,55970365.44,5738496.0,512,320,18,6
m,4.0,43283583805.39102,956416.0,55970365.44,5738496.0,512,320,18,6
l,4.0,108208959513.47757,956416.0,55970365.44,5738496.0,512,320,18,6
xl,4.0,216417919026.95514,956416.0,55970365.44,5738496.0,512,320,18,6
s,4.0,18962035299.069584,956416.0,70837493.76,5738496.0,576,320,18,6
m,4.0,37924070598.13917,956416.0,70837493.76,5738496.0,576,320,18,6
l,4.0,94810176495.34792,956416.0,70837493.76,5738496.0,576,320,18,6
xl,4.0,189620352990.69583,956416.0,70837493.76,5738496.0,576,320,18,6
s,4.0,16615409855.265799,1377239.04,70837493.76,8263434.24,576,384,18,6
m,4.0,33230819710.531597,1377239.04,70837493.76,8263434.24,576,384,18,6
l,4.0,83077049276.329,1377239.04,70837493.76,8263434.24,576,384,18,6
xl,4.0,166154098552.658,1377239.04,70837493.76,8263434.24,576,384,18,6
s,4.0,14841362410.663548,1377239.04,87453696.0,8263434.24,640,384,18,6
m,4.0,29682724821.327095,1377239.04,87453696.0,8263434.24,640,384,18,6
l,4.0,74206812053.31773,1377239.04,87453696.0,8263434.24,640,384,18,6
xl,4.0,148413624106.63547,1377239.04,87453696.0,8263434.24,640,384,18,6
s,4.0,11908055332.636759,1874575.3599999999,105818972.16,11247452.16,704,448,18,6
m,4.0,23816110665.273518,1874575.3599999999,105818972.16,11247452.16,704,448,18,6
l,4.0,59540276663.1838,1874575.3599999999,105818972.16,11247452.16,704,448,18,6
xl,4.0,119080553326.3676,1874575.3599999999,105818972.16,11247452.16,704,448,18,6
s,4.0,10810910967.765005,1874575.3599999999,125933322.24,11247452.16,768,448,18,6
m,4.0,21621821935.53001,1874575.3599999999,125933322.24,11247452.16,768,448,18,6
l,4.0,54054554838.82503,1874575.3599999999,125933322.24,11247452.16,768,448,18,6
xl,4.0,108109109677.65005,1874575.3599999999,125933322.24,11247452.16,768,448,18,6
l,4.0,48766461029.19012,2448424.96,125933322.24,14690549.76,768,512,18,6
xl,4.0,97532922058.38023,2448424.96,125933322.24,14690549.76,768,512,18,6
l,4.0,44756361577.57361,2448424.96,147796746.24,14690549.76,832,512,18,6
xl,4.0,89512723155.14722,2448424.96,147796746.24,14690549.76,832,512,18,6
l,4.0,41129736059.49384,2448424.96,171409244.16,14690549.76,896,512,18,6
xl,4.0,82259472118.98769,2448424.96,171409244.16,14690549.76,896,512,18,6
l,4.0,37625673542.29918,3098787.84,171409244.16,18592727.04,896,576,18,6
xl,4.0,75251347084.59836,3098787.84,171409244.16,18592727.04,896,576,18,6
l,4.0,34866852716.63906,3098787.84,196770816.0,18592727.04,960,576,18,6
xl,4.0,69733705433.27812,3098787.84,196770816.0,18592727.04,960,576,18,6
l,4.0,32345403081.043617,3098787.84,223881461.76,18592727.04,1024,576,18,6
xl,4.0,64690806162.087234,3098787.84,223881461.76,18592727.04,1024,576,18,6
l,4.0,32048156123.438625,3825664.0,196770816.0,22953984.0,960,640,18,6
xl,4.0,64096312246.87725,3825664.0,196770816.0,22953984.0,960,640,18,6
l,4.0,29905377433.577126,3825664.0,223881461.76,22953984.0,1024,640,18,6
xl,4.0,59810754867.15425,3825664.0,223881461.76,22953984.0,1024,640,18,6
xl,4.0,55854404322.4653,3825664.0,252741181.44,22953984.0,1088,640,18,6
xl,4.0,52207348757.86672,3825664.0,283349975.04,22953984.0,1152,640,18,6
xl,4.0,51829436472.88362,4629053.4399999995,252741181.44,27774320.639999997,1088,704,18,6
xl,4.0,48674222432.4118,4629053.4399999995,283349975.04,27774320.639999997,1152,704,18,6
xl,4.0,45741748545.71393,4629053.4399999995,315707842.56000006,27774320.639999997,1216,704,18,6
xl,4.0,45322226176.930916,5508956.16,283349975.04,33053736.96,1152,768,18,6
xl,4.0,42769147511.2551,5508956.16,315707842.56000006,33053736.96,1216,768,18,6
s,4.0,108296522045.93167,153026.56,8313569.28,918159.36,192,128,19,6
m,4.0,216593044091.86334,153026.56,8313569.28,918159.36,192,128,19,6
s,4.0,49296463743.018814,344309.76,23093248.0,2065858.56,320,192,19,6
m,4.0,98592927486.03763,344309.76,23093248.0,2065858.56,320,192,19,6
l,4.0,246482318715.0941,344309.76,23093248.0,2065858.56,320,192,19,6
xl,4.0,492964637430.1882,344309.76,23093248.0,2065858.56,320,192,19,6
s,4.0,33398782121.15847,612106.24,33254277.12,3672637.44,384,256,19,6
m,4.0,66797564242.31694,612106.24,33254277.12,3672637.44,384,256,19,6
l,4.0,166993910605.79236,612106.24,33254277.12,3672637.44,384,256,19,6
xl,4.0,333987821211.5847,612106.24,33254277.12,3672637.44,384,256,19,6
s,4.0,28223032619.133465,612106.24,45262766.08,3672637.44,448,256,19,6
m,4.0,56446065238.26693,612106.24,45262766.08,3672637.44,448,256,19,6
l,4.0,141115163095.66733,612106.24,45262766.08,3672637.44,448,256,19,6
xl,4.0,282230326191.33466,612106.24,45262766.08,3672637.44,448,256,19,6
s,4.0,20928850093.698967,956416.0,59118714.88,5738496.0,512,320,19,6
m,4.0,41857700187.397934,956416.0,59118714.88,5738496.0,512,320,19,6
l,4.0,104644250468.49483,956416.0,59118714.88,5738496.0,512,320,19,6
xl,4.0,209288500936.98965,956416.0,59118714.88,5738496.0,512,320,19,6
s,4.0,16097379119.513128,1377239.04,74822123.52,8263434.24,576,384,19,6
m,4.0,32194758239.026257,1377239.04,74822123.52,8263434.24,576,384,19,6
l,4.0,80486895597.56564,1377239.04,74822123.52,8263434.24,576,384,19,6
xl,4.0,160973791195.1313,1377239.04,74822123.52,8263434.24,576,384,19,6
s,4.0,14343960009.057856,1377239.04,92372992.0,8263434.24,640,384,19,6
m,4.0,28687920018.11571,1377239.04,92372992.0,8263434.24,640,384,19,6
l,4.0,71719800045.28928,1377239.04,92372992.0,8263434.24,640,384,19,6
xl,4.0,143439600090.57855,1377239.04,92372992.0,8263434.24,640,384,19,6
s,4.0,11527399505.394514,1874575.3599999999,111771320.32,11247452.16,704,448,19,6
m,4.0,23054799010.78903,1874575.3599999999,111771320.32,11247452.16,704,448,19,6
l,4.0,57636997526.97257,1874575.3599999999,111771320.32,11247452.16,704,448,19,6
xl,4.0,115273995053.94514,1874575.3599999999,111771320.32,11247452.16,704,448,19,6
l,4.0,52221680052.56219,1874575.3599999999,133017108.48,11247452.16,768,448,19,6
xl,4.0,104443360105.12437,1874575.3599999999,133017108.48,11247452.16,768,448,19,6
l,4.0,47269695719.659325,2448424.96,133017108.48,14690549.76,768,512,19,6
xl,4.0,94539391439.31865,2448424.96,133017108.48,14690549.76,768,512,19,6
l,4.0,43300220123.9088,2448424.96,156110356.48,14690549.76,832,512,19,6
xl,4.0,86600440247.8176,2448424.96,156110356.48,14690549.76,832,512,19,6
l,4.0,39723305327.39887,2448424.96,181051064.32,14690549.76,896,512,19,6
xl,4.0,79446610654.79774,2448424.96,181051064.32,14690549.76,896,512,19,6
l,4.0,39433951358.11879,3098787.84,156110356.48,18592727.04,832,576,19,6
xl,4.0,78867902716.23758,3098787.84,156110356.48,18592727.04,832,576,19,6
l,4.0,36445238413.39045,3098787.84,181051064.32,18592727.04,896,576,19,6
xl,4.0,72890476826.7809,3098787.84,181051064.32,18592727.04,896,576,19,6
l,4.0,33717494169.608673,3098787.84,207839232.0,18592727.04,960,576,19,6
xl,4.0,67434988339.21735,3098787.84,207839232.0,18592727.04,960,576,19,6
l,4.0,31074523718.28901,3825664.0,207839232.0,22953984.0,960,640,19,6
xl,4.0,62149047436.57802,3825664.0,207839232.0,22953984.0,960,640,19,6
xl,4.0,57902756025.179214,3825664.0,236474859.52,22953984.0,1024,640,19,6
xl,4.0,53994458834.644455,3825664.0,266957946.88,22953984.0,1088,640,19,6
xl,4.0,53588560436.113556,4629053.4399999995,236474859.52,27774320.639999997,1024,704,19,6
xl,4.0,50224042058.64462,4629053.4399999995,266957946.88,27774320.639999997,1088,704,19,6
xl,4.0,47101010998.407104,4629053.4399999995,299288494.08,27774320.639999997,1152,704,19,6
xl,4.0,44206220868.869644,4629053.4399999995,333466501.12000006,27774320.639999997,1216,704,19,6
xl,4.0,43955192349.79246,5508956.16,299288494.08,33053736.96,1152,768,19,6
xl,4.0,41423777353.98095,5508956.16,333466501.12000006,33053736.96,1216,768,19,6
xl,4.0,38775758452.50145,6465372.16,333466501.12000006,38792232.96,1216,832,19,6
s,4.0,104739887120.90193,153026.56,8657879.040000001,918159.36,192,128,20,6
m,4.0,209479774241.80386,153026.56,8657879.040000001,918159.36,192,128,20,6
s,4.0,47636072479.14554,344309.76,24049664.0,2065858.56,320,192,20,6
m,4.0,95272144958.29108,344309.76,24049664.0,2065858.56,320,192,20,6
l,4.0,238180362395.7277,344309.76,24049664.0,2065858.56,320,192,20,6
xl,4.0,476360724791.4554,344309.76,24049664.0,2065858.56,320,192,20,6
s,4.0,32362069442.6011,612106.24,34631516.160000004,3672637.44,384,256,20,6
m,4.0,64724138885.2022,612106.24,34631516.160000004,3672637.44,384,256,20,6
l,4.0,161810347213.0055,612106.24,34631516.160000004,3672637.44,384,256,20,6
xl,4.0,323620694426.011,612106.24,34631516.160000004,3672637.44,384,256,20,6
s,4.0,20261382861.100475,956416.0,61567139.84,5738496.0,512,320,20,6
m,4.0,40522765722.20095,956416.0,61567139.84,5738496.0,512,320,20,6
l,4.0,101306914305.50237,956416.0,61567139.84,5738496.0,512,320,20,6
xl,4.0,202613828611.00473,956416.0,61567139.84,5738496.0,512,320,20,6
s,4.0,15610673772.465534,1377239.04,77920911.35999998,8263434.24,576,384,20,6
m,4.0,31221347544.93107,1377239.04,77920911.35999998,8263434.24,576,384,20,6
l,4.0,78053368862.32767,1377239.04,77920911.35999998,8263434.24,576,384,20,6
xl,4.0,156106737724.65533,1377239.04,77920911.35999998,8263434.24,576,384,20,6
s,4.0,13878816938.910875,1377239.04,96198656.0,8263434.24,640,384,20,6
m,4.0,27757633877.82175,1377239.04,96198656.0,8263434.24,640,384,20,6
l,4.0,69394084694.55438,1377239.04,96198656.0,8263434.24,640,384,20,6
xl,4.0,138788169389.10876,1377239.04,96198656.0,8263434.24,640,384,20,6
s,4.0,12377541260.721931,1874575.3599999999,96198656.0,11247452.16,640,448,20,6
m,4.0,24755082521.443863,1874575.3599999999,96198656.0,11247452.16,640,448,20,6
l,4.0,61887706303.60966,1874575.3599999999,96198656.0,11247452.16,640,448,20,6
xl,4.0,123775412607.21931,1874575.3599999999,96198656.0,11247452.16,640,448,20,6
s,4.0,11170326111.969503,1874575.3599999999,116400373.75999999,11247452.16,704,448,20,6
m,4.0,22340652223.939007,1874575.3599999999,116400373.75999999,11247452.16,704,448,20,6
l,4.0,55851630559.84752,1874575.3599999999,116400373.75999999,11247452.16,704,448,20,6
xl,4.0,111703261119.69504,1874575.3599999999,116400373.75999999,11247452.16,704,448,20,6
l,4.0,50509026575.622536,1874575.3599999999,138526064.64000002,11247452.16,768,448,20,6
xl,4.0,101018053151.24507,1874575.3599999999,138526064.64000002,11247452.16,768,448,20,6
l,4.0,45862073370.300545,2448424.96,138526064.64000002,14690549.76,768,512,20,6
xl,4.0,91724146740.60109,2448424.96,138526064.64000002,14690549.76,768,512,20,6
l,4.0,41935843789.8112,2448424.96,162575728.64,14690549.76,832,512,20,6
xl,4.0,83871687579.6224,2448424.96,162575728.64,14690549.76,832,512,20,6
l,4.0,38299154383.594734,3098787.84,162575728.64,18592727.04,832,576,20,6
xl,4.0,76598308767.18947,3098787.84,162575728.64,18592727.04,832,576,20,6
l,4.0,35336618116.799385,3098787.84,188549365.76,18592727.04,896,576,20,6
xl,4.0,70673236233.59877,3098787.84,188549365.76,18592727.04,896,576,20,6
l,4.0,32641492870.51093,3098787.84,216446976.0,18592727.04,960,576,20,6
xl,4.0,65282985741.02186,3098787.84,216446976.0,18592727.04,960,576,20,6
l,4.0,30158305529.7883,3825664.0,216446976.0,22953984.0,960,640,20,6
xl,4.0,60316611059.5766,3825664.0,216446976.0,22953984.0,960,640,20,6
xl,4.0,56112726499.24497,3825664.0,246268559.36,22953984.0,1024,640,20,6
xl,4.0,52254393315.29027,3825664.0,278014115.84,22953984.0,1088,640,20,6
xl,4.0,52051795670.854324,4629053.4399999995,246268559.36,27774320.639999997,1024,704,20,6
xl,4.0,48715112485.12775,4629053.4399999995,278014115.84,27774320.639999997,1088,704,20,6
xl,4.0,45626311827.64209,4629053.4399999995,311683645.43999994,27774320.639999997,1152,704,20,6
xl,4.0,45357676236.459984,5508956.16,278014115.84,33053736.96,1088,768,20,6
xl,4.0,42668210401.1536,5508956.16,311683645.43999994,33053736.96,1152,768,20,6
s,4.0,101409435386.98636,153026.56,9100615.68,918159.36,192,128,21,6
m,4.0,202818870773.97272,153026.56,9100615.68,918159.36,192,128,21,6
s,4.0,46083886446.885315,344309.76,25279488.0,2065858.56,320,192,21,6
m,4.0,92167772893.77063,344309.76,25279488.0,2065858.56,320,192,21,6
l,4.0,230419432234.42657,344309.76,25279488.0,2065858.56,320,192,21,6
xl,4.0,460838864468.85315,344309.76,25279488.0,2065858.56,320,192,21,6
s,4.0,31387779167.67886,612106.24,36402462.72,3672637.44,384,256,21,6
m,4.0,62775558335.35772,612106.24,36402462.72,3672637.44,384,256,21,6
l,4.0,156938895838.3943,612106.24,36402462.72,3672637.44,384,256,21,6
xl,4.0,313877791676.7886,612106.24,36402462.72,3672637.44,384,256,21,6
s,4.0,22683247924.91652,956416.0,49547796.48,5738496.0,448,320,21,6
m,4.0,45366495849.83304,956416.0,49547796.48,5738496.0,448,320,21,6
l,4.0,113416239624.5826,956416.0,49547796.48,5738496.0,448,320,21,6
xl,4.0,226832479249.1652,956416.0,49547796.48,5738496.0,448,320,21,6
s,4.0,19635173820.800365,956416.0,64715489.28,5738496.0,512,320,21,6
m,4.0,39270347641.60073,956416.0,64715489.28,5738496.0,512,320,21,6
l,4.0,98175869104.00183,956416.0,64715489.28,5738496.0,512,320,21,6
xl,4.0,196351738208.00366,956416.0,64715489.28,5738496.0,512,320,21,6
s,4.0,15152535826.328415,1377239.04,81905541.12,8263434.24,576,384,21,6
m,4.0,30305071652.65683,1377239.04,81905541.12,8263434.24,576,384,21,6
l,4.0,75762679131.64207,1377239.04,81905541.12,8263434.24,576,384,21,6
xl,4.0,151525358263.28415,1377239.04,81905541.12,8263434.24,576,384,21,6
s,4.0,13442893474.37385,1377239.04,101117952.0,8263434.24,640,384,21,6
m,4.0,26885786948.7477,1377239.04,101117952.0,8263434.24,640,384,21,6
l,4.0,67214467371.86925,1377239.04,101117952.0,8263434.24,640,384,21,6
xl,4.0,134428934743.7385,1377239.04,101117952.0,8263434.24,640,384,21,6
s,4.0,12029643073.060514,1874575.3599999999,101117952.0,11247452.16,640,448,21,6
m,4.0,24059286146.12103,1874575.3599999999,101117952.0,11247452.16,640,448,21,6
l,4.0,60148215365.302574,1874575.3599999999,101117952.0,11247452.16,640,448,21,6
xl,4.0,120296430730.60515,1874575.3599999999,101117952.0,11247452.16,640,448,21,6
s,4.0,10834709523.465933,1874575.3599999999,122352721.92,11247452.16,704,448,21,6
m,4.0,21669419046.931866,1874575.3599999999,122352721.92,11247452.16,704,448,21,6
l,4.0,54173547617.329666,1874575.3599999999,122352721.92,11247452.16,704,448,21,6
xl,4.0,108347095234.65933,1874575.3599999999,122352721.92,11247452.16,704,448,21,6
l,4.0,44535860628.41459,2448424.96,145609850.88,14690549.76,768,512,21,6
xl,4.0,89071721256.82918,2448424.96,145609850.88,14690549.76,768,512,21,6
l,4.0,40654823085.39207,2448424.96,170889338.88,14690549.76,832,512,21,6
xl,4.0,81309646170.78413,2448424.96,170889338.88,14690549.76,832,512,21,6
l,4.0,37227842935.556725,3098787.84,170889338.88,18592727.04,832,576,21,6
xl,4.0,74455685871.11345,3098787.84,170889338.88,18592727.04,832,576,21,6
l,4.0,34293452556.644596,3098787.84,198191185.92,18592727.04,896,576,21,6
xl,4.0,68586905113.28919,3098787.84,198191185.92,18592727.04,896,576,21,6
l,4.0,31632043021.910675,3098787.84,227515392.0,18592727.04,960,576,21,6
xl,4.0,63264086043.82135,3098787.84,227515392.0,18592727.04,960,576,21,6
l,4.0,31563072984.66426,3825664.0,198191185.92,22953984.0,896,640,21,6
xl,4.0,63126145969.32852,3825664.0,198191185.92,22953984.0,896,640,21,6
l,4.0,29294568510.457436,3825664.0,227515392.0,22953984.0,960,640,21,6
xl,4.0,58589137020.91487,3825664.0,227515392.0,22953984.0,960,640,21,6
xl,4.0,54430053521.480934,3825664.0,258861957.12,22953984.0,1024,640,21,6
xl,4.0,50600713699.66897,4629053.4399999995,258861957.12,27774320.639999997,1024,704,21,6
xl,4.0,47294206792.165146,4629053.4399999995,292230881.28000003,27774320.639999997,1088,704,21,6
xl,4.0,44241152784.512115,4629053.4399999995,327622164.48,27774320.639999997,1152,704,21,6
xl,4.0,44123397240.71589,5508956.16,292230881.28000003,33053736.96,1088,768,21,6
xl,4.0,41454448741.40699,5508956.16,327622164.48,33053736.96,1152,768,21,6
xl,4.0,38802632561.31567,6465372.16,327622164.48,38792232.96,1152,832,21,6
s,4.0,98284255679.96509,153026.56,9543352.32,918159.36,192,128,22,6
m,4.0,196568511359.93018,153026.56,9543352.32,918159.36,192,128,22,6
s,4.0,30470438214.62928,612106.24,38173409.28,3672637.44,384,256,22,6
m,4.0,60940876429.25856,612106.24,38173409.28,3672637.44,384,256,22,6
l,4.0,152352191073.1464,612106.24,38173409.28,3672637.44,384,256,22,6
xl,4.0,304704382146.2928,612106.24,38173409.28,3672637.44,384,256,22,6
s,4.0,22058718062.78799,956416.0,51958251.519999996,5738496.0,448,320,22,6
m,4.0,44117436125.57598,956416.0,51958251.519999996,5738496.0,448,320,22,6
l,4.0,110293590313.93996,956416.0,51958251.519999996,5738496.0,448,320,22,6
xl,4.0,220587180627.8799,956416.0,51958251.519999996,5738496.0,448,320,22,6
s,4.0,19046512216.70111,956416.0,67863838.72,5738496.0,512,320,22,6
m,4.0,38093024433.40222,956416.0,67863838.72,5738496.0,512,320,22,6
l,4.0,95232561083.50555,956416.0,67863838.72,5738496.0,512,320,22,6
xl,4.0,190465122167.0111,956416.0,67863838.72,5738496.0,512,320,22,6
s,4.0,14720521825.30514,1377239.04,85890170.88,8263434.24,576,384,22,6
m,4.0,29441043650.61028,1377239.04,85890170.88,8263434.24,576,384,22,6
l,4.0,73602609126.5257,1377239.04,85890170.88,8263434.24,576,384,22,6
xl,4.0,147205218253.0514,1377239.04,85890170.88,8263434.24,576,384,22,6
s,4.0,11700767120.264782,1874575.3599999999,106037248.0,11247452.16,640,448,22,6
m,4.0,23401534240.529564,1874575.3599999999,106037248.0,11247452.16,640,448,22,6
l,4.0,58503835601.32391,1874575.3599999999,106037248.0,11247452.16,640,448,22,6
xl,4.0,117007671202.64783,1874575.3599999999,106037248.0,11247452.16,640,448,22,6
l,4.0,52593360603.386314,1874575.3599999999,128305070.08,11247452.16,704,448,22,6
xl,4.0,105186721206.77263,1874575.3599999999,128305070.08,11247452.16,704,448,22,6
l,4.0,47574022911.3206,2448424.96,128305070.08,14690549.76,704,512,22,6
xl,4.0,95148045822.6412,2448424.96,128305070.08,14690549.76,704,512,22,6
l,4.0,43284193515.60951,2448424.96,152693637.12,14690549.76,768,512,22,6
xl,4.0,86568387031.21902,2448424.96,152693637.12,14690549.76,768,512,22,6
l,4.0,39449745606.579666,2448424.96,179202949.12,14690549.76,832,512,22,6
xl,4.0,78899491213.15933,2448424.96,179202949.12,14690549.76,832,512,22,6
l,4.0,36214834491.7862,3098787.84,179202949.12,18592727.04,832,576,22,6
xl,4.0,72429668983.5724,3098787.84,179202949.12,18592727.04,832,576,22,6
l,4.0,33310111122.74389,3098787.84,207833006.07999998,18592727.04,896,576,22,6
xl,4.0,66620222245.48778,3098787.84,207833006.07999998,18592727.04,896,576,22,6
l,4.0,30728175596.964775,3825664.0,207833006.07999998,22953984.0,896,640,22,6
xl,4.0,61456351193.92955,3825664.0,207833006.07999998,22953984.0,896,640,22,6
xl,4.0,56957858020.008156,3825664.0,238583808.0,22953984.0,960,640,22,6
xl,4.0,52845360257.52523,3825664.0,271455354.88,22953984.0,1024,640,22,6
xl,4.0,52778235864.7167,4629053.4399999995,238583808.0,27774320.639999997,960,704,22,6
xl,4.0,49228342967.2019,4629053.4399999995,271455354.88,27774320.639999997,1024,704,22,6
xl,4.0,45953840921.13744,4629053.4399999995,306447646.72,27774320.639999997,1088,704,22,6
xl,4.0,42937619163.40047,4629053.4399999995,343560683.52,27774320.639999997,1152,704,22,6
xl,4.0,42954513424.53629,5508956.16,306447646.72,33053736.96,1088,768,22,6
s,4.0,95345937486.56577,153026.56,9986088.959999999,918159.36,192,128,23,6
m,4.0,190691874973.13153,153026.56,9986088.959999999,918159.36,192,128,23,6
s,4.0,55053846185.01509,344309.76,17753047.04,2065858.56,256,192,23,6
m,4.0,110107692370.03018,344309.76,17753047.04,2065858.56,256,192,23,6
l,4.0,275269230925.07544,344309.76,17753047.04,2065858.56,256,192,23,6
s,4.0,29605195159.43596,612106.24,39944355.839999996,3672637.44,384,256,23,6
m,4.0,59210390318.87192,612106.24,39944355.839999996,3672637.44,384,256,23,6
l,4.0,148025975797.1798,612106.24,39944355.839999996,3672637.44,384,256,23,6
xl,4.0,296051951594.3596,612106.24,39944355.839999996,3672637.44,384,256,23,6
s,4.0,21467656646.45073,956416.0,54368706.56,5738496.0,448,320,23,6
m,4.0,42935313292.90146,956416.0,54368706.56,5738496.0,448,320,23,6
l,4.0,107338283232.25365,956416.0,54368706.56,5738496.0,448,320,23,6
xl,4.0,214676566464.5073,956416.0,54368706.56,5738496.0,448,320,23,6
s,4.0,18492119333.332645,956416.0,71012188.16,5738496.0,512,320,23,6
m,4.0,36984238666.66529,956416.0,71012188.16,5738496.0,512,320,23,6
l,4.0,92460596666.66324,956416.0,71012188.16,5738496.0,512,320,23,6
xl,4.0,184921193333.32648,956416.0,71012188.16,5738496.0,512,320,23,6
s,4.0,16253495021.541471,1377239.04,71012188.16,8263434.24,512,384,23,6
m,4.0,32506990043.082943,1377239.04,71012188.16,8263434.24,512,384,23,6
l,4.0,81267475107.70735,1377239.04,71012188.16,8263434.24,512,384,23,6
xl,4.0,162534950215.4147,1377239.04,71012188.16,8263434.24,512,384,23,6
s,4.0,14312459250.424772,1377239.04,89874800.63999999,8263434.24,576,384,23,6
m,4.0,28624918500.849545,1377239.04,89874800.63999999,8263434.24,576,384,23,6
l,4.0,71562296252.12386,1377239.04,89874800.63999999,8263434.24,576,384,23,6
xl,4.0,143124592504.2477,1377239.04,89874800.63999999,8263434.24,576,384,23,6
s,4.0,11389394784.545015,1874575.3599999999,110956544.0,11247452.16,640,448,23,6
m,4.0,22778789569.09003,1874575.3599999999,110956544.0,11247452.16,640,448,23,6
l,4.0,56946973922.725075,1874575.3599999999,110956544.0,11247452.16,640,448,23,6
xl,4.0,113893947845.45015,1874575.3599999999,110956544.0,11247452.16,640,448,23,6
l,4.0,51102745741.53461,1874575.3599999999,134257418.24,11247452.16,704,448,23,6
xl,4.0,102205491483.06921,1874575.3599999999,134257418.24,11247452.16,704,448,23,6
l,4.0,46351042027.04602,2448424.96,134257418.24,14690549.76,704,512,23,6
xl,4.0,92702084054.09204,2448424.96,134257418.24,14690549.76,704,512,23,6
l,4.0,42100958599.89236,2448424.96,159777423.35999998,14690549.76,768,512,23,6
xl,4.0,84201917199.78471,2448424.96,159777423.35999998,14690549.76,768,512,23,6
l,4.0,38436826302.370674,3098787.84,159777423.35999998,18592727.04,768,576,23,6
xl,4.0,76873652604.74135,3098787.84,159777423.35999998,18592727.04,768,576,23,6
l,4.0,35255495674.613235,3098787.84,187516559.35999998,18592727.04,832,576,23,6
xl,4.0,70510991349.22647,3098787.84,187516559.35999998,18592727.04,832,576,23,6
l,4.0,32381591018.462032,3098787.84,217474826.24,18592727.04,896,576,23,6
xl,4.0,64763182036.924065,3098787.84,217474826.24,18592727.04,896,576,23,6
l,4.0,29936308907.792133,3825664.0,217474826.24,22953984.0,896,640,23,6
xl,4.0,59872617815.58427,3825664.0,217474826.24,22953984.0,896,640,23,6
xl,4.0,55414956727.34693,3825664.0,249652224.0,22953984.0,960,640,23,6
xl,4.0,51350330979.74966,3825664.0,284048752.64,22953984.0,1024,640,23,6
xl,4.0,51450826965.35504,4629053.4399999995,249652224.0,27774320.639999997,960,704,23,6
xl,4.0,47928448265.27682,4629053.4399999995,284048752.64,27774320.639999997,1024,704,23,6
xl,4.0,44687355854.2306,4629053.4399999995,320664412.16,27774320.639999997,1088,704,23,6
xl,4.0,44674949073.41725,5508956.16,284048752.64,33053736.96,1024,768,23,6
xl,4.0,41845961715.455025,5508956.16,320664412.16,33053736.96,1088,768,23,6
s,4.0,92578207996.36346,153026.56,10428825.6,918159.36,192,128,24,6
m,4.0,185156415992.72693,153026.56,10428825.6,918159.36,192,128,24,6
s,4.0,53602354373.2094,344309.76,18540134.4,2065858.56,256,192,24,6
m,4.0,107204708746.4188,344309.76,18540134.4,2065858.56,256,192,24,6
l,4.0,268011771866.047,344309.76,18540134.4,2065858.56,256,192,24,6
s,4.0,28787734409.539524,612106.24,41715302.4,3672637.44,384,256,24,6
m,4.0,57575468819.07905,612106.24,41715302.4,3672637.44,384,256,24,6
l,4.0,143938672047.69763,612106.24,41715302.4,3672637.44,384,256,24,6
xl,4.0,287877344095.39526,612106.24,41715302.4,3672637.44,384,256,24,6
s,4.0,20907443530.266197,956416.0,56779161.6,5738496.0,448,320,24,6
m,4.0,41814887060.532394,956416.0,56779161.6,5738496.0,448,320,24,6
l,4.0,104537217651.331,956416.0,56779161.6,5738496.0,448,320,24,6
xl,4.0,209074435302.662,956416.0,56779161.6,5738496.0,448,320,24,6
s,4.0,15848044426.374123,1377239.04,74160537.6,8263434.24,512,384,24,6
m,4.0,31696088852.748245,1377239.04,74160537.6,8263434.24,512,384,24,6
l,4.0,79240222131.87062,1377239.04,74160537.6,8263434.24,512,384,24,6
xl,4.0,158480444263.74124,1377239.04,74160537.6,8263434.24,512,384,24,6
s,4.0,13926409979.71263,1377239.04,93859430.4,8263434.24,576,384,24,6
m,4.0,27852819959.42526,1377239.04,93859430.4,8263434.24,576,384,24,6
l,4.0,69632049898.56316,1377239.04,93859430.4,8263434.24,576,384,24,6
xl,4.0,139264099797.1263,1377239.04,93859430.4,8263434.24,576,384,24,6
s,4.0,12415380836.463577,1874575.3599999999,93859430.4,11247452.16,576,448,24,6
m,4.0,24830761672.927155,1874575.3599999999,93859430.4,11247452.16,576,448,24,6
l,4.0,62076904182.31789,1874575.3599999999,93859430.4,11247452.16,576,448,24,6
xl,4.0,124153808364.63577,1874575.3599999999,93859430.4,11247452.16,576,448,24,6
s,4.0,11094164907.34512,1874575.3599999999,115875840.0,11247452.16,640,448,24,6
m,4.0,22188329814.69024,1874575.3599999999,115875840.0,11247452.16,640,448,24,6
l,4.0,55470824536.7256,1874575.3599999999,115875840.0,11247452.16,640,448,24,6
xl,4.0,110941649073.4512,1874575.3599999999,115875840.0,11247452.16,640,448,24,6
l,4.0,49694296905.65493,1874575.3599999999,140209766.4,11247452.16,704,448,24,6
xl,4.0,99388593811.30986,1874575.3599999999,140209766.4,11247452.16,704,448,24,6
l,4.0,45189363359.17662,2448424.96,140209766.4,14690549.76,704,512,24,6
xl,4.0,90378726718.35324,2448424.96,140209766.4,14690549.76,704,512,24,6
l,4.0,40980693139.12959,2448424.96,166861209.6,14690549.76,768,512,24,6
xl,4.0,81961386278.25919,2448424.96,166861209.6,14690549.76,768,512,24,6
l,4.0,37500905841.8808,3098787.84,166861209.6,18592727.04,768,576,24,6
xl,4.0,75001811683.7616,3098787.84,166861209.6,18592727.04,768,576,24,6
l,4.0,34345671393.163,3098787.84,195830169.6,18592727.04,832,576,24,6
xl,4.0,68691342786.326,3098787.84,195830169.6,18592727.04,832,576,24,6
l,4.0,31503432132.08861,3098787.84,227116646.4,18592727.04,896,576,24,6
xl,4.0,63006864264.17722,3098787.84,227116646.4,18592727.04,896,576,24,6
l,4.0,31607302347.229275,3825664.0,195830169.6,22953984.0,832,640,24,6
xl,4.0,63214604694.45855,3825664.0,195830169.6,22953984.0,832,640,24,6
l,4.0,29184229782.84475,3825664.0,227116646.4,22953984.0,896,640,24,6
xl,4.0,58368459565.6895,3825664.0,227116646.4,22953984.0,896,640,24,6
xl,4.0,53953440511.6271,3825664.0,260720640.0,22953984.0,960,640,24,6
xl,4.0,50188550434.114586,4629053.4399999995,260720640.0,27774320.639999997,960,704,24,6
xl,4.0,46695436016.17575,4629053.4399999995,296642150.4,27774320.639999997,1024,704,24,6
xl,4.0,43488806973.32569,4629053.4399999995,334881177.6,27774320.639999997,1088,704,24,6
xl,4.0,43601780664.91049,5508956.16,296642150.4,33053736.96,1024,768,24,6
xl,4.0,40793188554.14299,5508956.16,334881177.6,33053736.96,1088,768,24,6
s,4.0,48645306815.99048,344309.76,21863424.0,2410168.3200000003,320,192,18,7
m,4.0,97290613631.98096,344309.76,21863424.0,2410168.3200000003,320,192,18,7
l,4.0,243226534079.9524,344309.76,21863424.0,2410168.3200000003,320,192,18,7
s,4.0,27888100127.150105,612106.24,42852311.04,4284743.68,448,256,18,7
m,4.0,55776200254.30021,612106.24,42852311.04,4284743.68,448,256,18,7
l,4.0,139440500635.75052,612106.24,42852311.04,4284743.68,448,256,18,7
xl,4.0,278881001271.50104,612106.24,42852311.04,4284743.68,448,256,18,7
s,4.0,20508567048.635284,956416.0,55970365.44,6694912.0,512,320,18,7
m,4.0,41017134097.27057,956416.0,55970365.44,6694912.0,512,320,18,7
l,4.0,102542835243.17642,956416.0,55970365.44,6694912.0,512,320,18,7
xl,4.0,205085670486.35284,956416.0,55970365.44,6694912.0,512,320,18,7
s,4.0,18086397348.461224,956416.0,70837493.76,6694912.0,576,320,18,7
m,4.0,36172794696.92245,956416.0,70837493.76,6694912.0,576,320,18,7
l,4.0,90431986742.30612,956416.0,70837493.76,6694912.0,576,320,18,7
xl,4.0,180863973484.61224,956416.0,70837493.76,6694912.0,576,320,18,7
s,4.0,14085211953.548315,1377239.04,87453696.0,9640673.280000001,640,384,18,7
m,4.0,28170423907.09663,1377239.04,87453696.0,9640673.280000001,640,384,18,7
l,4.0,70426059767.74158,1377239.04,87453696.0,9640673.280000001,640,384,18,7
xl,4.0,140852119535.48315,1377239.04,87453696.0,9640673.280000001,640,384,18,7
s,4.0,12681549570.919262,1377239.04,105818972.16,9640673.280000001,704,384,18,7
m,4.0,25363099141.838524,1377239.04,105818972.16,9640673.280000001,704,384,18,7
l,4.0,63407747854.596306,1377239.04,105818972.16,9640673.280000001,704,384,18,7
xl,4.0,126815495709.19261,1377239.04,105818972.16,9640673.280000001,704,384,18,7
l,4.0,51353289829.78414,1874575.3599999999,125933322.24,13122027.52,768,448,18,7
xl,4.0,102706579659.56828,1874575.3599999999,125933322.24,13122027.52,768,448,18,7
l,4.0,46925785901.04926,1874575.3599999999,147796746.24,13122027.52,832,448,18,7
xl,4.0,93851571802.09853,1874575.3599999999,147796746.24,13122027.52,832,448,18,7
l,4.0,42367703017.28817,2448424.96,147796746.24,17138974.72,832,512,18,7
xl,4.0,84735406034.57634,2448424.96,147796746.24,17138974.72,832,512,18,7
l,4.0,39103739977.29226,2448424.96,171409244.16,17138974.72,896,512,18,7
xl,4.0,78207479954.58452,2448424.96,171409244.16,17138974.72,896,512,18,7
l,4.0,36132468116.92982,2448424.96,196770816.0,17138974.72,960,512,18,7
xl,4.0,72264936233.85963,2448424.96,196770816.0,17138974.72,960,512,18,7
l,4.0,33042900093.098713,3098787.84,196770816.0,21691514.88,960,576,18,7
xl,4.0,66085800186.197426,3098787.84,196770816.0,21691514.88,960,576,18,7
l,4.0,30769754896.50187,3098787.84,223881461.76,21691514.88,1024,576,18,7
xl,4.0,61539509793.00374,3098787.84,223881461.76,21691514.88,1024,576,18,7
xl,4.0,57359139828.90332,3098787.84,252741181.44,21691514.88,1088,576,18,7
l,4.0,28262716552.91362,3825664.0,223881461.76,26779648.0,1024,640,18,7
xl,4.0,56525433105.82724,3825664.0,223881461.76,26779648.0,1024,640,18,7
xl,4.0,52978893314.01383,3825664.0,252741181.44,26779648.0,1088,640,18,7
xl,4.0,49686621627.97807,3825664.0,283349975.04,26779648.0,1152,640,18,7
xl,4.0,46634715514.37179,3825664.0,315707842.56000006,26779648.0,1216,640,18,7
xl,4.0,46050852619.96829,4629053.4399999995,283349975.04,32403374.08,1152,704,18,7
xl,4.0,43417409444.76066,4629053.4399999995,315707842.56000006,32403374.08,1216,704,18,7
s,4.0,47027770417.61819,344309.76,23093248.0,2410168.3200000003,320,192,19,7
m,4.0,94055540835.23637,344309.76,23093248.0,2410168.3200000003,320,192,19,7
l,4.0,235138852088.09094,344309.76,23093248.0,2410168.3200000003,320,192,19,7
xl,4.0,470277704176.1819,344309.76,23093248.0,2410168.3200000003,320,192,19,7
s,4.0,26950007925.027126,612106.24,45262766.08,4284743.68,448,256,19,7
m,4.0,53900015850.05425,612106.24,45262766.08,4284743.68,448,256,19,7
l,4.0,134750039625.13564,612106.24,45262766.08,4284743.68,448,256,19,7
xl,4.0,269500079250.27127,612106.24,45262766.08,4284743.68,448,256,19,7
s,4.0,19867227414.551243,956416.0,59118714.88,6694912.0,512,320,19,7
m,4.0,39734454829.102486,956416.0,59118714.88,6694912.0,512,320,19,7
l,4.0,99336137072.75621,956416.0,59118714.88,6694912.0,512,320,19,7
xl,4.0,198672274145.51242,956416.0,59118714.88,6694912.0,512,320,19,7
s,4.0,17474271874.630436,956416.0,74822123.52,6694912.0,576,320,19,7
m,4.0,34948543749.26087,956416.0,74822123.52,6694912.0,576,320,19,7
l,4.0,87371359373.15219,956416.0,74822123.52,6694912.0,576,320,19,7
xl,4.0,174742718746.30438,956416.0,74822123.52,6694912.0,576,320,19,7
s,4.0,13636436271.461275,1377239.04,92372992.0,9640673.280000001,640,384,19,7
m,4.0,27272872542.92255,1377239.04,92372992.0,9640673.280000001,640,384,19,7
l,4.0,68182181357.30637,1377239.04,92372992.0,9640673.280000001,640,384,19,7
xl,4.0,136364362714.61275,1377239.04,92372992.0,9640673.280000001,640,384,19,7
s,4.0,12250730803.135214,1377239.04,111771320.32,9640673.280000001,704,384,19,7
m,4.0,24501461606.270428,1377239.04,111771320.32,9640673.280000001,704,384,19,7
l,4.0,61253654015.67606,1377239.04,111771320.32,9640673.280000001,704,384,19,7
xl,4.0,122507308031.35213,1377239.04,111771320.32,9640673.280000001,704,384,19,7
s,4.0,10915191057.70545,1874575.3599999999,111771320.32,13122027.52,704,448,19,7
m,4.0,21830382115.4109,1874575.3599999999,111771320.32,13122027.52,704,448,19,7
l,4.0,54575955288.52725,1874575.3599999999,111771320.32,13122027.52,704,448,19,7
xl,4.0,109151910577.0545,1874575.3599999999,111771320.32,13122027.52,704,448,19,7
l,4.0,49696218229.43033,1874575.3599999999,133017108.48,13122027.52,768,448,19,7
xl,4.0,99392436458.86066,1874575.3599999999,133017108.48,13122027.52,768,448,19,7
l,4.0,45327579837.62758,1874575.3599999999,156110356.48,13122027.52,832,448,19,7
xl,4.0,90655159675.25516,1874575.3599999999,156110356.48,13122027.52,832,448,19,7
l,4.0,41060573511.964096,2448424.96,156110356.48,17138974.72,832,512,19,7
xl,4.0,82121147023.92819,2448424.96,156110356.48,17138974.72,832,512,19,7
l,4.0,37830309506.45583,2448424.96,181051064.32,17138974.72,896,512,19,7
xl,4.0,75660619012.91167,2448424.96,181051064.32,17138974.72,896,512,19,7
l,4.0,34899630304.92165,2448424.96,207839232.0,17138974.72,960,512,19,7
xl,4.0,69799260609.8433,2448424.96,207839232.0,17138974.72,960,512,19,7
l,4.0,34457119254.102806,3098787.84,181051064.32,21691514.88,896,576,19,7
xl,4.0,68914238508.20561,3098787.84,181051064.32,21691514.88,896,576,19,7
l,4.0,32008863511.401497,3098787.84,207839232.0,21691514.88,960,576,19,7
xl,4.0,64017727022.80299,3098787.84,207839232.0,21691514.88,960,576,19,7
xl,4.0,59521481043.47111,3098787.84,236474859.52,21691514.88,1024,576,19,7
xl,4.0,55399387489.126,3098787.84,266957946.88,21691514.88,1088,576,19,7
xl,4.0,54818293652.9229,3825664.0,236474859.52,26779648.0,1024,640,19,7
xl,4.0,51302652912.059326,3825664.0,266957946.88,26779648.0,1088,640,19,7
xl,4.0,48048386918.17059,3825664.0,299288494.08,26779648.0,1152,640,19,7
xl,4.0,45039695010.95961,3825664.0,333466501.12000006,26779648.0,1216,640,19,7
xl,4.0,44640195056.71079,4629053.4399999995,299288494.08,32403374.08,1152,704,19,7
xl,4.0,42031606764.9087,4629053.4399999995,333466501.12000006,32403374.08,1216,704,19,7
xl,4.0,39172432977.28651,5508956.16,333466501.12000006,38562693.120000005,1216,768,19,7
s,4.0,45514343688.8442,344309.76,24049664.0,2410168.3200000003,320,192,20,7
m,4.0,91028687377.6884,344309.76,24049664.0,2410168.3200000003,320,192,20,7
l,4.0,227571718444.22098,344309.76,24049664.0,2410168.3200000003,320,192,20,7
xl,4.0,455143436888.44196,344309.76,24049664.0,2410168.3200000003,320,192,20,7
s,4.0,26072972484.729084,612106.24,47137341.44,4284743.68,448,256,20,7
m,4.0,52145944969.45817,612106.24,47137341.44,4284743.68,448,256,20,7
l,4.0,130364862423.64542,612106.24,47137341.44,4284743.68,448,256,20,7
xl,4.0,260729724847.29083,612106.24,47137341.44,4284743.68,448,256,20,7
s,4.0,19264783131.86685,956416.0,61567139.84,6694912.0,512,320,20,7
m,4.0,38529566263.7337,956416.0,61567139.84,6694912.0,512,320,20,7
l,4.0,96323915659.33426,956416.0,61567139.84,6694912.0,512,320,20,7
xl,4.0,192647831318.66852,956416.0,61567139.84,6694912.0,512,320,20,7
s,4.0,16902224175.848902,956416.0,77920911.35999998,6694912.0,576,320,20,7
m,4.0,33804448351.697803,956416.0,77920911.35999998,6694912.0,576,320,20,7
l,4.0,84511120879.2445,956416.0,77920911.35999998,6694912.0,576,320,20,7
xl,4.0,169022241758.489,956416.0,77920911.35999998,6694912.0,576,320,20,7
s,4.0,13215374884.704842,1377239.04,96198656.0,9640673.280000001,640,384,20,7
m,4.0,26430749769.409683,1377239.04,96198656.0,9640673.280000001,640,384,20,7
l,4.0,66076874423.5242,1377239.04,96198656.0,9640673.280000001,640,384,20,7
xl,4.0,132153748847.0484,1377239.04,96198656.0,9640673.280000001,640,384,20,7
s,4.0,11848221918.948183,1377239.04,116400373.75999999,9640673.280000001,704,384,20,7
m,4.0,23696443837.896366,1377239.04,116400373.75999999,9640673.280000001,704,384,20,7
l,4.0,59241109594.74091,1377239.04,116400373.75999999,9640673.280000001,704,384,20,7
xl,4.0,118482219189.48183,1377239.04,116400373.75999999,9640673.280000001,704,384,20,7
s,4.0,10594510570.802599,1874575.3599999999,116400373.75999999,13122027.52,704,448,20,7
m,4.0,21189021141.605198,1874575.3599999999,116400373.75999999,13122027.52,704,448,20,7
l,4.0,52972552854.013,1874575.3599999999,116400373.75999999,13122027.52,704,448,20,7
xl,4.0,105945105708.026,1874575.3599999999,116400373.75999999,13122027.52,704,448,20,7
l,4.0,48142744726.302,1874575.3599999999,138526064.64000002,13122027.52,768,448,20,7
xl,4.0,96285489452.604,1874575.3599999999,138526064.64000002,13122027.52,768,448,20,7
l,4.0,43834652112.51855,1874575.3599999999,162575728.64,13122027.52,832,448,20,7
xl,4.0,87669304225.0371,1874575.3599999999,162575728.64,13122027.52,832,448,20,7
l,4.0,39831685293.21183,2448424.96,162575728.64,17138974.72,832,512,20,7
xl,4.0,79663370586.42366,2448424.96,162575728.64,17138974.72,832,512,20,7
l,4.0,36637202899.13223,2448424.96,188549365.76,17138974.72,896,512,20,7
xl,4.0,73274405798.26447,2448424.96,188549365.76,17138974.72,896,512,20,7
l,4.0,33464505198.45227,3098787.84,188549365.76,21691514.88,896,576,20,7
xl,4.0,66929010396.90454,3098787.84,188549365.76,21691514.88,896,576,20,7
l,4.0,31037580906.829163,3098787.84,216446976.0,21691514.88,960,576,20,7
xl,4.0,62075161813.658325,3098787.84,216446976.0,21691514.88,960,576,20,7
xl,4.0,57631602002.921135,3098787.84,246268559.36,21691514.88,1024,576,20,7
xl,4.0,53211246810.85842,3825664.0,246268559.36,26779648.0,1024,640,20,7
xl,4.0,49729231099.836815,3825664.0,278014115.84,26779648.0,1088,640,20,7
xl,4.0,46514733620.0189,3825664.0,311683645.43999994,26779648.0,1152,640,20,7
xl,4.0,46087452133.53535,4629053.4399999995,278014115.84,32403374.08,1088,704,20,7
xl,4.0,43313393011.45487,4629053.4399999995,311683645.43999994,32403374.08,1152,704,20,7
s,4.0,96815045250.11293,153026.56,9100615.68,1071185.92,192,128,21,7
m,4.0,193630090500.22586,153026.56,9100615.68,1071185.92,192,128,21,7
s,4.0,44095288776.09526,344309.76,25279488.0,2410168.3200000003,320,192,21,7
m,4.0,88190577552.19052,344309.76,25279488.0,2410168.3200000003,320,192,21,7
l,4.0,220476443880.4763,344309.76,25279488.0,2410168.3200000003,320,192,21,7
xl,4.0,440952887760.9526,344309.76,25279488.0,2410168.3200000003,320,192,21,7
s,4.0,29821173919.05211,612106.24,36402462.72,4284743.68,384,256,21,7
m,4.0,59642347838.10422,612106.24,36402462.72,4284743.68,384,256,21,7
l,4.0,149105869595.26053,612106.24,36402462.72,4284743.68,384,256,21,7
xl,4.0,298211739190.52106,612106.24,36402462.72,4284743.68,384,256,21,7
s,4.0,25251220759.157066,612106.24,49547796.48,4284743.68,448,256,21,7
m,4.0,50502441518.31413,612106.24,49547796.48,4284743.68,448,256,21,7
l,4.0,126256103795.78532,612106.24,49547796.48,4284743.68,448,256,21,7
xl,4.0,252512207591.57065,612106.24,49547796.48,4284743.68,448,256,21,7
s,4.0,18697800005.48309,956416.0,64715489.28,6694912.0,512,320,21,7
m,4.0,37395600010.96618,956416.0,64715489.28,6694912.0,512,320,21,7
l,4.0,93489000027.41545,956416.0,64715489.28,6694912.0,512,320,21,7
xl,4.0,186978000054.8309,956416.0,64715489.28,6694912.0,512,320,21,7
s,4.0,16366442993.16779,956416.0,81905541.12,6694912.0,576,320,21,7
m,4.0,32732885986.33558,956416.0,81905541.12,6694912.0,576,320,21,7
l,4.0,81832214965.83894,956416.0,81905541.12,6694912.0,576,320,21,7
xl,4.0,163664429931.6779,956416.0,81905541.12,6694912.0,576,320,21,7
s,4.0,14365186173.111599,1377239.04,81905541.12,9640673.280000001,576,384,21,7
m,4.0,28730372346.223198,1377239.04,81905541.12,9640673.280000001,576,384,21,7
l,4.0,71825930865.558,1377239.04,81905541.12,9640673.280000001,576,384,21,7
xl,4.0,143651861731.116,1377239.04,81905541.12,9640673.280000001,576,384,21,7
s,4.0,12819537431.215593,1377239.04,101117952.0,9640673.280000001,640,384,21,7
m,4.0,25639074862.431187,1377239.04,101117952.0,9640673.280000001,640,384,21,7
l,4.0,64097687156.077965,1377239.04,101117952.0,9640673.280000001,640,384,21,7
xl,4.0,128195374312.15593,1377239.04,101117952.0,9640673.280000001,640,384,21,7
s,4.0,10292135023.44484,1874575.3599999999,122352721.92,13122027.52,704,448,21,7
m,4.0,20584270046.88968,1874575.3599999999,122352721.92,13122027.52,704,448,21,7
l,4.0,51460675117.224205,1874575.3599999999,122352721.92,13122027.52,704,448,21,7
xl,4.0,102921350234.44841,1874575.3599999999,122352721.92,13122027.52,704,448,21,7
l,4.0,46683448567.20593,1874575.3599999999,145609850.88,13122027.52,768,448,21,7
xl,4.0,93366897134.41187,1874575.3599999999,145609850.88,13122027.52,768,448,21,7
l,4.0,42170058413.23621,2448424.96,145609850.88,17138974.72,768,512,21,7
xl,4.0,84340116826.47243,2448424.96,145609850.88,17138974.72,768,512,21,7
l,4.0,38674217527.32815,2448424.96,170889338.88,17138974.72,832,512,21,7
xl,4.0,77348435054.6563,2448424.96,170889338.88,17138974.72,832,512,21,7
l,4.0,35517052660.99419,2448424.96,198191185.92,17138974.72,896,512,21,7
xl,4.0,71034105321.98837,2448424.96,198191185.92,17138974.72,896,512,21,7
l,4.0,32527478735.231037,3098787.84,198191185.92,21691514.88,896,576,21,7
xl,4.0,65054957470.462074,3098787.84,198191185.92,21691514.88,896,576,21,7
l,4.0,30123507866.7401,3098787.84,227515392.0,21691514.88,960,576,21,7
xl,4.0,60247015733.4802,3098787.84,227515392.0,21691514.88,960,576,21,7
xl,4.0,55858041597.328064,3098787.84,258861957.12,21691514.88,1024,576,21,7
l,4.0,27716553758.29595,3825664.0,227515392.0,26779648.0,960,640,21,7
xl,4.0,55433107516.5919,3825664.0,227515392.0,26779648.0,960,640,21,7
xl,4.0,51695740384.14398,3825664.0,258861957.12,26779648.0,1024,640,21,7
xl,4.0,48249449226.36115,3825664.0,292230881.28000003,26779648.0,1088,640,21,7
xl,4.0,45075957113.08715,3825664.0,327622164.48,26779648.0,1152,640,21,7
xl,4.0,44813693793.691895,4629053.4399999995,292230881.28000003,32403374.08,1088,704,21,7
xl,4.0,42063185208.950554,4629053.4399999995,327622164.48,32403374.08,1152,704,21,7
xl,4.0,39199859935.19999,5508956.16,327622164.48,38562693.120000005,1152,768,21,7
s,4.0,93962643099.09184,153026.56,9543352.32,1071185.92,192,128,22,7
m,4.0,187925286198.1837,153026.56,9543352.32,1071185.92,192,128,22,7
s,4.0,42762045541.40061,344309.76,26509312.0,2410168.3200000003,320,192,22,7
m,4.0,85524091082.80122,344309.76,26509312.0,2410168.3200000003,320,192,22,7
l,4.0,213810227707.00305,344309.76,26509312.0,2410168.3200000003,320,192,22,7
xl,4.0,427620455414.0061,344309.76,26509312.0,2410168.3200000003,320,192,22,7
s,4.0,28991909466.71846,612106.24,38173409.28,4284743.68,384,256,22,7
m,4.0,57983818933.43692,612106.24,38173409.28,4284743.68,384,256,22,7
l,4.0,144959547333.5923,612106.24,38173409.28,4284743.68,384,256,22,7
xl,4.0,289919094667.1846,612106.24,38173409.28,4284743.68,384,256,22,7
s,4.0,24479685268.799088,612106.24,51958251.519999996,4284743.68,448,256,22,7
m,4.0,48959370537.598175,612106.24,51958251.519999996,4284743.68,448,256,22,7
l,4.0,122398426343.99544,612106.24,51958251.519999996,4284743.68,448,256,22,7
xl,4.0,244796852687.99088,612106.24,51958251.519999996,4284743.68,448,256,22,7
s,4.0,18163236569.954666,956416.0,67863838.72,6694912.0,512,320,22,7
m,4.0,36326473139.90933,956416.0,67863838.72,6694912.0,512,320,22,7
l,4.0,90816182849.77333,956416.0,67863838.72,6694912.0,512,320,22,7
xl,4.0,181632365699.54666,956416.0,67863838.72,6694912.0,512,320,22,7
s,4.0,13976325901.836853,1377239.04,85890170.88,9640673.280000001,576,384,22,7
m,4.0,27952651803.673706,1377239.04,85890170.88,9640673.280000001,576,384,22,7
l,4.0,69881629509.18427,1377239.04,85890170.88,9640673.280000001,576,384,22,7
xl,4.0,139763259018.36853,1377239.04,85890170.88,9640673.280000001,576,384,22,7
s,4.0,12446723244.969803,1377239.04,106037248.0,9640673.280000001,640,384,22,7
m,4.0,24893446489.939606,1377239.04,106037248.0,9640673.280000001,640,384,22,7
l,4.0,62233616224.849014,1377239.04,106037248.0,9640673.280000001,640,384,22,7
xl,4.0,124467232449.69803,1377239.04,106037248.0,9640673.280000001,640,384,22,7
l,4.0,50032702975.71142,1874575.3599999999,128305070.08,13122027.52,704,448,22,7
xl,4.0,100065405951.42284,1874575.3599999999,128305070.08,13122027.52,704,448,22,7
l,4.0,45310017636.31177,1874575.3599999999,152693637.12,13122027.52,768,448,22,7
xl,4.0,90620035272.62354,1874575.3599999999,152693637.12,13122027.52,768,448,22,7
l,4.0,41046161661.38344,2448424.96,152693637.12,17138974.72,768,512,22,7
xl,4.0,82092323322.76688,2448424.96,152693637.12,17138974.72,768,512,22,7
l,4.0,37582119818.10937,2448424.96,179202949.12,17138974.72,832,512,22,7
xl,4.0,75164239636.21873,2448424.96,179202949.12,17138974.72,832,512,22,7
l,4.0,34463365585.74995,2448424.96,207833006.07999998,17138974.72,896,512,22,7
xl,4.0,68926731171.4999,2448424.96,207833006.07999998,17138974.72,896,512,22,7
l,4.0,31641497591.817764,3098787.84,207833006.07999998,21691514.88,896,576,22,7
xl,4.0,63282995183.63553,3098787.84,207833006.07999998,21691514.88,896,576,22,7
xl,4.0,58523468873.612335,3098787.84,238583808.0,21691514.88,960,576,22,7
xl,4.0,53970646358.5055,3825664.0,238583808.0,26779648.0,960,640,22,7
xl,4.0,50264169495.11593,3825664.0,271455354.88,26779648.0,1024,640,22,7
xl,4.0,46855189578.990814,3825664.0,306447646.72,26779648.0,1088,640,22,7
xl,4.0,46546548331.25024,4629053.4399999995,271455354.88,32403374.08,1024,704,22,7
xl,4.0,43608449763.010056,4629053.4399999995,306447646.72,32403374.08,1088,704,22,7
s,4.0,91273507857.04262,153026.56,9986088.959999999,1071185.92,192,128,23,7
m,4.0,182547015714.08524,153026.56,9986088.959999999,1071185.92,192,128,23,7
s,4.0,41507058743.53896,344309.76,27739136.0,2410168.3200000003,320,192,23,7
m,4.0,83014117487.07793,344309.76,27739136.0,2410168.3200000003,320,192,23,7
l,4.0,207535293717.69482,344309.76,27739136.0,2410168.3200000003,320,192,23,7
xl,4.0,415070587435.38965,344309.76,27739136.0,2410168.3200000003,320,192,23,7
s,4.0,28207517425.250305,612106.24,39944355.839999996,4284743.68,384,256,23,7
m,4.0,56415034850.50061,612106.24,39944355.839999996,4284743.68,384,256,23,7
l,4.0,141037587126.25153,612106.24,39944355.839999996,4284743.68,384,256,23,7
xl,4.0,282075174252.50305,612106.24,39944355.839999996,4284743.68,384,256,23,7
s,4.0,17658389509.897247,956416.0,71012188.16,6694912.0,512,320,23,7
m,4.0,35316779019.794495,956416.0,71012188.16,6694912.0,512,320,23,7
l,4.0,88291947549.48624,956416.0,71012188.16,6694912.0,512,320,23,7
xl,4.0,176583895098.97247,956416.0,71012188.16,6694912.0,512,320,23,7
s,4.0,13607963371.455881,1377239.04,89874800.63999999,9640673.280000001,576,384,23,7
m,4.0,27215926742.911762,1377239.04,89874800.63999999,9640673.280000001,576,384,23,7
l,4.0,68039816857.2794,1377239.04,89874800.63999999,9640673.280000001,576,384,23,7
xl,4.0,136079633714.5588,1377239.04,89874800.63999999,9640673.280000001,576,384,23,7
s,4.0,12094980422.116442,1377239.04,110956544.0,9640673.280000001,640,384,23,7
m,4.0,24189960844.232883,1377239.04,110956544.0,9640673.280000001,640,384,23,7
l,4.0,60474902110.582214,1377239.04,110956544.0,9640673.280000001,640,384,23,7
xl,4.0,120949804221.16443,1377239.04,110956544.0,9640673.280000001,640,384,23,7
s,4.0,10791376943.231735,1874575.3599999999,110956544.0,13122027.52,640,448,23,7
m,4.0,21582753886.46347,1874575.3599999999,110956544.0,13122027.52,640,448,23,7
l,4.0,53956884716.158676,1874575.3599999999,110956544.0,13122027.52,640,448,23,7
xl,4.0,107913769432.31735,1874575.3599999999,110956544.0,13122027.52,640,448,23,7
l,4.0,48681840177.79598,1874575.3599999999,134257418.24,13122027.52,704,448,23,7
xl,4.0,97363680355.59196,1874575.3599999999,134257418.24,13122027.52,704,448,23,7
l,4.0,44015090034.873764,1874575.3599999999,159777423.35999998,13122027.52,768,448,23,7
xl,4.0,88030180069.74753,1874575.3599999999,159777423.35999998,13122027.52,768,448,23,7
l,4.0,39980616885.18217,2448424.96,159777423.35999998,17138974.72,768,512,23,7
xl,4.0,79961233770.36433,2448424.96,159777423.35999998,17138974.72,768,512,23,7
l,4.0,36550006414.672325,2448424.96,187516559.35999998,17138974.72,832,512,23,7
xl,4.0,73100012829.34465,2448424.96,187516559.35999998,17138974.72,832,512,23,7
l,4.0,33391741847.612457,3098787.84,187516559.35999998,21691514.88,832,576,23,7
xl,4.0,66783483695.224915,3098787.84,187516559.35999998,21691514.88,832,576,23,7
l,4.0,30802501261.670452,3098787.84,217474826.24,21691514.88,896,576,23,7
xl,4.0,61605002523.340904,3098787.84,217474826.24,21691514.88,896,576,23,7
xl,4.0,56895793784.27053,3098787.84,249652224.0,21691514.88,960,576,23,7
xl,4.0,52583368301.273254,3825664.0,249652224.0,26779648.0,960,640,23,7
xl,4.0,48909748951.595665,3825664.0,284048752.64,26779648.0,1024,640,23,7
xl,4.0,45539246399.4424,3825664.0,320664412.16,26779648.0,1088,640,23,7
xl,4.0,45382749614.59879,4629053.4399999995,284048752.64,32403374.08,1024,704,23,7
xl,4.0,42466336836.26799,4629053.4399999995,320664412.16,32403374.08,1088,704,23,7
s,4.0,88734011834.7604,153026.56,10428825.6,1071185.92,192,128,24,7
m,4.0,177468023669.5208,153026.56,10428825.6,1071185.92,192,128,24,7
s,4.0,40323634783.02026,344309.76,28968960.0,2410168.3200000003,320,192,24,7
m,4.0,80647269566.04053,344309.76,28968960.0,2410168.3200000003,320,192,24,7
l,4.0,201618173915.10132,344309.76,28968960.0,2410168.3200000003,320,192,24,7
xl,4.0,403236347830.20264,344309.76,28968960.0,2410168.3200000003,320,192,24,7
s,4.0,27464451595.8068,612106.24,41715302.4,4284743.68,384,256,24,7
m,4.0,54928903191.6136,612106.24,41715302.4,4284743.68,384,256,24,7
l,4.0,137322257979.034,612106.24,41715302.4,4284743.68,384,256,24,7
xl,4.0,274644515958.068,612106.24,41715302.4,4284743.68,384,256,24,7
s,4.0,19847936479.591385,956416.0,56779161.6,6694912.0,448,320,24,7
m,4.0,39695872959.18277,956416.0,56779161.6,6694912.0,448,320,24,7
l,4.0,99239682397.95694,956416.0,56779161.6,6694912.0,448,320,24,7
xl,4.0,198479364795.91388,956416.0,56779161.6,6694912.0,448,320,24,7
s,4.0,17180847936.476803,956416.0,74160537.6,6694912.0,512,320,24,7
m,4.0,34361695872.953606,956416.0,74160537.6,6694912.0,512,320,24,7
l,4.0,85904239682.38402,956416.0,74160537.6,6694912.0,512,320,24,7
xl,4.0,171808479364.76804,956416.0,74160537.6,6694912.0,512,320,24,7
s,4.0,13258519474.88558,1377239.04,93859430.4,9640673.280000001,576,384,24,7
m,4.0,26517038949.77116,1377239.04,93859430.4,9640673.280000001,576,384,24,7
l,4.0,66292597374.4279,1377239.04,93859430.4,9640673.280000001,576,384,24,7
xl,4.0,132585194748.8558,1377239.04,93859430.4,9640673.280000001,576,384,24,7
s,4.0,11762571637.072489,1377239.04,115875840.0,9640673.280000001,640,384,24,7
m,4.0,23525143274.144978,1377239.04,115875840.0,9640673.280000001,640,384,24,7
l,4.0,58812858185.36244,1377239.04,115875840.0,9640673.280000001,640,384,24,7
xl,4.0,117625716370.72488,1377239.04,115875840.0,9640673.280000001,640,384,24,7
s,4.0,10525974916.301994,1874575.3599999999,115875840.0,13122027.52,640,448,24,7
m,4.0,21051949832.60399,1874575.3599999999,115875840.0,13122027.52,640,448,24,7
l,4.0,52629874581.50997,1874575.3599999999,115875840.0,13122027.52,640,448,24,7
xl,4.0,105259749163.01994,1874575.3599999999,115875840.0,13122027.52,640,448,24,7
l,4.0,47402005159.72874,1874575.3599999999,140209766.4,13122027.52,704,448,24,7
xl,4.0,94804010319.45747,1874575.3599999999,140209766.4,13122027.52,704,448,24,7
l,4.0,38968994676.65327,2448424.96,166861209.6,17138974.72,768,512,24,7
xl,4.0,77937989353.30653,2448424.96,166861209.6,17138974.72,768,512,24,7
l,4.0,35573067385.48441,2448424.96,195830169.6,17138974.72,832,512,24,7
xl,4.0,71146134770.96883,2448424.96,195830169.6,17138974.72,832,512,24,7
l,4.0,32574454246.968117,3098787.84,195830169.6,21691514.88,832,576,24,7
xl,4.0,65148908493.93623,3098787.84,195830169.6,21691514.88,832,576,24,7
l,4.0,30006848782.370464,3098787.84,227116646.4,21691514.88,896,576,24,7
xl,4.0,60013697564.74093,3098787.84,227116646.4,21691514.88,896,576,24,7
xl,4.0,55356207666.20733,3098787.84,260720640.0,21691514.88,960,576,24,7
l,4.0,27617762084.502216,3825664.0,227116646.4,26779648.0,896,640,24,7
xl,4.0,55235524169.00443,3825664.0,227116646.4,26779648.0,896,640,24,7
xl,4.0,51265621044.85734,3825664.0,260720640.0,26779648.0,960,640,24,7
xl,4.0,47626405708.223915,3825664.0,296642150.4,26779648.0,1024,640,24,7
xl,4.0,44275727992.92509,4629053.4399999995,296642150.4,32403374.08,1024,704,24,7
xl,4.0,41382521363.63727,4629053.4399999995,334881177.6,32403374.08,1088,704,24,7
xl,4.0,38608058442.96885,5508956.16,334881177.6,38562693.120000005,1088,768,24,7
s,4.0,42271214356.75988,344309.76,25279488.0,2754478.08,320,192,21,8
m,4.0,84542428713.51976,344309.76,25279488.0,2754478.08,320,192,21,8
l,4.0,211356071783.79938,344309.76,25279488.0,2754478.08,320,192,21,8
xl,4.0,422712143567.59875,344309.76,25279488.0,2754478.08,320,192,21,8
s,4.0,24227310629.35847,612106.24,49547796.48,4896849.92,448,256,21,8
m,4.0,48454621258.71694,612106.24,49547796.48,4896849.92,448,256,21,8
l,4.0,121136553146.79236,612106.24,49547796.48,4896849.92,448,256,21,8
xl,4.0,242273106293.58472,612106.24,49547796.48,4896849.92,448,256,21,8
s,4.0,17845847761.201565,956416.0,64715489.28,7651328.0,512,320,21,8
m,4.0,35691695522.40313,956416.0,64715489.28,7651328.0,512,320,21,8
l,4.0,89229238806.00781,956416.0,64715489.28,7651328.0,512,320,21,8
xl,4.0,178458477612.01562,956416.0,64715489.28,7651328.0,512,320,21,8
s,4.0,15709969490.837076,956416.0,81905541.12,7651328.0,576,320,21,8
m,4.0,31419938981.674152,956416.0,81905541.12,7651328.0,576,320,21,8
l,4.0,78549847454.18538,956416.0,81905541.12,7651328.0,576,320,21,8
xl,4.0,157099694908.37076,956416.0,81905541.12,7651328.0,576,320,21,8
s,4.0,12251430337.829996,1377239.04,101117952.0,11017912.32,640,384,21,8
m,4.0,24502860675.659992,1377239.04,101117952.0,11017912.32,640,384,21,8
l,4.0,61257151689.14998,1377239.04,101117952.0,11017912.32,640,384,21,8
xl,4.0,122514303378.29996,1377239.04,101117952.0,11017912.32,640,384,21,8
s,4.0,11014294929.990337,1377239.04,122352721.92,11017912.32,704,384,21,8
m,4.0,22028589859.980675,1377239.04,122352721.92,11017912.32,704,384,21,8
l,4.0,55071474649.95168,1377239.04,122352721.92,11017912.32,704,384,21,8
xl,4.0,110142949299.90337,1377239.04,122352721.92,11017912.32,704,384,21,8
l,4.0,44654840715.91166,1874575.3599999999,145609850.88,14996602.879999999,768,448,21,8
xl,4.0,89309681431.82332,1874575.3599999999,145609850.88,14996602.879999999,768,448,21,8
l,4.0,40753946816.30546,1874575.3599999999,170889338.88,14996602.879999999,832,448,21,8
xl,4.0,81507893632.61092,1874575.3599999999,170889338.88,14996602.879999999,832,448,21,8
l,4.0,36877627868.78473,2448424.96,170889338.88,19587399.68,832,512,21,8
xl,4.0,73755255737.56946,2448424.96,170889338.88,19587399.68,832,512,21,8
l,4.0,33996050714.144432,2448424.96,198191185.92,19587399.68,896,512,21,8
xl,4.0,67992101428.288864,2448424.96,198191185.92,19587399.68,896,512,21,8
l,4.0,31378840452.0154,2448424.96,227515392.0,19587399.68,960,512,21,8
xl,4.0,62757680904.0308,2448424.96,227515392.0,19587399.68,960,512,21,8
l,4.0,28752307570.49841,3098787.84,227515392.0,24790302.72,960,576,21,8
xl,4.0,57504615140.99682,3098787.84,227515392.0,24790302.72,960,576,21,8
xl,4.0,53492809486.27824,3098787.84,258861957.12,24790302.72,1024,576,21,8
xl,4.0,49811282583.86121,3098787.84,292230881.28000003,24790302.72,1088,576,21,8
xl,4.0,49223005176.20616,3825664.0,258861957.12,30605312.0,1024,640,21,8
xl,4.0,46088523292.99293,3825664.0,292230881.28000003,30605312.0,1088,640,21,8
xl,4.0,43184370305.86759,3825664.0,327622164.48,30605312.0,1152,640,21,8
xl,4.0,40089596463.63833,4629053.4399999995,327622164.48,37032427.519999996,1152,704,21,8
s,4.0,41044458937.62598,344309.76,26509312.0,2754478.08,320,192,22,8
m,4.0,82088917875.25195,344309.76,26509312.0,2754478.08,320,192,22,8
l,4.0,205222294688.12988,344309.76,26509312.0,2754478.08,320,192,22,8
xl,4.0,410444589376.25977,344309.76,26509312.0,2754478.08,320,192,22,8
s,4.0,23516195419.418385,612106.24,51958251.519999996,4896849.92,448,256,22,8
m,4.0,47032390838.83677,612106.24,51958251.519999996,4896849.92,448,256,22,8
l,4.0,117580977097.09192,612106.24,51958251.519999996,4896849.92,448,256,22,8
xl,4.0,235161954194.18384,612106.24,51958251.519999996,4896849.92,448,256,22,8
s,4.0,17358253363.99895,956416.0,67863838.72,7651328.0,512,320,22,8
m,4.0,34716506727.9979,956416.0,67863838.72,7651328.0,512,320,22,8
l,4.0,86791266819.99475,956416.0,67863838.72,7651328.0,512,320,22,8
xl,4.0,173582533639.9895,956416.0,67863838.72,7651328.0,512,320,22,8
s,4.0,15246071397.201113,956416.0,85890170.88,7651328.0,576,320,22,8
m,4.0,30492142794.402225,956416.0,85890170.88,7651328.0,576,320,22,8
l,4.0,76230356986.00557,956416.0,85890170.88,7651328.0,576,320,22,8
xl,4.0,152460713972.01114,956416.0,85890170.88,7651328.0,576,320,22,8
s,4.0,11910487650.505114,1377239.04,106037248.0,11017912.32,640,384,22,8
m,4.0,23820975301.010227,1377239.04,106037248.0,11017912.32,640,384,22,8
l,4.0,59552438252.52557,1377239.04,106037248.0,11017912.32,640,384,22,8
xl,4.0,119104876505.05115,1377239.04,106037248.0,11017912.32,640,384,22,8
l,4.0,53439259419.21413,1377239.04,128305070.08,11017912.32,704,384,22,8
xl,4.0,106878518838.42825,1377239.04,128305070.08,11017912.32,704,384,22,8
l,4.0,47709814696.36217,1874575.3599999999,128305070.08,14996602.879999999,704,448,22,8
xl,4.0,95419629392.72433,1874575.3599999999,128305070.08,14996602.879999999,704,448,22,8
l,4.0,43396571344.79928,1874575.3599999999,152693637.12,14996602.879999999,768,448,22,8
xl,4.0,86793142689.59856,1874575.3599999999,152693637.12,14996602.879999999,768,448,22,8
l,4.0,39543073296.66611,1874575.3599999999,179202949.12,14996602.879999999,832,448,22,8
xl,4.0,79086146593.33221,1874575.3599999999,179202949.12,14996602.879999999,832,448,22,8
l,4.0,35883334687.59909,2448424.96,179202949.12,19587399.68,832,512,22,8
xl,4.0,71766669375.19818,2448424.96,179202949.12,19587399.68,832,512,22,8
l,4.0,33029450550.513535,2448424.96,207833006.07999998,19587399.68,896,512,22,8
xl,4.0,66058901101.02707,2448424.96,207833006.07999998,19587399.68,896,512,22,8
xl,4.0,60889717591.775154,2448424.96,238583808.0,19587399.68,960,512,22,8
l,4.0,30132082038.699993,3098787.84,207833006.07999998,24790302.72,896,576,22,8
xl,4.0,60264164077.39999,3098787.84,207833006.07999998,24790302.72,896,576,22,8
xl,4.0,55932358881.02979,3098787.84,238583808.0,24790302.72,960,576,22,8
xl,4.0,51961453068.63007,3098787.84,271455354.88,24790302.72,1024,576,22,8
xl,4.0,48326686395.83149,3098787.84,306447646.72,24790302.72,1088,576,22,8
xl,4.0,47923388631.18834,3825664.0,271455354.88,30605312.0,1024,640,22,8
xl,4.0,44814706561.604706,3825664.0,306447646.72,30605312.0,1088,640,22,8
xl,4.0,41941492828.10405,3825664.0,343560683.52,30605312.0,1152,640,22,8
s,4.0,39886898879.38491,344309.76,27739136.0,2754478.08,320,192,23,8
m,4.0,79773797758.76982,344309.76,27739136.0,2754478.08,320,192,23,8
l,4.0,199434494396.92456,344309.76,27739136.0,2754478.08,320,192,23,8
xl,4.0,398868988793.8491,344309.76,27739136.0,2754478.08,320,192,23,8
s,4.0,22845634881.61893,612106.24,54368706.56,4896849.92,448,256,23,8
m,4.0,45691269763.23786,612106.24,54368706.56,4896849.92,448,256,23,8
l,4.0,114228174408.09467,612106.24,54368706.56,4896849.92,448,256,23,8
xl,4.0,228456348816.18933,612106.24,54368706.56,4896849.92,448,256,23,8
s,4.0,16896594990.607817,956416.0,71012188.16,7651328.0,512,320,23,8
m,4.0,33793189981.215633,956416.0,71012188.16,7651328.0,512,320,23,8
l,4.0,84482974953.0391,956416.0,71012188.16,7651328.0,512,320,23,8
xl,4.0,168965949906.0782,956416.0,71012188.16,7651328.0,512,320,23,8
s,4.0,14808784309.269894,956416.0,89874800.63999999,7651328.0,576,320,23,8
m,4.0,29617568618.539787,956416.0,89874800.63999999,7651328.0,576,320,23,8
l,4.0,74043921546.34947,956416.0,89874800.63999999,7651328.0,576,320,23,8
xl,4.0,148087843092.69894,956416.0,89874800.63999999,7651328.0,576,320,23,8
s,4.0,11588007236.463926,1377239.04,110956544.0,11017912.32,640,384,23,8
m,4.0,23176014472.927853,1377239.04,110956544.0,11017912.32,640,384,23,8
l,4.0,57940036182.31963,1377239.04,110956544.0,11017912.32,640,384,23,8
xl,4.0,115880072364.63927,1377239.04,110956544.0,11017912.32,640,384,23,8
l,4.0,51901010791.53385,1377239.04,134257418.24,11017912.32,704,384,23,8
xl,4.0,103802021583.0677,1377239.04,134257418.24,11017912.32,704,384,23,8
l,4.0,46479932518.93174,1874575.3599999999,134257418.24,14996602.879999999,704,448,23,8
xl,4.0,92959865037.86348,1874575.3599999999,134257418.24,14996602.879999999,704,448,23,8
l,4.0,42207268846.428856,1874575.3599999999,159777423.35999998,14996602.879999999,768,448,23,8
xl,4.0,84414537692.85771,1874575.3599999999,159777423.35999998,14996602.879999999,768,448,23,8
l,4.0,34941250050.51387,2448424.96,187516559.35999998,19587399.68,832,512,23,8
xl,4.0,69882500101.02774,2448424.96,187516559.35999998,19587399.68,832,512,23,8
l,4.0,32116296899.25365,2448424.96,217474826.24,19587399.68,896,512,23,8
xl,4.0,64232593798.5073,2448424.96,217474826.24,19587399.68,896,512,23,8
l,4.0,29370259236.02454,3098787.84,217474826.24,24790302.72,896,576,23,8
xl,4.0,58740518472.04908,3098787.84,217474826.24,24790302.72,896,576,23,8
xl,4.0,54443789847.15935,3098787.84,249652224.0,24790302.72,960,576,23,8
xl,4.0,50515333835.02092,3098787.84,284048752.64,24790302.72,1024,576,23,8
xl,4.0,46690633349.760666,3825664.0,284048752.64,30605312.0,1024,640,23,8
xl,4.0,43609408787.02179,3825664.0,320664412.16,30605312.0,1088,640,23,8
xl,4.0,40455639556.86879,4629053.4399999995,320664412.16,37032427.519999996,1088,704,23,8
s,4.0,85196338711.19887,153026.56,10428825.6,1224212.48,192,128,24,8
m,4.0,170392677422.39774,153026.56,10428825.6,1224212.48,192,128,24,8
s,4.0,38792840299.05022,344309.76,28968960.0,2754478.08,320,192,24,8
m,4.0,77585680598.10043,344309.76,28968960.0,2754478.08,320,192,24,8
l,4.0,193964201495.2511,344309.76,28968960.0,2754478.08,320,192,24,8
xl,4.0,387928402990.5022,344309.76,28968960.0,2754478.08,320,192,24,8
s,4.0,26257476869.053417,612106.24,41715302.4,4896849.92,384,256,24,8
m,4.0,52514953738.106834,612106.24,41715302.4,4896849.92,384,256,24,8
l,4.0,131287384345.26709,612106.24,41715302.4,4896849.92,384,256,24,8
xl,4.0,262574768690.53418,612106.24,41715302.4,4896849.92,384,256,24,8
s,4.0,22212255967.981827,612106.24,56779161.6,4896849.92,448,256,24,8
m,4.0,44424511935.96365,612106.24,56779161.6,4896849.92,448,256,24,8
l,4.0,111061279839.90913,612106.24,56779161.6,4896849.92,448,256,24,8
xl,4.0,222122559679.81827,612106.24,56779161.6,4896849.92,448,256,24,8
s,4.0,16458856876.403486,956416.0,74160537.6,7651328.0,512,320,24,8
m,4.0,32917713752.806973,956416.0,74160537.6,7651328.0,512,320,24,8
l,4.0,82294284382.01743,956416.0,74160537.6,7651328.0,512,320,24,8
xl,4.0,164588568764.03485,956416.0,74160537.6,7651328.0,512,320,24,8
s,4.0,14395882304.094084,956416.0,93859430.4,7651328.0,576,320,24,8
m,4.0,28791764608.188168,956416.0,93859430.4,7651328.0,576,320,24,8
l,4.0,71979411520.47041,956416.0,93859430.4,7651328.0,576,320,24,8
xl,4.0,143958823040.94083,956416.0,93859430.4,7651328.0,576,320,24,8
s,4.0,12651759371.876787,1377239.04,93859430.4,11017912.32,576,384,24,8
m,4.0,25303518743.753574,1377239.04,93859430.4,11017912.32,576,384,24,8
l,4.0,63258796859.38394,1377239.04,93859430.4,11017912.32,576,384,24,8
xl,4.0,126517593718.76788,1377239.04,93859430.4,11017912.32,576,384,24,8
s,4.0,11282529011.407694,1377239.04,115875840.0,11017912.32,640,384,24,8
m,4.0,22565058022.815388,1377239.04,115875840.0,11017912.32,640,384,24,8
l,4.0,56412645057.038475,1377239.04,115875840.0,11017912.32,640,384,24,8
xl,4.0,112825290114.07695,1377239.04,115875840.0,11017912.32,640,384,24,8
l,4.0,45311865606.69439,1874575.3599999999,140209766.4,14996602.879999999,704,448,24,8
xl,4.0,90623731213.38878,1874575.3599999999,140209766.4,14996602.879999999,704,448,24,8
l,4.0,41081414266.00685,1874575.3599999999,166861209.6,14996602.879999999,768,448,24,8
xl,4.0,82162828532.0137,1874575.3599999999,166861209.6,14996602.879999999,768,448,24,8
l,4.0,37145558860.341446,2448424.96,166861209.6,19587399.68,768,512,24,8
xl,4.0,74291117720.68289,2448424.96,166861209.6,19587399.68,768,512,24,8
l,4.0,34047367089.32033,2448424.96,195830169.6,19587399.68,832,512,24,8
xl,4.0,68094734178.64066,2448424.96,195830169.6,19587399.68,832,512,24,8
l,4.0,31252276165.777706,2448424.96,227116646.4,19587399.68,896,512,24,8
xl,4.0,62504552331.55541,2448424.96,227116646.4,19587399.68,896,512,24,8
l,4.0,28646008503.67533,3098787.84,227116646.4,24790302.72,896,576,24,8
xl,4.0,57292017007.35066,3098787.84,227116646.4,24790302.72,896,576,24,8
xl,4.0,53032399564.976166,3098787.84,260720640.0,24790302.72,960,576,24,8
xl,4.0,49147527872.270775,3098787.84,296642150.4,24790302.72,1024,576,24,8
xl,4.0,48832893837.288795,3825664.0,260720640.0,30605312.0,960,640,24,8
xl,4.0,45519709020.19078,3825664.0,296642150.4,30605312.0,1024,640,24,8
xl,4.0,42467246283.5615,3825664.0,334881177.6,30605312.0,1088,640,24,8
xl,4.0,39470837357.68518,4629053.4399999995,334881177.6,37032427.519999996,1088,704,24,8
s,4.0,37374021144.487015,344309.76,28968960.0,3098787.84,320,192,24,9
m,4.0,74748042288.97403,344309.76,28968960.0,3098787.84,320,192,24,9
l,4.0,186870105722.43506,344309.76,28968960.0,3098787.84,320,192,24,9
xl,4.0,373740211444.8701,344309.76,28968960.0,3098787.84,320,192,24,9
s,4.0,21416083820.235706,612106.24,56779161.6,5508956.16,448,256,24,9
m,4.0,42832167640.47141,612106.24,56779161.6,5508956.16,448,256,24,9
l,4.0,107080419101.17853,612106.24,56779161.6,5508956.16,448,256,24,9
xl,4.0,214160838202.35706,612106.24,56779161.6,5508956.16,448,256,24,9
s,4.0,15795099160.318377,956416.0,74160537.6,8607744.0,512,320,24,9
m,4.0,31590198320.636753,956416.0,74160537.6,8607744.0,512,320,24,9
l,4.0,78975495801.59187,956416.0,74160537.6,8607744.0,512,320,24,9
xl,4.0,157950991603.18375,956416.0,74160537.6,8607744.0,512,320,24,9
s,4.0,13885509341.055399,956416.0,93859430.4,8607744.0,576,320,24,9
m,4.0,27771018682.110798,956416.0,93859430.4,8607744.0,576,320,24,9
l,4.0,69427546705.277,956416.0,93859430.4,8607744.0,576,320,24,9
xl,4.0,138855093410.554,956416.0,93859430.4,8607744.0,576,320,24,9
s,4.0,10840132090.738531,1377239.04,115875840.0,12395151.36,640,384,24,9
m,4.0,21680264181.477062,1377239.04,115875840.0,12395151.36,640,384,24,9
l,4.0,54200660453.69265,1377239.04,115875840.0,12395151.36,640,384,24,9
xl,4.0,108401320907.3853,1377239.04,115875840.0,12395151.36,640,384,24,9
l,4.0,48672462555.472435,1377239.04,140209766.4,12395151.36,704,384,24,9
xl,4.0,97344925110.94487,1377239.04,140209766.4,12395151.36,704,384,24,9
l,4.0,39502227139.35833,1874575.3599999999,166861209.6,16871178.24,768,448,24,9
xl,4.0,79004454278.71666,1874575.3599999999,166861209.6,16871178.24,768,448,24,9
l,4.0,36016883682.39422,1874575.3599999999,195830169.6,16871178.24,832,448,24,9
xl,4.0,72033767364.78844,1874575.3599999999,195830169.6,16871178.24,832,448,24,9
l,4.0,32647156750.865368,2448424.96,195830169.6,22035824.64,832,512,24,9
xl,4.0,65294313501.730736,2448424.96,195830169.6,22035824.64,832,512,24,9
l,4.0,30068530925.590855,2448424.96,227116646.4,22035824.64,896,512,24,9
xl,4.0,60137061851.18171,2448424.96,227116646.4,22035824.64,896,512,24,9
xl,4.0,55461150324.954414,2448424.96,260720640.0,22035824.64,960,512,24,9
xl,4.0,50895834272.87044,3098787.84,260720640.0,27889090.56,960,576,24,9
xl,4.0,47307092432.799576,3098787.84,296642150.4,27889090.56,1024,576,24,9
xl,4.0,44018864707.75591,3098787.84,334881177.6,27889090.56,1088,576,24,9
xl,4.0,43591491884.87117,3825664.0,296642150.4,34430976.0,1024,640,24,9
xl,4.0,40784182442.26251,3825664.0,334881177.6,34430976.0,1088,640,24,9
